CaseIndex,Scenario,ModType,ChannelCoding,Rate,NumBytesInTransferFrame,NumBitsInInformationBlock,IsLDPCOnSMTF,TPCBlocksPerTF,HEnabled,EqualizerEnabled,NormalizeHChannel,NormalizeEqualizerOutput,BER,LockRate_pct,FER,CountedFrames,MatchedFrames,FrameDuration_s,MatchedDuration_s,CountedDuration_s,EVM_post_pct,MER_dB,SNR_est_dB,ResidualCFO_Hz,HGain_dB,HNormalizationGain_dB,HMeanCoeffMagnitude,HOutOfRangeMode,HSourceDuration_s,WaveformDuration_s,ExceedsHDuration,NoisePlacement,NoiseMode,NoisePSD_dBmHz,NoiseBandwidthHz,NoisePower_dBm,NoiseEquivalentSNR_dB,EqualizerMode,Success,Status,ErrorMessage,Runtime_s
1,NoH_baseline,BPSK,none,none,1115,NaN,0,NaN,0,0,0,0,0,100,0,37,39,0.000446,0.017394,0.016502,1.62500980400666,35.7828802898479,35.7828802898443,8.4013402694966e-17,0,NaN,NaN,,NaN,NaN,0,afterChannel,snr,NaN,NaN,NaN,NaN,,1,OK,,2.3653461
2,NoH_baseline,BPSK,convolutional,1/2,1115,NaN,0,NaN,0,0,0,0,0,100,0,36,38,0.000892,0.033896,0.032112,1.60738298899188,35.8776126428461,35.8776126428425,2.10297335017659e-15,0,NaN,NaN,,NaN,NaN,0,afterChannel,snr,NaN,NaN,NaN,NaN,,1,OK,,2.3600032
3,NoH_baseline,BPSK,convolutional,2/3,1115,NaN,0,NaN,0,0,0,0,0,100,0,36,38,0.000669,0.025422,0.024084,1.60884448494167,35.8697186779428,35.8697186779391,-6.35470641943754e-16,0,NaN,NaN,,NaN,NaN,0,afterChannel,snr,NaN,NaN,NaN,NaN,,1,OK,,2.4762156
4,NoH_baseline,BPSK,convolutional,3/4,1115,NaN,0,NaN,0,0,0,0,0,100,0,36,38,0.000594666666666667,0.0225973333333333,0.021408,1.60995263809552,35.8637379988202,35.8637379988166,1.20983042125896e-15,0,NaN,NaN,,NaN,NaN,0,afterChannel,snr,NaN,NaN,NaN,NaN,,1,OK,,2.2604887
5,NoH_baseline,BPSK,convolutional,5/6,1116,NaN,0,NaN,0,0,0,0,0,100,0,36,38,0.00053568,0.02035584,0.01928448,1.63233687014593,35.7438041941407,35.7438041941372,-1.06326539156859e-15,0,NaN,NaN,,NaN,NaN,0,afterChannel,snr,NaN,NaN,NaN,NaN,,1,OK,,2.5761267
6,NoH_baseline,BPSK,convolutional,7/8,1123,NaN,0,NaN,0,0,0,0,0,100,0,35,37,0.000513371428571429,0.0189947428571429,0.017968,1.61535112260204,35.8346612433238,35.8346612433203,-1.83688101170769e-15,0,NaN,NaN,,NaN,NaN,0,afterChannel,snr,NaN,NaN,NaN,NaN,,1,OK,,2.7179988
7,NoH_baseline,QPSK,none,none,1115,NaN,0,NaN,0,0,0,0,0,100,0,37,39,0.000223,0.008697,0.008251,1.51848248969864,36.3718042352185,36.3718042352145,-0.0324132531222083,0,NaN,NaN,,NaN,NaN,0,afterChannel,snr,NaN,NaN,NaN,NaN,,1,OK,,1.6486824
8,NoH_baseline,QPSK,convolutional,1/2,1115,NaN,0,NaN,0,0,0,0,0,100,0,36,38,0.000446,0.016948,0.016056,1.50611599962797,36.4428315579486,36.4428315579445,-0.0762040895435771,0,NaN,NaN,,NaN,NaN,0,afterChannel,snr,NaN,NaN,NaN,NaN,,1,OK,,2.2411212
9,NoH_baseline,QPSK,convolutional,2/3,1115,NaN,0,NaN,0,0,0,0,0,100,0,36,38,0.0003345,0.012711,0.012042,1.54352413599998,36.2297315018086,36.2297315018047,0.0653400051779318,0,NaN,NaN,,NaN,NaN,0,afterChannel,snr,NaN,NaN,NaN,NaN,,1,OK,,2.4447669
10,NoH_baseline,QPSK,convolutional,3/4,1115,NaN,0,NaN,0,0,0,0,0,100,0,36,38,0.000297333333333333,0.0112986666666667,0.010704,1.50778591276287,36.4332063723249,36.4332063723208,0.0763485029800667,0,NaN,NaN,,NaN,NaN,0,afterChannel,snr,NaN,NaN,NaN,NaN,,1,OK,,2.3689578
11,NoH_baseline,QPSK,convolutional,5/6,1116,NaN,0,NaN,0,0,0,0,0,100,0,35,37,0.00026784,0.00991008,0.0093744,1.51961440963694,36.3653319386171,36.3653319386131,-0.0367149229243182,0,NaN,NaN,,NaN,NaN,0,afterChannel,snr,NaN,NaN,NaN,NaN,,1,OK,,2.5224519
12,NoH_baseline,QPSK,convolutional,7/8,1123,NaN,0,NaN,0,0,0,0,0,100,0,35,37,0.000256685714285714,0.00949737142857143,0.008984,1.54188677281371,36.2389503434403,36.2389503434363,0.0259636878200786,0,NaN,NaN,,NaN,NaN,0,afterChannel,snr,NaN,NaN,NaN,NaN,,1,OK,,2.8744103
13,NoH_baseline,8PSK,none,none,1115,NaN,0,NaN,0,0,0,0,0,97.4358974358974,0,36,38,0.000148666666666667,0.00564933333333333,0.005352,1.52370945992458,36.3419567226674,36.3419567226633,0.0104083057138579,0,NaN,NaN,,NaN,NaN,0,afterChannel,snr,NaN,NaN,NaN,NaN,,1,OK,,1.8077937
14,NoH_baseline,8PSK,convolutional,1/2,1115,NaN,0,NaN,0,0,0,0,0,100,0,35,38,0.000297333333333333,0.0112986666666667,0.0104066666666667,1.50536833634482,36.447144461602,36.4471444615978,-0.105585598021278,0,NaN,NaN,,NaN,NaN,0,afterChannel,snr,NaN,NaN,NaN,NaN,,1,OK,,2.4495834
15,NoH_baseline,8PSK,convolutional,2/3,1115,NaN,0,NaN,0,0,0,0,0,100,0,35,38,0.000223,0.008474,0.007805,1.51084273753223,36.4156147737937,36.4156147737896,0.0194034029488636,0,NaN,NaN,,NaN,NaN,0,afterChannel,snr,NaN,NaN,NaN,NaN,,1,OK,,2.6846369
16,NoH_baseline,8PSK,convolutional,3/4,1115,NaN,0,NaN,0,0,0,0,0,100,0,35,37,0.000198222222222222,0.00733422222222222,0.00693777777777778,1.50128282041964,36.4707497024039,36.4707497023998,0.0964105503394673,0,NaN,NaN,,NaN,NaN,0,afterChannel,snr,NaN,NaN,NaN,NaN,,1,OK,,2.606922
17,NoH_baseline,8PSK,convolutional,5/6,1116,NaN,0,NaN,0,0,0,0,0,100,0,35,37,0.00017856,0.00660672,0.0062496,1.54090674613726,36.2444728695442,36.2444728695403,-0.126454216461177,0,NaN,NaN,,NaN,NaN,0,afterChannel,snr,NaN,NaN,NaN,NaN,,1,OK,,2.8038591
18,NoH_baseline,8PSK,convolutional,7/8,1123,NaN,0,NaN,0,0,0,0,0,100,0,35,37,0.00017112380952381,0.00633158095238095,0.00598933333333333,1.50375059413552,36.4564837612251,36.4564837612209,0.246096304242828,0,NaN,NaN,,NaN,NaN,0,afterChannel,snr,NaN,NaN,NaN,NaN,,1,OK,,3.0203554
19,NoH_baseline,16QAM,none,none,1115,NaN,0,NaN,0,0,0,0,0,100,0,36,39,0.0001115,0.0043485,0.004014,3.3472287212143,29.5062922125551,29.5160095296124,-5.90375786755446,0,NaN,NaN,,NaN,NaN,0,afterChannel,snr,NaN,NaN,NaN,NaN,,1,OK,,1.2438339
20,NoH_baseline,16QAM,convolutional,1/2,1115,NaN,0,NaN,0,0,0,0,0,100,0,36,38,0.000223,0.008474,0.008028,3.10076465315732,30.1706239059135,30.1427397342377,7.91387346908313,0,NaN,NaN,,NaN,NaN,0,afterChannel,snr,NaN,NaN,NaN,NaN,,1,OK,,1.7935425
21,NoH_baseline,16QAM,convolutional,2/3,1115,NaN,0,NaN,0,0,0,0,0,100,0,36,38,0.00016725,0.0063555,0.006021,3.08152471521996,30.2246868936289,30.2378694185768,-7.94179140439571,0,NaN,NaN,,NaN,NaN,0,afterChannel,snr,NaN,NaN,NaN,NaN,,1,OK,,2.1235267
22,NoH_baseline,16QAM,convolutional,3/4,1115,NaN,0,NaN,0,0,0,0,0,100,0,35,37,0.000148666666666667,0.00550066666666667,0.00520333333333333,2.53436483123156,31.9226173329676,31.8814251996544,2.36583581807465,0,NaN,NaN,,NaN,NaN,0,afterChannel,snr,NaN,NaN,NaN,NaN,,1,OK,,1.9709506
23,NoH_baseline,16QAM,convolutional,5/6,1116,NaN,0,NaN,0,0,0,0,0,100,0,35,37,0.00013392,0.00495504,0.0046872,2.75000520204747,31.2133296927156,31.2147192127451,-18.7957776511662,0,NaN,NaN,,NaN,NaN,0,afterChannel,snr,NaN,NaN,NaN,NaN,,1,OK,,2.2067267
24,NoH_baseline,16QAM,convolutional,7/8,1123,NaN,0,NaN,0,0,0,0,0,100,0,35,37,0.000128342857142857,0.00474868571428571,0.004492,2.93994347894205,30.6332203782842,30.6533250354259,9.28007357707919,0,NaN,NaN,,NaN,NaN,0,afterChannel,snr,NaN,NaN,NaN,NaN,,1,OK,,2.4371782
25,NoH_baseline,32QAM,none,none,1115,NaN,0,NaN,0,0,0,0,0,100,0,36,39,8.92e-05,0.0034788,0.0032112,4.11820316061632,27.7058446484916,27.6389722352763,4.94390843456532,0,NaN,NaN,,NaN,NaN,0,afterChannel,snr,NaN,NaN,NaN,NaN,,1,OK,,1.1388117
26,NoH_baseline,32QAM,convolutional,1/2,1115,NaN,0,NaN,0,0,0,0,0,100,0,35,37,0.0001784,0.0066008,0.006244,3.00002236519254,30.4575101519833,30.428576833106,-20.4517338121673,0,NaN,NaN,,NaN,NaN,0,afterChannel,snr,NaN,NaN,NaN,NaN,,1,OK,,1.8125171
27,NoH_baseline,32QAM,convolutional,2/3,1115,NaN,0,NaN,0,0,0,0,0,100,0,35,37,0.0001338,0.0049506,0.004683,3.74201234461167,28.5378956825893,28.5389378642884,-6.92391151285717,0,NaN,NaN,,NaN,NaN,0,afterChannel,snr,NaN,NaN,NaN,NaN,,1,OK,,1.9783031
28,NoH_baseline,32QAM,convolutional,3/4,1115,NaN,0,NaN,0,0,0,0,0,100,0,35,38,0.000118933333333333,0.00451946666666667,0.00416266666666667,3.78760210937436,28.4327130050926,28.4400030304798,-1.56292872667955,0,NaN,NaN,,NaN,NaN,0,afterChannel,snr,NaN,NaN,NaN,NaN,,1,OK,,2.0072513
29,NoH_baseline,32QAM,convolutional,5/6,1116,NaN,0,NaN,0,0,0,0,0,100,0,35,37,0.000107136,0.003964032,0.00374976,2.76669845730153,31.1607634414406,31.1527650622048,13.5665180144626,0,NaN,NaN,,NaN,NaN,0,afterChannel,snr,NaN,NaN,NaN,NaN,,1,OK,,2.2784579
30,NoH_baseline,32QAM,convolutional,7/8,1123,NaN,0,NaN,0,0,0,0,0,100,0,35,38,0.000102674285714286,0.00390162285714286,0.0035936,2.7436075215965,31.233560303883,31.2688549265923,-17.1445793037159,0,NaN,NaN,,NaN,NaN,0,afterChannel,snr,NaN,NaN,NaN,NaN,,1,OK,,2.381651
31,NoH_baseline,GMSK,none,none,1115,NaN,0,NaN,0,0,0,0,0,100,0,37,39,0.000446,0.017394,0.016502,3.72927467929246,28.5675125510216,28.5675125510216,NaN,0,NaN,NaN,,NaN,NaN,0,afterChannel,snr,NaN,NaN,NaN,NaN,,1,OK,,1.9946232
32,NoH_baseline,GMSK,convolutional,1/2,1115,NaN,0,NaN,0,0,0,0,0,100,0,36,38,0.000892,0.033896,0.032112,3.75192912257745,28.5149074888245,28.5149074888245,NaN,0,NaN,NaN,,NaN,NaN,0,afterChannel,snr,NaN,NaN,NaN,NaN,,1,OK,,3.2726155
33,NoH_baseline,GMSK,convolutional,2/3,1115,NaN,0,NaN,0,0,0,0,0,100,0,36,38,0.000669,0.025422,0.024084,3.73566567291683,28.5526399663144,28.5526399663144,NaN,0,NaN,NaN,,NaN,NaN,0,afterChannel,snr,NaN,NaN,NaN,NaN,,1,OK,,2.4852933
34,NoH_baseline,GMSK,convolutional,3/4,1115,NaN,0,NaN,0,0,0,0,0,100,0,36,38,0.000594666666666667,0.0225973333333333,0.021408,3.74701944486125,28.5262810632693,28.5262810632693,NaN,0,NaN,NaN,,NaN,NaN,0,afterChannel,snr,NaN,NaN,NaN,NaN,,1,OK,,2.3219644
35,NoH_baseline,GMSK,convolutional,5/6,1116,NaN,0,NaN,0,0,0,0,0,100,0,36,38,0.00053568,0.02035584,0.01928448,3.73314742449547,28.5584971830937,28.5584971830937,NaN,0,NaN,NaN,,NaN,NaN,0,afterChannel,snr,NaN,NaN,NaN,NaN,,1,OK,,2.2279991
36,NoH_baseline,GMSK,convolutional,7/8,1123,NaN,0,NaN,0,0,0,0,0,100,0,36,38,0.000513371428571429,0.0195081142857143,0.0184813714285714,3.74132885213808,28.5394823375484,28.5394823375484,NaN,0,NaN,NaN,,NaN,NaN,0,afterChannel,snr,NaN,NaN,NaN,NaN,,1,OK,,2.1523657
37,H_EQ_rawGain_default_ChannelData,BPSK,none,none,1115,NaN,0,NaN,1,1,0,1,0,100,0,37,39,0.000446,0.017394,0.016502,1.8855786739235,34.4911068473678,34.4911068473652,-0.138204391696732,16.3020446326259,1.92865493310657e-15,6.0405964252986,wrap,10,0.017904,0,afterChannel,snr,NaN,NaN,NaN,NaN,mmse,1,OK,,2.2613535
38,H_EQ_rawGain_default_ChannelData,BPSK,convolutional,1/2,1115,NaN,0,NaN,1,1,0,1,0,100,0,36,38,0.000892,0.033896,0.032112,1.48192931230164,36.5834502322551,36.5834502322509,-0.016304246021074,17.144785237628,1.92865493310657e-15,6.43488121895885,wrap,10,0.035808,0,afterChannel,snr,NaN,NaN,NaN,NaN,mmse,1,OK,,3.7833848
39,H_EQ_rawGain_default_ChannelData,BPSK,convolutional,2/3,1115,NaN,0,NaN,1,1,0,1,0,100,0,36,38,0.000669,0.025422,0.024084,1.65602117291375,35.6186822976311,35.6186822976277,0.082783639455992,15.9474754202051,1.92865493310657e-15,5.75870095386115,wrap,10,0.026856,0,afterChannel,snr,NaN,NaN,NaN,NaN,mmse,1,OK,,3.590141
40,H_EQ_rawGain_default_ChannelData,BPSK,convolutional,3/4,1115,NaN,0,NaN,1,1,0,1,0,100,0,36,38,0.000594666666666667,0.0225973333333333,0.021408,1.65815606647328,35.607491916989,35.6074919169856,-0.0784861244736479,16.1324801271855,1.92865493310657e-15,5.86832223523122,wrap,10,0.023872,0,afterChannel,snr,NaN,NaN,NaN,NaN,mmse,1,OK,,3.3851306
41,H_EQ_rawGain_default_ChannelData,BPSK,convolutional,5/6,1116,NaN,0,NaN,1,1,0,1,0,100,0,36,38,0.00053568,0.02035584,0.01928448,3.30407024657856,29.6190145576799,29.6190145576791,0.115033709979538,16.4258284965844,1.92865493310657e-15,6.13196143267201,wrap,10,0.021504,0,afterChannel,snr,NaN,NaN,NaN,NaN,mmse,1,OK,,3.5129335
42,H_EQ_rawGain_default_ChannelData,BPSK,convolutional,7/8,1123,NaN,0,NaN,1,1,0,1,0,100,0,35,37,0.000513371428571429,0.0189947428571429,0.017968,1.56350015207867,36.1180414435609,36.1180414435571,-0.0148685875450276,16.5292322707021,1.92865493310657e-15,6.21585051123339,wrap,10,0.020608,0,afterChannel,snr,NaN,NaN,NaN,NaN,mmse,1,OK,,3.7250131
43,H_EQ_rawGain_default_ChannelData,QPSK,none,none,1115,NaN,0,NaN,1,1,0,1,0,100,0,37,39,0.000223,0.008697,0.008251,1.42926663213472,36.8977349054529,36.8977349054483,0.0726255381188858,15.5912001973869,1.92865493310657e-15,5.6909542787064,wrap,10,0.008952,0,afterChannel,snr,NaN,NaN,NaN,NaN,mmse,1,OK,,1.8271083
44,H_EQ_rawGain_default_ChannelData,QPSK,convolutional,1/2,1115,NaN,0,NaN,1,1,0,1,0,100,0,36,38,0.000446,0.016948,0.016056,1.80311421501873,34.8795352561082,34.8795352561053,-0.0479573098070022,16.301996501494,1.92865493310657e-15,6.0405964252986,wrap,10,0.017904,0,afterChannel,snr,NaN,NaN,NaN,NaN,mmse,1,OK,,2.8658813
45,H_EQ_rawGain_default_ChannelData,QPSK,convolutional,2/3,1115,NaN,0,NaN,1,1,0,1,0,100,0,36,38,0.0003345,0.012711,0.012042,1.48871012727779,36.5437971447441,36.5437971447399,-0.0126694768082424,16.2379358238548,1.92865493310657e-15,6.06757655972507,wrap,10,0.013428,0,afterChannel,snr,NaN,NaN,NaN,NaN,mmse,1,OK,,2.8924217
46,H_EQ_rawGain_default_ChannelData,QPSK,convolutional,3/4,1115,NaN,0,NaN,1,1,0,1,0,100,0,36,38,0.000297333333333333,0.0112986666666667,0.010704,1.29737471207719,37.7386914284451,37.7386914284395,0.225496780285839,15.6684015068039,1.92865493310657e-15,5.69369944953125,wrap,10,0.011936,0,afterChannel,snr,NaN,NaN,NaN,NaN,mmse,1,OK,,2.7896177
47,H_EQ_rawGain_default_ChannelData,QPSK,convolutional,5/6,1116,NaN,0,NaN,1,1,0,1,0,100,0,35,37,0.00026784,0.00991008,0.0093744,4.53429296376778,26.8698084647927,26.8698084647923,-0.0256792587156551,15.7361348221137,1.92865493310657e-15,5.77481037320778,wrap,10,0.010752,0,afterChannel,snr,NaN,NaN,NaN,NaN,mmse,1,OK,,2.9524099
48,H_EQ_rawGain_default_ChannelData,QPSK,convolutional,7/8,1123,NaN,0,NaN,1,1,0,1,0,100,0,35,37,0.000256685714285714,0.00949737142857143,0.008984,1.64304975107182,35.6869857210876,35.6869857210842,0.154403469724685,15.8805430540307,1.92865493310657e-15,5.90890068330012,wrap,10,0.010304,0,afterChannel,snr,NaN,NaN,NaN,NaN,mmse,1,OK,,3.2312275
49,H_EQ_rawGain_default_ChannelData,8PSK,none,none,1115,NaN,0,NaN,1,1,0,1,0,97.4358974358974,0,36,38,0.000148666666666667,0.00564933333333333,0.005352,1.58210157439816,36.0153127456604,36.0153127456567,0.0610384593492782,15.8601503255711,1.92865493310657e-15,5.85667458774498,wrap,10,0.005968,0,afterChannel,snr,NaN,NaN,NaN,NaN,mmse,1,OK,,2.0934599
50,H_EQ_rawGain_default_ChannelData,8PSK,convolutional,1/2,1115,NaN,0,NaN,1,1,0,1,0,100,0,35,37,0.000297333333333333,0.0110013333333333,0.0104066666666667,1.29561047447309,37.7505109911396,37.750510991134,-0.0509746046063701,15.6683887959863,1.92865493310657e-15,5.69369944953125,wrap,10,0.011936,0,afterChannel,snr,NaN,NaN,NaN,NaN,mmse,1,OK,,2.9614219
51,H_EQ_rawGain_default_ChannelData,8PSK,convolutional,2/3,1115,NaN,0,NaN,1,1,0,1,0,100,0,35,38,0.000223,0.008474,0.007805,1.41236219801616,37.0010782975778,37.0010782975732,-0.0624970985656751,15.5912926859656,1.92865493310657e-15,5.6909542787064,wrap,10,0.008952,0,afterChannel,snr,NaN,NaN,NaN,NaN,mmse,1,OK,,3.0659008
52,H_EQ_rawGain_default_ChannelData,8PSK,convolutional,3/4,1115,NaN,0,NaN,1,1,0,1,0,100,0,35,38,0.000198222222222222,0.00753244444444445,0.00693777777777778,2.95456622645171,30.5901254177297,30.5901254177286,0.444832076731391,15.7482297097528,1.92865493310657e-15,5.80763619638666,wrap,10,0.007956,0,afterChannel,snr,NaN,NaN,NaN,NaN,mmse,1,OK,,3.0439796
53,H_EQ_rawGain_default_ChannelData,8PSK,convolutional,5/6,1116,NaN,0,NaN,1,1,0,1,0,100,0,35,37,0.00017856,0.00660672,0.0062496,1.49391231957225,36.5134978260935,36.5134978260893,0.0537820048585051,16.0001853729726,1.92865493310657e-15,6.01131997594111,wrap,10,0.007168,0,afterChannel,snr,NaN,NaN,NaN,NaN,mmse,1,OK,,3.1459821
54,H_EQ_rawGain_default_ChannelData,8PSK,convolutional,7/8,1123,NaN,0,NaN,1,1,0,1,0,100,0,35,37,0.00017112380952381,0.00633158095238095,0.00598933333333333,1.41730055545684,36.9707608534098,36.9707608534051,-0.146114727763667,15.9834314334139,1.92865493310657e-15,5.98656283501094,wrap,10,0.006868,0,afterChannel,snr,NaN,NaN,NaN,NaN,mmse,1,OK,,3.3711946
55,H_EQ_rawGain_default_ChannelData,16QAM,none,none,1115,NaN,0,NaN,1,1,0,1,0,100,0,36,39,0.0001115,0.0043485,0.004014,3.49161853418614,29.1394641970811,29.1491815141385,-5.39446599047324,16.0678898931555,1.92865493310657e-15,5.90095048785848,wrap,10,0.004476,0,afterChannel,snr,NaN,NaN,NaN,NaN,mmse,1,OK,,1.4245987
56,H_EQ_rawGain_default_ChannelData,16QAM,convolutional,1/2,1115,NaN,0,NaN,1,1,0,1,0,100,0,36,38,0.000223,0.008474,0.008028,3.07910860707935,30.2314998456879,30.203615674012,7.70909055529962,15.5918602137683,1.92865493310657e-15,5.6909542787064,wrap,10,0.008952,0,afterChannel,snr,NaN,NaN,NaN,NaN,mmse,1,OK,,2.1940775
57,H_EQ_rawGain_default_ChannelData,16QAM,convolutional,2/3,1115,NaN,0,NaN,1,1,0,1,0,100,0,36,38,0.00016725,0.0063555,0.006021,3.04071754705278,30.3404783939178,30.3536609188657,-8.34480184708573,15.968912399178,1.92865493310657e-15,5.96124021156482,wrap,10,0.006714,0,afterChannel,snr,NaN,NaN,NaN,NaN,mmse,1,OK,,2.4439783
58,H_EQ_rawGain_default_ChannelData,16QAM,convolutional,3/4,1115,NaN,0,NaN,1,1,0,1,0,100,0,35,37,0.000148666666666667,0.00550066666666667,0.00520333333333333,2.61624029737292,31.6464473856229,31.6052552523098,2.11338580600583,15.8564519778762,1.92865493310657e-15,5.85667458774498,wrap,10,0.005968,0,afterChannel,snr,NaN,NaN,NaN,NaN,mmse,1,OK,,2.296439
59,H_EQ_rawGain_default_ChannelData,16QAM,convolutional,5/6,1116,NaN,0,NaN,1,1,0,1,0,100,0,35,37,0.00013392,0.00495504,0.0046872,2.77513479701078,31.1343183396465,31.135707859676,-18.4901179320934,15.9277219116268,1.92865493310657e-15,5.87312894529173,wrap,10,0.005376,0,afterChannel,snr,NaN,NaN,NaN,NaN,mmse,1,OK,,2.48887
60,H_EQ_rawGain_default_ChannelData,16QAM,convolutional,7/8,1123,NaN,0,NaN,1,1,0,1,0,100,0,35,37,0.000128342857142857,0.00474868571428571,0.004492,2.97086811595434,30.5423325430891,30.5624372002308,9.54717774315291,15.9597880028417,1.92865493310657e-15,5.87906043358474,wrap,10,0.005152,0,afterChannel,snr,NaN,NaN,NaN,NaN,mmse,1,OK,,2.7548883
61,H_EQ_rawGain_default_ChannelData,32QAM,none,none,1115,NaN,0,NaN,1,1,0,1,0,100,0,36,39,8.92e-05,0.0034788,0.0032112,4.41864849193645,27.0942109127877,27.0273384995725,6.69359072106588,16.7840313257154,1.92865493310657e-15,6.5549187719607,wrap,10,0.00358,0,afterChannel,snr,NaN,NaN,NaN,NaN,mmse,1,OK,,1.284326
62,H_EQ_rawGain_default_ChannelData,32QAM,convolutional,1/2,1115,NaN,0,NaN,1,1,0,1,0,100,0,35,37,0.0001784,0.0066008,0.006244,2.99997432436816,30.457649244493,30.4287159256156,-20.5642290762727,16.0046107004028,1.92865493310657e-15,6.01125580844736,wrap,10,0.00716,0,afterChannel,snr,NaN,NaN,NaN,NaN,mmse,1,OK,,2.1727299
63,H_EQ_rawGain_default_ChannelData,32QAM,convolutional,2/3,1115,NaN,0,NaN,1,1,0,1,0,100,0,35,37,0.0001338,0.0049506,0.004683,3.71179241129992,28.6083264095588,28.6093685912579,-7.05651291591331,15.936057642745,1.92865493310657e-15,5.87338033699224,wrap,10,0.00537,0,afterChannel,snr,NaN,NaN,NaN,NaN,mmse,1,OK,,2.309579
64,H_EQ_rawGain_default_ChannelData,32QAM,convolutional,3/4,1115,NaN,0,NaN,1,1,0,1,0,100,0,35,38,0.000118933333333333,0.00451946666666667,0.00416266666666667,3.85540900038562,28.2785908623072,28.2858808876944,-1.63322614108528,15.9978637177919,1.92865493310657e-15,5.87821854278635,wrap,10,0.004774,0,afterChannel,snr,NaN,NaN,NaN,NaN,mmse,1,OK,,2.2065812
65,H_EQ_rawGain_default_ChannelData,32QAM,convolutional,5/6,1116,NaN,0,NaN,1,1,0,1,0,100,0,35,37,0.000107136,0.003964032,0.00374976,3.20400651536338,29.8861321889377,29.8781338097022,14.4197612666696,16.1470126659628,1.92865493310657e-15,5.94705958064567,wrap,10,0.0043,0,afterChannel,snr,NaN,NaN,NaN,NaN,mmse,1,OK,,2.4359369
66,H_EQ_rawGain_default_ChannelData,32QAM,convolutional,7/8,1123,NaN,0,NaN,1,1,0,1,0,100,0,35,38,0.000102674285714286,0.00390162285714286,0.0035936,3.71213441835704,28.6075261226961,28.642820745406,-17.5750545394156,16.2468170264104,1.92865493310657e-15,6.0355681356457,wrap,10,0.00412,0,afterChannel,snr,NaN,NaN,NaN,NaN,mmse,1,OK,,2.6461746
67,H_EQ_rawGain_default_ChannelData,GMSK,none,none,1115,NaN,0,NaN,1,1,0,1,0,100,0,37,39,0.000446,0.017394,0.016502,3.79976827902563,28.4048577424477,28.4048577424477,NaN,16.3019610834679,1.92865493310657e-15,6.0405964252986,wrap,10,0.017904,0,afterChannel,snr,NaN,NaN,NaN,NaN,mmse,1,OK,,2.4358672
68,H_EQ_rawGain_default_ChannelData,GMSK,convolutional,1/2,1115,NaN,0,NaN,1,1,0,1,0,100,0,36,38,0.000892,0.033896,0.032112,3.69054489702956,28.6581901385949,28.6581901385949,NaN,17.1448430738708,1.92865493310657e-15,6.43488121895885,wrap,10,0.035808,0,afterChannel,snr,NaN,NaN,NaN,NaN,mmse,1,OK,,4.2709129
69,H_EQ_rawGain_default_ChannelData,GMSK,convolutional,2/3,1115,NaN,0,NaN,1,1,0,1,0,100,0,36,38,0.000669,0.025422,0.024084,3.72044739084045,28.5880966448869,28.5880966448869,NaN,15.9474426690022,1.92865493310657e-15,5.75870095386115,wrap,10,0.026856,0,afterChannel,snr,NaN,NaN,NaN,NaN,mmse,1,OK,,3.4207559
70,H_EQ_rawGain_default_ChannelData,GMSK,convolutional,3/4,1115,NaN,0,NaN,1,1,0,1,0,100,0,36,38,0.000594666666666667,0.0225973333333333,0.021408,3.73322539712992,28.5583157665709,28.5583157665709,NaN,16.1323808442305,1.92865493310657e-15,5.86832223523122,wrap,10,0.023872,0,afterChannel,snr,NaN,NaN,NaN,NaN,mmse,1,OK,,3.0770253
71,H_EQ_rawGain_default_ChannelData,GMSK,convolutional,5/6,1116,NaN,0,NaN,1,1,0,1,0,100,0,36,38,0.00053568,0.02035584,0.01928448,4.34900001683787,27.2322118130644,27.2322118130644,NaN,16.4257973417965,1.92865493310657e-15,6.13196143267201,wrap,10,0.021504,0,afterChannel,snr,NaN,NaN,NaN,NaN,mmse,1,OK,,2.9278071
72,H_EQ_rawGain_default_ChannelData,GMSK,convolutional,7/8,1123,NaN,0,NaN,1,1,0,1,0,100,0,36,38,0.000513371428571429,0.0195081142857143,0.0184813714285714,3.72502899881685,28.5774068396446,28.5774068396446,NaN,16.5293509973349,1.92865493310657e-15,6.21585051123339,wrap,10,0.020608,0,afterChannel,snr,NaN,NaN,NaN,NaN,mmse,1,OK,,2.7830626
73,H_EQ_rawGain_std2_likely_TDL,BPSK,none,none,1115,NaN,0,NaN,1,1,0,1,0,100,0,37,39,0.000446,0.017394,0.016502,1.77670703821093,35.0076835449345,35.0076835449316,0.104195957514682,14.7584278177779,1.92865493310657e-15,5.26393696534763,wrap,10,0.017904,0,afterChannel,snr,NaN,NaN,NaN,NaN,mmse,1,OK,,2.347097
74,H_EQ_rawGain_std2_likely_TDL,BPSK,convolutional,1/2,1115,NaN,0,NaN,1,1,0,1,0,100,0,36,38,0.000892,0.033896,0.032112,1.87665149601356,34.5323274128998,34.5323274128971,-0.0247355175872793,16.3043836215528,1.92865493310657e-15,5.92784786775793,wrap,10,0.035808,0,afterChannel,snr,NaN,NaN,NaN,NaN,mmse,1,OK,,3.8169569
75,H_EQ_rawGain_std2_likely_TDL,BPSK,convolutional,2/3,1115,NaN,0,NaN,1,1,0,1,0,100,0,36,38,0.000669,0.025422,0.024084,2.28080004448463,32.8382557445626,32.8382557445608,-0.146835336606922,15.0957692382497,1.92865493310657e-15,5.34509786088241,wrap,10,0.026856,0,afterChannel,snr,NaN,NaN,NaN,NaN,mmse,1,OK,,3.6736211
76,H_EQ_rawGain_std2_likely_TDL,BPSK,convolutional,3/4,1115,NaN,0,NaN,1,1,0,1,0,100,0,36,38,0.000594666666666667,0.0225973333333333,0.021408,3.07347432317153,30.2474082153752,30.2474082153742,-0.0603405356844656,14.9987823484279,1.92865493310657e-15,5.28244824745131,wrap,10,0.023872,0,afterChannel,snr,NaN,NaN,NaN,NaN,mmse,1,OK,,3.5130507
77,H_EQ_rawGain_std2_likely_TDL,BPSK,convolutional,5/6,1116,NaN,0,NaN,1,1,0,1,0,100,0,35,38,0.00053568,0.02035584,0.0187488,1.51320533460172,36.402042726597,36.402042726593,0.0451210717271824,15.2353138372403,1.92865493310657e-15,5.44588706466916,wrap,10,0.021504,0,afterChannel,snr,NaN,NaN,NaN,NaN,mmse,1,OK,,3.5847589
78,H_EQ_rawGain_std2_likely_TDL,BPSK,convolutional,7/8,1123,NaN,0,NaN,1,1,0,1,0,100,0,35,37,0.000513371428571429,0.0189947428571429,0.017968,1.33533929644295,37.4881674073265,37.4881674073213,0.0446110917026164,15.0146771363239,1.92865493310657e-15,5.31776710732109,wrap,10,0.020608,0,afterChannel,snr,NaN,NaN,NaN,NaN,mmse,1,OK,,3.7621238
79,H_EQ_rawGain_std2_likely_TDL,QPSK,none,none,1115,NaN,0,NaN,1,1,0,1,0,100,0,37,39,0.000223,0.008697,0.008251,1.44909611355496,36.7780561663219,36.7780561663175,-0.0020781275549774,13.6783233957212,1.92865493310657e-15,4.6841080166737,wrap,10,0.008952,0,afterChannel,snr,NaN,NaN,NaN,NaN,mmse,1,OK,,1.9173834
80,H_EQ_rawGain_std2_likely_TDL,QPSK,convolutional,1/2,1115,NaN,0,NaN,1,1,0,1,0,100,0,36,38,0.000446,0.016948,0.016056,1.69235958328139,35.4301470996612,35.4301470996579,0.0145863224188061,14.7583902571755,1.92865493310657e-15,5.26393696534763,wrap,10,0.017904,0,afterChannel,snr,NaN,NaN,NaN,NaN,mmse,1,OK,,2.8622702
81,H_EQ_rawGain_std2_likely_TDL,QPSK,convolutional,2/3,1115,NaN,0,NaN,1,1,0,1,0,100,0,36,38,0.0003345,0.012711,0.012042,1.28007029812128,37.8553235875452,37.8553235875394,0.0303353643540699,14.2767672572541,1.92865493310657e-15,4.94348087163615,wrap,10,0.013428,0,afterChannel,snr,NaN,NaN,NaN,NaN,mmse,1,OK,,2.9522703
82,H_EQ_rawGain_std2_likely_TDL,QPSK,convolutional,3/4,1115,NaN,0,NaN,1,1,0,1,0,100,0,36,38,0.000297333333333333,0.0112986666666667,0.010704,1.35754684231975,37.3449035219275,37.3449035219224,0.0450303803172934,13.5477035674082,1.92865493310657e-15,4.59571122161988,wrap,10,0.011936,0,afterChannel,snr,NaN,NaN,NaN,NaN,mmse,1,OK,,2.8254372
83,H_EQ_rawGain_std2_likely_TDL,QPSK,convolutional,5/6,1116,NaN,0,NaN,1,1,0,1,0,100,0,35,37,0.00026784,0.00991008,0.0093744,2.51457154763059,31.990720055909,31.9907200559075,0.233654170994623,13.6435720886396,1.92865493310657e-15,4.66043792896671,wrap,10,0.010752,0,afterChannel,snr,NaN,NaN,NaN,NaN,mmse,1,OK,,2.9999146
84,H_EQ_rawGain_std2_likely_TDL,QPSK,convolutional,7/8,1123,NaN,0,NaN,1,1,0,1,0,100,0,35,37,0.000256685714285714,0.00949737142857143,0.008984,1.72794389179779,35.24940727277,35.2494072727669,0.0835967035141654,13.7705132059285,1.92865493310657e-15,4.74639414382105,wrap,10,0.010304,0,afterChannel,snr,NaN,NaN,NaN,NaN,mmse,1,OK,,3.2481035
85,H_EQ_rawGain_std2_likely_TDL,8PSK,none,none,1115,NaN,0,NaN,1,1,0,1,0,97.4358974358974,0,36,38,0.000148666666666667,0.00564933333333333,0.005352,1.3251263864084,37.5548539620587,37.5548539620534,0.117507572080297,13.4066273761538,1.92865493310657e-15,4.50050501766133,wrap,10,0.005968,0,afterChannel,snr,NaN,NaN,NaN,NaN,mmse,1,OK,,2.0205746
86,H_EQ_rawGain_std2_likely_TDL,8PSK,convolutional,1/2,1115,NaN,0,NaN,1,1,0,1,0,100,0,35,37,0.000297333333333333,0.0110013333333333,0.0104066666666667,1.35178088749761,37.3818739646709,37.3818739646658,0.00619703040789109,13.5476509474705,1.92865493310657e-15,4.59571122161988,wrap,10,0.011936,0,afterChannel,snr,NaN,NaN,NaN,NaN,mmse,1,OK,,3.0123114
87,H_EQ_rawGain_std2_likely_TDL,8PSK,convolutional,2/3,1115,NaN,0,NaN,1,1,0,1,0,100,0,35,37,0.000223,0.008251,0.007805,1.4213185396933,36.9461715796936,36.9461715796889,0.0259140327396369,13.6782990667422,1.92865493310657e-15,4.6841080166737,wrap,10,0.008952,0,afterChannel,snr,NaN,NaN,NaN,NaN,mmse,1,OK,,3.0430317
88,H_EQ_rawGain_std2_likely_TDL,8PSK,convolutional,3/4,1115,NaN,0,NaN,1,1,0,1,0,100,0,35,37,0.000198222222222222,0.00733422222222222,0.00693777777777778,1.70354827575123,35.3729110946335,35.3729110946303,-0.041542700232654,13.6760611185218,1.92865493310657e-15,4.66824454134775,wrap,10,0.007956,0,afterChannel,snr,NaN,NaN,NaN,NaN,mmse,1,OK,,2.9578246
89,H_EQ_rawGain_std2_likely_TDL,8PSK,convolutional,5/6,1116,NaN,0,NaN,1,1,0,1,0,100,0,35,38,0.00017856,0.00678528,0.0062496,1.49810038660537,36.4891816781511,36.489181678147,-0.00478066235424365,13.7886195759037,1.92865493310657e-15,4.7194541423526,wrap,10,0.007168,0,afterChannel,snr,NaN,NaN,NaN,NaN,mmse,1,OK,,3.2255706
90,H_EQ_rawGain_std2_likely_TDL,8PSK,convolutional,7/8,1123,NaN,0,NaN,1,1,0,1,0,100,0,35,37,0.00017112380952381,0.00633158095238095,0.00598933333333333,1.40989766934602,37.0162481476172,37.0162481476124,0.0204617754700091,13.7692135934003,1.92865493310657e-15,4.70134461289889,wrap,10,0.006868,0,afterChannel,snr,NaN,NaN,NaN,NaN,mmse,1,OK,,3.4008827
91,H_EQ_rawGain_std2_likely_TDL,16QAM,none,none,1115,NaN,0,NaN,1,1,0,1,0,100,0,36,39,0.0001115,0.0043485,0.004014,3.48827925696914,29.1477750911539,29.1574924082112,-5.10755077919783,12.9057002383583,1.92865493310657e-15,4.22274481809163,wrap,10,0.004476,0,afterChannel,snr,NaN,NaN,NaN,NaN,mmse,1,OK,,1.4319079
92,H_EQ_rawGain_std2_likely_TDL,16QAM,convolutional,1/2,1115,NaN,0,NaN,1,1,0,1,0,100,0,36,38,0.000223,0.008474,0.008028,3.08974739056027,30.2015405174599,30.173656345784,7.5029498584971,13.6790237313557,1.92865493310657e-15,4.6841080166737,wrap,10,0.008952,0,afterChannel,snr,NaN,NaN,NaN,NaN,mmse,1,OK,,2.2664378
93,H_EQ_rawGain_std2_likely_TDL,16QAM,convolutional,2/3,1115,NaN,0,NaN,1,1,0,1,0,100,0,36,38,0.00016725,0.0063555,0.006021,2.99194742163434,30.4809208544851,30.4941033794329,-8.19940996625759,13.746809819189,1.92865493310657e-15,4.68102499681904,wrap,10,0.006714,0,afterChannel,snr,NaN,NaN,NaN,NaN,mmse,1,OK,,2.508832
94,H_EQ_rawGain_std2_likely_TDL,16QAM,convolutional,3/4,1115,NaN,0,NaN,1,1,0,1,0,100,0,35,37,0.000148666666666667,0.00550066666666667,0.00520333333333333,2.41044637924313,32.3580505004444,32.3168583671311,2.11560995314055,13.4054920207221,1.92865493310657e-15,4.50050501766133,wrap,10,0.005968,0,afterChannel,snr,NaN,NaN,NaN,NaN,mmse,1,OK,,2.309445
95,H_EQ_rawGain_std2_likely_TDL,16QAM,convolutional,5/6,1116,NaN,0,NaN,1,1,0,1,0,100,0,35,37,0.00013392,0.00495504,0.0046872,2.66640303680807,31.4814840944494,31.4828736144789,-18.4086673957046,13.060277701954,1.92865493310657e-15,4.32633594651332,wrap,10,0.005376,0,afterChannel,snr,NaN,NaN,NaN,NaN,mmse,1,OK,,2.5792691
96,H_EQ_rawGain_std2_likely_TDL,16QAM,convolutional,7/8,1123,NaN,0,NaN,1,1,0,1,0,100,0,35,37,0.000128342857142857,0.00474868571428571,0.004492,2.90202013191026,30.7459915819545,30.7660962390961,9.38360071743117,12.9623442685875,1.92865493310657e-15,4.27254661211693,wrap,10,0.005152,0,afterChannel,snr,NaN,NaN,NaN,NaN,mmse,1,OK,,2.7797174
97,H_EQ_rawGain_std2_likely_TDL,32QAM,none,none,1115,NaN,0,NaN,1,1,0,1,0,100,0,36,39,8.92e-05,0.0034788,0.0032112,4.51083107994976,26.9148687181623,26.847996304947,5.98877542837815,13.5373013611081,1.92865493310657e-15,4.60993011145219,wrap,10,0.00358,0,afterChannel,snr,NaN,NaN,NaN,NaN,mmse,1,OK,,1.3171076
98,H_EQ_rawGain_std2_likely_TDL,32QAM,convolutional,1/2,1115,NaN,0,NaN,1,1,0,1,0,100,0,35,37,0.0001784,0.0066008,0.006244,2.98857544426416,30.4907155253056,30.4617822064283,-20.6580072271093,13.7912814275294,1.92865493310657e-15,4.71933767787835,wrap,10,0.00716,0,afterChannel,snr,NaN,NaN,NaN,NaN,mmse,1,OK,,2.1468306
99,H_EQ_rawGain_std2_likely_TDL,32QAM,convolutional,2/3,1115,NaN,0,NaN,1,1,0,1,0,100,0,35,37,0.0001338,0.0049506,0.004683,3.69434473406863,28.6492516250286,28.6502938067277,-6.84706450781876,13.0568094183291,1.92865493310657e-15,4.32475102598328,wrap,10,0.00537,0,afterChannel,snr,NaN,NaN,NaN,NaN,mmse,1,OK,,2.3639208
100,H_EQ_rawGain_std2_likely_TDL,32QAM,convolutional,3/4,1115,NaN,0,NaN,1,1,0,1,0,100,0,35,38,0.000118933333333333,0.00451946666666667,0.00416266666666667,3.82092204354539,28.3566364584979,28.3639264838851,-1.93862956586278,12.873744790606,1.92865493310657e-15,4.21784658797929,wrap,10,0.004774,0,afterChannel,snr,NaN,NaN,NaN,NaN,mmse,1,OK,,2.206494
101,H_EQ_rawGain_std2_likely_TDL,32QAM,convolutional,5/6,1116,NaN,0,NaN,1,1,0,1,0,100,0,35,37,0.000107136,0.003964032,0.00374976,3.07008930481889,30.256979825792,30.2489814465565,14.1669424888935,12.9757960766859,1.92865493310657e-15,4.2522856837266,wrap,10,0.0043,0,afterChannel,snr,NaN,NaN,NaN,NaN,mmse,1,OK,,2.412043
102,H_EQ_rawGain_std2_likely_TDL,32QAM,convolutional,7/8,1123,NaN,0,NaN,1,1,0,1,0,100,0,35,37,0.000102674285714286,0.00379894857142857,0.0035936,3.26847156886883,29.7131057687238,29.748745001219,-16.7618661297638,13.061363477852,1.92865493310657e-15,4.30655358176907,wrap,10,0.00412,0,afterChannel,snr,NaN,NaN,NaN,NaN,mmse,1,OK,,2.6773965
103,H_EQ_rawGain_std2_likely_TDL,GMSK,none,none,1115,NaN,0,NaN,1,1,0,1,0,100,0,37,39,0.000446,0.017394,0.016502,3.77644897370143,28.4583275798002,28.4583275798002,NaN,14.7583332980081,1.92865493310657e-15,5.26393696534763,wrap,10,0.017904,0,afterChannel,snr,NaN,NaN,NaN,NaN,mmse,1,OK,,2.5044654
104,H_EQ_rawGain_std2_likely_TDL,GMSK,convolutional,1/2,1115,NaN,0,NaN,1,1,0,1,0,100,0,36,38,0.000892,0.033896,0.032112,3.80660624355342,28.3892408881735,28.3892408881735,NaN,16.3044241641523,1.92865493310657e-15,5.92784786775793,wrap,10,0.035808,0,afterChannel,snr,NaN,NaN,NaN,NaN,mmse,1,OK,,4.1957336
105,H_EQ_rawGain_std2_likely_TDL,GMSK,convolutional,2/3,1115,NaN,0,NaN,1,1,0,1,0,100,0,36,38,0.000669,0.025422,0.024084,3.92231661553928,28.1291470464515,28.1291470464515,NaN,15.0956798891421,1.92865493310657e-15,5.34509786088241,wrap,10,0.026856,0,afterChannel,snr,NaN,NaN,NaN,NaN,mmse,1,OK,,3.4447391
106,H_EQ_rawGain_std2_likely_TDL,GMSK,convolutional,3/4,1115,NaN,0,NaN,1,1,0,1,0,100,0,36,38,0.000594666666666667,0.0225973333333333,0.021408,4.23144105569687,27.4702340900547,27.4702340900547,NaN,14.9987145227978,1.92865493310657e-15,5.28244824745131,wrap,10,0.023872,0,afterChannel,snr,NaN,NaN,NaN,NaN,mmse,1,OK,,3.0849306
107,H_EQ_rawGain_std2_likely_TDL,GMSK,convolutional,5/6,1116,NaN,0,NaN,1,1,0,1,0,100,0,36,38,0.00053568,0.02035584,0.01928448,3.69941985227796,28.6373275441157,28.6373275441157,NaN,15.2353635443599,1.92865493310657e-15,5.44588706466916,wrap,10,0.021504,0,afterChannel,snr,NaN,NaN,NaN,NaN,mmse,1,OK,,2.9257709
108,H_EQ_rawGain_std2_likely_TDL,GMSK,convolutional,7/8,1123,NaN,0,NaN,1,1,0,1,0,100,0,36,38,0.000513371428571429,0.0195081142857143,0.0184813714285714,3.67084594358163,28.7046768277972,28.7046768277972,NaN,15.0147326475902,1.92865493310657e-15,5.31776710732109,wrap,10,0.020608,0,afterChannel,snr,NaN,NaN,NaN,NaN,mmse,1,OK,,2.8102802
109,H_EQ_rawGain_std3_likely_CDL,BPSK,none,none,1115,NaN,0,NaN,1,1,0,1,0,100,0,37,39,0.000446,0.017394,0.016502,2.22616923848251,33.0488364537079,33.0488364537061,0.082943500431207,16.1009394730613,1.92865493310657e-15,5.85082815244608,wrap,10,0.017904,0,afterChannel,snr,NaN,NaN,NaN,NaN,mmse,1,OK,,2.293649
110,H_EQ_rawGain_std3_likely_CDL,BPSK,convolutional,1/2,1115,NaN,0,NaN,1,1,0,1,0,100,0,36,38,0.000892,0.033896,0.032112,1.51941220712267,36.3664877749736,36.3664877749696,0.0734168267603729,16.4378826417476,1.92865493310657e-15,5.88142990639879,wrap,10,0.035808,0,afterChannel,snr,NaN,NaN,NaN,NaN,mmse,1,OK,,3.8138542
111,H_EQ_rawGain_std3_likely_CDL,BPSK,convolutional,2/3,1115,NaN,0,NaN,1,1,0,1,0,100,0,36,38,0.000669,0.025422,0.024084,3.49667779300341,29.1268876922057,29.126887692205,-0.226658709844359,15.7183098102281,1.92865493310657e-15,5.59892212816039,wrap,10,0.026856,0,afterChannel,snr,NaN,NaN,NaN,NaN,mmse,1,OK,,3.6611429
112,H_EQ_rawGain_std3_likely_CDL,BPSK,convolutional,3/4,1115,NaN,0,NaN,1,1,0,1,0,100,0,36,38,0.000594666666666667,0.0225973333333333,0.021408,2.14485055239965,33.3720592586694,33.3720592586674,-0.151427037511557,15.8284944758018,1.92865493310657e-15,5.66713878823609,wrap,10,0.023872,0,afterChannel,snr,NaN,NaN,NaN,NaN,mmse,1,OK,,3.4925565
113,H_EQ_rawGain_std3_likely_CDL,BPSK,convolutional,5/6,1116,NaN,0,NaN,1,1,0,1,0,100,0,35,38,0.00053568,0.02035584,0.0187488,2.31397210862478,32.7128376020963,32.7128376020946,-0.111304345690993,16.017662466743,1.92865493310657e-15,5.77874163482803,wrap,10,0.021504,0,afterChannel,snr,NaN,NaN,NaN,NaN,mmse,1,OK,,3.5568615
114,H_EQ_rawGain_std3_likely_CDL,BPSK,convolutional,7/8,1123,NaN,0,NaN,1,1,0,1,0,100,0,35,37,0.000513371428571429,0.0189947428571429,0.017968,2.66903366584056,31.4729189641406,31.4729189641393,-0.00326697161949896,16.1478695094322,1.92865493310657e-15,5.8798354265235,wrap,10,0.020608,0,afterChannel,snr,NaN,NaN,NaN,NaN,mmse,1,OK,,3.791197
115,H_EQ_rawGain_std3_likely_CDL,QPSK,none,none,1115,NaN,0,NaN,1,1,0,1,0,100,0,37,39,0.000223,0.008697,0.008251,1.42287442898594,36.9366685085716,36.936668508567,0.0483814021157418,13.8690398387119,1.92865493310657e-15,4.72318272911757,wrap,10,0.008952,0,afterChannel,snr,NaN,NaN,NaN,NaN,mmse,1,OK,,1.8549994
116,H_EQ_rawGain_std3_likely_CDL,QPSK,convolutional,1/2,1115,NaN,0,NaN,1,1,0,1,0,100,0,36,38,0.000446,0.016948,0.016056,2.14687396120526,33.3638690279942,33.3638690279922,0.0480659982592893,16.1007953543803,1.92865493310657e-15,5.85082815244608,wrap,10,0.017904,0,afterChannel,snr,NaN,NaN,NaN,NaN,mmse,1,OK,,2.9302498
117,H_EQ_rawGain_std3_likely_CDL,QPSK,convolutional,2/3,1115,NaN,0,NaN,1,1,0,1,0,100,0,36,38,0.0003345,0.012711,0.012042,1.26989311935878,37.9246565986134,37.9246565986075,-0.016325943119679,15.2571527488917,1.92865493310657e-15,5.42514071569369,wrap,10,0.013428,0,afterChannel,snr,NaN,NaN,NaN,NaN,mmse,1,OK,,2.9344774
118,H_EQ_rawGain_std3_likely_CDL,QPSK,convolutional,3/4,1115,NaN,0,NaN,1,1,0,1,0,100,0,35,37,0.000297333333333333,0.0110013333333333,0.0104066666666667,1.46948617843203,36.6566898884442,36.6566898884398,-0.0573563814149149,14.242957105506,1.92865493310657e-15,4.92628022072505,wrap,10,0.011936,0,afterChannel,snr,NaN,NaN,NaN,NaN,mmse,1,OK,,2.8426254
119,H_EQ_rawGain_std3_likely_CDL,QPSK,convolutional,5/6,1116,NaN,0,NaN,1,1,0,1,0,100,0,35,37,0.00026784,0.00991008,0.0093744,1.31318175638945,37.6335031882785,37.6335031882731,0.0809386711093457,14.339075042785,1.92865493310657e-15,4.98620765549392,wrap,10,0.010752,0,afterChannel,snr,NaN,NaN,NaN,NaN,mmse,1,OK,,2.9815637
120,H_EQ_rawGain_std3_likely_CDL,QPSK,convolutional,7/8,1123,NaN,0,NaN,1,1,0,1,0,100,0,35,37,0.000256685714285714,0.00949737142857143,0.008984,1.26826525094208,37.935798131401,37.9357981313952,0.0272247816209416,14.1225498185767,1.92865493310657e-15,4.87344824265656,wrap,10,0.010304,0,afterChannel,snr,NaN,NaN,NaN,NaN,mmse,1,OK,,3.2621825
121,H_EQ_rawGain_std3_likely_CDL,8PSK,none,none,1115,NaN,0,NaN,1,1,0,1,0,97.4358974358974,0,36,38,0.000148666666666667,0.00564933333333333,0.005352,1.69179933154318,35.4330230194596,35.4330230194563,0.126841904352053,14.4408433578893,1.92865493310657e-15,5.09324742305439,wrap,10,0.005968,0,afterChannel,snr,NaN,NaN,NaN,NaN,mmse,1,OK,,2.0327064
122,H_EQ_rawGain_std3_likely_CDL,8PSK,convolutional,1/2,1115,NaN,0,NaN,1,1,0,1,0,100,0,35,37,0.000297333333333333,0.0110013333333333,0.0104066666666667,1.47229906475144,36.6400792757983,36.640079275794,0.0271563723708419,14.2430037430828,1.92865493310657e-15,4.92628022072505,wrap,10,0.011936,0,afterChannel,snr,NaN,NaN,NaN,NaN,mmse,1,OK,,2.9733241
123,H_EQ_rawGain_std3_likely_CDL,8PSK,convolutional,2/3,1115,NaN,0,NaN,1,1,0,1,0,100,0,35,38,0.000223,0.008474,0.007805,1.40023566885121,37.0759772711767,37.0759772711719,-0.0182546650746644,13.8690949231381,1.92865493310657e-15,4.72318272911757,wrap,10,0.008952,0,afterChannel,snr,NaN,NaN,NaN,NaN,mmse,1,OK,,3.0640423
124,H_EQ_rawGain_std3_likely_CDL,8PSK,convolutional,3/4,1115,NaN,0,NaN,1,1,0,1,0,100,0,35,37,0.000198222222222222,0.00733422222222222,0.00693777777777778,1.65772197929282,35.6097660858892,35.6097660858858,-0.109808485537149,13.6950885024133,1.92865493310657e-15,4.60758367182172,wrap,10,0.007956,0,afterChannel,snr,NaN,NaN,NaN,NaN,mmse,1,OK,,2.9480905
125,H_EQ_rawGain_std3_likely_CDL,8PSK,convolutional,5/6,1116,NaN,0,NaN,1,1,0,1,0,100,0,35,37,0.00017856,0.00660672,0.0062496,2.46877536136751,32.1503685112595,32.150368511258,0.0682956315621796,13.9390631655199,1.92865493310657e-15,4.75567031687267,wrap,10,0.007168,0,afterChannel,snr,NaN,NaN,NaN,NaN,mmse,1,OK,,3.2135957
126,H_EQ_rawGain_std3_likely_CDL,8PSK,convolutional,7/8,1123,NaN,0,NaN,1,1,0,1,0,100,0,35,37,0.00017112380952381,0.00633158095238095,0.00598933333333333,2.25938709230112,32.9201871332656,32.9201871332638,-0.15955987595856,14.0775862737755,1.92865493310657e-15,4.85305591708535,wrap,10,0.006868,0,afterChannel,snr,NaN,NaN,NaN,NaN,mmse,1,OK,,3.3996152
127,H_EQ_rawGain_std3_likely_CDL,16QAM,none,none,1115,NaN,0,NaN,1,1,0,1,0,100,0,36,39,0.0001115,0.0043485,0.004014,3.51351973090485,29.0851520649684,29.0948693820258,-5.34412147141309,14.4196128049698,1.92865493310657e-15,5.02945530751402,wrap,10,0.004476,0,afterChannel,snr,NaN,NaN,NaN,NaN,mmse,1,OK,,1.4467207
128,H_EQ_rawGain_std3_likely_CDL,16QAM,convolutional,1/2,1115,NaN,0,NaN,1,1,0,1,0,100,0,35,38,0.000223,0.008474,0.007805,3.07484221388815,30.243543304411,30.2156591327351,7.5653679179993,13.8677502421757,1.92865493310657e-15,4.72318272911757,wrap,10,0.008952,0,afterChannel,snr,NaN,NaN,NaN,NaN,mmse,1,OK,,2.2464069
129,H_EQ_rawGain_std3_likely_CDL,16QAM,convolutional,2/3,1115,NaN,0,NaN,1,1,0,1,0,100,0,36,38,0.00016725,0.0063555,0.006021,3.45255647383688,29.2371841777953,29.2503667027434,-8.46612978962842,14.1497516082624,1.92865493310657e-15,4.90126830444121,wrap,10,0.006714,0,afterChannel,snr,NaN,NaN,NaN,NaN,mmse,1,OK,,2.502279
130,H_EQ_rawGain_std3_likely_CDL,16QAM,convolutional,3/4,1115,NaN,0,NaN,1,1,0,1,0,100,0,35,38,0.000148666666666667,0.00564933333333333,0.00520333333333333,2.65267468300949,31.5263201495188,31.4851280162058,1.91707209836798,14.4347203402134,1.92865493310657e-15,5.09324742305439,wrap,10,0.005968,0,afterChannel,snr,NaN,NaN,NaN,NaN,mmse,1,OK,,2.2897163
131,H_EQ_rawGain_std3_likely_CDL,16QAM,convolutional,5/6,1116,NaN,0,NaN,1,1,0,1,0,100,0,35,37,0.00013392,0.00495504,0.0046872,2.71134216230821,31.3363134490128,31.3377029690423,-18.6638450499984,14.5087192797371,1.92865493310657e-15,5.12032152731346,wrap,10,0.005376,0,afterChannel,snr,NaN,NaN,NaN,NaN,mmse,1,OK,,2.5616647
132,H_EQ_rawGain_std3_likely_CDL,16QAM,convolutional,7/8,1123,NaN,0,NaN,1,1,0,1,0,100,0,35,37,0.000128342857142857,0.00474868571428571,0.004492,2.91872828114542,30.6961266750384,30.7162313321801,9.3015960191054,14.4722133262322,1.92865493310657e-15,5.09222090541483,wrap,10,0.005152,0,afterChannel,snr,NaN,NaN,NaN,NaN,mmse,1,OK,,2.7613837
133,H_EQ_rawGain_std3_likely_CDL,32QAM,none,none,1115,NaN,0,NaN,1,1,0,1,0,100,0,36,39,8.92e-05,0.0034788,0.0032112,4.09107389638789,27.7632535168345,27.6963811036191,4.63146915633935,14.988264814033,1.92865493310657e-15,5.4279347918529,wrap,10,0.00358,0,afterChannel,snr,NaN,NaN,NaN,NaN,mmse,1,OK,,1.3102308
134,H_EQ_rawGain_std3_likely_CDL,32QAM,convolutional,1/2,1115,NaN,0,NaN,1,1,0,1,0,100,0,35,37,0.0001784,0.0066008,0.006244,3.57988780945251,28.9226116710284,28.8936783521514,-20.5703941500547,13.9478123303014,1.92865493310657e-15,4.75825042986331,wrap,10,0.00716,0,afterChannel,snr,NaN,NaN,NaN,NaN,mmse,1,OK,,2.1522698
135,H_EQ_rawGain_std3_likely_CDL,32QAM,convolutional,2/3,1115,NaN,0,NaN,1,1,0,1,0,100,0,35,37,0.0001338,0.0049506,0.004683,3.65834250788057,28.7343127332385,28.7353549149376,-7.66504457457556,14.5128646601973,1.92865493310657e-15,5.1197908840137,wrap,10,0.00537,0,afterChannel,snr,NaN,NaN,NaN,NaN,mmse,1,OK,,2.33253
136,H_EQ_rawGain_std3_likely_CDL,32QAM,convolutional,3/4,1115,NaN,0,NaN,1,1,0,1,0,100,0,35,37,0.000118933333333333,0.00440053333333333,0.00416266666666667,3.82811730684216,28.3402952479265,28.3475852733138,-1.64573705565185,14.3977389722595,1.92865493310657e-15,5.03350444131949,wrap,10,0.004774,0,afterChannel,snr,NaN,NaN,NaN,NaN,mmse,1,OK,,2.2140801
137,H_EQ_rawGain_std3_likely_CDL,32QAM,convolutional,5/6,1116,NaN,0,NaN,1,1,0,1,0,100,0,35,37,0.000107136,0.003964032,0.00374976,3.190353578163,29.9232236521125,29.915225272877,13.9103261607946,14.4796918954283,1.92865493310657e-15,5.06828548822991,wrap,10,0.0043,0,afterChannel,snr,NaN,NaN,NaN,NaN,mmse,1,OK,,2.4250744
138,H_EQ_rawGain_std3_likely_CDL,32QAM,convolutional,7/8,1123,NaN,0,NaN,1,1,0,1,0,100,0,35,37,0.000102674285714286,0.00379894857142857,0.0035936,3.34263661744154,29.5182166716651,29.5535112943748,-15.9608833853356,14.6031154749462,1.92865493310657e-15,5.14797336985426,wrap,10,0.00412,0,afterChannel,snr,NaN,NaN,NaN,NaN,mmse,1,OK,,2.655347
139,H_EQ_rawGain_std3_likely_CDL,GMSK,none,none,1115,NaN,0,NaN,1,1,0,1,0,100,0,37,39,0.000446,0.017394,0.016502,3.93931993573785,28.091574922111,28.091574922111,NaN,16.1007425880782,1.92865493310657e-15,5.85082815244608,wrap,10,0.017904,0,afterChannel,snr,NaN,NaN,NaN,NaN,mmse,1,OK,,2.4585309
140,H_EQ_rawGain_std3_likely_CDL,GMSK,convolutional,1/2,1115,NaN,0,NaN,1,1,0,1,0,100,0,36,38,0.000892,0.033896,0.032112,3.69826878629046,28.6400305592607,28.6400305592607,NaN,16.4378350376663,1.92865493310657e-15,5.88142990639879,wrap,10,0.035808,0,afterChannel,snr,NaN,NaN,NaN,NaN,mmse,1,OK,,4.2376189
141,H_EQ_rawGain_std3_likely_CDL,GMSK,convolutional,2/3,1115,NaN,0,NaN,1,1,0,1,0,100,0,36,38,0.000669,0.025422,0.024084,4.40322100826394,27.1245903141542,27.1245903141542,NaN,15.7181600047366,1.92865493310657e-15,5.59892212816039,wrap,10,0.026856,0,afterChannel,snr,NaN,NaN,NaN,NaN,mmse,1,OK,,3.4364891
142,H_EQ_rawGain_std3_likely_CDL,GMSK,convolutional,3/4,1115,NaN,0,NaN,1,1,0,1,0,100,0,36,38,0.000594666666666667,0.0225973333333333,0.021408,3.87777283683062,28.2283527169078,28.2283527169078,NaN,15.8283751547981,1.92865493310657e-15,5.66713878823609,wrap,10,0.023872,0,afterChannel,snr,NaN,NaN,NaN,NaN,mmse,1,OK,,3.1005077
143,H_EQ_rawGain_std3_likely_CDL,GMSK,convolutional,5/6,1116,NaN,0,NaN,1,1,0,1,0,100,0,36,38,0.00053568,0.02035584,0.01928448,3.91902339392936,28.1364428813738,28.1364428813738,NaN,16.0175891807929,1.92865493310657e-15,5.77874163482803,wrap,10,0.021504,0,afterChannel,snr,NaN,NaN,NaN,NaN,mmse,1,OK,,2.9654246
144,H_EQ_rawGain_std3_likely_CDL,GMSK,convolutional,7/8,1123,NaN,0,NaN,1,1,0,1,0,100,0,36,38,0.000513371428571429,0.0195081142857143,0.0184813714285714,4.06641902355346,27.8157574316147,27.8157574316147,NaN,16.1480006204231,1.92865493310657e-15,5.8798354265235,wrap,10,0.020608,0,afterChannel,snr,NaN,NaN,NaN,NaN,mmse,1,OK,,2.8076953
145,H_EQ_rawGain_std4_likely_ITU_P681,BPSK,none,none,1115,NaN,0,NaN,1,1,0,1,0,100,0,37,39,0.000446,0.017394,0.016502,1.42884001707455,36.900327902715,36.9003279027104,-0.0511051250587265,15.8961239776115,1.92865493310657e-15,5.65528363681581,wrap,10,0.017904,0,afterChannel,snr,NaN,NaN,NaN,NaN,mmse,1,OK,,2.2852377
146,H_EQ_rawGain_std4_likely_ITU_P681,BPSK,convolutional,1/2,1115,NaN,0,NaN,1,1,0,1,0,100,0,36,38,0.000892,0.033896,0.032112,3.54233655002947,29.0142035954022,29.0142035954015,-0.37248735318612,15.9104531271049,1.92865493310657e-15,5.56582206987132,wrap,10,0.035808,0,afterChannel,snr,NaN,NaN,NaN,NaN,mmse,1,OK,,3.7423884
147,H_EQ_rawGain_std4_likely_ITU_P681,BPSK,convolutional,2/3,1115,NaN,0,NaN,1,1,0,1,0,100,0,36,38,0.000669,0.025422,0.024084,2.060786633584,33.7193394235517,33.7193394235495,0.0328211255682331,15.9383508509658,1.92865493310657e-15,5.60979803740263,wrap,10,0.026856,0,afterChannel,snr,NaN,NaN,NaN,NaN,mmse,1,OK,,3.6010047
148,H_EQ_rawGain_std4_likely_ITU_P681,BPSK,convolutional,3/4,1115,NaN,0,NaN,1,1,0,1,0,100,0,35,37,0.000594666666666667,0.0220026666666667,0.0208133333333333,3.58213470323608,28.9171617378459,28.9171617378452,-0.204109992280492,16.2107680538157,1.92865493310657e-15,5.78871765635339,wrap,10,0.023872,0,afterChannel,snr,NaN,NaN,NaN,NaN,mmse,1,OK,,3.373478
149,H_EQ_rawGain_std4_likely_ITU_P681,BPSK,convolutional,5/6,1116,NaN,0,NaN,1,1,0,1,0,100,0,36,38,0.00053568,0.02035584,0.01928448,1.60265513117844,35.9031984330134,35.9031984330097,-0.0445352872451367,16.263537905538,1.92865493310657e-15,5.80892286225016,wrap,10,0.021504,0,afterChannel,snr,NaN,NaN,NaN,NaN,mmse,1,OK,,3.4666136
150,H_EQ_rawGain_std4_likely_ITU_P681,BPSK,convolutional,7/8,1123,NaN,0,NaN,1,1,0,1,0,100,0,35,37,0.000513371428571429,0.0189947428571429,0.017968,1.92466173067008,34.3129117793443,34.3129117793418,-0.0588282008627102,16.3442995685798,1.92865493310657e-15,5.87352345194337,wrap,10,0.020608,0,afterChannel,snr,NaN,NaN,NaN,NaN,mmse,1,OK,,3.6849446
151,H_EQ_rawGain_std4_likely_ITU_P681,QPSK,none,none,1115,NaN,0,NaN,1,1,0,1,0,100,0,37,39,0.000223,0.008697,0.008251,1.82011797032603,34.798009249076,34.7980092490732,0.0613043745592643,14.4315576001165,1.92865493310657e-15,4.99622386751506,wrap,10,0.008952,0,afterChannel,snr,NaN,NaN,NaN,NaN,mmse,1,OK,,1.7970573
152,H_EQ_rawGain_std4_likely_ITU_P681,QPSK,convolutional,1/2,1115,NaN,0,NaN,1,1,0,1,0,100,0,36,38,0.000446,0.016948,0.016056,1.31775365867922,37.6033153862745,37.6033153862691,0.116609225886146,15.8961680478995,1.92865493310657e-15,5.65528363681581,wrap,10,0.017904,0,afterChannel,snr,NaN,NaN,NaN,NaN,mmse,1,OK,,2.8446623
153,H_EQ_rawGain_std4_likely_ITU_P681,QPSK,convolutional,2/3,1115,NaN,0,NaN,1,1,0,1,0,100,0,36,38,0.0003345,0.012711,0.012042,3.80484056172213,28.3932707443073,28.3932707443066,0.127649914984069,15.3387319711581,1.92865493310657e-15,5.3024535151063,wrap,10,0.013428,0,afterChannel,snr,NaN,NaN,NaN,NaN,mmse,1,OK,,2.897574
154,H_EQ_rawGain_std4_likely_ITU_P681,QPSK,convolutional,3/4,1115,NaN,0,NaN,1,1,0,1,0,100,0,35,37,0.000297333333333333,0.0110013333333333,0.0104066666666667,1.27574383198792,37.884730454664,37.8847304546582,0.0229526602047992,14.446478376656,1.92865493310657e-15,4.90861269275756,wrap,10,0.011936,0,afterChannel,snr,NaN,NaN,NaN,NaN,mmse,1,OK,,2.7440772
155,H_EQ_rawGain_std4_likely_ITU_P681,QPSK,convolutional,5/6,1116,NaN,0,NaN,1,1,0,1,0,100,0,35,37,0.00026784,0.00991008,0.0093744,1.26112313961771,37.9848501123847,37.9848501123788,-0.00479867373252845,14.2690456423841,1.92865493310657e-15,4.80431836782375,wrap,10,0.010752,0,afterChannel,snr,NaN,NaN,NaN,NaN,mmse,1,OK,,2.9345694
156,H_EQ_rawGain_std4_likely_ITU_P681,QPSK,convolutional,7/8,1123,NaN,0,NaN,1,1,0,1,0,100,0,35,37,0.000256685714285714,0.00949737142857143,0.008984,1.52412475061428,36.3395896850456,36.3395896850415,-0.0323176708449818,14.0281250861293,1.92865493310657e-15,4.67752618793605,wrap,10,0.010304,0,afterChannel,snr,NaN,NaN,NaN,NaN,mmse,1,OK,,3.1865948
157,H_EQ_rawGain_std4_likely_ITU_P681,8PSK,none,none,1115,NaN,0,NaN,1,1,0,1,0,97.4358974358974,0,36,38,0.000148666666666667,0.00564933333333333,0.005352,1.9034230980465,34.4092932965479,34.4092932965454,-0.0344149952929062,14.040748838279,1.92865493310657e-15,4.76855136943806,wrap,10,0.005968,0,afterChannel,snr,NaN,NaN,NaN,NaN,mmse,1,OK,,2.0069971
158,H_EQ_rawGain_std4_likely_ITU_P681,8PSK,convolutional,1/2,1115,NaN,0,NaN,1,1,0,1,0,100,0,35,38,0.000297333333333333,0.0112986666666667,0.0104066666666667,1.29392686754072,37.7618053840272,37.7618053840216,0.122344167070294,14.4464209875004,1.92865493310657e-15,4.90861269275756,wrap,10,0.011936,0,afterChannel,snr,NaN,NaN,NaN,NaN,mmse,1,OK,,2.9170541
159,H_EQ_rawGain_std4_likely_ITU_P681,8PSK,convolutional,2/3,1115,NaN,0,NaN,1,1,0,1,0,100,0,35,37,0.000223,0.008251,0.007805,1.81890166122264,34.8038156079864,34.8038156079835,0.0650977810632837,14.4314558333188,1.92865493310657e-15,4.99622386751506,wrap,10,0.008952,0,afterChannel,snr,NaN,NaN,NaN,NaN,mmse,1,OK,,3.0076815
160,H_EQ_rawGain_std4_likely_ITU_P681,8PSK,convolutional,3/4,1115,NaN,0,NaN,1,1,0,1,0,100,0,35,37,0.000198222222222222,0.00733422222222222,0.00693777777777778,1.73306185712155,35.223718720019,35.2237187200159,-0.00417288831345763,14.3965109473411,1.92865493310657e-15,4.9509623219501,wrap,10,0.007956,0,afterChannel,snr,NaN,NaN,NaN,NaN,mmse,1,OK,,2.879782
161,H_EQ_rawGain_std4_likely_ITU_P681,8PSK,convolutional,5/6,1116,NaN,0,NaN,1,1,0,1,0,100,0,35,38,0.00017856,0.00678528,0.0062496,1.36097003285264,37.323028748101,37.3230287480959,-0.033659368425778,14.5923578118485,1.92865493310657e-15,5.06789729914634,wrap,10,0.007168,0,afterChannel,snr,NaN,NaN,NaN,NaN,mmse,1,OK,,3.1231221
162,H_EQ_rawGain_std4_likely_ITU_P681,8PSK,convolutional,7/8,1123,NaN,0,NaN,1,1,0,1,0,100,0,35,37,0.00017112380952381,0.00633158095238095,0.00598933333333333,1.25936991495593,37.9969337151158,37.9969337151099,0.0395506480580212,14.4367074626324,1.92865493310657e-15,4.97563770096965,wrap,10,0.006868,0,afterChannel,snr,NaN,NaN,NaN,NaN,mmse,1,OK,,3.3666824
163,H_EQ_rawGain_std4_likely_ITU_P681,16QAM,none,none,1115,NaN,0,NaN,1,1,0,1,0,100,0,36,39,0.0001115,0.0043485,0.004014,3.33842104454849,29.5291778121378,29.5388951291951,-5.76958967720286,13.8613683410848,1.92865493310657e-15,4.63289572906319,wrap,10,0.004476,0,afterChannel,snr,NaN,NaN,NaN,NaN,mmse,1,OK,,1.3959101
164,H_EQ_rawGain_std4_likely_ITU_P681,16QAM,convolutional,1/2,1115,NaN,0,NaN,1,1,0,1,0,100,0,36,38,0.000223,0.008474,0.008028,3.24644640224758,29.7718352557953,29.7439510841195,7.68443782708054,14.4352438375486,1.92865493310657e-15,4.99622386751506,wrap,10,0.008952,0,afterChannel,snr,NaN,NaN,NaN,NaN,mmse,1,OK,,2.2090039
165,H_EQ_rawGain_std4_likely_ITU_P681,16QAM,convolutional,2/3,1115,NaN,0,NaN,1,1,0,1,0,100,0,36,38,0.00016725,0.0063555,0.006021,2.97808469467032,30.5212591074664,30.5344416324142,-8.10871617596645,14.2769736759324,1.92865493310657e-15,4.89920022040114,wrap,10,0.006714,0,afterChannel,snr,NaN,NaN,NaN,NaN,mmse,1,OK,,2.4169995
166,H_EQ_rawGain_std4_likely_ITU_P681,16QAM,convolutional,3/4,1115,NaN,0,NaN,1,1,0,1,0,100,0,35,37,0.000148666666666667,0.00550066666666667,0.00520333333333333,2.77586682103695,31.132027481031,31.0908353477181,2.33592298653759,14.0403711710695,1.92865493310657e-15,4.76855136943806,wrap,10,0.005968,0,afterChannel,snr,NaN,NaN,NaN,NaN,mmse,1,OK,,2.2767036
167,H_EQ_rawGain_std4_likely_ITU_P681,16QAM,convolutional,5/6,1116,NaN,0,NaN,1,1,0,1,0,100,0,35,37,0.00013392,0.00495504,0.0046872,2.64758600488785,31.5429984650778,31.5443879851072,-18.6331252761112,14.0305329417021,1.92865493310657e-15,4.75061611756806,wrap,10,0.005376,0,afterChannel,snr,NaN,NaN,NaN,NaN,mmse,1,OK,,2.4804585
168,H_EQ_rawGain_std4_likely_ITU_P681,16QAM,convolutional,7/8,1123,NaN,0,NaN,1,1,0,1,0,100,0,35,37,0.000128342857142857,0.00474868571428571,0.004492,2.91198207171835,30.7162260636755,30.7356390038739,9.58486110334457,13.8657066291868,1.92865493310657e-15,4.65952821175276,wrap,10,0.005152,0,afterChannel,snr,NaN,NaN,NaN,NaN,mmse,1,OK,,2.6838537
169,H_EQ_rawGain_std4_likely_ITU_P681,32QAM,none,none,1115,NaN,0,NaN,1,1,0,1,0,100,0,36,39,8.92e-05,0.0034788,0.0032112,3.97547954008041,28.0122095461902,27.9453371329748,5.08346688650021,12.3609106578627,1.92865493310657e-15,3.99908489868051,wrap,10,0.00358,0,afterChannel,snr,NaN,NaN,NaN,NaN,mmse,1,OK,,1.3143291
170,H_EQ_rawGain_std4_likely_ITU_P681,32QAM,convolutional,1/2,1115,NaN,0,NaN,1,1,0,1,0,100,0,35,37,0.0001784,0.0066008,0.006244,2.92403486169157,30.6803490764858,30.6514157576084,-20.6189334927402,14.5869219473378,1.92865493310657e-15,5.06692508767499,wrap,10,0.00716,0,afterChannel,snr,NaN,NaN,NaN,NaN,mmse,1,OK,,2.1262674
171,H_EQ_rawGain_std4_likely_ITU_P681,32QAM,convolutional,2/3,1115,NaN,0,NaN,1,1,0,1,0,100,0,35,37,0.0001338,0.0049506,0.004683,3.60214714521168,28.8687710105172,28.8698131922162,-7.58129528465264,14.0250883263139,1.92865493310657e-15,4.74831505372218,wrap,10,0.00537,0,afterChannel,snr,NaN,NaN,NaN,NaN,mmse,1,OK,,2.2285831
172,H_EQ_rawGain_std4_likely_ITU_P681,32QAM,convolutional,3/4,1115,NaN,0,NaN,1,1,0,1,0,100,0,35,38,0.000118933333333333,0.00451946666666667,0.00416266666666667,3.87112940496645,28.2432462149357,28.2505362403229,-2.20368218679989,13.7715505555347,1.92865493310657e-15,4.59058321127467,wrap,10,0.004774,0,afterChannel,snr,NaN,NaN,NaN,NaN,mmse,1,OK,,2.1426466
173,H_EQ_rawGain_std4_likely_ITU_P681,32QAM,convolutional,5/6,1116,NaN,0,NaN,1,1,0,1,0,100,0,35,37,0.000107136,0.003964032,0.00374976,2.64955787185275,31.536531803032,31.5285334237961,13.8315383250803,13.8507497114774,1.92865493310657e-15,4.61266623101707,wrap,10,0.0043,0,afterChannel,snr,NaN,NaN,NaN,NaN,mmse,1,OK,,2.3909145
174,H_EQ_rawGain_std4_likely_ITU_P681,32QAM,convolutional,7/8,1123,NaN,0,NaN,1,1,0,1,0,100,0,35,37,0.000102674285714286,0.00379894857142857,0.0035936,2.61430514978173,31.6528744320359,31.6881690547451,-17.141227296745,13.7011954795361,1.92865493310657e-15,4.52325275837683,wrap,10,0.00412,0,afterChannel,snr,NaN,NaN,NaN,NaN,mmse,1,OK,,2.6045813
175,H_EQ_rawGain_std4_likely_ITU_P681,GMSK,none,none,1115,NaN,0,NaN,1,1,0,1,0,100,0,37,39,0.000446,0.017394,0.016502,3.67720128902048,28.6896519263204,28.6896519263204,NaN,15.8960300786933,1.92865493310657e-15,5.65528363681581,wrap,10,0.017904,0,afterChannel,snr,NaN,NaN,NaN,NaN,mmse,1,OK,,2.3196695
176,H_EQ_rawGain_std4_likely_ITU_P681,GMSK,convolutional,1/2,1115,NaN,0,NaN,1,1,0,1,0,100,0,36,38,0.000892,0.033896,0.032112,4.39909137425145,27.1327403425447,27.1327403425447,NaN,15.910454234356,1.92865493310657e-15,5.56582206987132,wrap,10,0.035808,0,afterChannel,snr,NaN,NaN,NaN,NaN,mmse,1,OK,,4.0854242
177,H_EQ_rawGain_std4_likely_ITU_P681,GMSK,convolutional,2/3,1115,NaN,0,NaN,1,1,0,1,0,100,0,36,38,0.000669,0.025422,0.024084,3.85654499490374,28.2760319458273,28.2760319458273,NaN,15.9382876152674,1.92865493310657e-15,5.60979803740263,wrap,10,0.026856,0,afterChannel,snr,NaN,NaN,NaN,NaN,mmse,1,OK,,3.3140126
178,H_EQ_rawGain_std4_likely_ITU_P681,GMSK,convolutional,3/4,1115,NaN,0,NaN,1,1,0,1,0,100,0,36,38,0.000594666666666667,0.0225973333333333,0.021408,4.40208374726259,27.1268339897286,27.1268339897286,NaN,16.2106391297352,1.92865493310657e-15,5.78871765635339,wrap,10,0.023872,0,afterChannel,snr,NaN,NaN,NaN,NaN,mmse,1,OK,,3.0646198
179,H_EQ_rawGain_std4_likely_ITU_P681,GMSK,convolutional,5/6,1116,NaN,0,NaN,1,1,0,1,0,100,0,36,38,0.00053568,0.02035584,0.01928448,3.70119206516386,28.6331675513993,28.6331675513993,NaN,16.2634750720115,1.92865493310657e-15,5.80892286225016,wrap,10,0.021504,0,afterChannel,snr,NaN,NaN,NaN,NaN,mmse,1,OK,,2.8024241
180,H_EQ_rawGain_std4_likely_ITU_P681,GMSK,convolutional,7/8,1123,NaN,0,NaN,1,1,0,1,0,100,0,36,38,0.000513371428571429,0.0195081142857143,0.0184813714285714,3.80090671871131,28.4022557731368,28.4022557731368,NaN,16.3444226926791,1.92865493310657e-15,5.87352345194337,wrap,10,0.020608,0,afterChannel,snr,NaN,NaN,NaN,NaN,mmse,1,OK,,2.7852628
181,H_EQ_rawGain_std5_likely_Jakes,BPSK,none,none,1115,NaN,0,NaN,1,1,0,1,0,100,0,37,39,0.000446,0.017394,0.016502,1.74124822756063,35.1827862528358,35.1827862528327,0.00998674849217185,-65.3049673350765,1.92865493310657e-15,0.000536944010835308,wrap,2,0.017904,0,afterChannel,snr,NaN,NaN,NaN,NaN,mmse,1,OK,,2.1558418
182,H_EQ_rawGain_std5_likely_Jakes,BPSK,convolutional,1/2,1115,NaN,0,NaN,1,1,0,1,0,100,0,36,38,0.000892,0.033896,0.032112,1.4749422240453,36.6244998278823,36.624499827878,0.00359542568562294,-65.2987336931224,1.92865493310657e-15,0.000536890598665992,wrap,2,0.035808,0,afterChannel,snr,NaN,NaN,NaN,NaN,mmse,1,OK,,3.6398914
183,H_EQ_rawGain_std5_likely_Jakes,BPSK,convolutional,2/3,1115,NaN,0,NaN,1,1,0,1,0,100,0,36,38,0.000669,0.025422,0.024084,1.57304637284548,36.0651694868342,36.0651694868305,-0.0596555276912257,-65.338072299997,1.92865493310657e-15,0.000534780475781873,wrap,2,0.026856,0,afterChannel,snr,NaN,NaN,NaN,NaN,mmse,1,OK,,3.5347611
184,H_EQ_rawGain_std5_likely_Jakes,BPSK,convolutional,3/4,1115,NaN,0,NaN,1,1,0,1,0,100,0,36,38,0.000594666666666667,0.0225973333333333,0.021408,1.54321621059099,36.2314644665726,36.2314644665687,-0.0128731270447596,-65.3822646202291,1.92865493310657e-15,0.000531775524485992,wrap,2,0.023872,0,afterChannel,snr,NaN,NaN,NaN,NaN,mmse,1,OK,,3.2753972
185,H_EQ_rawGain_std5_likely_Jakes,BPSK,convolutional,5/6,1116,NaN,0,NaN,1,1,0,1,0,100,0,36,38,0.00053568,0.02035584,0.01928448,1.67200114706911,35.5352685790211,35.5352685790178,0.182639948808893,-65.4978040439647,1.92865493310657e-15,0.00052446432222616,wrap,2,0.021504,0,afterChannel,snr,NaN,NaN,NaN,NaN,mmse,1,OK,,3.386181
186,H_EQ_rawGain_std5_likely_Jakes,BPSK,convolutional,7/8,1123,NaN,0,NaN,1,1,0,1,0,100,0,35,37,0.000513371428571429,0.0189947428571429,0.017968,1.7528867453641,35.1249228584132,35.1249228584101,-0.0141371882744987,-65.4591542165681,1.92865493310657e-15,0.000526717889681309,wrap,2,0.020608,0,afterChannel,snr,NaN,NaN,NaN,NaN,mmse,1,OK,,3.6378837
187,H_EQ_rawGain_std5_likely_Jakes,QPSK,none,none,1115,NaN,0,NaN,1,1,0,1,0,100,0,37,39,0.000223,0.008697,0.008251,1.48465812136597,36.5674708339795,36.5674708339752,0.157434425120975,-65.1774414630433,1.92865493310657e-15,0.000547973694991045,wrap,2,0.008952,0,afterChannel,snr,NaN,NaN,NaN,NaN,mmse,1,OK,,1.7630301
188,H_EQ_rawGain_std5_likely_Jakes,QPSK,convolutional,1/2,1115,NaN,0,NaN,1,1,0,1,0,100,0,36,38,0.000446,0.016948,0.016056,1.65908507650266,35.6026268628968,35.6026268628934,-0.0375624988610647,-65.3049432600243,1.92865493310657e-15,0.000536944010835308,wrap,2,0.017904,0,afterChannel,snr,NaN,NaN,NaN,NaN,mmse,1,OK,,2.7750907
189,H_EQ_rawGain_std5_likely_Jakes,QPSK,convolutional,2/3,1115,NaN,0,NaN,1,1,0,1,0,100,0,36,38,0.0003345,0.012711,0.012042,1.84703762281444,34.6704851641318,34.6704851641291,-0.168195450081055,-65.3977899888243,1.92865493310657e-15,0.000532747332590002,wrap,2,0.013428,0,afterChannel,snr,NaN,NaN,NaN,NaN,mmse,1,OK,,2.793474
190,H_EQ_rawGain_std5_likely_Jakes,QPSK,convolutional,3/4,1115,NaN,0,NaN,1,1,0,1,0,100,0,36,38,0.000297333333333333,0.0112986666666667,0.010704,1.45341996356853,36.7521775762896,36.7521775762852,-0.0496386921528026,-65.2198038395486,1.92865493310657e-15,0.000545710034867374,wrap,2,0.011936,0,afterChannel,snr,NaN,NaN,NaN,NaN,mmse,1,OK,,2.7421515
191,H_EQ_rawGain_std5_likely_Jakes,QPSK,convolutional,5/6,1116,NaN,0,NaN,1,1,0,1,0,100,0,35,37,0.00026784,0.00991008,0.0093744,1.59749961879138,35.93118473609,35.9311847360863,0.0149529065808939,-65.1703866053071,1.92865493310657e-15,0.000548824325931533,wrap,2,0.010752,0,afterChannel,snr,NaN,NaN,NaN,NaN,mmse,1,OK,,2.848401
192,H_EQ_rawGain_std5_likely_Jakes,QPSK,convolutional,7/8,1123,NaN,0,NaN,1,1,0,1,0,100,0,35,37,0.000256685714285714,0.00949737142857143,0.008984,1.52382618914401,36.3412913344753,36.3412913344713,0.106954275792497,-65.1473676142481,1.92865493310657e-15,0.000550243016450151,wrap,2,0.010304,0,afterChannel,snr,NaN,NaN,NaN,NaN,mmse,1,OK,,3.1671112
193,H_EQ_rawGain_std5_likely_Jakes,8PSK,none,none,1115,NaN,0,NaN,1,1,0,1,0,97.4358974358974,0,36,38,0.000148666666666667,0.00564933333333333,0.005352,1.65076967358811,35.6462703635482,35.6462703635448,0.20545053948956,-65.4055103188206,1.92865493310657e-15,0.00053297319208573,wrap,2,0.005968,0,afterChannel,snr,NaN,NaN,NaN,NaN,mmse,1,OK,,2.001549
194,H_EQ_rawGain_std5_likely_Jakes,8PSK,convolutional,1/2,1115,NaN,0,NaN,1,1,0,1,0,100,0,35,37,0.000297333333333333,0.0110013333333333,0.0104066666666667,1.45664527578228,36.7329239066267,36.7329239066223,0.129720180689408,-65.2197977479758,1.92865493310657e-15,0.000545710034867374,wrap,2,0.011936,0,afterChannel,snr,NaN,NaN,NaN,NaN,mmse,1,OK,,2.8684986
195,H_EQ_rawGain_std5_likely_Jakes,8PSK,convolutional,2/3,1115,NaN,0,NaN,1,1,0,1,0,100,0,35,38,0.000223,0.008474,0.007805,1.49381147445866,36.5140841785062,36.514084178502,0.0152994326447363,-65.1774166131208,1.92865493310657e-15,0.000547973694991045,wrap,2,0.008952,0,afterChannel,snr,NaN,NaN,NaN,NaN,mmse,1,OK,,2.9025772
196,H_EQ_rawGain_std5_likely_Jakes,8PSK,convolutional,3/4,1115,NaN,0,NaN,1,1,0,1,0,100,0,35,38,0.000198222222222222,0.00753244444444445,0.00693777777777778,1.43486551109566,36.8637760625886,36.8637760625841,-0.0510775396146458,-65.2680725239529,1.92865493310657e-15,0.000542157073005965,wrap,2,0.007956,0,afterChannel,snr,NaN,NaN,NaN,NaN,mmse,1,OK,,2.8950792
197,H_EQ_rawGain_std5_likely_Jakes,8PSK,convolutional,5/6,1116,NaN,0,NaN,1,1,0,1,0,100,0,35,38,0.00017856,0.00678528,0.0062496,1.47925990505761,36.5991102804989,36.5991102804946,-0.0989758668286879,-65.3415910371642,1.92865493310657e-15,0.000537415420439637,wrap,2,0.007168,0,afterChannel,snr,NaN,NaN,NaN,NaN,mmse,1,OK,,3.0631148
198,H_EQ_rawGain_std5_likely_Jakes,8PSK,convolutional,7/8,1123,NaN,0,NaN,1,1,0,1,0,100,0,35,37,0.00017112380952381,0.00633158095238095,0.00598933333333333,1.47073894616596,36.6492881402947,36.6492881402904,-0.0821554332015995,-65.3642643700047,1.92865493310657e-15,0.000535906201118795,wrap,2,0.006868,0,afterChannel,snr,NaN,NaN,NaN,NaN,mmse,1,OK,,3.2501348
199,H_EQ_rawGain_std5_likely_Jakes,16QAM,none,none,1115,NaN,0,NaN,1,1,0,1,0,100,0,36,39,0.0001115,0.0043485,0.004014,3.36424590338632,29.4622453551002,29.4719626721575,-5.10935530900213,-65.0132064086864,1.92865493310657e-15,0.000559733337305693,wrap,2,0.004476,0,afterChannel,snr,NaN,NaN,NaN,NaN,mmse,1,OK,,1.3298374
200,H_EQ_rawGain_std5_likely_Jakes,16QAM,convolutional,1/2,1115,NaN,0,NaN,1,1,0,1,0,100,0,36,38,0.000223,0.008474,0.008028,3.13741747736265,30.0685537698028,30.040669598127,7.86905639285595,-65.1797246407866,1.92865493310657e-15,0.000547973694991045,wrap,2,0.008952,0,afterChannel,snr,NaN,NaN,NaN,NaN,mmse,1,OK,,2.1096989
201,H_EQ_rawGain_std5_likely_Jakes,16QAM,convolutional,2/3,1115,NaN,0,NaN,1,1,0,1,0,100,0,36,38,0.00016725,0.0063555,0.006021,3.06460603136157,30.2725069606141,30.285689485562,-8.50002030310132,-65.377072988081,1.92865493310657e-15,0.00053498186201435,wrap,2,0.006714,0,afterChannel,snr,NaN,NaN,NaN,NaN,mmse,1,OK,,2.4278495
202,H_EQ_rawGain_std5_likely_Jakes,16QAM,convolutional,3/4,1115,NaN,0,NaN,1,1,0,1,0,100,0,35,37,0.000148666666666667,0.00550066666666667,0.00520333333333333,2.60116680719777,31.6966359309178,31.6554437976048,1.82212007819583,-65.4054715439712,1.92865493310657e-15,0.00053297319208573,wrap,2,0.005968,0,afterChannel,snr,NaN,NaN,NaN,NaN,mmse,1,OK,,2.2314879
203,H_EQ_rawGain_std5_likely_Jakes,16QAM,convolutional,5/6,1116,NaN,0,NaN,1,1,0,1,0,100,0,35,37,0.00013392,0.00495504,0.0046872,2.89917502609256,30.7545113012363,30.7559008212659,-18.4788561295332,-65.2552606002413,1.92865493310657e-15,0.000543152032218482,wrap,2,0.005376,0,afterChannel,snr,NaN,NaN,NaN,NaN,mmse,1,OK,,2.3977722
204,H_EQ_rawGain_std5_likely_Jakes,16QAM,convolutional,7/8,1123,NaN,0,NaN,1,1,0,1,0,100,0,35,37,0.000128342857142857,0.00474868571428571,0.004492,3.07092310902757,30.2546211491137,30.2747258062555,9.53097139791583,-65.1727760140345,1.92865493310657e-15,0.000548889500200176,wrap,2,0.005152,0,afterChannel,snr,NaN,NaN,NaN,NaN,mmse,1,OK,,2.645269
205,H_EQ_rawGain_std5_likely_Jakes,32QAM,none,none,1115,NaN,0,NaN,1,1,0,1,0,100,0,36,39,8.92e-05,0.0034788,0.0032112,4.1525670461281,27.6336669365757,27.5667945233604,5.39408568208709,-64.820902392766,1.92865493310657e-15,0.00057251217733727,wrap,2,0.00358,0,afterChannel,snr,NaN,NaN,NaN,NaN,mmse,1,OK,,1.2439039
206,H_EQ_rawGain_std5_likely_Jakes,32QAM,convolutional,1/2,1115,NaN,0,NaN,1,1,0,1,0,100,0,35,37,0.0001784,0.0066008,0.006244,2.99162855886472,30.4818465908134,30.4529132719361,-20.9210542121599,-65.3420284807187,1.92865493310657e-15,0.00053737901409472,wrap,2,0.00716,0,afterChannel,snr,NaN,NaN,NaN,NaN,mmse,1,OK,,2.0436101
207,H_EQ_rawGain_std5_likely_Jakes,32QAM,convolutional,2/3,1115,NaN,0,NaN,1,1,0,1,0,100,0,35,37,0.0001338,0.0049506,0.004683,3.80461976598209,28.3937748030311,28.3948169847303,-7.25945606264514,-65.2528421347729,1.92865493310657e-15,0.000543305143942505,wrap,2,0.00537,0,afterChannel,snr,NaN,NaN,NaN,NaN,mmse,1,OK,,2.2267648
208,H_EQ_rawGain_std5_likely_Jakes,32QAM,convolutional,3/4,1115,NaN,0,NaN,1,1,0,1,0,100,0,35,38,0.000118933333333333,0.00451946666666667,0.00416266666666667,3.81594555483835,28.367956607042,28.3752466324292,-1.71621697370951,-65.0634841294414,1.92865493310657e-15,0.000556499919441674,wrap,2,0.004774,0,afterChannel,snr,NaN,NaN,NaN,NaN,mmse,1,OK,,2.1110855
209,H_EQ_rawGain_std5_likely_Jakes,32QAM,convolutional,5/6,1116,NaN,0,NaN,1,1,0,1,0,100,0,35,37,0.000107136,0.003964032,0.00374976,2.76204309762941,31.1753909835285,31.1673926042927,14.3534162306967,-64.9929011736721,1.92865493310657e-15,0.000561050395457276,wrap,2,0.0043,0,afterChannel,snr,NaN,NaN,NaN,NaN,mmse,1,OK,,2.296876
210,H_EQ_rawGain_std5_likely_Jakes,32QAM,convolutional,7/8,1123,NaN,0,NaN,1,1,0,1,0,100,0,35,37,0.000102674285714286,0.00379894857142857,0.0035936,2.80498954987228,31.0413750478088,31.0766696705181,-17.1983098259244,-64.9713567299938,1.92865493310657e-15,0.000562583152719408,wrap,2,0.00412,0,afterChannel,snr,NaN,NaN,NaN,NaN,mmse,1,OK,,2.5409708
211,H_EQ_rawGain_std5_likely_Jakes,GMSK,none,none,1115,NaN,0,NaN,1,1,0,1,0,100,0,37,39,0.000446,0.017394,0.016502,3.75569984072567,28.5061824853365,28.5061824853365,NaN,-65.3049095405636,1.92865493310657e-15,0.000536944010835308,wrap,2,0.017904,0,afterChannel,snr,NaN,NaN,NaN,NaN,mmse,1,OK,,2.3165315
212,H_EQ_rawGain_std5_likely_Jakes,GMSK,convolutional,1/2,1115,NaN,0,NaN,1,1,0,1,0,100,0,36,38,0.000892,0.033896,0.032112,3.69017376686962,28.659063656679,28.659063656679,NaN,-65.2987096553475,1.92865493310657e-15,0.000536890598665992,wrap,2,0.035808,0,afterChannel,snr,NaN,NaN,NaN,NaN,mmse,1,OK,,4.0449249
213,H_EQ_rawGain_std5_likely_Jakes,GMSK,convolutional,2/3,1115,NaN,0,NaN,1,1,0,1,0,100,0,36,38,0.000669,0.025422,0.024084,3.73064355258729,28.5643248800228,28.5643248800228,NaN,-65.3380667162985,1.92865493310657e-15,0.000534780475781873,wrap,2,0.026856,0,afterChannel,snr,NaN,NaN,NaN,NaN,mmse,1,OK,,3.2922739
214,H_EQ_rawGain_std5_likely_Jakes,GMSK,convolutional,3/4,1115,NaN,0,NaN,1,1,0,1,0,100,0,36,38,0.000594666666666667,0.0225973333333333,0.021408,3.72439870816641,28.5788766532351,28.5788766532351,NaN,-65.3822764109202,1.92865493310657e-15,0.000531775524485992,wrap,2,0.023872,0,afterChannel,snr,NaN,NaN,NaN,NaN,mmse,1,OK,,2.9551771
215,H_EQ_rawGain_std5_likely_Jakes,GMSK,convolutional,5/6,1116,NaN,0,NaN,1,1,0,1,0,100,0,36,38,0.00053568,0.02035584,0.01928448,3.75169404373919,28.5154517242694,28.5154517242694,NaN,-65.4978215071008,1.92865493310657e-15,0.00052446432222616,wrap,2,0.021504,0,afterChannel,snr,NaN,NaN,NaN,NaN,mmse,1,OK,,2.8401906
216,H_EQ_rawGain_std5_likely_Jakes,GMSK,convolutional,7/8,1123,NaN,0,NaN,1,1,0,1,0,100,0,36,38,0.000513371428571429,0.0195081142857143,0.0184813714285714,3.73741507288188,28.5485733448436,28.5485733448436,NaN,-65.4592010064685,1.92865493310657e-15,0.000526717889681309,wrap,2,0.020608,0,afterChannel,snr,NaN,NaN,NaN,NaN,mmse,1,OK,,2.7107425
217,H_EQ_rawGain_std6_likely_CLoo,BPSK,none,none,1115,NaN,0,NaN,1,1,0,1,0,100,0,37,39,0.000446,0.017394,0.016502,2.21835954242729,33.0793612770135,33.0793612770116,0.11102100764929,-70.2059831228884,1.92865493310657e-15,0.000283055294050648,wrap,2,0.017904,0,afterChannel,snr,NaN,NaN,NaN,NaN,mmse,1,OK,,2.1983448
218,H_EQ_rawGain_std6_likely_CLoo,BPSK,convolutional,1/2,1115,NaN,0,NaN,1,1,0,1,0,100,0,36,38,0.000892,0.033896,0.032112,1.47568099121186,36.6201503398299,36.6201503398256,-0.0332600325287042,-69.869054119213,1.92865493310657e-15,0.000284535766256951,wrap,2,0.035808,0,afterChannel,snr,NaN,NaN,NaN,NaN,mmse,1,OK,,3.6775647
219,H_EQ_rawGain_std6_likely_CLoo,BPSK,convolutional,2/3,1115,NaN,0,NaN,1,1,0,1,0,100,0,36,38,0.000669,0.025422,0.024084,3.47544644506808,29.1797879873717,29.179787987371,0.145567143800991,-70.5886108559224,1.92865493310657e-15,0.000270868415215811,wrap,2,0.026856,0,afterChannel,snr,NaN,NaN,NaN,NaN,mmse,1,OK,,3.5223274
220,H_EQ_rawGain_std6_likely_CLoo,BPSK,convolutional,3/4,1115,NaN,0,NaN,1,1,0,1,0,100,0,36,38,0.000594666666666667,0.0225973333333333,0.021408,2.14383886363408,33.3761572085447,33.3761572085427,-0.0699831053926524,-70.4784274727075,1.92865493310657e-15,0.000274168646614473,wrap,2,0.023872,0,afterChannel,snr,NaN,NaN,NaN,NaN,mmse,1,OK,,3.3071681
221,H_EQ_rawGain_std6_likely_CLoo,BPSK,convolutional,5/6,1116,NaN,0,NaN,1,1,0,1,0,100,0,35,38,0.00053568,0.02035584,0.0187488,2.32071105140816,32.6875785919232,32.6875785919215,0.0596811685816741,-70.2892607830329,1.92865493310657e-15,0.000279567844084623,wrap,2,0.021504,0,afterChannel,snr,NaN,NaN,NaN,NaN,mmse,1,OK,,3.4103005
222,H_EQ_rawGain_std6_likely_CLoo,BPSK,convolutional,7/8,1123,NaN,0,NaN,1,1,0,1,0,100,0,35,37,0.000513371428571429,0.0189947428571429,0.017968,2.66294222955518,31.492765102746,31.4927651027448,0.00831480475418128,-70.1590534213829,1.92865493310657e-15,0.000284458627438616,wrap,2,0.020608,0,afterChannel,snr,NaN,NaN,NaN,NaN,mmse,1,OK,,3.6478858
223,H_EQ_rawGain_std6_likely_CLoo,QPSK,none,none,1115,NaN,0,NaN,1,1,0,1,0,100,0,37,39,0.000223,0.008697,0.008251,1.42342607273192,36.9333016702815,36.9333016702769,0.0565354551422718,-72.4378965752264,1.92865493310657e-15,0.000228501306381112,wrap,2,0.008952,0,afterChannel,snr,NaN,NaN,NaN,NaN,mmse,1,OK,,1.7781524
224,H_EQ_rawGain_std6_likely_CLoo,QPSK,convolutional,1/2,1115,NaN,0,NaN,1,1,0,1,0,100,0,36,38,0.000446,0.016948,0.016056,2.14671633721639,33.3645067714569,33.3645067714549,-0.280710332130683,-70.2061257520596,1.92865493310657e-15,0.000283055294050648,wrap,2,0.017904,0,afterChannel,snr,NaN,NaN,NaN,NaN,mmse,1,OK,,2.8072093
225,H_EQ_rawGain_std6_likely_CLoo,QPSK,convolutional,2/3,1115,NaN,0,NaN,1,1,0,1,0,100,0,36,38,0.0003345,0.012711,0.012042,1.28291720939563,37.8360273816637,37.836027381658,0.0707051881474017,-71.0497917720294,1.92865493310657e-15,0.000262461101323719,wrap,2,0.013428,0,afterChannel,snr,NaN,NaN,NaN,NaN,mmse,1,OK,,2.8242198
226,H_EQ_rawGain_std6_likely_CLoo,QPSK,convolutional,3/4,1115,NaN,0,NaN,1,1,0,1,0,100,0,36,38,0.000297333333333333,0.0112986666666667,0.010704,1.45340527935655,36.7522653321291,36.7522653321247,-0.0308920501961057,-72.0639778758173,1.92865493310657e-15,0.000238326893239935,wrap,2,0.011936,0,afterChannel,snr,NaN,NaN,NaN,NaN,mmse,1,OK,,2.7016476
227,H_EQ_rawGain_std6_likely_CLoo,QPSK,convolutional,5/6,1116,NaN,0,NaN,1,1,0,1,0,100,0,35,38,0.00026784,0.01017792,0.0093744,1.30458238847628,37.6905697727353,37.6905697727297,0.0342100969638224,-71.9678700145248,1.92865493310657e-15,0.000241226102929269,wrap,2,0.010752,0,afterChannel,snr,NaN,NaN,NaN,NaN,mmse,1,OK,,2.9038098
228,H_EQ_rawGain_std6_likely_CLoo,QPSK,convolutional,7/8,1123,NaN,0,NaN,1,1,0,1,0,100,0,35,37,0.000256685714285714,0.00949737142857143,0.008984,1.27998962394743,37.8558710176775,37.8558710176718,-0.147277223685727,-72.1843928637064,1.92865493310657e-15,0.000235770952320493,wrap,2,0.010304,0,afterChannel,snr,NaN,NaN,NaN,NaN,mmse,1,OK,,3.1202047
229,H_EQ_rawGain_std6_likely_CLoo,8PSK,none,none,1115,NaN,0,NaN,1,1,0,1,0,100,0,36,39,0.000148666666666667,0.005798,0.005352,1.6810899263696,35.4881810853865,35.4881810853832,-0.0197665642107056,-71.8660858648794,1.92865493310657e-15,0.000246404544697256,wrap,2,0.005968,0,afterChannel,snr,NaN,NaN,NaN,NaN,mmse,1,OK,,1.9550185
230,H_EQ_rawGain_std6_likely_CLoo,8PSK,convolutional,1/2,1115,NaN,0,NaN,1,1,0,1,0,100,0,35,37,0.000297333333333333,0.0110013333333333,0.0104066666666667,1.4676374093135,36.667624536695,36.6676245366907,0.0286304175620869,-72.0639372423661,1.92865493310657e-15,0.000238326893239935,wrap,2,0.011936,0,afterChannel,snr,NaN,NaN,NaN,NaN,mmse,1,OK,,2.8401272
231,H_EQ_rawGain_std6_likely_CLoo,8PSK,convolutional,2/3,1115,NaN,0,NaN,1,1,0,1,0,100,0,35,38,0.000223,0.008474,0.007805,1.39900129085669,37.0836376957004,37.0836376956956,-0.115451411941251,-72.43784837504,1.92865493310657e-15,0.000228501306381112,wrap,2,0.008952,0,afterChannel,snr,NaN,NaN,NaN,NaN,mmse,1,OK,,2.9337406
232,H_EQ_rawGain_std6_likely_CLoo,8PSK,convolutional,3/4,1115,NaN,0,NaN,1,1,0,1,0,100,0,35,37,0.000198222222222222,0.00733422222222222,0.00693777777777778,1.66806012004821,35.5557660123988,35.5557660123955,-0.0375031199180533,-72.6118579301903,1.92865493310657e-15,0.000222908777545485,wrap,2,0.007956,0,afterChannel,snr,NaN,NaN,NaN,NaN,mmse,1,OK,,2.8236774
233,H_EQ_rawGain_std6_likely_CLoo,8PSK,convolutional,5/6,1116,NaN,0,NaN,1,1,0,1,0,100,0,35,38,0.00017856,0.00678528,0.0062496,2.47808438575182,32.1176781751605,32.117678175159,0.00218180187028869,-72.367858741434,1.92865493310657e-15,0.000230073012721721,wrap,2,0.007168,0,afterChannel,snr,NaN,NaN,NaN,NaN,mmse,1,OK,,3.0871455
234,H_EQ_rawGain_std6_likely_CLoo,8PSK,convolutional,7/8,1123,NaN,0,NaN,1,1,0,1,0,100,0,35,37,0.00017112380952381,0.00633158095238095,0.00598933333333333,2.27220931647318,32.8710332761036,32.8710332761019,0.0614068540922809,-72.2293411533347,1.92865493310657e-15,0.000234784398697564,wrap,2,0.006868,0,afterChannel,snr,NaN,NaN,NaN,NaN,mmse,1,OK,,3.2783821
235,H_EQ_rawGain_std6_likely_CLoo,16QAM,none,none,1115,NaN,0,NaN,1,1,0,1,0,100,0,36,39,0.0001115,0.0043485,0.004014,3.55755086094962,28.97697764513,28.9866949621874,-5.25871467733169,-71.8873166425761,1.92865493310657e-15,0.000243318366885857,wrap,2,0.004476,0,afterChannel,snr,NaN,NaN,NaN,NaN,mmse,1,OK,,1.3449516
236,H_EQ_rawGain_std6_likely_CLoo,16QAM,convolutional,1/2,1115,NaN,0,NaN,1,1,0,1,0,100,0,36,38,0.000223,0.008474,0.008028,3.09773747243432,30.1791078135519,30.151223641876,7.6976222500935,-72.4391844551362,1.92865493310657e-15,0.000228501306381112,wrap,2,0.008952,0,afterChannel,snr,NaN,NaN,NaN,NaN,mmse,1,OK,,2.1420671
237,H_EQ_rawGain_std6_likely_CLoo,16QAM,convolutional,2/3,1115,NaN,0,NaN,1,1,0,1,0,100,0,36,38,0.00016725,0.0063555,0.006021,3.45519326277699,29.2305531156641,29.2437356406122,-7.94571856988148,-72.1571827446456,1.92865493310657e-15,0.000237116849954775,wrap,2,0.006714,0,afterChannel,snr,NaN,NaN,NaN,NaN,mmse,1,OK,,2.3431
238,H_EQ_rawGain_std6_likely_CLoo,16QAM,convolutional,3/4,1115,NaN,0,NaN,1,1,0,1,0,100,0,35,38,0.000148666666666667,0.00564933333333333,0.00520333333333333,2.64728118067519,31.5439985541755,31.5028064208625,1.86806312759971,-71.8722129964133,1.92865493310657e-15,0.000246404544697256,wrap,2,0.005968,0,afterChannel,snr,NaN,NaN,NaN,NaN,mmse,1,OK,,2.1812242
239,H_EQ_rawGain_std6_likely_CLoo,16QAM,convolutional,5/6,1116,NaN,0,NaN,1,1,0,1,0,100,0,35,37,0.00013392,0.00495504,0.0046872,2.66130634137804,31.4981026238721,31.4994921439016,-18.5409162811295,-71.7982126742557,1.92865493310657e-15,0.000247714353897345,wrap,2,0.005376,0,afterChannel,snr,NaN,NaN,NaN,NaN,mmse,1,OK,,2.4111214
240,H_EQ_rawGain_std6_likely_CLoo,16QAM,convolutional,7/8,1123,NaN,0,NaN,1,1,0,1,0,100,0,35,37,0.000128342857142857,0.00474868571428571,0.004492,2.91832700187274,30.6973209304679,30.7174255876096,9.20960398759989,-71.8347759578727,1.92865493310657e-15,0.000246354883137432,wrap,2,0.005152,0,afterChannel,snr,NaN,NaN,NaN,NaN,mmse,1,OK,,2.6447689
241,H_EQ_rawGain_std6_likely_CLoo,32QAM,none,none,1115,NaN,0,NaN,1,1,0,1,0,100,0,36,39,8.92e-05,0.0034788,0.0032112,4.09083624661387,27.7637580933146,27.6968856800993,5.10908363554242,-71.3186723932059,1.92865493310657e-15,0.000262596275016783,wrap,2,0.00358,0,afterChannel,snr,NaN,NaN,NaN,NaN,mmse,1,OK,,1.2526253
242,H_EQ_rawGain_std6_likely_CLoo,32QAM,convolutional,1/2,1115,NaN,0,NaN,1,1,0,1,0,100,0,35,37,0.0001784,0.0066008,0.006244,3.56268981496605,28.9644397556895,28.9355064368125,-20.9265106554692,-72.3591136989658,1.92865493310657e-15,0.000230197835160908,wrap,2,0.00716,0,afterChannel,snr,NaN,NaN,NaN,NaN,mmse,1,OK,,2.0532236
243,H_EQ_rawGain_std6_likely_CLoo,32QAM,convolutional,2/3,1115,NaN,0,NaN,1,1,0,1,0,100,0,35,37,0.0001338,0.0049506,0.004683,3.68405678774686,28.6734736801714,28.6745158618705,-7.24067724824406,-71.7940940356799,1.92865493310657e-15,0.000247688682079384,wrap,2,0.00537,0,afterChannel,snr,NaN,NaN,NaN,NaN,mmse,1,OK,,2.1790419
244,H_EQ_rawGain_std6_likely_CLoo,32QAM,convolutional,3/4,1115,NaN,0,NaN,1,1,0,1,0,100,0,35,38,0.000118933333333333,0.00451946666666667,0.00416266666666667,3.80106171065252,28.4019015904251,28.4091916158123,-1.95516324028179,-71.909214411116,1.92865493310657e-15,0.000243514258600686,wrap,2,0.004774,0,afterChannel,snr,NaN,NaN,NaN,NaN,mmse,1,OK,,2.1853253
245,H_EQ_rawGain_std6_likely_CLoo,32QAM,convolutional,5/6,1116,NaN,0,NaN,1,1,0,1,0,100,0,35,37,0.000107136,0.003964032,0.00374976,3.19935980894078,29.8987383039739,29.8907399247384,14.2839649103146,-71.8272395121663,1.92865493310657e-15,0.000245196919448707,wrap,2,0.0043,0,afterChannel,snr,NaN,NaN,NaN,NaN,mmse,1,OK,,2.3273031
246,H_EQ_rawGain_std6_likely_CLoo,32QAM,convolutional,7/8,1123,NaN,0,NaN,1,1,0,1,0,100,0,35,37,0.000102674285714286,0.00379894857142857,0.0035936,3.34268967361159,29.5180788055334,29.5533734282431,-16.5903093023832,-71.7038188996987,1.92865493310657e-15,0.000249052113308063,wrap,2,0.00412,0,afterChannel,snr,NaN,NaN,NaN,NaN,mmse,1,OK,,2.5032727
247,H_EQ_rawGain_std6_likely_CLoo,GMSK,none,none,1115,NaN,0,NaN,1,1,0,1,0,100,0,37,39,0.000446,0.017394,0.016502,3.93311653913557,28.105263703111,28.105263703111,NaN,-70.2061798620673,1.92865493310657e-15,0.000283055294050648,wrap,2,0.017904,0,afterChannel,snr,NaN,NaN,NaN,NaN,mmse,1,OK,,2.3177512
248,H_EQ_rawGain_std6_likely_CLoo,GMSK,convolutional,1/2,1115,NaN,0,NaN,1,1,0,1,0,100,0,36,38,0.000892,0.033896,0.032112,3.68755287835754,28.6652348664356,28.6652348664356,NaN,-69.8690942377158,1.92865493310657e-15,0.000284535766256951,wrap,2,0.035808,0,afterChannel,snr,NaN,NaN,NaN,NaN,mmse,1,OK,,4.0850202
249,H_EQ_rawGain_std6_likely_CLoo,GMSK,convolutional,2/3,1115,NaN,0,NaN,1,1,0,1,0,100,0,36,38,0.000669,0.025422,0.024084,4.41015207292767,27.1109286945678,27.1109286945678,NaN,-70.5887614956632,1.92865493310657e-15,0.000270868415215811,wrap,2,0.026856,0,afterChannel,snr,NaN,NaN,NaN,NaN,mmse,1,OK,,3.2907475
250,H_EQ_rawGain_std6_likely_CLoo,GMSK,convolutional,3/4,1115,NaN,0,NaN,1,1,0,1,0,100,0,36,38,0.000594666666666667,0.0225973333333333,0.021408,3.8591570593912,28.2701509243538,28.2701509243538,NaN,-70.4785484575432,1.92865493310657e-15,0.000274168646614473,wrap,2,0.023872,0,afterChannel,snr,NaN,NaN,NaN,NaN,mmse,1,OK,,2.9970917
251,H_EQ_rawGain_std6_likely_CLoo,GMSK,convolutional,5/6,1116,NaN,0,NaN,1,1,0,1,0,100,0,36,38,0.00053568,0.02035584,0.01928448,3.9317581504729,28.108264085086,28.108264085086,NaN,-70.2893343334853,1.92865493310657e-15,0.000279567844084623,wrap,2,0.021504,0,afterChannel,snr,NaN,NaN,NaN,NaN,mmse,1,OK,,2.8441274
252,H_EQ_rawGain_std6_likely_CLoo,GMSK,convolutional,7/8,1123,NaN,0,NaN,1,1,0,1,0,100,0,36,38,0.000513371428571429,0.0195081142857143,0.0184813714285714,4.08765385085983,27.77051776151,27.77051776151,NaN,-70.1589221435063,1.92865493310657e-15,0.000284458627438616,wrap,2,0.020608,0,afterChannel,snr,NaN,NaN,NaN,NaN,mmse,1,OK,,2.7268789
253,H_EQ_rawGain_std7_likely_Corazza,BPSK,none,none,1115,NaN,0,NaN,1,1,0,1,0,100,0,37,39,0.000446,0.017394,0.016502,2.22623937044453,33.0485628227204,33.0485628227186,0.0810661319005674,-73.2059836370122,1.92865493310657e-15,0.000200387802170769,wrap,2,0.017904,0,afterChannel,snr,NaN,NaN,NaN,NaN,mmse,1,OK,,2.2038852
254,H_EQ_rawGain_std7_likely_Corazza,BPSK,convolutional,1/2,1115,NaN,0,NaN,1,1,0,1,0,100,0,36,38,0.000892,0.033896,0.032112,1.47409855888039,36.6294695677084,36.6294695677041,-0.068816957715376,-72.8690613816823,1.92865493310657e-15,0.000201435896228119,wrap,2,0.035808,0,afterChannel,snr,NaN,NaN,NaN,NaN,mmse,1,OK,,3.6761068
255,H_EQ_rawGain_std7_likely_Corazza,BPSK,convolutional,2/3,1115,NaN,0,NaN,1,1,0,1,0,100,0,36,38,0.000669,0.025422,0.024084,3.50194791673989,29.1138063463231,29.1138063463223,0.0142077272061285,-73.5886105650604,1.92865493310657e-15,0.000191760152674845,wrap,2,0.026856,0,afterChannel,snr,NaN,NaN,NaN,NaN,mmse,1,OK,,3.5420134
256,H_EQ_rawGain_std7_likely_Corazza,BPSK,convolutional,3/4,1115,NaN,0,NaN,1,1,0,1,0,100,0,36,38,0.000594666666666667,0.0225973333333333,0.021408,2.14046519563748,33.3898365896275,33.3898365896255,-0.0272633196724624,-73.4784299617092,1.92865493310657e-15,0.000194096537581021,wrap,2,0.023872,0,afterChannel,snr,NaN,NaN,NaN,NaN,mmse,1,OK,,3.3039662
257,H_EQ_rawGain_std7_likely_Corazza,BPSK,convolutional,5/6,1116,NaN,0,NaN,1,1,0,1,0,100,0,36,38,0.00053568,0.02035584,0.01928448,2.32038352844163,32.68880452184,32.6888045218383,-0.0138882722527473,-73.2892633779077,1.92865493310657e-15,0.000197918876669071,wrap,2,0.021504,0,afterChannel,snr,NaN,NaN,NaN,NaN,mmse,1,OK,,3.3946326
258,H_EQ_rawGain_std7_likely_Corazza,BPSK,convolutional,7/8,1123,NaN,0,NaN,1,1,0,1,0,100,0,35,37,0.000513371428571429,0.0189947428571429,0.017968,2.66588466757063,31.4831728622924,31.4831728622911,-0.00252813372025397,-73.1590542095015,1.92865493310657e-15,0.000201381286126866,wrap,2,0.020608,0,afterChannel,snr,NaN,NaN,NaN,NaN,mmse,1,OK,,3.6259962
259,H_EQ_rawGain_std7_likely_Corazza,QPSK,none,none,1115,NaN,0,NaN,1,1,0,1,0,100,0,37,39,0.000223,0.008697,0.008251,1.39219312729166,37.1260102902098,37.1260102902049,-0.00868206493503387,-75.4379168993271,1.92865493310657e-15,0.000161766536578776,wrap,2,0.008952,0,afterChannel,snr,NaN,NaN,NaN,NaN,mmse,1,OK,,1.7548187
260,H_EQ_rawGain_std7_likely_Corazza,QPSK,convolutional,1/2,1115,NaN,0,NaN,1,1,0,1,0,100,0,36,38,0.000446,0.016948,0.016056,2.14971876940566,33.352367033167,33.352367033165,-0.0456059492584331,-73.2061265515792,1.92865493310657e-15,0.000200387802170769,wrap,2,0.017904,0,afterChannel,snr,NaN,NaN,NaN,NaN,mmse,1,OK,,2.7853631
261,H_EQ_rawGain_std7_likely_Corazza,QPSK,convolutional,2/3,1115,NaN,0,NaN,1,1,0,1,0,100,0,36,38,0.0003345,0.012711,0.012042,1.28376799739921,37.830269097823,37.8302690978173,0.0934274844671228,-74.0498183542313,1.92865493310657e-15,0.000185808230246945,wrap,2,0.013428,0,afterChannel,snr,NaN,NaN,NaN,NaN,mmse,1,OK,,2.8400803
262,H_EQ_rawGain_std7_likely_Corazza,QPSK,convolutional,3/4,1115,NaN,0,NaN,1,1,0,1,0,100,0,36,38,0.000297333333333333,0.0112986666666667,0.010704,1.46346120385865,36.6923757232089,36.6923757232045,-0.0928172899808379,-75.0640008051157,1.92865493310657e-15,0.00016872251937458,wrap,2,0.011936,0,afterChannel,snr,NaN,NaN,NaN,NaN,mmse,1,OK,,2.7155375
263,H_EQ_rawGain_std7_likely_Corazza,QPSK,convolutional,5/6,1116,NaN,0,NaN,1,1,0,1,0,100,0,35,37,0.00026784,0.00991008,0.0093744,1.30708084342014,37.6739510063772,37.6739510063717,0.156552754436107,-74.9678902520367,1.92865493310657e-15,0.00017077500265219,wrap,2,0.010752,0,afterChannel,snr,NaN,NaN,NaN,NaN,mmse,1,OK,,2.8969913
264,H_EQ_rawGain_std7_likely_Corazza,QPSK,convolutional,7/8,1123,NaN,0,NaN,1,1,0,1,0,100,0,35,37,0.000256685714285714,0.00949737142857143,0.008984,1.28665429131565,37.8107625435358,37.8107625435301,-0.161030981851684,-75.184428037838,1.92865493310657e-15,0.000166913051775527,wrap,2,0.010304,0,afterChannel,snr,NaN,NaN,NaN,NaN,mmse,1,OK,,3.2371211
265,H_EQ_rawGain_std7_likely_Corazza,8PSK,none,none,1115,NaN,0,NaN,1,1,0,1,0,97.4358974358974,0,36,38,0.000148666666666667,0.00564933333333333,0.005352,1.68503417623608,35.4678257249302,35.467825724927,0.0805713856586125,-74.8660992236978,1.92865493310657e-15,0.000174441058671515,wrap,2,0.005968,0,afterChannel,snr,NaN,NaN,NaN,NaN,mmse,1,OK,,1.9424978
266,H_EQ_rawGain_std7_likely_Corazza,8PSK,convolutional,1/2,1115,NaN,0,NaN,1,1,0,1,0,100,0,35,38,0.000297333333333333,0.0112986666666667,0.0104066666666667,1.45880737334927,36.7200410053716,36.7200410053672,0.111661638193373,-75.0639562993875,1.92865493310657e-15,0.00016872251937458,wrap,2,0.011936,0,afterChannel,snr,NaN,NaN,NaN,NaN,mmse,1,OK,,2.8380104
267,H_EQ_rawGain_std7_likely_Corazza,8PSK,convolutional,2/3,1115,NaN,0,NaN,1,1,0,1,0,100,0,35,37,0.000223,0.008251,0.007805,1.41338026778556,36.9948195233615,36.9948195233568,-0.0284978109641598,-75.4378696964294,1.92865493310657e-15,0.000161766536578776,wrap,2,0.008952,0,afterChannel,snr,NaN,NaN,NaN,NaN,mmse,1,OK,,2.9691749
268,H_EQ_rawGain_std7_likely_Corazza,8PSK,convolutional,3/4,1115,NaN,0,NaN,1,1,0,1,0,100,0,35,37,0.000198222222222222,0.00733422222222222,0.00693777777777778,1.66840668830059,35.5539615565022,35.5539615564989,0.0535364161542808,-75.6118758868201,1.92865493310657e-15,0.000157807329365547,wrap,2,0.007956,0,afterChannel,snr,NaN,NaN,NaN,NaN,mmse,1,OK,,2.8180882
269,H_EQ_rawGain_std7_likely_Corazza,8PSK,convolutional,5/6,1116,NaN,0,NaN,1,1,0,1,0,100,0,35,37,0.00017856,0.00660672,0.0062496,2.47543118280138,32.1269828517684,32.1269828517669,0.0375889424039782,-75.3678626869913,1.92865493310657e-15,0.000162879219456901,wrap,2,0.007168,0,afterChannel,snr,NaN,NaN,NaN,NaN,mmse,1,OK,,3.0610349
270,H_EQ_rawGain_std7_likely_Corazza,8PSK,convolutional,7/8,1123,NaN,0,NaN,1,1,0,1,0,100,0,35,37,0.00017112380952381,0.00633158095238095,0.00598933333333333,2.26189888081797,32.9105362860396,32.9105362860378,0.355652256202946,-75.2293463557068,1.92865493310657e-15,0.000166214625297105,wrap,2,0.006868,0,afterChannel,snr,NaN,NaN,NaN,NaN,mmse,1,OK,,3.2721631
271,H_EQ_rawGain_std7_likely_Corazza,16QAM,none,none,1115,NaN,0,NaN,1,1,0,1,0,100,0,36,39,0.0001115,0.0043485,0.004014,3.52790353669262,29.0496659654463,29.0593832825036,-6.02002219359214,-74.8873433252541,1.92865493310657e-15,0.000172256212100075,wrap,2,0.004476,0,afterChannel,snr,NaN,NaN,NaN,NaN,mmse,1,OK,,1.3528448
272,H_EQ_rawGain_std7_likely_Corazza,16QAM,convolutional,1/2,1115,NaN,0,NaN,1,1,0,1,0,100,0,36,38,0.000223,0.008474,0.008028,3.1030218397552,30.1643033548858,30.1364191832099,7.4259434560636,-75.4391897360541,1.92865493310657e-15,0.000161766536578776,wrap,2,0.008952,0,afterChannel,snr,NaN,NaN,NaN,NaN,mmse,1,OK,,2.136983
273,H_EQ_rawGain_std7_likely_Corazza,16QAM,convolutional,2/3,1115,NaN,0,NaN,1,1,0,1,0,100,0,36,38,0.00016725,0.0063555,0.006021,3.44949890869721,29.2448797622639,29.258062287212,-7.84611975069425,-75.1571941194519,1.92865493310657e-15,0.000167865874331929,wrap,2,0.006714,0,afterChannel,snr,NaN,NaN,NaN,NaN,mmse,1,OK,,2.3412082
274,H_EQ_rawGain_std7_likely_Corazza,16QAM,convolutional,3/4,1115,NaN,0,NaN,1,1,0,1,0,100,0,35,37,0.000148666666666667,0.00550066666666667,0.00520333333333333,2.64234611102282,31.5602059277502,31.5190137944372,1.60426543711888,-74.8722159248454,1.92865493310657e-15,0.000174441058671515,wrap,2,0.005968,0,afterChannel,snr,NaN,NaN,NaN,NaN,mmse,1,OK,,2.1875667
275,H_EQ_rawGain_std7_likely_Corazza,16QAM,convolutional,5/6,1116,NaN,0,NaN,1,1,0,1,0,100,0,35,37,0.00013392,0.00495504,0.0046872,2.68330441191031,31.426601105536,31.4279906255655,-18.4704838439536,-74.7982436437064,1.92865493310657e-15,0.000175368332573066,wrap,2,0.005376,0,afterChannel,snr,NaN,NaN,NaN,NaN,mmse,1,OK,,2.376309
276,H_EQ_rawGain_std7_likely_Corazza,16QAM,convolutional,7/8,1123,NaN,0,NaN,1,1,0,1,0,100,0,35,37,0.000128342857142857,0.00474868571428571,0.004492,2.93172194520141,30.6575444418122,30.6776490989539,9.34230173507389,-74.8348377160102,1.92865493310657e-15,0.000174405900979592,wrap,2,0.005152,0,afterChannel,snr,NaN,NaN,NaN,NaN,mmse,1,OK,,2.7058373
277,H_EQ_rawGain_std7_likely_Corazza,32QAM,none,none,1115,NaN,0,NaN,1,1,0,1,0,100,0,36,39,8.92e-05,0.0034788,0.0032112,4.08297165326913,27.780472704609,27.7136002913937,5.89556998443393,-74.3186910958648,1.92865493310657e-15,0.000185903925893109,wrap,2,0.00358,0,afterChannel,snr,NaN,NaN,NaN,NaN,mmse,1,OK,,1.2243576
278,H_EQ_rawGain_std7_likely_Corazza,32QAM,convolutional,1/2,1115,NaN,0,NaN,1,1,0,1,0,100,0,35,37,0.0001784,0.0066008,0.006244,3.59730709133648,28.8804497235847,28.8515164047077,-20.9690274970976,-75.3591190116799,1.92865493310657e-15,0.000162967586976519,wrap,2,0.00716,0,afterChannel,snr,NaN,NaN,NaN,NaN,mmse,1,OK,,2.0248231
279,H_EQ_rawGain_std7_likely_Corazza,32QAM,convolutional,2/3,1115,NaN,0,NaN,1,1,0,1,0,100,0,35,37,0.0001338,0.0049506,0.004683,3.68227191622023,28.6776828861476,28.6787250678467,-7.43668731714694,-74.7941107099638,1.92865493310657e-15,0.000175350158317763,wrap,2,0.00537,0,afterChannel,snr,NaN,NaN,NaN,NaN,mmse,1,OK,,2.1428148
280,H_EQ_rawGain_std7_likely_Corazza,32QAM,convolutional,3/4,1115,NaN,0,NaN,1,1,0,1,0,100,0,35,37,0.000118933333333333,0.00440053333333333,0.00416266666666667,3.79910061605484,28.4063840872169,28.4136741126041,-2.59140020493067,-74.9092553707323,1.92865493310657e-15,0.000172394892813785,wrap,2,0.004774,0,afterChannel,snr,NaN,NaN,NaN,NaN,mmse,1,OK,,2.0533499
281,H_EQ_rawGain_std7_likely_Corazza,32QAM,convolutional,5/6,1116,NaN,0,NaN,1,1,0,1,0,100,0,35,37,0.000107136,0.003964032,0.00374976,3.16539428732459,29.9914437151813,29.9834453359458,14.2687560738491,-74.8272702519625,1.92865493310657e-15,0.000173586125467689,wrap,2,0.0043,0,afterChannel,snr,NaN,NaN,NaN,NaN,mmse,1,OK,,2.2764205
282,H_EQ_rawGain_std7_likely_Corazza,32QAM,convolutional,7/8,1123,NaN,0,NaN,1,1,0,1,0,100,0,35,37,0.000102674285714286,0.00379894857142857,0.0035936,3.32282764364256,29.5698437032025,29.6051383259122,-16.9866086318459,-74.7038358187709,1.92865493310657e-15,0.000176315393708404,wrap,2,0.00412,0,afterChannel,snr,NaN,NaN,NaN,NaN,mmse,1,OK,,2.5434416
283,H_EQ_rawGain_std7_likely_Corazza,GMSK,none,none,1115,NaN,0,NaN,1,1,0,1,0,100,0,37,39,0.000446,0.017394,0.016502,3.89924576180911,28.1803878244069,28.1803878244069,NaN,-73.2061811043491,1.92865493310657e-15,0.000200387802170769,wrap,2,0.017904,0,afterChannel,snr,NaN,NaN,NaN,NaN,mmse,1,OK,,2.3336342
284,H_EQ_rawGain_std7_likely_Corazza,GMSK,convolutional,1/2,1115,NaN,0,NaN,1,1,0,1,0,100,0,36,38,0.000892,0.033896,0.032112,3.6923443497556,28.6539560650299,28.6539560650299,NaN,-72.8691023046149,1.92865493310657e-15,0.000201435896228119,wrap,2,0.035808,0,afterChannel,snr,NaN,NaN,NaN,NaN,mmse,1,OK,,4.084758
285,H_EQ_rawGain_std7_likely_Corazza,GMSK,convolutional,2/3,1115,NaN,0,NaN,1,1,0,1,0,100,0,36,38,0.000669,0.025422,0.024084,4.42194973205314,27.0877239742506,27.0877239742506,NaN,-73.5887617879299,1.92865493310657e-15,0.000191760152674845,wrap,2,0.026856,0,afterChannel,snr,NaN,NaN,NaN,NaN,mmse,1,OK,,3.3012992
286,H_EQ_rawGain_std7_likely_Corazza,GMSK,convolutional,3/4,1115,NaN,0,NaN,1,1,0,1,0,100,0,36,38,0.000594666666666667,0.0225973333333333,0.021408,3.87248123668315,28.2402135569772,28.2402135569772,NaN,-73.4785508616696,1.92865493310657e-15,0.000194096537581021,wrap,2,0.023872,0,afterChannel,snr,NaN,NaN,NaN,NaN,mmse,1,OK,,3.0024565
287,H_EQ_rawGain_std7_likely_Corazza,GMSK,convolutional,5/6,1116,NaN,0,NaN,1,1,0,1,0,100,0,36,38,0.00053568,0.02035584,0.01928448,3.96196450584851,28.0417883900997,28.0417883900997,NaN,-73.2893366394938,1.92865493310657e-15,0.000197918876669071,wrap,2,0.021504,0,afterChannel,snr,NaN,NaN,NaN,NaN,mmse,1,OK,,2.8603316
288,H_EQ_rawGain_std7_likely_Corazza,GMSK,convolutional,7/8,1123,NaN,0,NaN,1,1,0,1,0,100,0,36,38,0.000513371428571429,0.0195081142857143,0.0184813714285714,4.05119884698436,27.8483287920742,27.8483287920742,NaN,-73.1589236992167,1.92865493310657e-15,0.000201381286126866,wrap,2,0.020608,0,afterChannel,snr,NaN,NaN,NaN,NaN,mmse,1,OK,,2.710643
289,H_EQ_rawGain_std8_likely_Lutz,BPSK,none,none,1115,NaN,0,NaN,1,1,0,1,0,100,0,37,39,0.000446,0.017394,0.016502,1.71913658019692,35.2937923712087,35.2937923712056,-0.179541026711015,-62.1437158266998,1.92865493310657e-15,0.00038653318534848,wrap,2,0.017904,0,afterChannel,snr,NaN,NaN,NaN,NaN,mmse,1,OK,,2.5022331
290,H_EQ_rawGain_std8_likely_Lutz,BPSK,convolutional,1/2,1115,NaN,0,NaN,1,1,0,1,0,100,0,36,38,0.000892,0.033896,0.032112,1.45483583957073,36.7437201746714,36.7437201746669,0.0986530708990385,-62.1312640267145,1.92865493310657e-15,0.000386787452546303,wrap,2,0.035808,0,afterChannel,snr,NaN,NaN,NaN,NaN,mmse,1,OK,,4.2485692
291,H_EQ_rawGain_std8_likely_Lutz,BPSK,convolutional,2/3,1115,NaN,0,NaN,1,1,0,1,0,100,0,36,38,0.000669,0.025422,0.024084,1.56804698847189,36.0928185456808,36.092818545677,-0.0448979156734903,-62.1730029943905,1.92865493310657e-15,0.00038515782778632,wrap,2,0.026856,0,afterChannel,snr,NaN,NaN,NaN,NaN,mmse,1,OK,,3.9188071
292,H_EQ_rawGain_std8_likely_Lutz,BPSK,convolutional,3/4,1115,NaN,0,NaN,1,1,0,1,0,100,0,35,37,0.000594666666666667,0.0220026666666667,0.0208133333333333,1.54455683539486,36.2239221247938,36.2239221247898,-0.0883484793691351,-62.2180354039664,1.92865493310657e-15,0.000382958133603801,wrap,2,0.023872,0,afterChannel,snr,NaN,NaN,NaN,NaN,mmse,1,OK,,3.6500068
293,H_EQ_rawGain_std8_likely_Lutz,BPSK,convolutional,5/6,1116,NaN,0,NaN,1,1,0,1,0,100,0,35,38,0.00053568,0.02035584,0.0187488,1.67039705400649,35.5436056924006,35.5436056923972,0.0503275522760201,-62.3336418816172,1.92865493310657e-15,0.000377699145183409,wrap,2,0.021504,0,afterChannel,snr,NaN,NaN,NaN,NaN,mmse,1,OK,,3.7165918
294,H_EQ_rawGain_std8_likely_Lutz,BPSK,convolutional,7/8,1123,NaN,0,NaN,1,1,0,1,0,100,0,35,37,0.000513371428571429,0.0189947428571429,0.017968,1.72808240671375,35.2487110250161,35.248711025013,-0.0466128274089229,-62.2957348260588,1.92865493310657e-15,0.000379290441029105,wrap,2,0.020608,0,afterChannel,snr,NaN,NaN,NaN,NaN,mmse,1,OK,,3.9407327
295,H_EQ_rawGain_std8_likely_Lutz,QPSK,none,none,1115,NaN,0,NaN,1,1,0,1,0,100,0,37,39,0.000223,0.008697,0.008251,1.50630003532831,36.4417702744034,36.4417702743993,-0.111772050524415,-62.0193330931171,1.92865493310657e-15,0.000394238331278796,wrap,2,0.008952,0,afterChannel,snr,NaN,NaN,NaN,NaN,mmse,1,OK,,1.8876603
296,H_EQ_rawGain_std8_likely_Lutz,QPSK,convolutional,1/2,1115,NaN,0,NaN,1,1,0,1,0,100,0,36,38,0.000446,0.016948,0.016056,1.64726907903355,35.6647090731375,35.6647090731341,0.0213316068624829,-62.1436948522459,1.92865493310657e-15,0.00038653318534848,wrap,2,0.017904,0,afterChannel,snr,NaN,NaN,NaN,NaN,mmse,1,OK,,3.0174484
297,H_EQ_rawGain_std8_likely_Lutz,QPSK,convolutional,2/3,1115,NaN,0,NaN,1,1,0,1,0,100,0,36,38,0.0003345,0.012711,0.012042,1.83754118849579,34.7152583484295,34.7152583484267,0.217248696881405,-62.2368568154686,1.92865493310657e-15,0.000383458508713103,wrap,2,0.013428,0,afterChannel,snr,NaN,NaN,NaN,NaN,mmse,1,OK,,3.1194841
298,H_EQ_rawGain_std8_likely_Lutz,QPSK,convolutional,3/4,1115,NaN,0,NaN,1,1,0,1,0,100,0,36,38,0.000297333333333333,0.0112986666666667,0.010704,1.44711044133314,36.7899664580443,36.7899664580398,-0.0399863048953907,-62.0604476301661,1.92865493310657e-15,0.000392684935778524,wrap,2,0.011936,0,afterChannel,snr,NaN,NaN,NaN,NaN,mmse,1,OK,,2.8494184
299,H_EQ_rawGain_std8_likely_Lutz,QPSK,convolutional,5/6,1116,NaN,0,NaN,1,1,0,1,0,100,0,35,37,0.00026784,0.00991008,0.0093744,1.62433418485467,35.7864923133802,35.7864923133766,-0.0579686279799592,-62.0119132413822,1.92865493310657e-15,0.000394872005004514,wrap,2,0.010752,0,afterChannel,snr,NaN,NaN,NaN,NaN,mmse,1,OK,,3.0623028
300,H_EQ_rawGain_std8_likely_Lutz,QPSK,convolutional,7/8,1123,NaN,0,NaN,1,1,0,1,0,100,0,35,37,0.000256685714285714,0.00949737142857143,0.008984,1.51000107765164,36.4204548552227,36.4204548552186,0.0158166068798803,-61.9891504275486,1.92865493310657e-15,0.000395877308111075,wrap,2,0.010304,0,afterChannel,snr,NaN,NaN,NaN,NaN,mmse,1,OK,,3.3559452
301,H_EQ_rawGain_std8_likely_Lutz,8PSK,none,none,1115,NaN,0,NaN,1,1,0,1,0,97.4358974358974,0,36,38,0.000148666666666667,0.00564933333333333,0.005352,1.63995461452468,35.7033634162927,35.7033634162892,0.0496168835093386,-62.2466851987705,1.92865493310657e-15,0.000383495364166601,wrap,2,0.005968,0,afterChannel,snr,NaN,NaN,NaN,NaN,mmse,1,OK,,2.0186569
302,H_EQ_rawGain_std8_likely_Lutz,8PSK,convolutional,1/2,1115,NaN,0,NaN,1,1,0,1,0,100,0,35,38,0.000297333333333333,0.0112986666666667,0.0104066666666667,1.4667336617616,36.6729748155483,36.672974815544,0.158875246527868,-62.0604403494015,1.92865493310657e-15,0.000392684935778524,wrap,2,0.011936,0,afterChannel,snr,NaN,NaN,NaN,NaN,mmse,1,OK,,3.0136419
303,H_EQ_rawGain_std8_likely_Lutz,8PSK,convolutional,2/3,1115,NaN,0,NaN,1,1,0,1,0,100,0,35,38,0.000223,0.008474,0.007805,1.48901637741591,36.5420105099363,36.5420105099321,-0.060803120306063,-62.019304641085,1.92865493310657e-15,0.000394238331278796,wrap,2,0.008952,0,afterChannel,snr,NaN,NaN,NaN,NaN,mmse,1,OK,,3.0600044
304,H_EQ_rawGain_std8_likely_Lutz,8PSK,convolutional,3/4,1115,NaN,0,NaN,1,1,0,1,0,100,0,35,37,0.000198222222222222,0.00733422222222222,0.00693777777777778,1.42999109983363,36.8933333109108,36.8933333109062,0.0250494377157155,-62.1094355240149,1.92865493310657e-15,0.000390078029373166,wrap,2,0.007956,0,afterChannel,snr,NaN,NaN,NaN,NaN,mmse,1,OK,,2.9964313
305,H_EQ_rawGain_std8_likely_Lutz,8PSK,convolutional,5/6,1116,NaN,0,NaN,1,1,0,1,0,100,0,35,38,0.00017856,0.00678528,0.0062496,1.49398707197321,36.5130632123264,36.5130632123223,-0.14034720488693,-62.1826779259849,1.92865493310657e-15,0.000386687582858921,wrap,2,0.007168,0,afterChannel,snr,NaN,NaN,NaN,NaN,mmse,1,OK,,3.1865609
306,H_EQ_rawGain_std8_likely_Lutz,8PSK,convolutional,7/8,1123,NaN,0,NaN,1,1,0,1,0,100,0,35,37,0.00017112380952381,0.00633158095238095,0.00598933333333333,1.45703826343616,36.7305808605372,36.7305808605328,-0.199596696398355,-62.2053060578355,1.92865493310657e-15,0.000385605550850826,wrap,2,0.006868,0,afterChannel,snr,NaN,NaN,NaN,NaN,mmse,1,OK,,3.3950889
307,H_EQ_rawGain_std8_likely_Lutz,16QAM,none,none,1115,NaN,0,NaN,1,1,0,1,0,100,0,36,39,0.0001115,0.0043485,0.004014,3.39173763016937,29.3915550043484,29.4012723214057,-5.20046646516555,-61.8584859066848,1.92865493310657e-15,0.000402518623196789,wrap,2,0.004476,0,afterChannel,snr,NaN,NaN,NaN,NaN,mmse,1,OK,,1.4488114
308,H_EQ_rawGain_std8_likely_Lutz,16QAM,convolutional,1/2,1115,NaN,0,NaN,1,1,0,1,0,100,0,36,38,0.000223,0.008474,0.008028,3.11907886146938,30.1194728917246,30.0915887200487,7.73397766287607,-62.0215897524441,1.92865493310657e-15,0.000394238331278796,wrap,2,0.008952,0,afterChannel,snr,NaN,NaN,NaN,NaN,mmse,1,OK,,2.2703032
309,H_EQ_rawGain_std8_likely_Lutz,16QAM,convolutional,2/3,1115,NaN,0,NaN,1,1,0,1,0,100,0,36,38,0.00016725,0.0063555,0.006021,3.07105329307932,30.2542529405006,30.2674354654485,-8.58399995970227,-62.2180858032143,1.92865493310657e-15,0.000384943338590433,wrap,2,0.006714,0,afterChannel,snr,NaN,NaN,NaN,NaN,mmse,1,OK,,2.4411778
310,H_EQ_rawGain_std8_likely_Lutz,16QAM,convolutional,3/4,1115,NaN,0,NaN,1,1,0,1,0,100,0,35,37,0.000148666666666667,0.00550066666666667,0.00520333333333333,2.6011849017874,31.6965755091634,31.6553833758504,1.61711270318958,-62.2466483503157,1.92865493310657e-15,0.000383495364166601,wrap,2,0.005968,0,afterChannel,snr,NaN,NaN,NaN,NaN,mmse,1,OK,,2.3138409
311,H_EQ_rawGain_std8_likely_Lutz,16QAM,convolutional,5/6,1116,NaN,0,NaN,1,1,0,1,0,100,0,35,37,0.00013392,0.00495504,0.0046872,2.92782765635468,30.6690898234274,30.6704793434571,-18.5152098500943,-62.0980921553515,1.92865493310657e-15,0.000390726092092821,wrap,2,0.005376,0,afterChannel,snr,NaN,NaN,NaN,NaN,mmse,1,OK,,2.5082976
312,H_EQ_rawGain_std8_likely_Lutz,16QAM,convolutional,7/8,1123,NaN,0,NaN,1,1,0,1,0,100,0,35,37,0.000128342857142857,0.00474868571428571,0.004492,3.06580094137981,30.2691209352741,30.2892255924159,9.6671476288699,-62.0164230762518,1.92865493310657e-15,0.000394804310955642,wrap,2,0.005152,0,afterChannel,snr,NaN,NaN,NaN,NaN,mmse,1,OK,,2.8471386
313,H_EQ_rawGain_std8_likely_Lutz,32QAM,none,none,1115,NaN,0,NaN,1,1,0,1,0,100,0,36,39,8.92e-05,0.0034788,0.0032112,4.12829170616948,27.6845924587031,27.6177200454878,5.39640078870175,-61.6683966317982,1.92865493310657e-15,0.000411593363104127,wrap,2,0.00358,0,afterChannel,snr,NaN,NaN,NaN,NaN,mmse,1,OK,,1.2892803
314,H_EQ_rawGain_std8_likely_Lutz,32QAM,convolutional,1/2,1115,NaN,0,NaN,1,1,0,1,0,100,0,35,37,0.0001784,0.0066008,0.006244,2.96578458024714,30.5572079428053,30.5282746239279,-21.0798007609207,-62.1831124906113,1.92865493310657e-15,0.000386661474908784,wrap,2,0.00716,0,afterChannel,snr,NaN,NaN,NaN,NaN,mmse,1,OK,,2.1573156
315,H_EQ_rawGain_std8_likely_Lutz,32QAM,convolutional,2/3,1115,NaN,0,NaN,1,1,0,1,0,100,0,35,37,0.0001338,0.0049506,0.004683,3.84302050218144,28.3065459721207,28.3075881538198,-7.1134535066824,-62.0956953591905,1.92865493310657e-15,0.000390834902302673,wrap,2,0.00537,0,afterChannel,snr,NaN,NaN,NaN,NaN,mmse,1,OK,,2.3023553
316,H_EQ_rawGain_std8_likely_Lutz,32QAM,convolutional,3/4,1115,NaN,0,NaN,1,1,0,1,0,100,0,35,38,0.000118933333333333,0.00451946666666667,0.00416266666666667,3.8286401133611,28.3391090957518,28.346399121139,-2.14893907547479,-61.9082060883854,1.92865493310657e-15,0.00040021749061622,wrap,2,0.004774,0,afterChannel,snr,NaN,NaN,NaN,NaN,mmse,1,OK,,2.1601883
317,H_EQ_rawGain_std8_likely_Lutz,32QAM,convolutional,5/6,1116,NaN,0,NaN,1,1,0,1,0,100,0,35,37,0.000107136,0.003964032,0.00374976,2.7951369677077,31.0719381178967,31.0639397386609,14.1405943922684,-61.8384445188637,1.92865493310657e-15,0.000403454927869748,wrap,2,0.0043,0,afterChannel,snr,NaN,NaN,NaN,NaN,mmse,1,OK,,2.3879749
318,H_EQ_rawGain_std8_likely_Lutz,32QAM,convolutional,7/8,1123,NaN,0,NaN,1,1,0,1,0,100,0,35,37,0.000102674285714286,0.00379894857142857,0.0035936,2.82145543040628,30.9905361149069,31.0258307376162,-16.9668455324549,-61.8172023274571,1.92865493310657e-15,0.00040454279391144,wrap,2,0.00412,0,afterChannel,snr,NaN,NaN,NaN,NaN,mmse,1,OK,,2.6082203
319,H_EQ_rawGain_std8_likely_Lutz,GMSK,none,none,1115,NaN,0,NaN,1,1,0,1,0,100,0,37,39,0.000446,0.017394,0.016502,3.76936794157542,28.4746293486649,28.4746293486649,NaN,-62.1436620549498,1.92865493310657e-15,0.00038653318534848,wrap,2,0.017904,0,afterChannel,snr,NaN,NaN,NaN,NaN,mmse,1,OK,,2.5415702
320,H_EQ_rawGain_std8_likely_Lutz,GMSK,convolutional,1/2,1115,NaN,0,NaN,1,1,0,1,0,100,0,36,38,0.000892,0.033896,0.032112,3.70468335565385,28.6249781168184,28.6249781168184,NaN,-62.131236624869,1.92865493310657e-15,0.000386787452546303,wrap,2,0.035808,0,afterChannel,snr,NaN,NaN,NaN,NaN,mmse,1,OK,,4.6595913
321,H_EQ_rawGain_std8_likely_Lutz,GMSK,convolutional,2/3,1115,NaN,0,NaN,1,1,0,1,0,100,0,36,38,0.000669,0.025422,0.024084,3.72833569566446,28.5696998222246,28.5696998222246,NaN,-62.1729938637866,1.92865493310657e-15,0.00038515782778632,wrap,2,0.026856,0,afterChannel,snr,NaN,NaN,NaN,NaN,mmse,1,OK,,3.7823352
322,H_EQ_rawGain_std8_likely_Lutz,GMSK,convolutional,3/4,1115,NaN,0,NaN,1,1,0,1,0,100,0,36,38,0.000594666666666667,0.0225973333333333,0.021408,3.71897410695695,28.5915369073828,28.5915369073828,NaN,-62.2180421680273,1.92865493310657e-15,0.000382958133603801,wrap,2,0.023872,0,afterChannel,snr,NaN,NaN,NaN,NaN,mmse,1,OK,,3.3684604
323,H_EQ_rawGain_std8_likely_Lutz,GMSK,convolutional,5/6,1116,NaN,0,NaN,1,1,0,1,0,100,0,36,38,0.00053568,0.02035584,0.01928448,3.75135157985989,28.5162446298738,28.5162446298738,NaN,-62.3336581180852,1.92865493310657e-15,0.000377699145183409,wrap,2,0.021504,0,afterChannel,snr,NaN,NaN,NaN,NaN,mmse,1,OK,,3.130787
324,H_EQ_rawGain_std8_likely_Lutz,GMSK,convolutional,7/8,1123,NaN,0,NaN,1,1,0,1,0,100,0,36,38,0.000513371428571429,0.0195081142857143,0.0184813714285714,3.77888793834715,28.452719734981,28.452719734981,NaN,-62.2957787323524,1.92865493310657e-15,0.000379290441029105,wrap,2,0.020608,0,afterChannel,snr,NaN,NaN,NaN,NaN,mmse,1,OK,,3.0866317
