CaseIndex,Scenario,ModType,ChannelCoding,Rate,NumBytesInTransferFrame,NumBitsInInformationBlock,IsLDPCOnSMTF,TPCBlocksPerTF,HEnabled,EqualizerEnabled,NormalizeHChannel,NormalizeEqualizerOutput,BER,LockRate_pct,FER,CountedFrames,MatchedFrames,FrameDuration_s,MatchedDuration_s,CountedDuration_s,EVM_post_pct,MER_dB,SNR_est_dB,ResidualCFO_Hz,HGain_dB,HNormalizationGain_dB,HMeanCoeffMagnitude,HOutOfRangeMode,HSourceDuration_s,WaveformDuration_s,ExceedsHDuration,NoisePlacement,NoiseMode,NoisePSD_dBmHz,NoiseBandwidthHz,NoisePower_dBm,NoiseEquivalentSNR_dB,EqualizerMode,GMSKDetectorUsed,Success,Status,ErrorMessage,Runtime_s
1,H_EQ_rawGain_default_ChannelData,BPSK,none,none,1115,NaN,0,NaN,1,1,0,1,0,96.551724137931,0,26,28,0.000446,0.012488,0.011596,1.57140026327129,36.0742635685945,36.0742635685907,0.0427341385287968,16.2378424755206,1.92865493310657e-15,6.06757655972507,error,10,0.013428,0,afterChannel,snr,NaN,NaN,NaN,NaN,mmse,not-applicable,1,OK,,2.2460051
2,H_EQ_rawGain_default_ChannelData,BPSK,LDPC,1/2,1115,1024,0,NaN,1,1,0,1,0,100,0,26,29,0.000892,0.025868,0.023192,1.6469642284115,35.6663166695763,35.6663166695729,-0.0852270980451963,17.0768951541716,1.92865493310657e-15,6.81140179296588,error,10,0.003168,0,afterChannel,snr,NaN,NaN,NaN,NaN,mmse,not-applicable,1,OK,,1.0529301
3,H_EQ_rawGain_default_ChannelData,BPSK,LDPC,2/3,1115,1024,0,NaN,1,1,0,1,0,100,0,26,29,0.000669,0.019401,0.017394,1.38562523839584,37.1670842964273,37.1670842964225,-0.00965132010605741,16.376616490865,1.92865493310657e-15,6.24703543426292,error,10,0.0024,0,afterChannel,snr,NaN,NaN,NaN,NaN,mmse,not-applicable,1,OK,,1.7308863
4,H_EQ_rawGain_default_ChannelData,BPSK,LDPC,4/5,1115,1024,0,NaN,1,1,0,1,0,100,0,26,29,0.0005575,0.0161675,0.014495,1.39162955344406,37.1295271379917,37.1295271379869,-0.00721786984694158,15.2544856331874,1.92865493310657e-15,5.5776906696246,error,10,0.002016,0,afterChannel,snr,NaN,NaN,NaN,NaN,mmse,not-applicable,1,OK,,1.2532062
5,H_EQ_rawGain_default_ChannelData,BPSK,LDPC,7/8,1115,7136,0,NaN,1,1,0,1,0,96.551724137931,0,26,28,0.000509714285714286,0.014272,0.0132525714285714,1.39554859177345,37.1051007432106,37.1051007432058,-0.0399661668071125,15.8570492725367,1.92865493310657e-15,5.80825908079156,error,10,0.012288,0,afterChannel,snr,NaN,NaN,NaN,NaN,mmse,not-applicable,1,OK,,10.9120337
6,H_EQ_rawGain_default_ChannelData,BPSK,Turbo,1/2,1115,1784,0,NaN,1,1,0,1,0,100,0,26,29,0.000892,0.025868,0.023192,1.70317768325675,35.3748008418918,35.3748008418886,-0.214491543145294,15.9206099479763,1.92865493310657e-15,5.86924120539243,error,10,0.00546,0,afterChannel,snr,NaN,NaN,NaN,NaN,mmse,not-applicable,1,OK,,3.2094844
7,H_EQ_rawGain_default_ChannelData,BPSK,Turbo,1/3,1115,1784,0,NaN,1,1,0,1,0,100,0,27,29,0.001338,0.038802,0.036126,3.01545160044728,30.4129527557482,30.4129527557472,-0.0702131142616155,15.6439617615435,1.92865493310657e-15,5.71370436986388,error,10,0.00819,0,afterChannel,snr,NaN,NaN,NaN,NaN,mmse,not-applicable,1,OK,,3.7394579
8,H_EQ_rawGain_default_ChannelData,BPSK,Turbo,1/4,1115,1784,0,NaN,1,1,0,1,0,100,0,27,29,0.001784,0.051736,0.048168,7.05251510335603,23.0331195021129,23.0331195021127,0.155344569332681,15.6707557880314,1.92865493310657e-15,5.70189079929047,error,10,0.01092,0,afterChannel,snr,NaN,NaN,NaN,NaN,mmse,not-applicable,1,OK,,4.4176597
9,H_EQ_rawGain_default_ChannelData,BPSK,Turbo,1/6,1115,1784,0,NaN,1,1,0,1,0,100,0,27,29,0.002676,0.077604,0.072252,1.36390807810493,37.3042979677406,37.3042979677356,-0.012663724397513,15.9344262983336,1.92865493310657e-15,5.79266746695724,error,10,0.01638,0,afterChannel,snr,NaN,NaN,NaN,NaN,mmse,not-applicable,1,OK,,5.4218467
10,H_EQ_rawGain_default_ChannelData,BPSK,TPC,1/2_x8,1024,NaN,0,8,1,1,0,1,0,100,0,27,29,0.0008192,0.0237568,0.0221184,4.85868610703406,26.2696231481345,26.2696231481341,-0.347884809378482,17.3505918861433,1.92865493310657e-15,6.5999616003106,error,10,0.0491232,0,afterChannel,snr,NaN,NaN,NaN,NaN,mmse,not-applicable,1,OK,,196.0254198
11,H_EQ_rawGain_default_ChannelData,BPSK,TPC,2/3_x4,1352,NaN,0,4,1,1,0,1,0,100,0,27,29,0.0008112,0.0235248,0.0219024,1.65438308370422,35.6272783856914,35.627278385688,0.0554029101273694,16.1294348907316,1.92865493310657e-15,5.88119777247155,error,10,0.0245616,0,afterChannel,snr,NaN,NaN,NaN,NaN,mmse,not-applicable,1,OK,,31.9591994
12,H_EQ_rawGain_default_ChannelData,QPSK,none,none,1115,NaN,0,NaN,1,1,0,1,0,100,0,26,29,0.000223,0.006467,0.005798,1.43060994281632,36.88957521822,36.8895752182154,-0.0330342050219917,15.9565897589568,1.92865493310657e-15,5.96124021156482,error,10,0.006714,0,afterChannel,snr,NaN,NaN,NaN,NaN,mmse,not-applicable,1,OK,,1.6660225
13,H_EQ_rawGain_default_ChannelData,QPSK,LDPC,1/2,1115,1024,0,NaN,1,1,0,1,0,100,0,26,29,0.000446,0.012934,0.011596,1.37992302119273,37.2029027995648,37.2029027995599,-0.00634683417046027,13.8218933898743,1.92865493310657e-15,4.85690357914572,error,10,0.001584,0,afterChannel,snr,NaN,NaN,NaN,NaN,mmse,not-applicable,1,OK,,0.7320495
14,H_EQ_rawGain_default_ChannelData,QPSK,LDPC,2/3,1115,1024,0,NaN,1,1,0,1,0,100,0,26,29,0.0003345,0.0097005,0.008697,1.61815516311592,35.8195967341519,35.8195967341483,-0.0557699556566015,13.2862065751073,1.92865493310657e-15,4.59043773218299,error,10,0.0012,0,afterChannel,snr,NaN,NaN,NaN,NaN,mmse,not-applicable,1,OK,,0.5653007
15,H_EQ_rawGain_default_ChannelData,QPSK,LDPC,4/5,1115,1024,0,NaN,1,1,0,1,0,100,0,26,29,0.00027875,0.00808375,0.0072475,1.67547393278055,35.51724649161,35.5172464916067,0.185931540331091,13.4188345816737,1.92865493310657e-15,4.6608920199175,error,10,0.001008,0,afterChannel,snr,NaN,NaN,NaN,NaN,mmse,not-applicable,1,OK,,0.4849375
16,H_EQ_rawGain_default_ChannelData,QPSK,LDPC,7/8,1115,7136,0,NaN,1,1,0,1,0,100,0,26,29,0.000254857142857143,0.00739085714285714,0.00662628571428571,1.52836175871123,36.3154767474462,36.3154767474422,0.0830534520830687,15.8626393273089,1.92865493310657e-15,5.86852974065072,error,10,0.006144,0,afterChannel,snr,NaN,NaN,NaN,NaN,mmse,not-applicable,1,OK,,3.2810295
17,H_EQ_rawGain_default_ChannelData,QPSK,Turbo,1/2,1115,1784,0,NaN,1,1,0,1,0,100,0,27,29,0.000446,0.012934,0.012042,1.3170521128527,37.6079408124331,37.6079408124277,0.0842856868046153,16.9325406541256,1.92865493310657e-15,6.65389097000527,error,10,0.00273,0,afterChannel,snr,NaN,NaN,NaN,NaN,mmse,not-applicable,1,OK,,1.3130924
18,H_EQ_rawGain_default_ChannelData,QPSK,Turbo,1/3,1115,1784,0,NaN,1,1,0,1,0,100,0,27,29,0.000669,0.019401,0.018063,2.97150614052102,30.5404673589877,30.5404673589867,-0.267662786170266,16.2842793000859,1.92865493310657e-15,6.051840148619,error,10,0.004095,0,afterChannel,snr,NaN,NaN,NaN,NaN,mmse,not-applicable,1,OK,,1.6349173
19,H_EQ_rawGain_default_ChannelData,QPSK,Turbo,1/4,1115,1784,0,NaN,1,1,0,1,0,100,0,27,29,0.000892,0.025868,0.024084,1.61233755940003,35.8508805801773,35.8508805801738,0.0360545698275168,15.9204643907273,1.92865493310657e-15,5.86924120539243,error,10,0.00546,0,afterChannel,snr,NaN,NaN,NaN,NaN,mmse,not-applicable,1,OK,,1.9766147
20,H_EQ_rawGain_default_ChannelData,QPSK,Turbo,1/6,1115,1784,0,NaN,1,1,0,1,0,100,0,27,29,0.001338,0.038802,0.036126,2.96544808753656,30.5581934845012,30.5581934845002,0.402355750313681,15.6440137968924,1.92865493310657e-15,5.71370436986388,error,10,0.00819,0,afterChannel,snr,NaN,NaN,NaN,NaN,mmse,not-applicable,1,OK,,2.4368588
21,H_EQ_rawGain_default_ChannelData,QPSK,TPC,1/2_x8,1024,NaN,0,8,1,1,0,1,0,100,0,27,29,0.0004096,0.0118784,0.0110592,1.57763950120346,36.0398445665673,36.0398445665635,-0.0216358069515366,16.1294153408174,1.92865493310657e-15,5.88119777247155,error,10,0.0245616,0,afterChannel,snr,NaN,NaN,NaN,NaN,mmse,not-applicable,1,OK,,59.7587796
22,H_EQ_rawGain_default_ChannelData,QPSK,TPC,2/3_x4,1352,NaN,0,4,1,1,0,1,0,100,0,27,29,0.0004056,0.0117624,0.0109512,1.28090982313453,37.8496288757322,37.8496288757264,-0.189872848955744,15.8529600155191,1.92865493310657e-15,5.80574569409854,error,10,0.0122808,0,afterChannel,snr,NaN,NaN,NaN,NaN,mmse,not-applicable,1,OK,,31.4594988
23,H_EQ_rawGain_default_ChannelData,8PSK,none,none,1115,NaN,0,NaN,1,1,0,1,0,96.551724137931,0,26,28,0.000148666666666667,0.00416266666666667,0.00386533333333333,1.86679950353469,34.578046465703,34.5780464657003,-0.212990992402805,16.0710321758813,1.92865493310657e-15,5.90095048785848,error,10,0.004476,0,afterChannel,snr,NaN,NaN,NaN,NaN,mmse,not-applicable,1,OK,,1.7639234
24,H_EQ_rawGain_default_ChannelData,8PSK,LDPC,1/2,1115,1024,0,NaN,1,1,0,1,0,96.551724137931,0,26,28,0.000297333333333333,0.00832533333333333,0.00773066666666667,1.65026925882559,35.6489038056389,35.6489038056355,0.087304845749181,13.3658796751168,1.92865493310657e-15,4.63149942381182,error,10,0.001056,0,afterChannel,snr,NaN,NaN,NaN,NaN,mmse,not-applicable,1,OK,,0.7869195
25,H_EQ_rawGain_default_ChannelData,8PSK,LDPC,2/3,1115,1024,0,NaN,1,1,0,1,0,96.551724137931,0,26,28,0.000223,0.006244,0.005798,1.62906869239853,35.7612120510839,35.7612120510804,-0.10147256693038,13.7352118809705,1.92865493310657e-15,4.84619153631197,error,10,0.0007995,0,afterChannel,snr,NaN,NaN,NaN,NaN,mmse,not-applicable,1,OK,,0.6036558
26,H_EQ_rawGain_default_ChannelData,8PSK,LDPC,4/5,1115,1024,0,NaN,1,1,0,1,0,96.551724137931,0,26,28,0.000185833333333333,0.00520333333333333,0.00483166666666667,1.5765306597315,36.0459515770054,36.0459515770017,0.0226320420582867,13.9454873302005,1.92865493310657e-15,4.97313410894185,error,10,0.000672,0,afterChannel,snr,NaN,NaN,NaN,NaN,mmse,not-applicable,1,OK,,0.5270039
27,H_EQ_rawGain_default_ChannelData,8PSK,LDPC,7/8,1115,7136,0,NaN,1,1,0,1,0,96.551724137931,0,26,28,0.000169904761904762,0.00475733333333333,0.00441752380952381,2.96780230378761,30.5513006476023,30.5513006476013,-0.180482838279664,16.2842011369995,1.92865493310657e-15,6.051840148619,error,10,0.004095,0,afterChannel,snr,NaN,NaN,NaN,NaN,mmse,not-applicable,1,OK,,2.8268599
28,H_EQ_rawGain_default_ChannelData,8PSK,Turbo,1/2,1115,1784,0,NaN,1,1,0,1,0,100,0,26,29,0.000297333333333333,0.00862266666666667,0.00773066666666667,1.30611140585281,37.6803955594785,37.680395559473,-0.0528551035403948,14.57020767286,1.92865493310657e-15,5.22203014045356,error,10,0.0018195,0,afterChannel,snr,NaN,NaN,NaN,NaN,mmse,not-applicable,1,OK,,1.3767833
29,H_EQ_rawGain_default_ChannelData,8PSK,Turbo,1/3,1115,1784,0,NaN,1,1,0,1,0,100,0,27,29,0.000446,0.012934,0.012042,1.31713075987066,37.6074221549582,37.6074221549528,-0.0084512456325724,16.9324066553654,1.92865493310657e-15,6.65389097000527,error,10,0.00273,0,afterChannel,snr,NaN,NaN,NaN,NaN,mmse,not-applicable,1,OK,,1.8084073
30,H_EQ_rawGain_default_ChannelData,8PSK,Turbo,1/4,1115,1784,0,NaN,1,1,0,1,0,100,0,27,29,0.000594666666666667,0.0172453333333333,0.016056,2.51130764951354,32.002001609527,32.0020016095255,0.313769625446701,16.7226733830124,1.92865493310657e-15,6.49423570752114,error,10,0.003639,0,afterChannel,snr,NaN,NaN,NaN,NaN,mmse,not-applicable,1,OK,,2.2325228
31,H_EQ_rawGain_default_ChannelData,8PSK,Turbo,1/6,1115,1784,0,NaN,1,1,0,1,0,100,0,27,29,0.000892,0.025868,0.024084,1.58566661018531,35.995762375386,35.9957623753823,0.121636177970133,15.9203937827246,1.92865493310657e-15,5.86924120539243,error,10,0.00546,0,afterChannel,snr,NaN,NaN,NaN,NaN,mmse,not-applicable,1,OK,,2.8631969
32,H_EQ_rawGain_default_ChannelData,8PSK,TPC,1/2_x8,1024,NaN,0,8,1,1,0,1,0,100,0,26,29,0.000273066666666667,0.00791893333333333,0.00709973333333333,1.26723998102758,37.9428226736497,37.9428226736439,-0.107798072196786,15.9321649148781,1.92865493310657e-15,5.79123354955561,error,10,0.0163744,0,afterChannel,snr,NaN,NaN,NaN,NaN,mmse,not-applicable,1,OK,,59.8927053
33,H_EQ_rawGain_default_ChannelData,8PSK,TPC,2/3_x4,1352,NaN,0,4,1,1,0,1,0,96.551724137931,0,26,28,0.0002704,0.0075712,0.0070304,2.97904694300483,30.5184530647536,30.5184530647525,-0.0926255456946512,15.6451930159554,1.92865493310657e-15,5.71462253340834,error,10,0.0081872,0,afterChannel,snr,NaN,NaN,NaN,NaN,mmse,not-applicable,1,OK,,31.553797
34,H_EQ_rawGain_default_ChannelData,16QAM,none,none,1115,NaN,0,NaN,1,1,0,1,0,96.551724137931,0,26,28,0.0001115,0.003122,0.002899,2.93506515073199,30.6476450822669,30.6601347867906,-9.38849914124144,16.9656262556581,1.92865493310657e-15,6.73667840370799,error,10,0.003357,0,afterChannel,snr,NaN,NaN,NaN,NaN,mmse,not-applicable,1,OK,,1.1616678
35,H_EQ_rawGain_default_ChannelData,16QAM,LDPC,1/2,1115,1024,0,NaN,1,1,0,1,0,96.551724137931,0,26,28,0.000223,0.006244,0.005798,3.07315535001711,30.2483097063602,30.2911794349321,-15.7962324671272,13.7460296350865,1.92865493310657e-15,4.85375551987851,error,10,0.000792,0,afterChannel,snr,NaN,NaN,NaN,NaN,mmse,not-applicable,1,OK,,0.6301551
36,H_EQ_rawGain_default_ChannelData,16QAM,LDPC,2/3,1115,1024,0,NaN,1,1,0,1,0,96.551724137931,0,26,28,0.00016725,0.004683,0.0043485,2.53363689720905,31.9251124996883,32.0179213422405,-7.31011822633182,14.0498892959339,1.92865493310657e-15,5.03857407935825,error,10,0.0006,0,afterChannel,snr,NaN,NaN,NaN,NaN,mmse,not-applicable,1,OK,,0.4847467
37,H_EQ_rawGain_default_ChannelData,16QAM,LDPC,4/5,1115,1024,0,NaN,1,1,0,1,0,96.551724137931,0,26,28,0.000139375,0.0039025,0.00362375,2.91882867158617,30.6958279266763,30.7338786623255,-12.6641126492348,14.1728670701287,1.92865493310657e-15,5.11194772528853,error,10,0.000504,0,afterChannel,snr,NaN,NaN,NaN,NaN,mmse,not-applicable,1,OK,,0.4294245
38,H_EQ_rawGain_default_ChannelData,16QAM,LDPC,7/8,1115,7136,0,NaN,1,1,0,1,0,96.551724137931,0,26,28,0.000127428571428571,0.003568,0.00331314285714286,2.50992441499195,32.006787137281,31.9963515419844,-9.55682563019963,17.0921213395856,1.92865493310657e-15,6.81716780244681,error,10,0.003072,0,afterChannel,snr,NaN,NaN,NaN,NaN,mmse,not-applicable,1,OK,,2.3081785
39,H_EQ_rawGain_default_ChannelData,16QAM,Turbo,1/2,1115,1784,0,NaN,1,1,0,1,0,96.551724137931,0,26,28,0.000223,0.006244,0.005798,3.22749348005204,29.8226925278166,29.7871087178907,32.1533299855275,13.3803805676483,1.92865493310657e-15,4.64101778140567,error,10,0.001365,0,afterChannel,snr,NaN,NaN,NaN,NaN,mmse,not-applicable,1,OK,,1.0733503
40,H_EQ_rawGain_default_ChannelData,16QAM,Turbo,1/3,1115,1784,0,NaN,1,1,0,1,0,100,0,27,29,0.0003345,0.0097005,0.0090315,3.17660663920642,29.9607312149387,29.909707054874,-7.17379431873281,15.3582693750598,1.92865493310657e-15,5.63589915472319,error,10,0.0020475,0,afterChannel,snr,NaN,NaN,NaN,NaN,mmse,not-applicable,1,OK,,1.2839521
41,H_EQ_rawGain_default_ChannelData,16QAM,Turbo,1/4,1115,1784,0,NaN,1,1,0,1,0,100,0,27,29,0.000446,0.012934,0.012042,2.58271950454665,31.7584551536713,31.753588329542,16.1685252459905,16.9310292824818,1.92865493310657e-15,6.65389097000527,error,10,0.00273,0,afterChannel,snr,NaN,NaN,NaN,NaN,mmse,not-applicable,1,OK,,1.5150696
42,H_EQ_rawGain_default_ChannelData,16QAM,Turbo,1/6,1115,1784,0,NaN,1,1,0,1,0,100,0,27,29,0.000669,0.019401,0.018063,4.08072080405495,27.7852623579341,27.7314249541639,-5.56952709982983,16.2870774108037,1.92865493310657e-15,6.051840148619,error,10,0.004095,0,afterChannel,snr,NaN,NaN,NaN,NaN,mmse,not-applicable,1,OK,,1.904343
43,H_EQ_rawGain_default_ChannelData,16QAM,TPC,1/2_x8,1024,NaN,0,8,1,1,0,1,0,100,0,27,29,0.0002048,0.0059392,0.0055296,3.62649690680448,28.8102537726111,28.7886591673049,3.17234471939823,15.8483613883636,1.92865493310657e-15,5.80574569409854,error,10,0.0122808,0,afterChannel,snr,NaN,NaN,NaN,NaN,mmse,not-applicable,1,OK,,58.84404
44,H_EQ_rawGain_default_ChannelData,16QAM,TPC,2/3_x4,1352,NaN,0,4,1,1,0,1,0,96.551724137931,0,26,28,0.0002028,0.0056784,0.0052728,2.99255827201277,30.4791476824764,30.435850559308,15.710875515156,15.8645100974789,1.92865493310657e-15,5.86817786292322,error,10,0.0061404,0,afterChannel,snr,NaN,NaN,NaN,NaN,mmse,not-applicable,1,OK,,30.8027925
45,H_EQ_rawGain_default_ChannelData,32QAM,none,none,1115,NaN,0,NaN,1,1,0,1,0,96.551724137931,0,26,28,8.92e-05,0.0024976,0.0023192,3.50024791449869,29.1180238896473,29.1284344695076,-30.6766782098837,16.8809381817817,1.92865493310657e-15,6.61163516325461,error,10,0.002685,0,afterChannel,snr,NaN,NaN,NaN,NaN,mmse,not-applicable,1,OK,,1.09414
46,H_EQ_rawGain_default_ChannelData,32QAM,LDPC,1/2,1115,1024,0,NaN,1,1,0,1,0,96.551724137931,0,26,28,0.0001784,0.0049952,0.0046384,3.22788779620053,29.8216314017867,29.8607152290206,-6.70454306118226,14.0056103339595,1.92865493310657e-15,5.00947444310981,error,10,0.000633,0,afterChannel,snr,NaN,NaN,NaN,NaN,mmse,not-applicable,1,OK,,0.6374254
47,H_EQ_rawGain_default_ChannelData,32QAM,LDPC,2/3,1115,1024,0,NaN,1,1,0,1,0,93.1034482758621,0,24,27,0.0001338,0.0036126,0.0032112,3.55012138498881,28.9951359477455,28.9686502448693,-1.75770846828418,14.2002764301105,1.92865493310657e-15,5.12717290172121,error,10,0.00048,0,afterChannel,snr,NaN,NaN,NaN,NaN,mmse,not-applicable,1,OK,,0.4855251
48,H_EQ_rawGain_default_ChannelData,32QAM,LDPC,4/5,1115,1024,0,NaN,1,1,0,1,0,93.1034482758621,0,25,27,0.0001115,0.0030105,0.0027875,3.58988361293962,28.8983926277509,28.9164218034584,-12.7795911524933,14.2645449092949,1.92865493310657e-15,5.1665560912985,error,10,0.000402,0,afterChannel,snr,NaN,NaN,NaN,NaN,mmse,not-applicable,1,OK,,0.4299124
49,H_EQ_rawGain_default_ChannelData,32QAM,LDPC,7/8,1115,7136,0,NaN,1,1,0,1,0,96.551724137931,0,26,28,0.000101942857142857,0.0028544,0.00265051428571429,3.89385867709679,28.1923962944851,28.1871816312776,14.3212168838076,16.5004552809216,1.92865493310657e-15,6.33202049174341,error,10,0.002457,0,afterChannel,snr,NaN,NaN,NaN,NaN,mmse,not-applicable,1,OK,,2.2692177
50,H_EQ_rawGain_default_ChannelData,32QAM,Turbo,1/2,1115,1784,0,NaN,1,1,0,1,0,100,0,26,29,0.0001784,0.0051736,0.0046384,3.65355228423981,28.7456934658723,28.7422177195325,-2.39788093581663,13.3344246525665,1.92865493310657e-15,4.61424646992132,error,10,0.001092,0,afterChannel,snr,NaN,NaN,NaN,NaN,mmse,not-applicable,1,OK,,1.0562255
51,H_EQ_rawGain_default_ChannelData,32QAM,Turbo,1/3,1115,1784,0,NaN,1,1,0,1,0,100,0,27,29,0.0002676,0.0077604,0.0072252,2.84518335242011,30.9177948217333,30.9726886903015,16.9253114964576,13.9792687233261,1.92865493310657e-15,4.93108705777061,error,10,0.001638,0,afterChannel,snr,NaN,NaN,NaN,NaN,mmse,not-applicable,1,OK,,1.2584523
52,H_EQ_rawGain_default_ChannelData,32QAM,Turbo,1/4,1115,1784,0,NaN,1,1,0,1,0,100,0,27,29,0.0003568,0.0103472,0.0096336,4.39790265676684,27.1350877509683,27.1204708862685,27.1201908648422,15.791931445957,1.92865493310657e-15,5.88491996720338,error,10,0.002184,0,afterChannel,snr,NaN,NaN,NaN,NaN,mmse,not-applicable,1,OK,,1.4884404
53,H_EQ_rawGain_default_ChannelData,32QAM,Turbo,1/6,1115,1784,0,NaN,1,1,0,1,0,100,0,27,29,0.0005352,0.0155208,0.0144504,3.3711678980258,29.4443923457816,29.4123100637557,6.07469296193543,17.0196169885797,1.92865493310657e-15,6.77861611480031,error,10,0.003276,0,afterChannel,snr,NaN,NaN,NaN,NaN,mmse,not-applicable,1,OK,,1.8343365
54,H_EQ_rawGain_default_ChannelData,32QAM,TPC,1/2_x8,1024,NaN,0,8,1,1,0,1,0,96.551724137931,0,26,28,0.00016384,0.00458752,0.00425984,4.81183706102219,26.3537817442541,26.3704267144302,-11.3713713738711,15.8860429708794,1.92865493310657e-15,5.89997519613182,error,10,0.0098175,0,afterChannel,snr,NaN,NaN,NaN,NaN,mmse,not-applicable,1,OK,,58.9600402
55,H_EQ_rawGain_default_ChannelData,32QAM,TPC,2/3_x4,1352,NaN,0,4,1,1,0,1,0,96.551724137931,0,26,28,0.00016224,0.00454272,0.00421824,3.45927573633189,29.2202963862253,29.2265457283167,22.3735114050613,15.9872040416327,1.92865493310657e-15,5.8783084466068,error,10,0.00490875,0,afterChannel,snr,NaN,NaN,NaN,NaN,mmse,not-applicable,1,OK,,30.7093433
56,H_EQ_rawGain_std2_likely_TDL,BPSK,none,none,1115,NaN,0,NaN,1,1,0,1,0,96.551724137931,0,26,28,0.000446,0.012488,0.011596,1.39005285547995,37.1393737156826,37.1393737156777,0.0760538427176654,14.2767156149882,1.92865493310657e-15,4.94348087163615,error,10,0.013428,0,afterChannel,snr,NaN,NaN,NaN,NaN,mmse,not-applicable,1,OK,,1.8993144
57,H_EQ_rawGain_std2_likely_TDL,BPSK,LDPC,1/2,1115,1024,0,NaN,1,1,0,1,0,100,0,26,29,0.000892,0.025868,0.023192,1.98980435191544,34.0237924724156,34.0237924724133,0.129630212492546,13.9158127105292,1.92865493310657e-15,4.87635472604098,error,10,0.003168,0,afterChannel,snr,NaN,NaN,NaN,NaN,mmse,not-applicable,1,OK,,0.8461666
58,H_EQ_rawGain_std2_likely_TDL,BPSK,LDPC,2/3,1115,1024,0,NaN,1,1,0,1,0,100,0,26,29,0.000669,0.019401,0.017394,1.53056062333224,36.3029892787683,36.3029892787644,0.0163068365335869,14.1973977428247,1.92865493310657e-15,5.04169305649248,error,10,0.0024,0,afterChannel,snr,NaN,NaN,NaN,NaN,mmse,not-applicable,1,OK,,0.6582235
59,H_EQ_rawGain_std2_likely_TDL,BPSK,LDPC,4/5,1115,1024,0,NaN,1,1,0,1,0,100,0,26,29,0.0005575,0.0161675,0.014495,1.47616119460708,36.6173243122383,36.617324312234,-0.00541043101559098,13.961384290699,1.92865493310657e-15,4.89859085586185,error,10,0.002016,0,afterChannel,snr,NaN,NaN,NaN,NaN,mmse,not-applicable,1,OK,,0.5693035
60,H_EQ_rawGain_std2_likely_TDL,BPSK,LDPC,7/8,1115,7136,0,NaN,1,1,0,1,0,96.551724137931,0,26,28,0.000509714285714286,0.014272,0.0132525714285714,1.36866945765575,37.2740284814281,37.2740284814231,0.0835753759269625,13.6948956181242,1.92865493310657e-15,4.66622027617132,error,10,0.012288,0,afterChannel,snr,NaN,NaN,NaN,NaN,mmse,not-applicable,1,OK,,4.0026615
61,H_EQ_rawGain_std2_likely_TDL,BPSK,Turbo,1/2,1115,1784,0,NaN,1,1,0,1,0,100,0,26,29,0.000892,0.025868,0.023192,1.45200520200793,36.7606365542708,36.7606365542664,0.041936000190352,13.108162776373,1.92865493310657e-15,4.34918103669974,error,10,0.00546,0,afterChannel,snr,NaN,NaN,NaN,NaN,mmse,not-applicable,1,OK,,1.5156468
62,H_EQ_rawGain_std2_likely_TDL,BPSK,Turbo,1/3,1115,1784,0,NaN,1,1,0,1,0,100,0,27,29,0.001338,0.038802,0.036126,1.76655402675347,35.0574615188185,35.0574615188156,0.0154407974831127,13.6421505918666,1.92865493310657e-15,4.6526238449509,error,10,0.00819,0,afterChannel,snr,NaN,NaN,NaN,NaN,mmse,not-applicable,1,OK,,1.857245
63,H_EQ_rawGain_std2_likely_TDL,BPSK,Turbo,1/4,1115,1784,0,NaN,1,1,0,1,0,100,0,27,29,0.001784,0.051736,0.048168,2.74181375882142,31.2392409709677,31.2392409709665,-0.0777224389864603,13.5901858095742,1.92865493310657e-15,4.62230373816195,error,10,0.01092,0,afterChannel,snr,NaN,NaN,NaN,NaN,mmse,not-applicable,1,OK,,2.1421257
64,H_EQ_rawGain_std2_likely_TDL,BPSK,Turbo,1/6,1115,1784,0,NaN,1,1,0,1,0,100,0,27,29,0.002676,0.077604,0.072252,1.43327471579322,36.8734112078448,36.8734112078402,0.0391451711888873,14.6028748734306,1.92865493310657e-15,5.16313066020371,error,10,0.01638,0,afterChannel,snr,NaN,NaN,NaN,NaN,mmse,not-applicable,1,OK,,2.6342743
65,H_EQ_rawGain_std2_likely_TDL,BPSK,TPC,1/2_x8,1024,NaN,0,8,1,1,0,1,0,100,0,27,29,0.0008192,0.0237568,0.0221184,1.96951711609792,34.1128048120032,34.1128048120008,0.0418865787828976,17.0096637684032,1.92865493310657e-15,6.37433226421942,error,10,0.0491232,0,afterChannel,snr,NaN,NaN,NaN,NaN,mmse,not-applicable,1,OK,,61.7164051
66,H_EQ_rawGain_std2_likely_TDL,BPSK,TPC,2/3_x4,1352,NaN,0,4,1,1,0,1,0,100,0,27,29,0.0008112,0.0235248,0.0219024,1.88825092377579,34.4788058832778,34.4788058832752,0.032108344977431,14.9224368874757,1.92865493310657e-15,5.22828360013443,error,10,0.0245616,0,afterChannel,snr,NaN,NaN,NaN,NaN,mmse,not-applicable,1,OK,,31.8311789
67,H_EQ_rawGain_std2_likely_TDL,QPSK,none,none,1115,NaN,0,NaN,1,1,0,1,0,100,0,26,29,0.000223,0.006467,0.005798,1.3886107238915,37.1483897023883,37.1483897023834,-0.0990789844259099,13.7380539619682,1.92865493310657e-15,4.68102499681904,error,10,0.006714,0,afterChannel,snr,NaN,NaN,NaN,NaN,mmse,not-applicable,1,OK,,1.5752985
68,H_EQ_rawGain_std2_likely_TDL,QPSK,LDPC,1/2,1115,1024,0,NaN,1,1,0,1,0,96.551724137931,0,26,28,0.000446,0.012488,0.011596,1.3642224089359,37.3022964191104,37.3022964191053,-0.161118860711648,13.3511299186388,1.92865493310657e-15,4.57884438192164,error,10,0.001584,0,afterChannel,snr,NaN,NaN,NaN,NaN,mmse,not-applicable,1,OK,,0.9133326
69,H_EQ_rawGain_std2_likely_TDL,QPSK,LDPC,2/3,1115,1024,0,NaN,1,1,0,1,0,100,0,26,29,0.0003345,0.0097005,0.008697,1.38913284884878,37.1451243759167,37.1451243759118,-0.0269392059274069,12.5755549369948,1.92865493310657e-15,4.21543545371298,error,10,0.0012,0,afterChannel,snr,NaN,NaN,NaN,NaN,mmse,not-applicable,1,OK,,0.5584347
70,H_EQ_rawGain_std2_likely_TDL,QPSK,LDPC,4/5,1115,1024,0,NaN,1,1,0,1,0,100,0,26,29,0.00027875,0.00808375,0.0072475,1.42352377745765,36.9327054866395,36.9327054866349,-0.0345030554629738,12.1623973031018,1.92865493310657e-15,4.03416720676694,error,10,0.001008,0,afterChannel,snr,NaN,NaN,NaN,NaN,mmse,not-applicable,1,OK,,0.478294
71,H_EQ_rawGain_std2_likely_TDL,QPSK,LDPC,7/8,1115,7136,0,NaN,1,1,0,1,0,100,0,26,29,0.000254857142857143,0.00739085714285714,0.00662628571428571,1.32181703544824,37.576573105697,37.5765731056916,-0.0454974895535949,13.5059278337009,1.92865493310657e-15,4.55182776486852,error,10,0.006144,0,afterChannel,snr,NaN,NaN,NaN,NaN,mmse,not-applicable,1,OK,,3.2851009
72,H_EQ_rawGain_std2_likely_TDL,QPSK,Turbo,1/2,1115,1784,0,NaN,1,1,0,1,0,100,0,27,29,0.000446,0.012934,0.012042,1.55387947633467,36.1716533888573,36.1716533888535,0.0896592962917803,14.180117261618,1.92865493310657e-15,5.04100607710245,error,10,0.00273,0,afterChannel,snr,NaN,NaN,NaN,NaN,mmse,not-applicable,1,OK,,1.3054727
73,H_EQ_rawGain_std2_likely_TDL,QPSK,Turbo,1/3,1115,1784,0,NaN,1,1,0,1,0,100,0,27,29,0.000669,0.019401,0.018063,2.35828605741377,32.5480703323899,32.5480703323882,0.0571201513694377,13.0925072477425,1.92865493310657e-15,4.31612463995713,error,10,0.004095,0,afterChannel,snr,NaN,NaN,NaN,NaN,mmse,not-applicable,1,OK,,1.6376001
74,H_EQ_rawGain_std2_likely_TDL,QPSK,Turbo,1/4,1115,1784,0,NaN,1,1,0,1,0,100,0,27,29,0.000892,0.025868,0.024084,1.38036536607813,37.2001189173392,37.2001189173343,0.126671733983126,13.1081209274316,1.92865493310657e-15,4.34918103669974,error,10,0.00546,0,afterChannel,snr,NaN,NaN,NaN,NaN,mmse,not-applicable,1,OK,,1.9765542
75,H_EQ_rawGain_std2_likely_TDL,QPSK,Turbo,1/6,1115,1784,0,NaN,1,1,0,1,0,100,0,27,29,0.001338,0.038802,0.036126,1.66188849470711,35.5879623758751,35.5879623758717,0.00386444974746432,13.6421736140806,1.92865493310657e-15,4.6526238449509,error,10,0.00819,0,afterChannel,snr,NaN,NaN,NaN,NaN,mmse,not-applicable,1,OK,,2.4410363
76,H_EQ_rawGain_std2_likely_TDL,QPSK,TPC,1/2_x8,1024,NaN,0,8,1,1,0,1,0,100,0,27,29,0.0004096,0.0118784,0.0110592,1.80468807694829,34.8719570182855,34.8719570182826,-0.0180413277138349,14.9223921340781,1.92865493310657e-15,5.22828360013443,error,10,0.0245616,0,afterChannel,snr,NaN,NaN,NaN,NaN,mmse,not-applicable,1,OK,,59.8650378
77,H_EQ_rawGain_std2_likely_TDL,QPSK,TPC,2/3_x4,1352,NaN,0,4,1,1,0,1,0,100,0,27,29,0.0004056,0.0117624,0.0109512,1.29124835988582,37.779804342058,37.7798043420523,-0.0335024619329248,13.6913706728884,1.92865493310657e-15,4.66454099512769,error,10,0.0122808,0,afterChannel,snr,NaN,NaN,NaN,NaN,mmse,not-applicable,1,OK,,31.1779151
78,H_EQ_rawGain_std2_likely_TDL,8PSK,none,none,1115,NaN,0,NaN,1,1,0,1,0,96.551724137931,0,26,28,0.000148666666666667,0.00416266666666667,0.00386533333333333,1.78264621537761,34.9786967703085,34.9786967703055,0.0650071729748054,12.9085083793515,1.92865493310657e-15,4.22274481809163,error,10,0.004476,0,afterChannel,snr,NaN,NaN,NaN,NaN,mmse,not-applicable,1,OK,,1.6884357
79,H_EQ_rawGain_std2_likely_TDL,8PSK,LDPC,1/2,1115,1024,0,NaN,1,1,0,1,0,96.551724137931,0,26,28,0.000297333333333333,0.00832533333333333,0.00773066666666667,1.39942101787249,37.0810321543185,37.0810321543137,-0.013055616314436,12.2644535264106,1.92865493310657e-15,4.07833093508782,error,10,0.001056,0,afterChannel,snr,NaN,NaN,NaN,NaN,mmse,not-applicable,1,OK,,0.7766907
80,H_EQ_rawGain_std2_likely_TDL,8PSK,LDPC,2/3,1115,1024,0,NaN,1,1,0,1,0,96.551724137931,0,26,28,0.000223,0.006244,0.005798,1.48007505338816,36.594325226616,36.5943252266117,-0.0385400627944283,11.7484447505855,1.92865493310657e-15,3.85836061215207,error,10,0.0007995,0,afterChannel,snr,NaN,NaN,NaN,NaN,mmse,not-applicable,1,OK,,0.5905932
81,H_EQ_rawGain_std2_likely_TDL,8PSK,LDPC,4/5,1115,1024,0,NaN,1,1,0,1,0,96.551724137931,0,26,28,0.000185833333333333,0.00520333333333333,0.00483166666666667,1.48088943138306,36.5895473256299,36.5895473256256,0.145003349050954,11.5342582822617,1.92865493310657e-15,3.76900230432997,error,10,0.000672,0,afterChannel,snr,NaN,NaN,NaN,NaN,mmse,not-applicable,1,OK,,0.5077625
82,H_EQ_rawGain_std2_likely_TDL,8PSK,LDPC,7/8,1115,7136,0,NaN,1,1,0,1,0,96.551724137931,0,26,28,0.000169904761904762,0.00475733333333333,0.00441752380952381,2.32631250024224,32.6666389132626,32.6666389132609,-0.05656739731147,13.0924309515489,1.92865493310657e-15,4.31612463995713,error,10,0.004095,0,afterChannel,snr,NaN,NaN,NaN,NaN,mmse,not-applicable,1,OK,,2.8249209
83,H_EQ_rawGain_std2_likely_TDL,8PSK,Turbo,1/2,1115,1784,0,NaN,1,1,0,1,0,100,0,26,29,0.000297333333333333,0.00862266666666667,0.00773066666666667,1.36889382659873,37.272604701461,37.272604701456,-0.0102251475635271,13.7269605416264,1.92865493310657e-15,4.77067334410761,error,10,0.0018195,0,afterChannel,snr,NaN,NaN,NaN,NaN,mmse,not-applicable,1,OK,,1.378801
84,H_EQ_rawGain_std2_likely_TDL,8PSK,Turbo,1/3,1115,1784,0,NaN,1,1,0,1,0,100,0,27,29,0.000446,0.012934,0.012042,1.55422460498636,36.169724399793,36.1697243997891,0.050554641911427,14.1800732036673,1.92865493310657e-15,5.04100607710245,error,10,0.00273,0,afterChannel,snr,NaN,NaN,NaN,NaN,mmse,not-applicable,1,OK,,1.7874543
85,H_EQ_rawGain_std2_likely_TDL,8PSK,Turbo,1/4,1115,1784,0,NaN,1,1,0,1,0,100,0,27,29,0.000594666666666667,0.0172453333333333,0.016056,2.57883900659417,31.7715153885726,31.7715153885712,0.350121803035251,13.4776684763117,1.92865493310657e-15,4.56966153858576,error,10,0.003639,0,afterChannel,snr,NaN,NaN,NaN,NaN,mmse,not-applicable,1,OK,,2.2033036
86,H_EQ_rawGain_std2_likely_TDL,8PSK,Turbo,1/6,1115,1784,0,NaN,1,1,0,1,0,100,0,27,29,0.000892,0.025868,0.024084,1.36803716730288,37.2780420678841,37.2780420678791,0.00314948640490216,13.1080955823193,1.92865493310657e-15,4.34918103669974,error,10,0.00546,0,afterChannel,snr,NaN,NaN,NaN,NaN,mmse,not-applicable,1,OK,,2.8297605
87,H_EQ_rawGain_std2_likely_TDL,8PSK,TPC,1/2_x8,1024,NaN,0,8,1,1,0,1,0,100,0,26,29,0.000273066666666667,0.00791893333333333,0.00709973333333333,1.34032670955165,37.4557865571637,37.4557865571584,-0.0707788362329965,14.6018061939868,1.92865493310657e-15,5.16248415413112,error,10,0.0163744,0,afterChannel,snr,NaN,NaN,NaN,NaN,mmse,not-applicable,1,OK,,59.73767
88,H_EQ_rawGain_std2_likely_TDL,8PSK,TPC,2/3_x4,1352,NaN,0,4,1,1,0,1,0,96.551724137931,0,26,28,0.0002704,0.0075712,0.0070304,1.67032882991492,35.5439604577723,35.543960457769,0.127790014836993,13.6425247917798,1.92865493310657e-15,4.65274904454139,error,10,0.0081872,0,afterChannel,snr,NaN,NaN,NaN,NaN,mmse,not-applicable,1,OK,,31.4308586
89,H_EQ_rawGain_std2_likely_TDL,16QAM,none,none,1115,NaN,0,NaN,1,1,0,1,0,96.551724137931,0,26,28,0.0001115,0.003122,0.002899,3.2163759599362,29.8526638515646,29.8651535560885,-10.0081944864331,13.7431982486207,1.92865493310657e-15,4.76144127632772,error,10,0.003357,0,afterChannel,snr,NaN,NaN,NaN,NaN,mmse,not-applicable,1,OK,,1.1569472
90,H_EQ_rawGain_std2_likely_TDL,16QAM,LDPC,1/2,1115,1024,0,NaN,1,1,0,1,0,96.551724137931,0,26,28,0.000223,0.006244,0.005798,2.99247563406622,30.4793875421314,30.5222572707032,-16.159605998179,11.7361322289659,1.92865493310657e-15,3.85266271631935,error,10,0.000792,0,afterChannel,snr,NaN,NaN,NaN,NaN,mmse,not-applicable,1,OK,,0.6286761
91,H_EQ_rawGain_std2_likely_TDL,16QAM,LDPC,2/3,1115,1024,0,NaN,1,1,0,1,0,96.551724137931,0,25,28,0.00016725,0.004683,0.00418125,2.4919384693875,32.0692537084386,32.1620625509907,-7.52915256817745,11.4347436863635,1.92865493310657e-15,3.7263339683955,error,10,0.0006,0,afterChannel,snr,NaN,NaN,NaN,NaN,mmse,not-applicable,1,OK,,0.4885698
92,H_EQ_rawGain_std2_likely_TDL,16QAM,LDPC,4/5,1115,1024,0,NaN,1,1,0,1,0,96.551724137931,0,26,28,0.000139375,0.0039025,0.00362375,2.90238116164378,30.7449110693342,30.7829618049834,-12.6224842703413,11.3190220195974,1.92865493310657e-15,3.67926636177671,error,10,0.000504,0,afterChannel,snr,NaN,NaN,NaN,NaN,mmse,not-applicable,1,OK,,0.4170577
93,H_EQ_rawGain_std2_likely_TDL,16QAM,LDPC,7/8,1115,7136,0,NaN,1,1,0,1,0,96.551724137931,0,26,28,0.000127428571428571,0.003568,0.00331314285714286,2.67552447299139,31.4518214436991,31.4413858484027,-10.1162146705148,13.989853474092,1.92865493310657e-15,4.92622649922806,error,10,0.003072,0,afterChannel,snr,NaN,NaN,NaN,NaN,mmse,not-applicable,1,OK,,2.3007947
94,H_EQ_rawGain_std2_likely_TDL,16QAM,Turbo,1/2,1115,1784,0,NaN,1,1,0,1,0,100,0,27,29,0.000223,0.006467,0.006021,3.14312253869112,30.0527737424229,30.017189932497,32.4204202950201,12.9265659610703,1.92865493310657e-15,4.37523595510547,error,10,0.001365,0,afterChannel,snr,NaN,NaN,NaN,NaN,mmse,not-applicable,1,OK,,1.0801773
95,H_EQ_rawGain_std2_likely_TDL,16QAM,Turbo,1/3,1115,1784,0,NaN,1,1,0,1,0,100,0,27,29,0.0003345,0.0097005,0.0090315,3.20361563820368,29.887191900573,29.8361677405083,-7.00849701004493,13.995576208582,1.92865493310657e-15,4.91588874770208,error,10,0.0020475,0,afterChannel,snr,NaN,NaN,NaN,NaN,mmse,not-applicable,1,OK,,1.2702724
96,H_EQ_rawGain_std2_likely_TDL,16QAM,Turbo,1/4,1115,1784,0,NaN,1,1,0,1,0,100,0,27,29,0.000446,0.012934,0.012042,2.71393824528122,31.328000775668,31.3231339515389,15.703723308299,14.1763205674349,1.92865493310657e-15,5.04100607710245,error,10,0.00273,0,afterChannel,snr,NaN,NaN,NaN,NaN,mmse,not-applicable,1,OK,,1.5309549
97,H_EQ_rawGain_std2_likely_TDL,16QAM,Turbo,1/6,1115,1784,0,NaN,1,1,0,1,0,100,0,27,29,0.000669,0.019401,0.018063,3.60148064216786,28.8703783039725,28.8165409002021,-4.95484452595859,13.0996155604913,1.92865493310657e-15,4.31612463995713,error,10,0.004095,0,afterChannel,snr,NaN,NaN,NaN,NaN,mmse,not-applicable,1,OK,,1.9091349
98,H_EQ_rawGain_std2_likely_TDL,16QAM,TPC,1/2_x8,1024,NaN,0,8,1,1,0,1,0,100,0,27,29,0.0002048,0.0059392,0.0055296,3.60602880438122,28.8594161704983,28.8378215651921,2.87331364561718,13.6859374081854,1.92865493310657e-15,4.66454099512769,error,10,0.0122808,0,afterChannel,snr,NaN,NaN,NaN,NaN,mmse,not-applicable,1,OK,,58.9701497
99,H_EQ_rawGain_std2_likely_TDL,16QAM,TPC,2/3_x4,1352,NaN,0,4,1,1,0,1,0,96.551724137931,0,26,28,0.0002028,0.0056784,0.0052728,2.94616876005591,30.6148475975127,30.5715504743442,15.7794318230836,13.5043072825369,1.92865493310657e-15,4.55081151142161,error,10,0.0061404,0,afterChannel,snr,NaN,NaN,NaN,NaN,mmse,not-applicable,1,OK,,30.7980274
100,H_EQ_rawGain_std2_likely_TDL,32QAM,none,none,1115,NaN,0,NaN,1,1,0,1,0,96.551724137931,0,26,28,8.92e-05,0.0024976,0.0023192,3.60634156004017,28.8586628644416,28.8690734443019,-30.8739276965026,14.189982375198,1.92865493310657e-15,5.04780091380391,error,10,0.002685,0,afterChannel,snr,NaN,NaN,NaN,NaN,mmse,not-applicable,1,OK,,1.1101641
101,H_EQ_rawGain_std2_likely_TDL,32QAM,LDPC,1/2,1115,1024,0,NaN,1,1,0,1,0,96.551724137931,0,26,28,0.0001784,0.0049952,0.0046384,3.23134724139131,29.8123274015965,29.8514112288304,-7.13734616282734,11.4763089219072,1.92865493310657e-15,3.74513884498991,error,10,0.000633,0,afterChannel,snr,NaN,NaN,NaN,NaN,mmse,not-applicable,1,OK,,0.6267226
102,H_EQ_rawGain_std2_likely_TDL,32QAM,LDPC,2/3,1115,1024,0,NaN,1,1,0,1,0,96.551724137931,0,26,28,0.0001338,0.0037464,0.0034788,3.54444791989073,29.0090280108418,28.9825423079655,-2.22404783268512,11.2931397105405,1.92865493310657e-15,3.66934334075536,error,10,0.00048,0,afterChannel,snr,NaN,NaN,NaN,NaN,mmse,not-applicable,1,OK,,0.483876
103,H_EQ_rawGain_std2_likely_TDL,32QAM,LDPC,4/5,1115,1024,0,NaN,1,1,0,1,0,93.1034482758621,0,25,27,0.0001115,0.0030105,0.0027875,3.58729709250954,28.9046530893156,28.9226822650232,-12.2197962634183,11.2281992891064,1.92865493310657e-15,3.64233742158369,error,10,0.000402,0,afterChannel,snr,NaN,NaN,NaN,NaN,mmse,not-applicable,1,OK,,0.4273014
104,H_EQ_rawGain_std2_likely_TDL,32QAM,LDPC,7/8,1115,7136,0,NaN,1,1,0,1,0,96.551724137931,0,26,28,0.000101942857142857,0.0028544,0.00265051428571429,3.95476458842987,28.0575872647609,28.0523726015534,13.8856761984389,14.2052214040716,1.92865493310657e-15,5.04981195472997,error,10,0.002457,0,afterChannel,snr,NaN,NaN,NaN,NaN,mmse,not-applicable,1,OK,,2.2489277
105,H_EQ_rawGain_std2_likely_TDL,32QAM,Turbo,1/2,1115,1784,0,NaN,1,1,0,1,0,96.551724137931,0,26,28,0.0001784,0.0049952,0.0046384,3.49634181029334,29.127722327001,29.124246580661,-2.01141648912364,12.3429721650001,1.92865493310657e-15,4.11206564315941,error,10,0.001092,0,afterChannel,snr,NaN,NaN,NaN,NaN,mmse,not-applicable,1,OK,,1.0517689
106,H_EQ_rawGain_std2_likely_TDL,32QAM,Turbo,1/3,1115,1784,0,NaN,1,1,0,1,0,100,0,27,29,0.0002676,0.0077604,0.0072252,2.84932707767957,30.9051538942687,30.959018425723,17.0451656639023,13.4569991197367,1.92865493310657e-15,4.62589655338655,error,10,0.001638,0,afterChannel,snr,NaN,NaN,NaN,NaN,mmse,not-applicable,1,OK,,1.2573918
107,H_EQ_rawGain_std2_likely_TDL,32QAM,Turbo,1/4,1115,1784,0,NaN,1,1,0,1,0,100,0,27,29,0.0003568,0.0103472,0.0096336,4.45907746973428,27.0150996474871,27.0004827827873,26.7521459570567,14.0950169011232,1.92865493310657e-15,4.9797095163139,error,10,0.002184,0,afterChannel,snr,NaN,NaN,NaN,NaN,mmse,not-applicable,1,OK,,1.5003411
108,H_EQ_rawGain_std2_likely_TDL,32QAM,Turbo,1/6,1115,1784,0,NaN,1,1,0,1,0,100,0,27,29,0.0005352,0.0155208,0.0144504,3.59837853744631,28.8778630450632,28.8447306010642,6.46405065363055,13.8251083202963,1.92865493310657e-15,4.81299677439138,error,10,0.003276,0,afterChannel,snr,NaN,NaN,NaN,NaN,mmse,not-applicable,1,OK,,1.8351881
109,H_EQ_rawGain_std2_likely_TDL,32QAM,TPC,1/2_x8,1024,NaN,0,8,1,1,0,1,0,96.551724137931,0,26,28,0.00016384,0.00458752,0.00425984,4.83389924859496,26.3140481138807,26.3310391768027,-11.762403418793,13.8152061280011,1.92865493310657e-15,4.76859942610092,error,10,0.0098175,0,afterChannel,snr,NaN,NaN,NaN,NaN,mmse,not-applicable,1,OK,,59.6016751
110,H_EQ_rawGain_std2_likely_TDL,32QAM,TPC,2/3_x4,1352,NaN,0,4,1,1,0,1,0,96.551724137931,0,26,28,0.00016224,0.00454272,0.00421824,3.42365448221757,29.3102014221754,29.3164507642669,22.9522233857146,12.8923141481147,1.92865493310657e-15,4.23084889484506,error,10,0.00490875,0,afterChannel,snr,NaN,NaN,NaN,NaN,mmse,not-applicable,1,OK,,30.8250348
111,H_EQ_rawGain_std3_likely_CDL,BPSK,none,none,1115,NaN,0,NaN,1,1,0,1,0,96.551724137931,0,26,28,0.000446,0.012488,0.011596,1.39563430321567,37.1045672918703,37.1045672918655,0.0599824824839417,15.2570980195262,1.92865493310657e-15,5.42514071569369,error,10,0.013428,0,afterChannel,snr,NaN,NaN,NaN,NaN,mmse,not-applicable,1,OK,,1.8773319
112,H_EQ_rawGain_std3_likely_CDL,BPSK,LDPC,1/2,1115,1024,0,NaN,1,1,0,1,0,96.551724137931,0,26,28,0.000892,0.024976,0.023192,1.460392639784,36.7106072902507,36.7106072902463,0.000361193526587161,14.8971341460398,1.92865493310657e-15,5.35283671202444,error,10,0.003168,0,afterChannel,snr,NaN,NaN,NaN,NaN,mmse,not-applicable,1,OK,,1.0416055
113,H_EQ_rawGain_std3_likely_CDL,BPSK,LDPC,2/3,1115,1024,0,NaN,1,1,0,1,0,100,0,26,29,0.000669,0.019401,0.017394,1.46283753960619,36.696078064921,36.6960780649167,-0.0411003983234033,13.4692644532292,1.92865493310657e-15,4.6323172091881,error,10,0.0024,0,afterChannel,snr,NaN,NaN,NaN,NaN,mmse,not-applicable,1,OK,,0.6721621
114,H_EQ_rawGain_std3_likely_CDL,BPSK,LDPC,4/5,1115,1024,0,NaN,1,1,0,1,0,100,0,26,29,0.0005575,0.0161675,0.014495,1.68364183001153,35.4750058552311,35.4750058552278,0.0920886145782693,13.0492079204285,1.92865493310657e-15,4.42760148471068,error,10,0.002016,0,afterChannel,snr,NaN,NaN,NaN,NaN,mmse,not-applicable,1,OK,,0.56044
115,H_EQ_rawGain_std3_likely_CDL,BPSK,LDPC,7/8,1115,7136,0,NaN,1,1,0,1,0,96.551724137931,0,26,28,0.000509714285714286,0.014272,0.0132525714285714,1.36256546582797,37.3128524486986,37.3128524486936,-0.0223558602082821,14.4338276863862,1.92865493310657e-15,5.02078773227168,error,10,0.012288,0,afterChannel,snr,NaN,NaN,NaN,NaN,mmse,not-applicable,1,OK,,4.0060466
116,H_EQ_rawGain_std3_likely_CDL,BPSK,Turbo,1/2,1115,1784,0,NaN,1,1,0,1,0,100,0,26,29,0.000892,0.025868,0.023192,1.5598202693726,36.1385088087638,36.13850880876,0.0378968294361998,14.5155755552683,1.92865493310657e-15,5.12618127234435,error,10,0.00546,0,afterChannel,snr,NaN,NaN,NaN,NaN,mmse,not-applicable,1,OK,,1.5238467
117,H_EQ_rawGain_std3_likely_CDL,BPSK,Turbo,1/3,1115,1784,0,NaN,1,1,0,1,0,100,0,27,29,0.001338,0.038802,0.036126,1.56715229861499,36.097775919587,36.0977759195832,0.0362421996592775,13.707782381549,1.92865493310657e-15,4.62094837003387,error,10,0.00819,0,afterChannel,snr,NaN,NaN,NaN,NaN,mmse,not-applicable,1,OK,,1.8916491
118,H_EQ_rawGain_std3_likely_CDL,BPSK,Turbo,1/4,1115,1784,0,NaN,1,1,0,1,0,100,0,27,29,0.001784,0.051736,0.048168,1.48034748986732,36.5927265675303,36.5927265675261,0.0407563064791732,14.3700467857181,1.92865493310657e-15,5.00642520598214,error,10,0.01092,0,afterChannel,snr,NaN,NaN,NaN,NaN,mmse,not-applicable,1,OK,,2.1620275
119,H_EQ_rawGain_std3_likely_CDL,BPSK,Turbo,1/6,1115,1784,0,NaN,1,1,0,1,0,100,0,27,29,0.002676,0.077604,0.072252,1.31568258921732,37.6169774481543,37.6169774481489,-0.0401160829285924,15.4972887961732,1.92865493310657e-15,5.51874074226586,error,10,0.01638,0,afterChannel,snr,NaN,NaN,NaN,NaN,mmse,not-applicable,1,OK,,2.6844662
120,H_EQ_rawGain_std3_likely_CDL,BPSK,TPC,1/2_x8,1024,NaN,0,8,1,1,0,1,0,100,0,27,29,0.0008192,0.0237568,0.0221184,2.31556552361785,32.7068585050791,32.7068585050774,0.0991423867339927,16.5674550466647,1.92865493310657e-15,5.96652628582971,error,10,0.0491232,0,afterChannel,snr,NaN,NaN,NaN,NaN,mmse,not-applicable,1,OK,,61.5322366
121,H_EQ_rawGain_std3_likely_CDL,BPSK,TPC,2/3_x4,1352,NaN,0,4,1,1,0,1,0,100,0,27,29,0.0008112,0.0235248,0.0219024,2.5217005275801,31.9661298139576,31.9661298139561,0.23330380941052,15.7488391573642,1.92865493310657e-15,5.61042408133904,error,10,0.0245616,0,afterChannel,snr,NaN,NaN,NaN,NaN,mmse,not-applicable,1,OK,,31.7133405
122,H_EQ_rawGain_std3_likely_CDL,QPSK,none,none,1115,NaN,0,NaN,1,1,0,1,0,100,0,26,29,0.000223,0.006467,0.005798,2.17491890913877,33.2511386175899,33.2511386175879,-0.0193572376766205,14.1471393427937,1.92865493310657e-15,4.90126830444121,error,10,0.006714,0,afterChannel,snr,NaN,NaN,NaN,NaN,mmse,not-applicable,1,OK,,1.5773475
123,H_EQ_rawGain_std3_likely_CDL,QPSK,LDPC,1/2,1115,1024,0,NaN,1,1,0,1,0,100,0,26,29,0.000446,0.012934,0.011596,1.57552790490767,36.051478008605,36.0514780086012,-0.0406618899449195,13.2940381884758,1.92865493310657e-15,4.54992219227376,error,10,0.001584,0,afterChannel,snr,NaN,NaN,NaN,NaN,mmse,not-applicable,1,OK,,0.7252321
124,H_EQ_rawGain_std3_likely_CDL,QPSK,LDPC,2/3,1115,1024,0,NaN,1,1,0,1,0,100,0,26,29,0.0003345,0.0097005,0.008697,1.40451636059996,37.0494639505096,37.0494639505049,-0.0165438839361504,13.3195431884811,1.92865493310657e-15,4.54572697063171,error,10,0.0012,0,afterChannel,snr,NaN,NaN,NaN,NaN,mmse,not-applicable,1,OK,,0.5481565
125,H_EQ_rawGain_std3_likely_CDL,QPSK,LDPC,4/5,1115,1024,0,NaN,1,1,0,1,0,100,0,26,29,0.00027875,0.00808375,0.0072475,1.39817212280467,37.0887872244119,37.0887872244071,-0.0115948817300146,13.0271725464223,1.92865493310657e-15,4.3892949919108,error,10,0.001008,0,afterChannel,snr,NaN,NaN,NaN,NaN,mmse,not-applicable,1,OK,,0.4756327
126,H_EQ_rawGain_std3_likely_CDL,QPSK,LDPC,7/8,1115,7136,0,NaN,1,1,0,1,0,100,0,26,29,0.000254857142857143,0.00739085714285714,0.00662628571428571,1.81295311678384,34.8322685334823,34.8322685334795,0.0909562469028636,14.382380499376,1.92865493310657e-15,5.05775167675081,error,10,0.006144,0,afterChannel,snr,NaN,NaN,NaN,NaN,mmse,not-applicable,1,OK,,3.2841689
127,H_EQ_rawGain_std3_likely_CDL,QPSK,Turbo,1/2,1115,1784,0,NaN,1,1,0,1,0,100,0,27,29,0.000446,0.012934,0.012042,1.26765814386805,37.9399569834823,37.9399569834764,0.0539853849615675,14.1896751933583,1.92865493310657e-15,4.97129007033072,error,10,0.00273,0,afterChannel,snr,NaN,NaN,NaN,NaN,mmse,not-applicable,1,OK,,1.2984384
128,H_EQ_rawGain_std3_likely_CDL,QPSK,Turbo,1/3,1115,1784,0,NaN,1,1,0,1,0,100,0,27,29,0.000669,0.019401,0.018063,2.39125336896459,32.4274881019969,32.4274881019953,-0.111483075973714,14.6241505314508,1.92865493310657e-15,5.16195129929723,error,10,0.004095,0,afterChannel,snr,NaN,NaN,NaN,NaN,mmse,not-applicable,1,OK,,1.660651
129,H_EQ_rawGain_std3_likely_CDL,QPSK,Turbo,1/4,1115,1784,0,NaN,1,1,0,1,0,100,0,27,29,0.000892,0.025868,0.024084,1.48970537057887,36.537992330873,36.5379923308688,0.0737810639583126,14.5155352000304,1.92865493310657e-15,5.12618127234435,error,10,0.00546,0,afterChannel,snr,NaN,NaN,NaN,NaN,mmse,not-applicable,1,OK,,1.9481271
130,H_EQ_rawGain_std3_likely_CDL,QPSK,Turbo,1/6,1115,1784,0,NaN,1,1,0,1,0,100,0,27,29,0.001338,0.038802,0.036126,1.49311096046203,36.5181583300845,36.5181583300803,-0.0588379058820143,13.707833753216,1.92865493310657e-15,4.62094837003387,error,10,0.00819,0,afterChannel,snr,NaN,NaN,NaN,NaN,mmse,not-applicable,1,OK,,2.4528486
131,H_EQ_rawGain_std3_likely_CDL,QPSK,TPC,1/2_x8,1024,NaN,0,8,1,1,0,1,0,100,0,27,29,0.0004096,0.0118784,0.0110592,2.5005042678098,32.0394479974139,32.0394479974124,0.0797423536438978,15.7487655649124,1.92865493310657e-15,5.61042408133904,error,10,0.0245616,0,afterChannel,snr,NaN,NaN,NaN,NaN,mmse,not-applicable,1,OK,,59.7293117
132,H_EQ_rawGain_std3_likely_CDL,QPSK,TPC,2/3_x4,1352,NaN,0,4,1,1,0,1,0,100,0,27,29,0.0004056,0.0117624,0.0109512,1.27573299293306,37.8848042525785,37.8848042525727,-0.0610615212550062,14.428383212718,1.92865493310657e-15,5.01822876321195,error,10,0.0122808,0,afterChannel,snr,NaN,NaN,NaN,NaN,mmse,not-applicable,1,OK,,31.3318732
133,H_EQ_rawGain_std3_likely_CDL,8PSK,none,none,1115,NaN,0,NaN,1,1,0,1,0,96.551724137931,0,26,28,0.000148666666666667,0.00416266666666667,0.00386533333333333,1.85054845170405,34.6539907914125,34.6539907914098,0.0272133352210463,14.4186434488501,1.92865493310657e-15,5.02945530751402,error,10,0.004476,0,afterChannel,snr,NaN,NaN,NaN,NaN,mmse,not-applicable,1,OK,,1.66998
134,H_EQ_rawGain_std3_likely_CDL,8PSK,LDPC,1/2,1115,1024,0,NaN,1,1,0,1,0,96.551724137931,0,26,28,0.000297333333333333,0.00832533333333333,0.00773066666666667,1.37516325533169,37.232914812224,37.232914812219,-0.0106123716930104,13.1235041408355,1.92865493310657e-15,4.43868502619311,error,10,0.001056,0,afterChannel,snr,NaN,NaN,NaN,NaN,mmse,not-applicable,1,OK,,0.7773932
135,H_EQ_rawGain_std3_likely_CDL,8PSK,LDPC,2/3,1115,1024,0,NaN,1,1,0,1,0,96.551724137931,0,26,28,0.000223,0.006244,0.005798,1.39219677438143,37.1259875360551,37.1259875360503,0.0182738338288823,12.4244055311381,1.92865493310657e-15,4.1043273287934,error,10,0.0007995,0,afterChannel,snr,NaN,NaN,NaN,NaN,mmse,not-applicable,1,OK,,0.5867073
136,H_EQ_rawGain_std3_likely_CDL,8PSK,LDPC,4/5,1115,1024,0,NaN,1,1,0,1,0,96.551724137931,0,26,28,0.000185833333333333,0.00520333333333333,0.00483166666666667,1.3940068941047,37.1147015683149,37.1147015683101,-0.0250191230271393,11.9195272288694,1.92865493310657e-15,3.88673965283028,error,10,0.000672,0,afterChannel,snr,NaN,NaN,NaN,NaN,mmse,not-applicable,1,OK,,0.5022508
137,H_EQ_rawGain_std3_likely_CDL,8PSK,LDPC,7/8,1115,7136,0,NaN,1,1,0,1,0,96.551724137931,0,26,28,0.000169904761904762,0.00475733333333333,0.00441752380952381,2.39535287971283,32.4126099587841,32.4126099587825,-0.0789153174143486,14.6242066779653,1.92865493310657e-15,5.16195129929723,error,10,0.004095,0,afterChannel,snr,NaN,NaN,NaN,NaN,mmse,not-applicable,1,OK,,2.8112585
138,H_EQ_rawGain_std3_likely_CDL,8PSK,Turbo,1/2,1115,1784,0,NaN,1,1,0,1,0,100,0,26,29,0.000297333333333333,0.00862266666666667,0.00773066666666667,1.68995902757097,35.4424764913423,35.442476491339,0.141957908827053,13.1107433996977,1.92865493310657e-15,4.45443529783525,error,10,0.0018195,0,afterChannel,snr,NaN,NaN,NaN,NaN,mmse,not-applicable,1,OK,,1.3724603
139,H_EQ_rawGain_std3_likely_CDL,8PSK,Turbo,1/3,1115,1784,0,NaN,1,1,0,1,0,100,0,27,29,0.000446,0.012934,0.012042,1.26869290307768,37.9328697904012,37.9328697903954,-0.0826179718998494,14.1894318305042,1.92865493310657e-15,4.97129007033072,error,10,0.00273,0,afterChannel,snr,NaN,NaN,NaN,NaN,mmse,not-applicable,1,OK,,1.7754187
140,H_EQ_rawGain_std3_likely_CDL,8PSK,Turbo,1/4,1115,1784,0,NaN,1,1,0,1,0,100,0,27,29,0.000594666666666667,0.0172453333333333,0.016056,1.60314809945841,35.9005271099155,35.9005271099119,0.0623985825119623,14.9625699334916,1.92865493310657e-15,5.41226856912423,error,10,0.003639,0,afterChannel,snr,NaN,NaN,NaN,NaN,mmse,not-applicable,1,OK,,2.2174946
141,H_EQ_rawGain_std3_likely_CDL,8PSK,Turbo,1/6,1115,1784,0,NaN,1,1,0,1,0,100,0,27,29,0.000892,0.025868,0.024084,1.48458764982314,36.5678831326512,36.567883132647,-0.00785264534118785,14.5153868558572,1.92865493310657e-15,5.12618127234435,error,10,0.00546,0,afterChannel,snr,NaN,NaN,NaN,NaN,mmse,not-applicable,1,OK,,2.8253837
142,H_EQ_rawGain_std3_likely_CDL,8PSK,TPC,1/2_x8,1024,NaN,0,8,1,1,0,1,0,100,0,26,29,0.000273066666666667,0.00791893333333333,0.00709973333333333,1.20551353396147,38.3765581911424,38.3765581911359,-0.0916241621165888,15.4932485307616,1.92865493310657e-15,5.51667849495371,error,10,0.0163744,0,afterChannel,snr,NaN,NaN,NaN,NaN,mmse,not-applicable,1,OK,,59.6807767
143,H_EQ_rawGain_std3_likely_CDL,8PSK,TPC,2/3_x4,1352,NaN,0,4,1,1,0,1,0,96.551724137931,0,26,28,0.0002704,0.0075712,0.0070304,1.51387918247033,36.3981756602609,36.3981756602568,0.037511616611583,13.7072686859828,1.92865493310657e-15,4.62066200155864,error,10,0.0081872,0,afterChannel,snr,NaN,NaN,NaN,NaN,mmse,not-applicable,1,OK,,31.4559106
144,H_EQ_rawGain_std3_likely_CDL,16QAM,none,none,1115,NaN,0,NaN,1,1,0,1,0,96.551724137931,0,26,28,0.0001115,0.003122,0.002899,2.7046027348881,31.3579303428772,31.3704200474007,-9.71461212779737,15.0031880910951,1.92865493310657e-15,5.42802964958288,error,10,0.003357,0,afterChannel,snr,NaN,NaN,NaN,NaN,mmse,not-applicable,1,OK,,1.1572746
145,H_EQ_rawGain_std3_likely_CDL,16QAM,LDPC,1/2,1115,1024,0,NaN,1,1,0,1,0,96.551724137931,0,26,28,0.000223,0.006244,0.005798,2.97664749584416,30.5254518571099,30.5683215856817,-15.7684417356447,12.402583294333,1.92865493310657e-15,4.09224735160174,error,10,0.000792,0,afterChannel,snr,NaN,NaN,NaN,NaN,mmse,not-applicable,1,OK,,0.6387492
146,H_EQ_rawGain_std3_likely_CDL,16QAM,LDPC,2/3,1115,1024,0,NaN,1,1,0,1,0,96.551724137931,0,26,28,0.00016725,0.004683,0.0043485,2.45286714238235,32.2065194875054,32.3000084560974,-7.50734390649452,11.6146819874145,1.92865493310657e-15,3.75593688363551,error,10,0.0006,0,afterChannel,snr,NaN,NaN,NaN,NaN,mmse,not-applicable,1,OK,,0.4891697
147,H_EQ_rawGain_std3_likely_CDL,16QAM,LDPC,4/5,1115,1024,0,NaN,1,1,0,1,0,96.551724137931,0,26,28,0.000139375,0.0039025,0.00362375,2.88309705514128,30.8028147498575,30.8408654855067,-12.5885128537109,11.156227637223,1.92865493310657e-15,3.57986030278449,error,10,0.000504,0,afterChannel,snr,NaN,NaN,NaN,NaN,mmse,not-applicable,1,OK,,0.4239748
148,H_EQ_rawGain_std3_likely_CDL,16QAM,LDPC,7/8,1115,7136,0,NaN,1,1,0,1,0,96.551724137931,0,26,28,0.000127428571428571,0.003568,0.00331314285714286,2.41493684380099,32.3418844514367,32.33144885614,-9.57291525906294,14.7907812446614,1.92865493310657e-15,5.29019758902021,error,10,0.003072,0,afterChannel,snr,NaN,NaN,NaN,NaN,mmse,not-applicable,1,OK,,2.3060116
149,H_EQ_rawGain_std3_likely_CDL,16QAM,Turbo,1/2,1115,1784,0,NaN,1,1,0,1,0,100,0,26,29,0.000223,0.006467,0.005798,3.18058735828227,29.9498534310908,29.9142696211648,31.8001574644764,13.387650847195,1.92865493310657e-15,4.59229006950701,error,10,0.001365,0,afterChannel,snr,NaN,NaN,NaN,NaN,mmse,not-applicable,1,OK,,1.066245
150,H_EQ_rawGain_std3_likely_CDL,16QAM,Turbo,1/3,1115,1784,0,NaN,1,1,0,1,0,100,0,27,29,0.0003345,0.0097005,0.0090315,3.31365623600401,29.5938509596752,29.5428267996106,-7.09771710149627,13.058811379369,1.92865493310657e-15,4.43163610136403,error,10,0.0020475,0,afterChannel,snr,NaN,NaN,NaN,NaN,mmse,not-applicable,1,OK,,1.2824939
151,H_EQ_rawGain_std3_likely_CDL,16QAM,Turbo,1/4,1115,1784,0,NaN,1,1,0,1,0,100,0,27,29,0.000446,0.012934,0.012042,2.54967292008042,31.8703105726155,31.8654437484862,16.3135968311562,14.1895753295434,1.92865493310657e-15,4.97129007033072,error,10,0.00273,0,afterChannel,snr,NaN,NaN,NaN,NaN,mmse,not-applicable,1,OK,,1.518443
152,H_EQ_rawGain_std3_likely_CDL,16QAM,Turbo,1/6,1115,1784,0,NaN,1,1,0,1,0,100,0,27,29,0.000669,0.019401,0.018063,3.61107254072893,28.8472757439428,28.7934383401724,-5.57346242515833,14.6271360270107,1.92865493310657e-15,5.16195129929723,error,10,0.004095,0,afterChannel,snr,NaN,NaN,NaN,NaN,mmse,not-applicable,1,OK,,1.8962847
153,H_EQ_rawGain_std3_likely_CDL,16QAM,TPC,1/2_x8,1024,NaN,0,8,1,1,0,1,0,100,0,27,29,0.0002048,0.0059392,0.0055296,3.60974045118111,28.850480475306,28.8288858699998,2.98382356015149,14.4306828460519,1.92865493310657e-15,5.01822876321195,error,10,0.0122808,0,afterChannel,snr,NaN,NaN,NaN,NaN,mmse,not-applicable,1,OK,,59.1357168
154,H_EQ_rawGain_std3_likely_CDL,16QAM,TPC,2/3_x4,1352,NaN,0,4,1,1,0,1,0,96.551724137931,0,26,28,0.0002028,0.0056784,0.0052728,3.156165297236,30.0168051929179,29.9735080697495,15.6691592576246,14.3877251987868,1.92865493310657e-15,5.05856714354578,error,10,0.0061404,0,afterChannel,snr,NaN,NaN,NaN,NaN,mmse,not-applicable,1,OK,,30.9233879
155,H_EQ_rawGain_std3_likely_CDL,32QAM,none,none,1115,NaN,0,NaN,1,1,0,1,0,96.551724137931,0,26,28,8.92e-05,0.0024976,0.0023192,3.49249021916494,29.1372960293644,29.1477066092246,-30.6108977347761,14.0958364803014,1.92865493310657e-15,4.92314383019162,error,10,0.002685,0,afterChannel,snr,NaN,NaN,NaN,NaN,mmse,not-applicable,1,OK,,1.0904008
156,H_EQ_rawGain_std3_likely_CDL,32QAM,LDPC,1/2,1115,1024,0,NaN,1,1,0,1,0,96.551724137931,0,26,28,0.0001784,0.0049952,0.0046384,3.13280027358053,30.0813458390195,30.1197409658366,-6.92409164064501,11.7451617225244,1.92865493310657e-15,3.81629623703418,error,10,0.000633,0,afterChannel,snr,NaN,NaN,NaN,NaN,mmse,not-applicable,1,OK,,0.6269776
157,H_EQ_rawGain_std3_likely_CDL,32QAM,LDPC,2/3,1115,1024,0,NaN,1,1,0,1,0,96.551724137931,0,26,28,0.0001338,0.0037464,0.0034788,3.5165935254204,29.0775565567141,29.0510708538379,-2.38057534514294,11.0331517777327,1.92865493310657e-15,3.5365286286546,error,10,0.00048,0,afterChannel,snr,NaN,NaN,NaN,NaN,mmse,not-applicable,1,OK,,0.4871639
158,H_EQ_rawGain_std3_likely_CDL,32QAM,LDPC,4/5,1115,1024,0,NaN,1,1,0,1,0,93.1034482758621,0,25,27,0.0001115,0.0030105,0.0027875,3.59279172950086,28.891359153542,28.9093883292496,-12.3744638913625,10.6696474735736,1.92865493310657e-15,3.40076907285177,error,10,0.000402,0,afterChannel,snr,NaN,NaN,NaN,NaN,mmse,not-applicable,1,OK,,0.4284721
159,H_EQ_rawGain_std3_likely_CDL,32QAM,LDPC,7/8,1115,7136,0,NaN,1,1,0,1,0,96.551724137931,0,26,28,0.000101942857142857,0.0028544,0.00265051428571429,3.89310692987854,28.1940733516915,28.188858688484,13.4577755405754,13.581973885142,1.92865493310657e-15,4.68555495546658,error,10,0.002457,0,afterChannel,snr,NaN,NaN,NaN,NaN,mmse,not-applicable,1,OK,,2.2638437
160,H_EQ_rawGain_std3_likely_CDL,32QAM,Turbo,1/2,1115,1784,0,NaN,1,1,0,1,0,96.551724137931,0,26,28,0.0001784,0.0049952,0.0046384,3.46885265506343,29.1962829420572,29.1928071957172,-2.46724145683903,13.1832146402829,1.92865493310657e-15,4.47130111709875,error,10,0.001092,0,afterChannel,snr,NaN,NaN,NaN,NaN,mmse,not-applicable,1,OK,,1.0422114
161,H_EQ_rawGain_std3_likely_CDL,32QAM,Turbo,1/3,1115,1784,0,NaN,1,1,0,1,0,100,0,27,29,0.0002676,0.0077604,0.0072252,3.01307422124184,30.419803403846,30.4746972724143,17.3551737733313,13.2569365763465,1.92865493310657e-15,4.52811777730497,error,10,0.001638,0,afterChannel,snr,NaN,NaN,NaN,NaN,mmse,not-applicable,1,OK,,1.261593
162,H_EQ_rawGain_std3_likely_CDL,32QAM,Turbo,1/4,1115,1784,0,NaN,1,1,0,1,0,100,0,27,29,0.0003568,0.0103472,0.0096336,4.51669905583573,26.9035769036004,26.8889600389006,26.7557048193632,13.1409786856486,1.92865493310657e-15,4.47757760950009,error,10,0.002184,0,afterChannel,snr,NaN,NaN,NaN,NaN,mmse,not-applicable,1,OK,,1.5019662
163,H_EQ_rawGain_std3_likely_CDL,32QAM,Turbo,1/6,1115,1784,0,NaN,1,1,0,1,0,100,0,27,29,0.0005352,0.0155208,0.0144504,3.24052619310786,29.787689276062,29.7545568320629,6.4606582364572,14.9655224823947,1.92865493310657e-15,5.40405593736211,error,10,0.003276,0,afterChannel,snr,NaN,NaN,NaN,NaN,mmse,not-applicable,1,OK,,1.8158318
164,H_EQ_rawGain_std3_likely_CDL,32QAM,TPC,1/2_x8,1024,NaN,0,8,1,1,0,1,0,96.551724137931,0,26,28,0.00016384,0.00458752,0.00425984,4.82053527316429,26.3380946988141,26.3550857617361,-11.492655914333,13.907994115306,1.92865493310657e-15,4.76081836412897,error,10,0.0098175,0,afterChannel,snr,NaN,NaN,NaN,NaN,mmse,not-applicable,1,OK,,59.0103925
165,H_EQ_rawGain_std3_likely_CDL,32QAM,TPC,2/3_x4,1352,NaN,0,4,1,1,0,1,0,96.551724137931,0,26,28,0.00016224,0.00454272,0.00421824,3.42452086225706,29.3080036742881,29.3142530163795,22.4574525427385,14.4281273106161,1.92865493310657e-15,5.05220355326597,error,10,0.00490875,0,afterChannel,snr,NaN,NaN,NaN,NaN,mmse,not-applicable,1,OK,,30.673856
166,H_EQ_rawGain_std4_likely_ITU_P681,BPSK,none,none,1115,NaN,0,NaN,1,1,0,1,0,100,0,26,29,0.000446,0.012934,0.011596,3.91553003306455,28.1441888107957,28.1441888107951,0.109918964808552,15.3385931189318,1.92865493310657e-15,5.3024535151063,error,10,0.013428,0,afterChannel,snr,NaN,NaN,NaN,NaN,mmse,not-applicable,1,OK,,1.7992074
167,H_EQ_rawGain_std4_likely_ITU_P681,BPSK,LDPC,1/2,1115,1024,0,NaN,1,1,0,1,0,100,0,26,29,0.000892,0.025868,0.023192,1.71253616385263,35.3272049736939,35.3272049736907,-0.0786746176391535,11.6681479292574,1.92865493310657e-15,3.73679498877931,error,10,0.003168,0,afterChannel,snr,NaN,NaN,NaN,NaN,mmse,not-applicable,1,OK,,0.862617
168,H_EQ_rawGain_std4_likely_ITU_P681,BPSK,LDPC,2/3,1115,1024,0,NaN,1,1,0,1,0,100,0,26,29,0.000669,0.019401,0.017394,1.85160970792271,34.6490110178599,34.6490110178572,0.11713214341821,12.1839974569723,1.92865493310657e-15,3.9903185392537,error,10,0.0024,0,afterChannel,snr,NaN,NaN,NaN,NaN,mmse,not-applicable,1,OK,,0.6603786
169,H_EQ_rawGain_std4_likely_ITU_P681,BPSK,LDPC,4/5,1115,1024,0,NaN,1,1,0,1,0,96.551724137931,0,26,28,0.0005575,0.01561,0.014495,1.63348581648291,35.737692642809,35.7376926428055,0.098543956855382,12.4550771894989,1.92865493310657e-15,4.12186340327898,error,10,0.002016,0,afterChannel,snr,NaN,NaN,NaN,NaN,mmse,not-applicable,1,OK,,0.6197695
170,H_EQ_rawGain_std4_likely_ITU_P681,BPSK,LDPC,7/8,1115,7136,0,NaN,1,1,0,1,0,96.551724137931,0,26,28,0.000509714285714286,0.014272,0.0132525714285714,1.31479270625892,37.6228542761751,37.6228542761697,-0.0630075714891364,14.8733954916997,1.92865493310657e-15,5.09170556691641,error,10,0.012288,0,afterChannel,snr,NaN,NaN,NaN,NaN,mmse,not-applicable,1,OK,,4.0224519
171,H_EQ_rawGain_std4_likely_ITU_P681,BPSK,Turbo,1/2,1115,1784,0,NaN,1,1,0,1,0,100,0,26,29,0.000892,0.025868,0.023192,1.43503249111509,36.8627653158505,36.862765315846,0.0111967875036772,14.0802384679747,1.92865493310657e-15,4.7800748402238,error,10,0.00546,0,afterChannel,snr,NaN,NaN,NaN,NaN,mmse,not-applicable,1,OK,,1.5226453
172,H_EQ_rawGain_std4_likely_ITU_P681,BPSK,Turbo,1/3,1115,1784,0,NaN,1,1,0,1,0,100,0,27,29,0.001338,0.038802,0.036126,1.52625235149492,36.3274730785924,36.3274730785884,-0.0681021234204057,14.4269880572219,1.92865493310657e-15,4.97666859423071,error,10,0.00819,0,afterChannel,snr,NaN,NaN,NaN,NaN,mmse,not-applicable,1,OK,,1.8906376
173,H_EQ_rawGain_std4_likely_ITU_P681,BPSK,Turbo,1/4,1115,1784,0,NaN,1,1,0,1,0,100,0,27,29,0.001784,0.051736,0.048168,1.41961742038255,36.9565735997095,36.9565735997048,-0.026485277104986,14.3541320380629,1.92865493310657e-15,4.85064138557162,error,10,0.01092,0,afterChannel,snr,NaN,NaN,NaN,NaN,mmse,not-applicable,1,OK,,2.1569974
174,H_EQ_rawGain_std4_likely_ITU_P681,BPSK,Turbo,1/6,1115,1784,0,NaN,1,1,0,1,0,100,0,27,29,0.002676,0.077604,0.072252,1.62692414989456,35.7726538834891,35.7726538834856,0.0430411441249695,15.244860330677,1.92865493310657e-15,5.29786921230137,error,10,0.01638,0,afterChannel,snr,NaN,NaN,NaN,NaN,mmse,not-applicable,1,OK,,2.6291328
175,H_EQ_rawGain_std4_likely_ITU_P681,BPSK,TPC,1/2_x8,1024,NaN,0,8,1,1,0,1,0,100,0,27,29,0.0008192,0.0237568,0.0221184,2.09022559662684,33.596136765025,33.5961367650229,-0.032919546232939,16.171289054756,1.92865493310657e-15,5.61445839589957,error,10,0.0491232,0,afterChannel,snr,NaN,NaN,NaN,NaN,mmse,not-applicable,1,OK,,61.5163792
176,H_EQ_rawGain_std4_likely_ITU_P681,BPSK,TPC,2/3_x4,1352,NaN,0,4,1,1,0,1,0,100,0,27,29,0.0008112,0.0235248,0.0219024,1.63118107999927,35.7499564912825,35.749956491279,-0.00244560120584208,16.1748691456516,1.92865493310657e-15,5.7746940203329,error,10,0.0245616,0,afterChannel,snr,NaN,NaN,NaN,NaN,mmse,not-applicable,1,OK,,31.9264681
177,H_EQ_rawGain_std4_likely_ITU_P681,QPSK,none,none,1115,NaN,0,NaN,1,1,0,1,0,100,0,26,29,0.000223,0.006467,0.005798,1.26029945303372,37.9905250444967,37.9905250444908,-0.188785616772953,14.2862027677639,1.92865493310657e-15,4.89920022040114,error,10,0.006714,0,afterChannel,snr,NaN,NaN,NaN,NaN,mmse,not-applicable,1,OK,,1.5611062
178,H_EQ_rawGain_std4_likely_ITU_P681,QPSK,LDPC,1/2,1115,1024,0,NaN,1,1,0,1,0,100,0,26,29,0.000446,0.012934,0.011596,1.40771193760395,37.0297241298479,37.0297241298432,-0.116315814195048,12.3881260237774,1.92865493310657e-15,4.07294656167242,error,10,0.001584,0,afterChannel,snr,NaN,NaN,NaN,NaN,mmse,not-applicable,1,OK,,0.7147794
179,H_EQ_rawGain_std4_likely_ITU_P681,QPSK,LDPC,2/3,1115,1024,0,NaN,1,1,0,1,0,100,0,26,29,0.0003345,0.0097005,0.008697,1.41775996287243,36.9679458432046,36.9679458431999,-2.54709518014838e-05,11.9258306905774,1.92865493310657e-15,3.84843469567781,error,10,0.0012,0,afterChannel,snr,NaN,NaN,NaN,NaN,mmse,not-applicable,1,OK,,0.5464286
180,H_EQ_rawGain_std4_likely_ITU_P681,QPSK,LDPC,4/5,1115,1024,0,NaN,1,1,0,1,0,100,0,26,29,0.00027875,0.00808375,0.0072475,1.43216500372065,36.880138857363,36.8801388573585,0.0995750064339136,11.626636120166,1.92865493310657e-15,3.7081629600559,error,10,0.001008,0,afterChannel,snr,NaN,NaN,NaN,NaN,mmse,not-applicable,1,OK,,0.4703908
181,H_EQ_rawGain_std4_likely_ITU_P681,QPSK,LDPC,7/8,1115,7136,0,NaN,1,1,0,1,0,96.551724137931,0,26,28,0.000254857142857143,0.007136,0.00662628571428571,1.96065831972337,34.1519616685899,34.1519616685875,0.0283325185137137,13.9744227227113,1.92865493310657e-15,4.73052738211406,error,10,0.006144,0,afterChannel,snr,NaN,NaN,NaN,NaN,mmse,not-applicable,1,OK,,5.1053617
182,H_EQ_rawGain_std4_likely_ITU_P681,QPSK,Turbo,1/2,1115,1784,0,NaN,1,1,0,1,0,100,0,27,29,0.000446,0.012934,0.012042,1.9309502986037,34.2845780906466,34.2845780906441,0.115868236364484,11.8800495335683,1.92865493310657e-15,3.83405802886635,error,10,0.00273,0,afterChannel,snr,NaN,NaN,NaN,NaN,mmse,not-applicable,1,OK,,1.2924881
183,H_EQ_rawGain_std4_likely_ITU_P681,QPSK,Turbo,1/3,1115,1784,0,NaN,1,1,0,1,0,100,0,27,29,0.000669,0.019401,0.018063,1.23414112444263,38.1727035149319,38.1727035149257,0.108128641642204,13.6544412921126,1.92865493310657e-15,4.50556088325135,error,10,0.004095,0,afterChannel,snr,NaN,NaN,NaN,NaN,mmse,not-applicable,1,OK,,1.6236494
184,H_EQ_rawGain_std4_likely_ITU_P681,QPSK,Turbo,1/4,1115,1784,0,NaN,1,1,0,1,0,100,0,27,29,0.000892,0.025868,0.024084,1.33086163725139,37.5173418702471,37.5173418702418,0.116341302511069,14.0804748444874,1.92865493310657e-15,4.7800748402238,error,10,0.00546,0,afterChannel,snr,NaN,NaN,NaN,NaN,mmse,not-applicable,1,OK,,2.0024701
185,H_EQ_rawGain_std4_likely_ITU_P681,QPSK,Turbo,1/6,1115,1784,0,NaN,1,1,0,1,0,100,0,27,29,0.001338,0.038802,0.036126,1.45794366317131,36.7251851478852,36.7251851478808,0.0877577005135757,14.4269790370816,1.92865493310657e-15,4.97666859423071,error,10,0.00819,0,afterChannel,snr,NaN,NaN,NaN,NaN,mmse,not-applicable,1,OK,,2.5216818
186,H_EQ_rawGain_std4_likely_ITU_P681,QPSK,TPC,1/2_x8,1024,NaN,0,8,1,1,0,1,0,100,0,27,29,0.0004096,0.0118784,0.0110592,1.5323226162251,36.2929957685352,36.2929957685313,-0.0998072386468504,16.1746163487687,1.92865493310657e-15,5.7746940203329,error,10,0.0245616,0,afterChannel,snr,NaN,NaN,NaN,NaN,mmse,not-applicable,1,OK,,59.7054245
187,H_EQ_rawGain_std4_likely_ITU_P681,QPSK,TPC,2/3_x4,1352,NaN,0,4,1,1,0,1,0,100,0,27,29,0.0004056,0.0117624,0.0109512,1.21246215194266,38.3266361878581,38.3266361878517,0.0461161295110551,14.8636248547371,1.92865493310657e-15,5.0875204535055,error,10,0.0122808,0,afterChannel,snr,NaN,NaN,NaN,NaN,mmse,not-applicable,1,OK,,31.2850639
188,H_EQ_rawGain_std4_likely_ITU_P681,8PSK,none,none,1115,NaN,0,NaN,1,1,0,1,0,96.551724137931,0,26,28,0.000148666666666667,0.00416266666666667,0.00386533333333333,1.47081114261507,36.6488617729915,36.6488617729871,0.0200892911549881,13.8671941795624,1.92865493310657e-15,4.63289572906319,error,10,0.004476,0,afterChannel,snr,NaN,NaN,NaN,NaN,mmse,not-applicable,1,OK,,1.6854905
189,H_EQ_rawGain_std4_likely_ITU_P681,8PSK,LDPC,1/2,1115,1024,0,NaN,1,1,0,1,0,96.551724137931,0,26,28,0.000297333333333333,0.00832533333333333,0.00773066666666667,1.41872829796633,36.9620153747439,36.9620153747392,-0.0690840817484612,11.7057910944898,1.92865493310657e-15,3.74506107998294,error,10,0.001056,0,afterChannel,snr,NaN,NaN,NaN,NaN,mmse,not-applicable,1,OK,,0.7832399
190,H_EQ_rawGain_std4_likely_ITU_P681,8PSK,LDPC,2/3,1115,1024,0,NaN,1,1,0,1,0,96.551724137931,0,26,28,0.000223,0.006244,0.005798,1.4081195831222,37.0272092322189,37.0272092322141,0.00362890793064678,11.1991223760264,1.92865493310657e-15,3.51565361823427,error,10,0.0007995,0,afterChannel,snr,NaN,NaN,NaN,NaN,mmse,not-applicable,1,OK,,0.5906732
191,H_EQ_rawGain_std4_likely_ITU_P681,8PSK,LDPC,4/5,1115,1024,0,NaN,1,1,0,1,0,96.551724137931,0,26,28,0.000185833333333333,0.00520333333333333,0.00483166666666667,1.39211304695656,37.1265099256015,37.1265099255967,-0.0554916304796319,10.8030254252786,1.92865493310657e-15,3.35060040962672,error,10,0.000672,0,afterChannel,snr,NaN,NaN,NaN,NaN,mmse,not-applicable,1,OK,,0.5050539
192,H_EQ_rawGain_std4_likely_ITU_P681,8PSK,LDPC,7/8,1115,7136,0,NaN,1,1,0,1,0,96.551724137931,0,26,28,0.000169904761904762,0.00475733333333333,0.00441752380952381,1.22419186103043,38.243010244185,38.2430102441787,0.018919740772925,13.6542626939956,1.92865493310657e-15,4.50556088325135,error,10,0.004095,0,afterChannel,snr,NaN,NaN,NaN,NaN,mmse,not-applicable,1,OK,,2.8199545
193,H_EQ_rawGain_std4_likely_ITU_P681,8PSK,Turbo,1/2,1115,1784,0,NaN,1,1,0,1,0,100,0,27,29,0.000297333333333333,0.00862266666666667,0.008028,1.47030421901088,36.6518559313179,36.6518559313136,-0.0356606193708725,12.492756066993,1.92865493310657e-15,4.13293428482741,error,10,0.0018195,0,afterChannel,snr,NaN,NaN,NaN,NaN,mmse,not-applicable,1,OK,,1.347664
194,H_EQ_rawGain_std4_likely_ITU_P681,8PSK,Turbo,1/3,1115,1784,0,NaN,1,1,0,1,0,100,0,27,29,0.000446,0.012934,0.012042,1.944990140729,34.2216519159463,34.2216519159438,-0.014379479884215,11.8800561706631,1.92865493310657e-15,3.83405802886635,error,10,0.00273,0,afterChannel,snr,NaN,NaN,NaN,NaN,mmse,not-applicable,1,OK,,1.7793822
195,H_EQ_rawGain_std4_likely_ITU_P681,8PSK,Turbo,1/4,1115,1784,0,NaN,1,1,0,1,0,100,0,27,29,0.000594666666666667,0.0172453333333333,0.016056,1.23606084869633,38.1592029861966,38.1592029861905,0.094109252056216,12.5366683182117,1.92865493310657e-15,4.05861481391577,error,10,0.003639,0,afterChannel,snr,NaN,NaN,NaN,NaN,mmse,not-applicable,1,OK,,2.2222721
196,H_EQ_rawGain_std4_likely_ITU_P681,8PSK,Turbo,1/6,1115,1784,0,NaN,1,1,0,1,0,100,0,27,29,0.000892,0.025868,0.024084,1.32066026469424,37.5841777755627,37.5841777755573,-0.040248854632006,14.0805613081935,1.92865493310657e-15,4.7800748402238,error,10,0.00546,0,afterChannel,snr,NaN,NaN,NaN,NaN,mmse,not-applicable,1,OK,,2.8530357
197,H_EQ_rawGain_std4_likely_ITU_P681,8PSK,TPC,1/2_x8,1024,NaN,0,8,1,1,0,1,0,100,0,27,29,0.000273066666666667,0.00791893333333333,0.0073728,1.52149503652562,36.3545892014832,36.3545892014792,0.0161119846143659,15.2451069489938,1.92865493310657e-15,5.29781915615464,error,10,0.0163744,0,afterChannel,snr,NaN,NaN,NaN,NaN,mmse,not-applicable,1,OK,,59.820277
198,H_EQ_rawGain_std4_likely_ITU_P681,8PSK,TPC,2/3_x4,1352,NaN,0,4,1,1,0,1,0,96.551724137931,0,26,28,0.0002704,0.0075712,0.0070304,1.4635811736151,36.6916637116076,36.6916637116033,-0.0344500129206034,14.4263885269535,1.92865493310657e-15,4.97623784692725,error,10,0.0081872,0,afterChannel,snr,NaN,NaN,NaN,NaN,mmse,not-applicable,1,OK,,31.4754069
199,H_EQ_rawGain_std4_likely_ITU_P681,16QAM,none,none,1115,NaN,0,NaN,1,1,0,1,0,96.551724137931,0,26,28,0.0001115,0.003122,0.002899,2.67748146375606,31.4454705422569,31.4579602467804,-9.82780317118495,11.8656157799,1.92865493310657e-15,3.81542827605806,error,10,0.003357,0,afterChannel,snr,NaN,NaN,NaN,NaN,mmse,not-applicable,1,OK,,1.1649026
200,H_EQ_rawGain_std4_likely_ITU_P681,16QAM,LDPC,1/2,1115,1024,0,NaN,1,1,0,1,0,96.551724137931,0,26,28,0.000223,0.006244,0.005798,2.97741771993324,30.5232046256036,30.5660743541754,-15.8858826269158,11.1864416955438,1.92865493310657e-15,3.50721932495227,error,10,0.000792,0,afterChannel,snr,NaN,NaN,NaN,NaN,mmse,not-applicable,1,OK,,0.6331189
201,H_EQ_rawGain_std4_likely_ITU_P681,16QAM,LDPC,2/3,1115,1024,0,NaN,1,1,0,1,0,96.551724137931,0,26,28,0.00016725,0.004683,0.0043485,2.43641643424034,32.264969594709,32.3577784372611,-7.38238225461679,10.5249810572682,1.92865493310657e-15,3.23308972687622,error,10,0.0006,0,afterChannel,snr,NaN,NaN,NaN,NaN,mmse,not-applicable,1,OK,,0.482566
202,H_EQ_rawGain_std4_likely_ITU_P681,16QAM,LDPC,4/5,1115,1024,0,NaN,1,1,0,1,0,96.551724137931,0,26,28,0.000139375,0.0039025,0.00362375,2.84072398118667,30.9314192486042,30.9694699842533,-12.4115884473769,9.98934651318739,1.92865493310657e-15,3.04302998933271,error,10,0.000504,0,afterChannel,snr,NaN,NaN,NaN,NaN,mmse,not-applicable,1,OK,,0.4252895
203,H_EQ_rawGain_std4_likely_ITU_P681,16QAM,LDPC,7/8,1115,7136,0,NaN,1,1,0,1,0,96.551724137931,0,26,28,0.000127428571428571,0.003568,0.00331314285714286,2.68823415333851,31.410658112112,31.4002225168156,-9.93880961614721,11.6564909537955,1.92865493310657e-15,3.72871864821462,error,10,0.003072,0,afterChannel,snr,NaN,NaN,NaN,NaN,mmse,not-applicable,1,OK,,2.3213655
204,H_EQ_rawGain_std4_likely_ITU_P681,16QAM,Turbo,1/2,1115,1784,0,NaN,1,1,0,1,0,96.551724137931,0,26,28,0.000223,0.006244,0.005798,3.16771811755431,29.985069429513,29.9494856195871,32.159786759026,12.1516646802703,1.92865493310657e-15,3.95701556135153,error,10,0.001365,0,afterChannel,snr,NaN,NaN,NaN,NaN,mmse,not-applicable,1,OK,,1.0631167
205,H_EQ_rawGain_std4_likely_ITU_P681,16QAM,Turbo,1/3,1115,1784,0,NaN,1,1,0,1,0,100,0,27,29,0.0003345,0.0097005,0.0090315,3.27433808880306,29.6975295985371,29.6465054384724,-7.57597635876213,12.445888789308,1.92865493310657e-15,4.11548305690281,error,10,0.0020475,0,afterChannel,snr,NaN,NaN,NaN,NaN,mmse,not-applicable,1,OK,,1.278657
206,H_EQ_rawGain_std4_likely_ITU_P681,16QAM,Turbo,1/4,1115,1784,0,NaN,1,1,0,1,0,100,0,27,29,0.000446,0.012934,0.012042,2.98178829151345,30.5104638983541,30.5055970742253,15.8157912706542,11.8758674414243,1.92865493310657e-15,3.83405802886635,error,10,0.00273,0,afterChannel,snr,NaN,NaN,NaN,NaN,mmse,not-applicable,1,OK,,1.5207959
207,H_EQ_rawGain_std4_likely_ITU_P681,16QAM,Turbo,1/6,1115,1784,0,NaN,1,1,0,1,0,100,0,27,29,0.000669,0.019401,0.018063,3.049268543978,30.3160865272409,30.2622491234703,-5.48088290593295,13.6407014951718,1.92865493310657e-15,4.50556088325135,error,10,0.004095,0,afterChannel,snr,NaN,NaN,NaN,NaN,mmse,not-applicable,1,OK,,1.8877064
208,H_EQ_rawGain_std4_likely_ITU_P681,16QAM,TPC,1/2_x8,1024,NaN,0,8,1,1,0,1,0,100,0,27,29,0.0002048,0.0059392,0.0055296,3.58367965973394,28.9134163653972,28.891821760091,2.77933107805064,14.8653688908198,1.92865493310657e-15,5.0875204535055,error,10,0.0122808,0,afterChannel,snr,NaN,NaN,NaN,NaN,mmse,not-applicable,1,OK,,59.1135446
209,H_EQ_rawGain_std4_likely_ITU_P681,16QAM,TPC,2/3_x4,1352,NaN,0,4,1,1,0,1,0,96.551724137931,0,26,28,0.0002028,0.0056784,0.0052728,3.23243632753086,29.8094004217547,29.7661032985864,15.8692470819134,13.9792168071137,1.92865493310657e-15,4.7309068050674,error,10,0.0061404,0,afterChannel,snr,NaN,NaN,NaN,NaN,mmse,not-applicable,1,OK,,30.8875612
210,H_EQ_rawGain_std4_likely_ITU_P681,32QAM,none,none,1115,NaN,0,NaN,1,1,0,1,0,96.551724137931,0,26,28,8.92e-05,0.0024976,0.0023192,3.81380310497168,28.3728346402291,28.3832452200895,-30.141703021324,11.9188339949188,1.92865493310657e-15,3.8556601180965,error,10,0.002685,0,afterChannel,snr,NaN,NaN,NaN,NaN,mmse,not-applicable,1,OK,,1.1435026
211,H_EQ_rawGain_std4_likely_ITU_P681,32QAM,LDPC,1/2,1115,1024,0,NaN,1,1,0,1,0,96.551724137931,0,26,28,0.0001784,0.0049952,0.0046384,3.14866329210031,30.0374755786395,30.0765594058734,-7.10341665652196,10.6401958818353,1.92865493310657e-15,3.28941937751598,error,10,0.000633,0,afterChannel,snr,NaN,NaN,NaN,NaN,mmse,not-applicable,1,OK,,0.6394833
212,H_EQ_rawGain_std4_likely_ITU_P681,32QAM,LDPC,2/3,1115,1024,0,NaN,1,1,0,1,0,96.551724137931,0,26,28,0.0001338,0.0037464,0.0034788,3.47304430897219,29.1857935188157,29.1593078159394,-2.26725699526358,9.82053445164864,1.92865493310657e-15,2.98898926853007,error,10,0.00048,0,afterChannel,snr,NaN,NaN,NaN,NaN,mmse,not-applicable,1,OK,,0.4979732
213,H_EQ_rawGain_std4_likely_ITU_P681,32QAM,LDPC,4/5,1115,1024,0,NaN,1,1,0,1,0,93.1034482758621,0,25,27,0.0001115,0.0030105,0.0027875,3.5563452162019,28.9799217694771,28.9979509451847,-12.1568573396892,9.22112075130285,1.92865493310657e-15,2.79416279490333,error,10,0.000402,0,afterChannel,snr,NaN,NaN,NaN,NaN,mmse,not-applicable,1,OK,,0.4385202
214,H_EQ_rawGain_std4_likely_ITU_P681,32QAM,LDPC,7/8,1115,7136,0,NaN,1,1,0,1,0,96.551724137931,0,26,28,0.000101942857142857,0.0028544,0.00265051428571429,4.09978320905271,27.7447821514657,27.7395674882582,14.5852332673982,12.1333101084904,1.92865493310657e-15,3.96462163158578,error,10,0.002457,0,afterChannel,snr,NaN,NaN,NaN,NaN,mmse,not-applicable,1,OK,,2.3083105
215,H_EQ_rawGain_std4_likely_ITU_P681,32QAM,Turbo,1/2,1115,1784,0,NaN,1,1,0,1,0,96.551724137931,0,26,28,0.0001784,0.0049952,0.0046384,3.49126138309327,29.1403527058386,29.1368769594986,-1.87181504685384,11.7578719551515,1.92865493310657e-15,3.77176857932046,error,10,0.001092,0,afterChannel,snr,NaN,NaN,NaN,NaN,mmse,not-applicable,1,OK,,1.0525209
216,H_EQ_rawGain_std4_likely_ITU_P681,32QAM,Turbo,1/3,1115,1784,0,NaN,1,1,0,1,0,100,0,27,29,0.0002676,0.0077604,0.0072252,2.87252993797674,30.8347087265596,30.8885732580139,16.8816950244497,12.4369252765466,1.92865493310657e-15,4.09358538613124,error,10,0.001638,0,afterChannel,snr,NaN,NaN,NaN,NaN,mmse,not-applicable,1,OK,,1.2659569
217,H_EQ_rawGain_std4_likely_ITU_P681,32QAM,Turbo,1/4,1115,1784,0,NaN,1,1,0,1,0,100,0,27,29,0.0003568,0.0103472,0.0096336,4.56628914030914,26.8087318434902,26.7941149787905,26.8950763631753,12.3520355015726,1.92865493310657e-15,4.07656913169449,error,10,0.002184,0,afterChannel,snr,NaN,NaN,NaN,NaN,mmse,not-applicable,1,OK,,1.4834599
218,H_EQ_rawGain_std4_likely_ITU_P681,32QAM,Turbo,1/6,1115,1784,0,NaN,1,1,0,1,0,100,0,27,29,0.0005352,0.0155208,0.0144504,3.3032131638177,29.6212679879783,29.5891857059524,6.20530553128091,11.7538162571721,1.92865493310657e-15,3.7717409379739,error,10,0.003276,0,afterChannel,snr,NaN,NaN,NaN,NaN,mmse,not-applicable,1,OK,,1.8193979
219,H_EQ_rawGain_std4_likely_ITU_P681,32QAM,TPC,1/2_x8,1024,NaN,0,8,1,1,0,1,0,96.551724137931,0,26,28,0.00016384,0.00458752,0.00425984,9.29751010842954,20.6326668159105,20.6371811314848,-9.92940611140847,14.0856259468838,1.92865493310657e-15,4.70869836251025,error,10,0.0098175,0,afterChannel,snr,NaN,NaN,NaN,NaN,mmse,not-applicable,1,OK,,58.9299981
220,H_EQ_rawGain_std4_likely_ITU_P681,32QAM,TPC,2/3_x4,1352,NaN,0,4,1,1,0,1,0,96.551724137931,0,26,28,0.00016224,0.00454272,0.00421824,3.48271526994512,29.1616405983823,29.1678899404737,22.8552571802865,13.768006675737,1.92865493310657e-15,4.59317869953996,error,10,0.00490875,0,afterChannel,snr,NaN,NaN,NaN,NaN,mmse,not-applicable,1,OK,,30.5237785
221,H_EQ_rawGain_std5_likely_Jakes,BPSK,none,none,1115,NaN,0,NaN,1,1,0,1,0,96.551724137931,0,26,28,0.000446,0.012488,0.011596,1.92630588579656,34.3054949676405,34.305494967638,-0.144717960414344,-65.3977889342208,1.92865493310657e-15,0.000532747332590002,error,2,0.013428,0,afterChannel,snr,NaN,NaN,NaN,NaN,mmse,not-applicable,1,OK,,1.8296859
222,H_EQ_rawGain_std5_likely_Jakes,BPSK,LDPC,1/2,1115,1024,0,NaN,1,1,0,1,0,100,0,26,29,0.000892,0.025868,0.023192,1.69396466895163,35.4219130399569,35.4219130399536,-0.183648127042305,-64.6701243929646,1.92865493310657e-15,0.000583481024949314,error,2,0.003168,0,afterChannel,snr,NaN,NaN,NaN,NaN,mmse,not-applicable,1,OK,,0.8022719
223,H_EQ_rawGain_std5_likely_Jakes,BPSK,LDPC,2/3,1115,1024,0,NaN,1,1,0,1,0,100,0,26,29,0.000669,0.019401,0.017394,1.57944567560571,36.0299061376951,36.0299061376913,0.0388308112618449,-64.6219404634301,1.92865493310657e-15,0.000586838768446649,error,2,0.0024,0,afterChannel,snr,NaN,NaN,NaN,NaN,mmse,not-applicable,1,OK,,0.6129683
224,H_EQ_rawGain_std5_likely_Jakes,BPSK,LDPC,4/5,1115,1024,0,NaN,1,1,0,1,0,100,0,26,29,0.0005575,0.0161675,0.014495,1.61818953975357,35.8194122101236,35.81941221012,-0.0701526245404597,-64.6691065769373,1.92865493310657e-15,0.000583620037183968,error,2,0.002016,0,afterChannel,snr,NaN,NaN,NaN,NaN,mmse,not-applicable,1,OK,,0.5095759
225,H_EQ_rawGain_std5_likely_Jakes,BPSK,LDPC,7/8,1115,7136,0,NaN,1,1,0,1,0,96.551724137931,0,26,28,0.000509714285714286,0.014272,0.0132525714285714,1.62549468172433,35.7802889417089,35.7802889417054,0.0489744661679017,-65.2158178513865,1.92865493310657e-15,0.000546026403050969,error,2,0.012288,0,afterChannel,snr,NaN,NaN,NaN,NaN,mmse,not-applicable,1,OK,,3.9662546
226,H_EQ_rawGain_std5_likely_Jakes,BPSK,Turbo,1/2,1115,1784,0,NaN,1,1,0,1,0,100,0,26,29,0.000892,0.025868,0.023192,1.87904851687717,34.5212401261425,34.5212401261399,-0.0758130458223997,-65.2832789484998,1.92865493310657e-15,0.000541058961600369,error,2,0.00546,0,afterChannel,snr,NaN,NaN,NaN,NaN,mmse,not-applicable,1,OK,,1.4540869
227,H_EQ_rawGain_std5_likely_Jakes,BPSK,Turbo,1/3,1115,1784,0,NaN,1,1,0,1,0,100,0,27,29,0.001338,0.038802,0.036126,1.52553891838504,36.3315341698149,36.3315341698109,0.00605819848964757,-65.2364698616507,1.92865493310657e-15,0.000544125222988424,error,2,0.00819,0,afterChannel,snr,NaN,NaN,NaN,NaN,mmse,not-applicable,1,OK,,1.8129169
228,H_EQ_rawGain_std5_likely_Jakes,BPSK,Turbo,1/4,1115,1784,0,NaN,1,1,0,1,0,100,0,27,29,0.001784,0.051736,0.048168,1.74618484692556,35.1581956965653,35.1581956965623,0.141879604647767,-65.187544894605,1.92865493310657e-15,0.000547698176225807,error,2,0.01092,0,afterChannel,snr,NaN,NaN,NaN,NaN,mmse,not-applicable,1,OK,,2.0732011
229,H_EQ_rawGain_std5_likely_Jakes,BPSK,Turbo,1/6,1115,1784,0,NaN,1,1,0,1,0,100,0,27,29,0.002676,0.077604,0.072252,1.4379096552491,36.8453680017243,36.8453680017198,-0.0175288431815985,-65.1868842406704,1.92865493310657e-15,0.000545463360134066,error,2,0.01638,0,afterChannel,snr,NaN,NaN,NaN,NaN,mmse,not-applicable,1,OK,,2.574544
230,H_EQ_rawGain_std5_likely_Jakes,BPSK,TPC,1/2_x8,1024,NaN,0,8,1,1,0,1,0,100,0,27,29,0.0008192,0.0237568,0.0221184,1.62077858903717,35.8055261820799,35.8055261820763,0.0100086322970059,-65.1538548485867,1.92865493310657e-15,0.000545033623607102,error,2,0.0491232,0,afterChannel,snr,NaN,NaN,NaN,NaN,mmse,not-applicable,1,OK,,60.8064032
231,H_EQ_rawGain_std5_likely_Jakes,BPSK,TPC,2/3_x4,1352,NaN,0,4,1,1,0,1,0,100,0,27,29,0.0008112,0.0235248,0.0219024,1.65070655633656,35.6466024752723,35.6466024752688,-0.0436387230605901,-65.3766274429777,1.92865493310657e-15,0.000532280216093913,error,2,0.0245616,0,afterChannel,snr,NaN,NaN,NaN,NaN,mmse,not-applicable,1,OK,,31.4542692
232,H_EQ_rawGain_std5_likely_Jakes,QPSK,none,none,1115,NaN,0,NaN,1,1,0,1,0,100,0,26,29,0.000223,0.006467,0.005798,1.4747973611132,36.6253529631545,36.6253529631502,0.0149730137837715,-65.3784306520373,1.92865493310657e-15,0.00053498186201435,error,2,0.006714,0,afterChannel,snr,NaN,NaN,NaN,NaN,mmse,not-applicable,1,OK,,1.5054142
233,H_EQ_rawGain_std5_likely_Jakes,QPSK,LDPC,1/2,1115,1024,0,NaN,1,1,0,1,0,100,0,26,29,0.000446,0.012934,0.011596,1.53300138290778,36.2891490674401,36.2891490674362,-0.0380985840643938,-64.6183863953921,1.92865493310657e-15,0.000586956611534714,error,2,0.001584,0,afterChannel,snr,NaN,NaN,NaN,NaN,mmse,not-applicable,1,OK,,0.6681577
234,H_EQ_rawGain_std5_likely_Jakes,QPSK,LDPC,2/3,1115,1024,0,NaN,1,1,0,1,0,100,0,26,29,0.0003345,0.0097005,0.008697,1.52708600110786,36.322730080681,36.322730080677,0.036646599705453,-64.523417364357,1.92865493310657e-15,0.000593374824698619,error,2,0.0012,0,afterChannel,snr,NaN,NaN,NaN,NaN,mmse,not-applicable,1,OK,,0.4996618
235,H_EQ_rawGain_std5_likely_Jakes,QPSK,LDPC,4/5,1115,1024,0,NaN,1,1,0,1,0,100,0,26,29,0.00027875,0.00808375,0.0072475,1.50234883534047,36.4645843070394,36.4645843070352,0.105323146006547,-64.5187743549087,1.92865493310657e-15,0.000593570531831361,error,2,0.001008,0,afterChannel,snr,NaN,NaN,NaN,NaN,mmse,not-applicable,1,OK,,0.419939
236,H_EQ_rawGain_std5_likely_Jakes,QPSK,LDPC,7/8,1115,7136,0,NaN,1,1,0,1,0,100,0,26,29,0.000254857142857143,0.00739085714285714,0.00662628571428571,1.55804103314371,36.1484221754612,36.1484221754574,-0.119144185701501,-65.4158411143297,1.92865493310657e-15,0.000532425465291277,error,2,0.006144,0,afterChannel,snr,NaN,NaN,NaN,NaN,mmse,not-applicable,1,OK,,3.2436829
237,H_EQ_rawGain_std5_likely_Jakes,QPSK,Turbo,1/2,1115,1784,0,NaN,1,1,0,1,0,100,0,27,29,0.000446,0.012934,0.012042,1.50302478701267,36.4606771444285,36.4606771444244,0.00820945007920927,-64.5939648567558,1.92865493310657e-15,0.000588769164550134,error,2,0.00273,0,afterChannel,snr,NaN,NaN,NaN,NaN,mmse,not-applicable,1,OK,,1.2381654
238,H_EQ_rawGain_std5_likely_Jakes,QPSK,Turbo,1/3,1115,1784,0,NaN,1,1,0,1,0,100,0,27,29,0.000669,0.019401,0.018063,1.60083811248907,35.9130516927509,35.9130516927472,0.0265796478637567,-64.9641522007228,1.92865493310657e-15,0.00056284225693413,error,2,0.004095,0,afterChannel,snr,NaN,NaN,NaN,NaN,mmse,not-applicable,1,OK,,1.5754932
239,H_EQ_rawGain_std5_likely_Jakes,QPSK,Turbo,1/4,1115,1784,0,NaN,1,1,0,1,0,100,0,27,29,0.000892,0.025868,0.024084,1.82708768510813,34.7648121920318,34.764812192029,0.0963997763611901,-65.2833135719796,1.92865493310657e-15,0.000541058961600369,error,2,0.00546,0,afterChannel,snr,NaN,NaN,NaN,NaN,mmse,not-applicable,1,OK,,1.9076183
240,H_EQ_rawGain_std5_likely_Jakes,QPSK,Turbo,1/6,1115,1784,0,NaN,1,1,0,1,0,100,0,27,29,0.001338,0.038802,0.036126,1.43309591712105,36.8744948259352,36.8744948259307,-0.0166288746988026,-65.2364326237822,1.92865493310657e-15,0.000544125222988424,error,2,0.00819,0,afterChannel,snr,NaN,NaN,NaN,NaN,mmse,not-applicable,1,OK,,2.3829956
241,H_EQ_rawGain_std5_likely_Jakes,QPSK,TPC,1/2_x8,1024,NaN,0,8,1,1,0,1,0,100,0,27,29,0.0004096,0.0118784,0.0110592,1.58731955588264,35.9867126635675,35.9867126635638,-0.036300892250686,-65.3765712417517,1.92865493310657e-15,0.000532280216093913,error,2,0.0245616,0,afterChannel,snr,NaN,NaN,NaN,NaN,mmse,not-applicable,1,OK,,58.8822483
242,H_EQ_rawGain_std5_likely_Jakes,QPSK,TPC,2/3_x4,1352,NaN,0,4,1,1,0,1,0,100,0,27,29,0.0004056,0.0117624,0.0109512,1.54099447557255,36.2439783642773,36.2439783642733,0.0317756507288777,-65.2155899230516,1.92865493310657e-15,0.000546040443010148,error,2,0.0122808,0,afterChannel,snr,NaN,NaN,NaN,NaN,mmse,not-applicable,1,OK,,31.1571428
243,H_EQ_rawGain_std5_likely_Jakes,8PSK,none,none,1115,NaN,0,NaN,1,1,0,1,0,96.551724137931,0,26,28,0.000148666666666667,0.00416266666666667,0.00386533333333333,1.58544439628689,35.9969796934786,35.9969796934748,0.15985189040119,-65.0129299438132,1.92865493310657e-15,0.000559733337305693,error,2,0.004476,0,afterChannel,snr,NaN,NaN,NaN,NaN,mmse,not-applicable,1,OK,,1.6390551
244,H_EQ_rawGain_std5_likely_Jakes,8PSK,LDPC,1/2,1115,1024,0,NaN,1,1,0,1,0,96.551724137931,0,26,28,0.000297333333333333,0.00832533333333333,0.00773066666666667,1.47985464783702,36.5956187832133,36.595618783209,-0.0878169086100426,-64.5148852659584,1.92865493310657e-15,0.000593872790665445,error,2,0.001056,0,afterChannel,snr,NaN,NaN,NaN,NaN,mmse,not-applicable,1,OK,,0.7261505
245,H_EQ_rawGain_std5_likely_Jakes,8PSK,LDPC,2/3,1115,1024,0,NaN,1,1,0,1,0,96.551724137931,0,26,28,0.000223,0.006244,0.005798,1.49238705962533,36.5223705069859,36.5223705069816,-0.15611915558974,-64.5869368258879,1.92865493310657e-15,0.000588804902722306,error,2,0.0007995,0,afterChannel,snr,NaN,NaN,NaN,NaN,mmse,not-applicable,1,OK,,0.5422139
246,H_EQ_rawGain_std5_likely_Jakes,8PSK,LDPC,4/5,1115,1024,0,NaN,1,1,0,1,0,96.551724137931,0,26,28,0.000185833333333333,0.00520333333333333,0.00483166666666667,1.44914312128732,36.7777744062998,36.7777744062953,0.262595674983919,-64.6766040762523,1.92865493310657e-15,0.000582759541661773,error,2,0.000672,0,afterChannel,snr,NaN,NaN,NaN,NaN,mmse,not-applicable,1,OK,,0.4645177
247,H_EQ_rawGain_std5_likely_Jakes,8PSK,LDPC,7/8,1115,7136,0,NaN,1,1,0,1,0,96.551724137931,0,26,28,0.000169904761904762,0.00475733333333333,0.00441752380952381,1.61409765185289,35.8414038857367,35.8414038857331,0.00243088637168213,-64.9641419549159,1.92865493310657e-15,0.00056284225693413,error,2,0.004095,0,afterChannel,snr,NaN,NaN,NaN,NaN,mmse,not-applicable,1,OK,,2.7455668
248,H_EQ_rawGain_std5_likely_Jakes,8PSK,Turbo,1/2,1115,1784,0,NaN,1,1,0,1,0,100,0,26,29,0.000297333333333333,0.00862266666666667,0.00773066666666667,1.56459114889458,36.1119826189225,36.1119826189187,-0.0769100378264014,-64.6628433372238,1.92865493310657e-15,0.000583987207386539,error,2,0.0018195,0,afterChannel,snr,NaN,NaN,NaN,NaN,mmse,not-applicable,1,OK,,1.3353118
249,H_EQ_rawGain_std5_likely_Jakes,8PSK,Turbo,1/3,1115,1784,0,NaN,1,1,0,1,0,100,0,27,29,0.000446,0.012934,0.012042,1.49742656398977,36.4930893371841,36.4930893371799,0.0446768956826145,-64.5939867993892,1.92865493310657e-15,0.000588769164550134,error,2,0.00273,0,afterChannel,snr,NaN,NaN,NaN,NaN,mmse,not-applicable,1,OK,,1.7190816
250,H_EQ_rawGain_std5_likely_Jakes,8PSK,Turbo,1/4,1115,1784,0,NaN,1,1,0,1,0,100,0,27,29,0.000594666666666667,0.0172453333333333,0.016056,1.67304659101626,35.5298392926525,35.5298392926492,0.213182302295991,-64.8449274808115,1.92865493310657e-15,0.000570985855303843,error,2,0.003639,0,afterChannel,snr,NaN,NaN,NaN,NaN,mmse,not-applicable,1,OK,,2.1395105
251,H_EQ_rawGain_std5_likely_Jakes,8PSK,Turbo,1/6,1115,1784,0,NaN,1,1,0,1,0,100,0,27,29,0.000892,0.025868,0.024084,1.83446008536215,34.7298346658471,34.7298346658444,0.137978648299318,-65.2832806415499,1.92865493310657e-15,0.000541058961600369,error,2,0.00546,0,afterChannel,snr,NaN,NaN,NaN,NaN,mmse,not-applicable,1,OK,,2.7763595
252,H_EQ_rawGain_std5_likely_Jakes,8PSK,TPC,1/2_x8,1024,NaN,0,8,1,1,0,1,0,100,0,27,29,0.000273066666666667,0.00791893333333333,0.0073728,1.35761089668566,37.3444936973746,37.3444936973695,-0.206395899565474,-65.1874771032197,1.92865493310657e-15,0.000545426037292755,error,2,0.0163744,0,afterChannel,snr,NaN,NaN,NaN,NaN,mmse,not-applicable,1,OK,,59.3791344
253,H_EQ_rawGain_std5_likely_Jakes,8PSK,TPC,2/3_x4,1352,NaN,0,4,1,1,0,1,0,100,0,26,29,0.0002704,0.0078416,0.0070304,1.45949057729298,36.7159740908453,36.7159740908409,0.0498326747885074,-65.2367951818504,1.92865493310657e-15,0.000544101989497737,error,2,0.0081872,0,afterChannel,snr,NaN,NaN,NaN,NaN,mmse,not-applicable,1,OK,,31.1045561
254,H_EQ_rawGain_std5_likely_Jakes,16QAM,none,none,1115,NaN,0,NaN,1,1,0,1,0,96.551724137931,0,26,28,0.0001115,0.003122,0.002899,2.84703574728525,30.9121415966375,30.9246313011611,-10.0423231671619,-64.7382852920085,1.92865493310657e-15,0.00057866293894103,error,2,0.003357,0,afterChannel,snr,NaN,NaN,NaN,NaN,mmse,not-applicable,1,OK,,1.121928
255,H_EQ_rawGain_std5_likely_Jakes,16QAM,LDPC,1/2,1115,1024,0,NaN,1,1,0,1,0,96.551724137931,0,26,28,0.000223,0.006244,0.005798,3.0306898928522,30.3691699873497,30.4120397159217,-15.9546606983917,-64.5893433797008,1.92865493310657e-15,0.000588518080952513,error,2,0.000792,0,afterChannel,snr,NaN,NaN,NaN,NaN,mmse,not-applicable,1,OK,,0.5777103
256,H_EQ_rawGain_std5_likely_Jakes,16QAM,LDPC,2/3,1115,1024,0,NaN,1,1,0,1,0,93.1034482758621,0,25,27,0.00016725,0.00451575,0.00418125,2.47594451707213,32.1251818311594,32.2186707997514,-7.4165813769128,-64.7396472330076,1.92865493310657e-15,0.000578236377119784,error,2,0.0006,0,afterChannel,snr,NaN,NaN,NaN,NaN,mmse,not-applicable,1,OK,,0.4310181
257,H_EQ_rawGain_std5_likely_Jakes,16QAM,LDPC,4/5,1115,1024,0,NaN,1,1,0,1,0,96.551724137931,0,26,28,0.000139375,0.0039025,0.00362375,2.9048417615438,30.7375504080554,30.7756011437046,-12.9303777953891,-64.8541043332054,1.92865493310657e-15,0.000570979971965385,error,2,0.000504,0,afterChannel,snr,NaN,NaN,NaN,NaN,mmse,not-applicable,1,OK,,0.3800207
258,H_EQ_rawGain_std5_likely_Jakes,16QAM,LDPC,7/8,1115,7136,0,NaN,1,1,0,1,0,96.551724137931,0,26,28,0.000127428571428571,0.003568,0.00331314285714286,2.56619345270571,31.814212148031,31.8037765527345,-9.59197351576561,-64.6416602953971,1.92865493310657e-15,0.000585467929003718,error,2,0.003072,0,afterChannel,snr,NaN,NaN,NaN,NaN,mmse,not-applicable,1,OK,,2.2474314
259,H_EQ_rawGain_std5_likely_Jakes,16QAM,Turbo,1/2,1115,1784,0,NaN,1,1,0,1,0,100,0,26,29,0.000223,0.006467,0.005798,3.22853117991199,29.8199002997774,29.7843164898515,31.7531477834877,-64.5597425193499,1.92865493310657e-15,0.000591007369408176,error,2,0.001365,0,afterChannel,snr,NaN,NaN,NaN,NaN,mmse,not-applicable,1,OK,,1.0210879
260,H_EQ_rawGain_std5_likely_Jakes,16QAM,Turbo,1/3,1115,1784,0,NaN,1,1,0,1,0,100,0,27,29,0.0003345,0.0097005,0.0090315,3.28743755999525,29.6628497440789,29.6118255840142,-6.92211876808828,-64.6673407125108,1.92865493310657e-15,0.000583735204197568,error,2,0.0020475,0,afterChannel,snr,NaN,NaN,NaN,NaN,mmse,not-applicable,1,OK,,1.2312298
261,H_EQ_rawGain_std5_likely_Jakes,16QAM,Turbo,1/4,1115,1784,0,NaN,1,1,0,1,0,100,0,27,29,0.000446,0.012934,0.012042,2.66100088799204,31.4990996104379,31.4942327863088,16.0781363448716,-64.5938482886126,1.92865493310657e-15,0.000588769164550134,error,2,0.00273,0,afterChannel,snr,NaN,NaN,NaN,NaN,mmse,not-applicable,1,OK,,1.4577576
262,H_EQ_rawGain_std5_likely_Jakes,16QAM,Turbo,1/6,1115,1784,0,NaN,1,1,0,1,0,100,0,27,29,0.000669,0.019401,0.018063,3.22374939298594,29.8327745325846,29.778937128814,-5.59797117799266,-64.9616403152857,1.92865493310657e-15,0.00056284225693413,error,2,0.004095,0,afterChannel,snr,NaN,NaN,NaN,NaN,mmse,not-applicable,1,OK,,1.8263778
263,H_EQ_rawGain_std5_likely_Jakes,16QAM,TPC,1/2_x8,1024,NaN,0,8,1,1,0,1,0,100,0,27,29,0.0002048,0.0059392,0.0055296,3.68444073541626,28.6725684950707,28.6509738897645,3.09535877339991,-65.2166761711095,1.92865493310657e-15,0.000546040443010148,error,2,0.0122808,0,afterChannel,snr,NaN,NaN,NaN,NaN,mmse,not-applicable,1,OK,,58.4764058
264,H_EQ_rawGain_std5_likely_Jakes,16QAM,TPC,2/3_x4,1352,NaN,0,4,1,1,0,1,0,96.551724137931,0,26,28,0.0002028,0.0056784,0.0052728,3.01845883609195,30.4042948482891,30.3609977251206,15.8209661216692,-65.4176876579059,1.92865493310657e-15,0.00053242675839404,error,2,0.0061404,0,afterChannel,snr,NaN,NaN,NaN,NaN,mmse,not-applicable,1,OK,,30.5169262
265,H_EQ_rawGain_std5_likely_Jakes,32QAM,none,none,1115,NaN,0,NaN,1,1,0,1,0,96.551724137931,0,26,28,8.92e-05,0.0024976,0.0023192,3.59557190945168,28.8846404234822,28.8950510033425,-30.7391328544352,-64.5929429892619,1.92865493310657e-15,0.00058874760727314,error,2,0.002685,0,afterChannel,snr,NaN,NaN,NaN,NaN,mmse,not-applicable,1,OK,,1.0405207
266,H_EQ_rawGain_std5_likely_Jakes,32QAM,LDPC,1/2,1115,1024,0,NaN,1,1,0,1,0,96.551724137931,0,26,28,0.0001784,0.0049952,0.0046384,3.21469832483184,29.8571955217195,29.8962793489534,-6.62928357154599,-64.7139114576355,1.92865493310657e-15,0.000580408804551502,error,2,0.000633,0,afterChannel,snr,NaN,NaN,NaN,NaN,mmse,not-applicable,1,OK,,0.5760896
267,H_EQ_rawGain_std5_likely_Jakes,32QAM,LDPC,2/3,1115,1024,0,NaN,1,1,0,1,0,96.551724137931,0,26,28,0.0001338,0.0037464,0.0034788,3.53561473324163,29.030701300459,29.0042155975827,-2.1010559010259,-64.8877908516144,1.92865493310657e-15,0.000568954598256975,error,2,0.00048,0,afterChannel,snr,NaN,NaN,NaN,NaN,mmse,not-applicable,1,OK,,0.4363214
268,H_EQ_rawGain_std5_likely_Jakes,32QAM,LDPC,4/5,1115,1024,0,NaN,1,1,0,1,0,93.1034482758621,0,25,27,0.0001115,0.0030105,0.0027875,3.58920771069767,28.9000281584977,28.9180573342052,-12.3059550925142,-64.9999249223899,1.92865493310657e-15,0.000561823047757754,error,2,0.000402,0,afterChannel,snr,NaN,NaN,NaN,NaN,mmse,not-applicable,1,OK,,0.3818063
269,H_EQ_rawGain_std5_likely_Jakes,32QAM,LDPC,7/8,1115,7136,0,NaN,1,1,0,1,0,96.551724137931,0,26,28,0.000101942857142857,0.0028544,0.00265051428571429,3.96041926126706,28.0451767197901,28.0399620565827,13.9318453893404,-64.6130804105516,1.92865493310657e-15,0.000587395427984767,error,2,0.002457,0,afterChannel,snr,NaN,NaN,NaN,NaN,mmse,not-applicable,1,OK,,2.198465
270,H_EQ_rawGain_std5_likely_Jakes,32QAM,Turbo,1/2,1115,1784,0,NaN,1,1,0,1,0,100,0,26,29,0.0001784,0.0051736,0.0046384,3.50719080169663,29.100812131073,29.097336384733,-2.36657995341777,-64.5162070355111,1.92865493310657e-15,0.000593932751301336,error,2,0.001092,0,afterChannel,snr,NaN,NaN,NaN,NaN,mmse,not-applicable,1,OK,,0.9901165
271,H_EQ_rawGain_std5_likely_Jakes,32QAM,Turbo,1/3,1115,1784,0,NaN,1,1,0,1,0,100,0,27,29,0.0002676,0.0077604,0.0072252,2.93611761365142,30.6445310327709,30.6983955642253,17.0165046704187,-64.6317167567316,1.92865493310657e-15,0.000586070550859097,error,2,0.001638,0,afterChannel,snr,NaN,NaN,NaN,NaN,mmse,not-applicable,1,OK,,1.2202287
272,H_EQ_rawGain_std5_likely_Jakes,32QAM,Turbo,1/4,1115,1784,0,NaN,1,1,0,1,0,100,0,27,29,0.0003568,0.0103472,0.0096336,4.48029861207661,26.9738607858619,26.9592439211622,27.2412315346706,-64.6545021041675,1.92865493310657e-15,0.000584658802999192,error,2,0.002184,0,afterChannel,snr,NaN,NaN,NaN,NaN,mmse,not-applicable,1,OK,,1.4253774
273,H_EQ_rawGain_std5_likely_Jakes,32QAM,Turbo,1/6,1115,1784,0,NaN,1,1,0,1,0,100,0,27,29,0.0005352,0.0155208,0.0144504,3.35547113368324,29.4849298592664,29.4528475772405,6.02192334132547,-64.7059018946932,1.92865493310657e-15,0.000580837058172413,error,2,0.003276,0,afterChannel,snr,NaN,NaN,NaN,NaN,mmse,not-applicable,1,OK,,1.7542813
274,H_EQ_rawGain_std5_likely_Jakes,32QAM,TPC,1/2_x8,1024,NaN,0,8,1,1,0,1,0,96.551724137931,0,26,28,0.00016384,0.00458752,0.00425984,4.86067830391783,26.2660624209551,26.2827073911313,-11.1630940157964,-65.1619216586475,1.92865493310657e-15,0.000549191723191327,error,2,0.0098175,0,afterChannel,snr,NaN,NaN,NaN,NaN,mmse,not-applicable,1,OK,,58.2605152
275,H_EQ_rawGain_std5_likely_Jakes,32QAM,TPC,2/3_x4,1352,NaN,0,4,1,1,0,1,0,96.551724137931,0,26,28,0.00016224,0.00454272,0.00421824,3.46164375624936,29.2143525631571,29.2206019052486,22.5349509692837,-65.0962647960872,1.92865493310657e-15,0.000554252108484919,error,2,0.00490875,0,afterChannel,snr,NaN,NaN,NaN,NaN,mmse,not-applicable,1,OK,,30.4636621
276,H_EQ_rawGain_std6_likely_CLoo,BPSK,none,none,1115,NaN,0,NaN,1,1,0,1,0,96.551724137931,0,26,28,0.000446,0.012488,0.011596,1.3960365910064,37.102063968585,37.1020639685802,0.013899293740123,-71.0498635605503,1.92865493310657e-15,0.000262461101323719,error,2,0.013428,0,afterChannel,snr,NaN,NaN,NaN,NaN,mmse,not-applicable,1,OK,,1.8838792
277,H_EQ_rawGain_std6_likely_CLoo,BPSK,LDPC,1/2,1115,1024,0,NaN,1,1,0,1,0,100,0,26,29,0.000892,0.025868,0.023192,1.44040513457638,36.8303067835848,36.8303067835803,0.00114282210518796,-71.4097996652212,1.92865493310657e-15,0.000258963129671436,error,2,0.003168,0,afterChannel,snr,NaN,NaN,NaN,NaN,mmse,not-applicable,1,OK,,0.8159519
278,H_EQ_rawGain_std6_likely_CLoo,BPSK,LDPC,2/3,1115,1024,0,NaN,1,1,0,1,0,100,0,26,29,0.000669,0.019401,0.017394,1.44871789612466,36.7803234994678,36.7803234994634,0.0965991167161444,-72.8377301403563,1.92865493310657e-15,0.000224105353228403,error,2,0.0024,0,afterChannel,snr,NaN,NaN,NaN,NaN,mmse,not-applicable,1,OK,,0.6084126
279,H_EQ_rawGain_std6_likely_CLoo,BPSK,LDPC,4/5,1115,1024,0,NaN,1,1,0,1,0,100,0,26,29,0.0005575,0.0161675,0.014495,1.70732106282026,35.3536960369921,35.3536960369889,0.0247549833494292,-73.2577944997487,1.92865493310657e-15,0.000214201478412917,error,2,0.002016,0,afterChannel,snr,NaN,NaN,NaN,NaN,mmse,not-applicable,1,OK,,0.5197001
280,H_EQ_rawGain_std6_likely_CLoo,BPSK,LDPC,7/8,1115,7136,0,NaN,1,1,0,1,0,96.551724137931,0,26,28,0.000509714285714286,0.014272,0.0132525714285714,1.35445428957638,37.3647129409988,37.3647129409937,-0.0376075585797188,-71.8731330629243,1.92865493310657e-15,0.000242899041109231,error,2,0.012288,0,afterChannel,snr,NaN,NaN,NaN,NaN,mmse,not-applicable,1,OK,,3.9582698
281,H_EQ_rawGain_std6_likely_CLoo,BPSK,Turbo,1/2,1115,1784,0,NaN,1,1,0,1,0,100,0,26,29,0.000892,0.025868,0.023192,1.57322427422565,36.0641872243848,36.064187224381,-0.00698242714523276,-71.7913584800596,1.92865493310657e-15,0.000247997840578129,error,2,0.00546,0,afterChannel,snr,NaN,NaN,NaN,NaN,mmse,not-applicable,1,OK,,1.4618749
282,H_EQ_rawGain_std6_likely_CLoo,BPSK,Turbo,1/3,1115,1784,0,NaN,1,1,0,1,0,100,0,27,29,0.001338,0.038802,0.036126,1.58398953691799,36.0049538295994,36.0049538295957,0.0184539446576468,-72.599183054562,1.92865493310657e-15,0.000223555343891952,error,2,0.00819,0,afterChannel,snr,NaN,NaN,NaN,NaN,mmse,not-applicable,1,OK,,1.8370169
283,H_EQ_rawGain_std6_likely_CLoo,BPSK,Turbo,1/4,1115,1784,0,NaN,1,1,0,1,0,100,0,27,29,0.001784,0.051736,0.048168,1.46784522365968,36.6663947202016,36.6663947201972,-0.041205607847316,-71.9368765843226,1.92865493310657e-15,0.000242204201165847,error,2,0.01092,0,afterChannel,snr,NaN,NaN,NaN,NaN,mmse,not-applicable,1,OK,,2.0869011
284,H_EQ_rawGain_std6_likely_CLoo,BPSK,Turbo,1/6,1115,1784,0,NaN,1,1,0,1,0,100,0,27,29,0.002676,0.077604,0.072252,1.30997271458932,37.6547550033228,37.6547550033173,-0.000826763610522016,-70.8096405713092,1.92865493310657e-15,0.000266989346275412,error,2,0.01638,0,afterChannel,snr,NaN,NaN,NaN,NaN,mmse,not-applicable,1,OK,,2.6055148
285,H_EQ_rawGain_std6_likely_CLoo,BPSK,TPC,1/2_x8,1024,NaN,0,8,1,1,0,1,0,100,0,27,29,0.0008192,0.0237568,0.0221184,2.32192744436056,32.6830271045772,32.6830271045755,-0.0541705864996059,-69.7394659551242,1.92865493310657e-15,0.000288652616055794,error,2,0.0491232,0,afterChannel,snr,NaN,NaN,NaN,NaN,mmse,not-applicable,1,OK,,61.2643769
286,H_EQ_rawGain_std6_likely_CLoo,BPSK,TPC,2/3_x4,1352,NaN,0,4,1,1,0,1,0,100,0,27,29,0.0008112,0.0235248,0.0219024,2.53223061442996,31.9299348987364,31.929934898735,-0.0284739177268032,-70.5580816027124,1.92865493310657e-15,0.000271424864431941,error,2,0.0245616,0,afterChannel,snr,NaN,NaN,NaN,NaN,mmse,not-applicable,1,OK,,31.562721
287,H_EQ_rawGain_std6_likely_CLoo,QPSK,none,none,1115,NaN,0,NaN,1,1,0,1,0,100,0,26,29,0.000223,0.006467,0.005798,2.18475442582476,33.2119474439213,33.2119474439194,-0.148884329506665,-72.1597827032449,1.92865493310657e-15,0.000237116849954775,error,2,0.006714,0,afterChannel,snr,NaN,NaN,NaN,NaN,mmse,not-applicable,1,OK,,1.5153339
288,H_EQ_rawGain_std6_likely_CLoo,QPSK,LDPC,1/2,1115,1024,0,NaN,1,1,0,1,0,100,0,26,29,0.000446,0.012934,0.011596,1.56541888877175,36.1073886033742,36.1073886033704,0.176455024101154,-73.012909930813,1.92865493310657e-15,0.000220119191759749,error,2,0.001584,0,afterChannel,snr,NaN,NaN,NaN,NaN,mmse,not-applicable,1,OK,,0.6750999
289,H_EQ_rawGain_std6_likely_CLoo,QPSK,LDPC,2/3,1115,1024,0,NaN,1,1,0,1,0,100,0,26,29,0.0003345,0.0097005,0.008697,1.41392691975508,36.991460738184,36.9914607381793,0.00262137968035978,-72.9875164894325,1.92865493310657e-15,0.000219916232509442,error,2,0.0012,0,afterChannel,snr,NaN,NaN,NaN,NaN,mmse,not-applicable,1,OK,,0.5013162
290,H_EQ_rawGain_std6_likely_CLoo,QPSK,LDPC,4/5,1115,1024,0,NaN,1,1,0,1,0,100,0,26,29,0.00027875,0.00808375,0.0072475,1.38801998987534,37.1520855849713,37.1520855849664,0.0330908777182536,-73.2799132447007,1.92865493310657e-15,0.000212348261175801,error,2,0.001008,0,afterChannel,snr,NaN,NaN,NaN,NaN,mmse,not-applicable,1,OK,,0.4230588
291,H_EQ_rawGain_std6_likely_CLoo,QPSK,LDPC,7/8,1115,7136,0,NaN,1,1,0,1,0,100,0,26,29,0.000254857142857143,0.00739085714285714,0.00662628571428571,1.81195236102184,34.837064495406,34.8370644954032,0.028019457801989,-71.9245497712391,1.92865493310657e-15,0.000244687307641967,error,2,0.006144,0,afterChannel,snr,NaN,NaN,NaN,NaN,mmse,not-applicable,1,OK,,3.2273611
292,H_EQ_rawGain_std6_likely_CLoo,QPSK,Turbo,1/2,1115,1784,0,NaN,1,1,0,1,0,100,0,27,29,0.000446,0.012934,0.012042,1.28318874035877,37.8341891972441,37.8341891972383,0.0496190836644692,-72.1173665781183,1.92865493310657e-15,0.000240504409974891,error,2,0.00273,0,afterChannel,snr,NaN,NaN,NaN,NaN,mmse,not-applicable,1,OK,,1.2314906
293,H_EQ_rawGain_std6_likely_CLoo,QPSK,Turbo,1/3,1115,1784,0,NaN,1,1,0,1,0,100,0,27,29,0.000669,0.019401,0.018063,2.37534219198759,32.4854763406819,32.4854763406803,0.183687460047396,-71.6827834358991,1.92865493310657e-15,0.00024972834696689,error,2,0.004095,0,afterChannel,snr,NaN,NaN,NaN,NaN,mmse,not-applicable,1,OK,,1.5794038
294,H_EQ_rawGain_std6_likely_CLoo,QPSK,Turbo,1/4,1115,1784,0,NaN,1,1,0,1,0,100,0,27,29,0.000892,0.025868,0.024084,1.49348648136441,36.5159740831643,36.5159740831601,0.0483143157305061,-71.7914062089905,1.92865493310657e-15,0.000247997840578129,error,2,0.00546,0,afterChannel,snr,NaN,NaN,NaN,NaN,mmse,not-applicable,1,OK,,1.9171237
295,H_EQ_rawGain_std6_likely_CLoo,QPSK,Turbo,1/6,1115,1784,0,NaN,1,1,0,1,0,100,0,27,29,0.001338,0.038802,0.036126,1.47428231473379,36.6283868832565,36.6283868832522,0.130066615255304,-72.5991044797683,1.92865493310657e-15,0.000223555343891952,error,2,0.00819,0,afterChannel,snr,NaN,NaN,NaN,NaN,mmse,not-applicable,1,OK,,2.4093524
296,H_EQ_rawGain_std6_likely_CLoo,QPSK,TPC,1/2_x8,1024,NaN,0,8,1,1,0,1,0,100,0,27,29,0.0004096,0.0118784,0.0110592,2.48310585689688,32.1000953142148,32.1000953142133,-0.102707153974511,-70.5581557167192,1.92865493310657e-15,0.000271424864431941,error,2,0.0245616,0,afterChannel,snr,NaN,NaN,NaN,NaN,mmse,not-applicable,1,OK,,59.1019935
297,H_EQ_rawGain_std6_likely_CLoo,QPSK,TPC,2/3_x4,1352,NaN,0,4,1,1,0,1,0,100,0,27,29,0.0004056,0.0117624,0.0109512,1.25371206690035,38.0360438811864,38.0360438811804,0.00136297957238671,-71.8785567881974,1.92865493310657e-15,0.000242775241585335,error,2,0.0122808,0,afterChannel,snr,NaN,NaN,NaN,NaN,mmse,not-applicable,1,OK,,30.961646
298,H_EQ_rawGain_std6_likely_CLoo,8PSK,none,none,1115,NaN,0,NaN,1,1,0,1,0,96.551724137931,0,26,28,0.000148666666666667,0.00416266666666667,0.00386533333333333,1.84047988392873,34.7013784988367,34.701378498834,0.181418682982968,-71.8882954233953,1.92865493310657e-15,0.000243318366885857,error,2,0.004476,0,afterChannel,snr,NaN,NaN,NaN,NaN,mmse,not-applicable,1,OK,,1.6564922
299,H_EQ_rawGain_std6_likely_CLoo,8PSK,LDPC,1/2,1115,1024,0,NaN,1,1,0,1,0,96.551724137931,0,26,28,0.000297333333333333,0.00832533333333333,0.00773066666666667,1.36692925975576,37.285079202318,37.285079202313,0.0306098068954013,-73.1836070643759,1.92865493310657e-15,0.000214737685426982,error,2,0.001056,0,afterChannel,snr,NaN,NaN,NaN,NaN,mmse,not-applicable,1,OK,,0.7095576
300,H_EQ_rawGain_std6_likely_CLoo,8PSK,LDPC,2/3,1115,1024,0,NaN,1,1,0,1,0,96.551724137931,0,26,28,0.000223,0.006244,0.005798,1.38301376859146,37.1834699250222,37.1834699250173,-0.067088004186654,-73.8826590597782,1.92865493310657e-15,0.00019856190417181,error,2,0.0007995,0,afterChannel,snr,NaN,NaN,NaN,NaN,mmse,not-applicable,1,OK,,0.5476307
301,H_EQ_rawGain_std6_likely_CLoo,8PSK,LDPC,4/5,1115,1024,0,NaN,1,1,0,1,0,96.551724137931,0,26,28,0.000185833333333333,0.00520333333333333,0.00483166666666667,1.3898038365972,37.1409298754266,37.1409298754217,0.0148995949592551,-74.3877999804302,1.92865493310657e-15,0.00018803530144194,error,2,0.000672,0,afterChannel,snr,NaN,NaN,NaN,NaN,mmse,not-applicable,1,OK,,0.4625663
302,H_EQ_rawGain_std6_likely_CLoo,8PSK,LDPC,7/8,1115,7136,0,NaN,1,1,0,1,0,96.551724137931,0,26,28,0.000169904761904762,0.00475733333333333,0.00441752380952381,2.38355298923191,32.4555037748838,32.4555037748821,-0.424085265144279,-71.6827168953513,1.92865493310657e-15,0.00024972834696689,error,2,0.004095,0,afterChannel,snr,NaN,NaN,NaN,NaN,mmse,not-applicable,1,OK,,2.7507406
303,H_EQ_rawGain_std6_likely_CLoo,8PSK,Turbo,1/2,1115,1784,0,NaN,1,1,0,1,0,100,0,26,29,0.000297333333333333,0.00862266666666667,0.00773066666666667,1.69626861459599,35.4101074684779,35.4101074684747,-0.0612188498590925,-73.1961937414333,1.92865493310657e-15,0.00021549966264711,error,2,0.0018195,0,afterChannel,snr,NaN,NaN,NaN,NaN,mmse,not-applicable,1,OK,,1.3350558
304,H_EQ_rawGain_std6_likely_CLoo,8PSK,Turbo,1/3,1115,1784,0,NaN,1,1,0,1,0,100,0,27,29,0.000446,0.012934,0.012042,1.27350292635875,37.9000010548395,37.9000010548338,-0.00194278389250812,-72.11753731689,1.92865493310657e-15,0.000240504409974891,error,2,0.00273,0,afterChannel,snr,NaN,NaN,NaN,NaN,mmse,not-applicable,1,OK,,1.7249824
305,H_EQ_rawGain_std6_likely_CLoo,8PSK,Turbo,1/4,1115,1784,0,NaN,1,1,0,1,0,100,0,27,29,0.000594666666666667,0.0172453333333333,0.016056,1.60209546555989,35.9062321753903,35.9062321753866,0.0679844882979009,-71.3443721076868,1.92865493310657e-15,0.000261838363971443,error,2,0.003639,0,afterChannel,snr,NaN,NaN,NaN,NaN,mmse,not-applicable,1,OK,,2.1546374
306,H_EQ_rawGain_std6_likely_CLoo,8PSK,Turbo,1/6,1115,1784,0,NaN,1,1,0,1,0,100,0,27,29,0.000892,0.025868,0.024084,1.47027091672087,36.6520526683523,36.6520526683479,0.00725895074249922,-71.7915406187045,1.92865493310657e-15,0.000247997840578129,error,2,0.00546,0,afterChannel,snr,NaN,NaN,NaN,NaN,mmse,not-applicable,1,OK,,2.7716792
307,H_EQ_rawGain_std6_likely_CLoo,8PSK,TPC,1/2_x8,1024,NaN,0,8,1,1,0,1,0,100,0,26,29,0.000273066666666667,0.00791893333333333,0.00709973333333333,1.22101732859475,38.2655634506734,38.2655634506671,-0.0697459333416175,-70.8137270822787,1.92865493310657e-15,0.000266889577489842,error,2,0.0163744,0,afterChannel,snr,NaN,NaN,NaN,NaN,mmse,not-applicable,1,OK,,59.0011902
308,H_EQ_rawGain_std6_likely_CLoo,8PSK,TPC,2/3_x4,1352,NaN,0,4,1,1,0,1,0,100,0,26,29,0.0002704,0.0078416,0.0070304,1.51723299169577,36.3789544457276,36.3789544457235,-0.10884988910309,-72.599679670371,1.92865493310657e-15,0.000223541489765519,error,2,0.0081872,0,afterChannel,snr,NaN,NaN,NaN,NaN,mmse,not-applicable,1,OK,,31.3406346
309,H_EQ_rawGain_std6_likely_CLoo,16QAM,none,none,1115,NaN,0,NaN,1,1,0,1,0,96.551724137931,0,26,28,0.0001115,0.003122,0.002899,2.76358774657594,31.1705348318937,31.1830245364173,-10.1016179570873,-71.3037656160399,1.92865493310657e-15,0.000262600864107755,error,2,0.003357,0,afterChannel,snr,NaN,NaN,NaN,NaN,mmse,not-applicable,1,OK,,1.1346625
310,H_EQ_rawGain_std6_likely_CLoo,16QAM,LDPC,1/2,1115,1024,0,NaN,1,1,0,1,0,96.551724137931,0,26,28,0.000223,0.006244,0.005798,2.94747829794308,30.610987677962,30.6538574065338,-15.3519690434322,-73.9044955311437,1.92865493310657e-15,0.000197977490921751,error,2,0.000792,0,afterChannel,snr,NaN,NaN,NaN,NaN,mmse,not-applicable,1,OK,,0.5717261
311,H_EQ_rawGain_std6_likely_CLoo,16QAM,LDPC,2/3,1115,1024,0,NaN,1,1,0,1,0,96.551724137931,0,26,28,0.00016725,0.004683,0.0043485,2.46257247749047,32.1722195730661,32.2657085416581,-7.37855299805074,-74.6923468182874,1.92865493310657e-15,0.000181707237220538,error,2,0.0006,0,afterChannel,snr,NaN,NaN,NaN,NaN,mmse,not-applicable,1,OK,,0.4388514
312,H_EQ_rawGain_std6_likely_CLoo,16QAM,LDPC,4/5,1115,1024,0,NaN,1,1,0,1,0,96.551724137931,0,26,28,0.000139375,0.0039025,0.00362375,2.87848731815564,30.8167135917965,30.8547643274457,-12.9867937291324,-75.1508244984622,1.92865493310657e-15,0.000173188886130807,error,2,0.000504,0,afterChannel,snr,NaN,NaN,NaN,NaN,mmse,not-applicable,1,OK,,0.3689715
313,H_EQ_rawGain_std6_likely_CLoo,16QAM,LDPC,7/8,1115,7136,0,NaN,1,1,0,1,0,96.551724137931,0,26,28,0.000127428571428571,0.003568,0.00331314285714286,2.43056380267722,32.2858594828444,32.2754238875477,-9.40206736799672,-71.5161641597487,1.92865493310657e-15,0.000255932732107354,error,2,0.003072,0,afterChannel,snr,NaN,NaN,NaN,NaN,mmse,not-applicable,1,OK,,2.2738857
314,H_EQ_rawGain_std6_likely_CLoo,16QAM,Turbo,1/2,1115,1784,0,NaN,1,1,0,1,0,100,0,27,29,0.000223,0.006467,0.006021,3.21427621870087,29.8583360977941,29.8227522878682,31.6988951575214,-72.9195717804225,1.92865493310657e-15,0.0002221688933808,error,2,0.001365,0,afterChannel,snr,NaN,NaN,NaN,NaN,mmse,not-applicable,1,OK,,1.0171597
315,H_EQ_rawGain_std6_likely_CLoo,16QAM,Turbo,1/3,1115,1784,0,NaN,1,1,0,1,0,100,0,27,29,0.0003345,0.0097005,0.0090315,3.29978308622909,29.6302921572906,29.579267997226,-7.10170368495966,-73.2481750675483,1.92865493310657e-15,0.000214396667807212,error,2,0.0020475,0,afterChannel,snr,NaN,NaN,NaN,NaN,mmse,not-applicable,1,OK,,1.2191204
316,H_EQ_rawGain_std6_likely_CLoo,16QAM,Turbo,1/4,1115,1784,0,NaN,1,1,0,1,0,100,0,27,29,0.000446,0.012934,0.012042,2.54497256846816,31.8863378887614,31.8814710646321,16.15242796223,-72.1174258840772,1.92865493310657e-15,0.000240504409974891,error,2,0.00273,0,afterChannel,snr,NaN,NaN,NaN,NaN,mmse,not-applicable,1,OK,,1.4756939
317,H_EQ_rawGain_std6_likely_CLoo,16QAM,Turbo,1/6,1115,1784,0,NaN,1,1,0,1,0,100,0,27,29,0.000669,0.019401,0.018063,3.63272582920143,28.7953475635719,28.7415101598016,-4.44064131368094,-71.6797976640631,1.92865493310657e-15,0.00024972834696689,error,2,0.004095,0,afterChannel,snr,NaN,NaN,NaN,NaN,mmse,not-applicable,1,OK,,1.8449331
318,H_EQ_rawGain_std6_likely_CLoo,16QAM,TPC,1/2_x8,1024,NaN,0,8,1,1,0,1,0,100,0,27,29,0.0002048,0.0059392,0.0055296,3.59497268743125,28.886088095847,28.8644934905408,2.72763782252859,-71.8762980276896,1.92865493310657e-15,0.000242775241585335,error,2,0.0122808,0,afterChannel,snr,NaN,NaN,NaN,NaN,mmse,not-applicable,1,OK,,58.20395
319,H_EQ_rawGain_std6_likely_CLoo,16QAM,TPC,2/3_x4,1352,NaN,0,4,1,1,0,1,0,96.551724137931,0,26,28,0.0002028,0.0056784,0.0052728,3.21344749067942,29.8605758456426,29.8172787224742,16.1631861221851,-71.9192036952752,1.92865493310657e-15,0.00024472675884228,error,2,0.0061404,0,afterChannel,snr,NaN,NaN,NaN,NaN,mmse,not-applicable,1,OK,,30.4578783
320,H_EQ_rawGain_std6_likely_CLoo,32QAM,none,none,1115,NaN,0,NaN,1,1,0,1,0,96.551724137931,0,26,28,8.92e-05,0.0024976,0.0023192,3.49552740397304,29.1297457754477,29.1401563553079,-30.5391625913366,-72.2113105830913,1.92865493310657e-15,0.000238175158832161,error,2,0.002685,0,afterChannel,snr,NaN,NaN,NaN,NaN,mmse,not-applicable,1,OK,,1.0378458
321,H_EQ_rawGain_std6_likely_CLoo,32QAM,LDPC,1/2,1115,1024,0,NaN,1,1,0,1,0,96.551724137931,0,26,28,0.0001784,0.0049952,0.0046384,3.17995821262269,29.9515717395982,29.9906555668321,-6.7654441557948,-74.5620472314716,1.92865493310657e-15,0.000184627342559442,error,2,0.000633,0,afterChannel,snr,NaN,NaN,NaN,NaN,mmse,not-applicable,1,OK,,0.5690142
322,H_EQ_rawGain_std6_likely_CLoo,32QAM,LDPC,2/3,1115,1024,0,NaN,1,1,0,1,0,96.551724137931,0,24,28,0.0001338,0.0037464,0.0032112,3.4973412583872,29.1252397735835,29.0987540707072,-2.03430597036005,-75.2742385957154,1.92865493310657e-15,0.000171092557296159,error,2,0.00048,0,afterChannel,snr,NaN,NaN,NaN,NaN,mmse,not-applicable,1,OK,,0.4407322
323,H_EQ_rawGain_std6_likely_CLoo,32QAM,LDPC,4/5,1115,1024,0,NaN,1,1,0,1,0,93.1034482758621,0,25,27,0.0001115,0.0030105,0.0027875,3.54431892711269,29.0093441214033,29.0273732971109,-12.0531700861425,-75.6376967554294,1.92865493310657e-15,0.000164524690323022,error,2,0.000402,0,afterChannel,snr,NaN,NaN,NaN,NaN,mmse,not-applicable,1,OK,,0.382935
324,H_EQ_rawGain_std6_likely_CLoo,32QAM,LDPC,7/8,1115,7136,0,NaN,1,1,0,1,0,96.551724137931,0,26,28,0.000101942857142857,0.0028544,0.00265051428571429,3.89283766663845,28.1946741242141,28.1894594610066,14.2897757355268,-72.7250188418256,1.92865493310657e-15,0.00022668092467484,error,2,0.002457,0,afterChannel,snr,NaN,NaN,NaN,NaN,mmse,not-applicable,1,OK,,2.2442858
325,H_EQ_rawGain_std6_likely_CLoo,32QAM,Turbo,1/2,1115,1784,0,NaN,1,1,0,1,0,100,0,26,29,0.0001784,0.0051736,0.0046384,3.4786684450548,29.1717392453698,29.1682634990299,-2.05015400272727,-73.1240207664033,1.92865493310657e-15,0.000216315608579317,error,2,0.001092,0,afterChannel,snr,NaN,NaN,NaN,NaN,mmse,not-applicable,1,OK,,0.9928414
326,H_EQ_rawGain_std6_likely_CLoo,32QAM,Turbo,1/3,1115,1784,0,NaN,1,1,0,1,0,100,0,27,29,0.0002676,0.0077604,0.0072252,2.96113810889438,30.5708267287289,30.6246912601833,17.1712754305316,-73.0500354140451,1.92865493310657e-15,0.000219064323127518,error,2,0.001638,0,afterChannel,snr,NaN,NaN,NaN,NaN,mmse,not-applicable,1,OK,,1.2136461
327,H_EQ_rawGain_std6_likely_CLoo,32QAM,Turbo,1/4,1115,1784,0,NaN,1,1,0,1,0,100,0,27,29,0.0003568,0.0103472,0.0096336,4.48948965041308,26.9560605055759,26.9414436408761,26.9590118698727,-73.1660916427843,1.92865493310657e-15,0.000216619256944297,error,2,0.002184,0,afterChannel,snr,NaN,NaN,NaN,NaN,mmse,not-applicable,1,OK,,1.4348249
328,H_EQ_rawGain_std6_likely_CLoo,32QAM,Turbo,1/6,1115,1784,0,NaN,1,1,0,1,0,100,0,27,29,0.0005352,0.0155208,0.0144504,3.23879678224172,29.7923260173809,29.7591935733817,5.75910693672211,-71.3414244157189,1.92865493310657e-15,0.000261441047756065,error,2,0.003276,0,afterChannel,snr,NaN,NaN,NaN,NaN,mmse,not-applicable,1,OK,,1.7802937
329,H_EQ_rawGain_std6_likely_CLoo,32QAM,TPC,1/2_x8,1024,NaN,0,8,1,1,0,1,0,96.551724137931,0,26,28,0.00016384,0.00458752,0.00425984,4.86366597691934,26.2607251770171,26.277716239939,-11.4715581363862,-72.3989356703987,1.92865493310657e-15,0.000230322068409557,error,2,0.0098175,0,afterChannel,snr,NaN,NaN,NaN,NaN,mmse,not-applicable,1,OK,,58.3517892
330,H_EQ_rawGain_std6_likely_CLoo,32QAM,TPC,2/3_x4,1352,NaN,0,4,1,1,0,1,0,96.551724137931,0,26,28,0.00016224,0.00454272,0.00421824,3.40822961702825,29.3494230782883,29.3556724203797,23.0920203249281,-71.8788100607427,1.92865493310657e-15,0.000244418896797637,error,2,0.00490875,0,afterChannel,snr,NaN,NaN,NaN,NaN,mmse,not-applicable,1,OK,,30.8096013
331,H_EQ_rawGain_std7_likely_Corazza,BPSK,none,none,1115,NaN,0,NaN,1,1,0,1,0,96.551724137931,0,26,28,0.000446,0.012488,0.011596,1.37665645521954,37.2234884892301,37.2234884892251,0.010593279965007,-74.0498901030397,1.92865493310657e-15,0.000185808230246945,error,2,0.013428,0,afterChannel,snr,NaN,NaN,NaN,NaN,mmse,not-applicable,1,OK,,1.8803868
332,H_EQ_rawGain_std7_likely_Corazza,BPSK,LDPC,1/2,1115,1024,0,NaN,1,1,0,1,0,100,0,26,29,0.000892,0.025868,0.023192,1.44497014373369,36.8028225259086,36.8028225259041,0.082774361962502,-74.4098685972987,1.92865493310657e-15,0.000183331855961816,error,2,0.003168,0,afterChannel,snr,NaN,NaN,NaN,NaN,mmse,not-applicable,1,OK,,0.8130996
333,H_EQ_rawGain_std7_likely_Corazza,BPSK,LDPC,2/3,1115,1024,0,NaN,1,1,0,1,0,100,0,26,29,0.000669,0.019401,0.017394,1.45118514873289,36.7655434956513,36.7655434956469,0.0590088017782339,-75.8378859483899,1.92865493310657e-15,0.000158654440075966,error,2,0.0024,0,afterChannel,snr,NaN,NaN,NaN,NaN,mmse,not-applicable,1,OK,,0.6277098
334,H_EQ_rawGain_std7_likely_Corazza,BPSK,LDPC,4/5,1115,1024,0,NaN,1,1,0,1,0,100,0,26,29,0.0005575,0.0161675,0.014495,1.72420802544305,35.2682067557042,35.2682067557011,0.0622808974674625,-76.2578851339063,1.92865493310657e-15,0.000151643033651275,error,2,0.002016,0,afterChannel,snr,NaN,NaN,NaN,NaN,mmse,not-applicable,1,OK,,0.5118118
335,H_EQ_rawGain_std7_likely_Corazza,BPSK,LDPC,7/8,1115,7136,0,NaN,1,1,0,1,0,96.551724137931,0,26,28,0.000509714285714286,0.014272,0.0132525714285714,1.39231060414769,37.1252773833039,37.125277383299,0.00805594351873425,-74.8731715776235,1.92865493310657e-15,0.000171959352184229,error,2,0.012288,0,afterChannel,snr,NaN,NaN,NaN,NaN,mmse,not-applicable,1,OK,,3.9592701
336,H_EQ_rawGain_std7_likely_Corazza,BPSK,Turbo,1/2,1115,1784,0,NaN,1,1,0,1,0,100,0,26,29,0.000892,0.025868,0.023192,1.57658290091586,36.0456637591687,36.045663759165,0.0229933569016903,-74.7913911601629,1.92865493310657e-15,0.000175569025773656,error,2,0.00546,0,afterChannel,snr,NaN,NaN,NaN,NaN,mmse,not-applicable,1,OK,,1.4653895
337,H_EQ_rawGain_std7_likely_Corazza,BPSK,Turbo,1/3,1115,1784,0,NaN,1,1,0,1,0,100,0,27,29,0.001338,0.038802,0.036126,1.58443397422885,36.0025170761509,36.0025170761472,-0.00878328473620996,-75.5992051872262,1.92865493310657e-15,0.000158265063284854,error,2,0.00819,0,afterChannel,snr,NaN,NaN,NaN,NaN,mmse,not-applicable,1,OK,,1.8274458
338,H_EQ_rawGain_std7_likely_Corazza,BPSK,Turbo,1/4,1115,1784,0,NaN,1,1,0,1,0,100,0,27,29,0.001784,0.051736,0.048168,1.49082654285255,36.5314576723781,36.5314576723738,-0.0383692934137037,-74.9368921625666,1.92865493310657e-15,0.000171467443175489,error,2,0.01092,0,afterChannel,snr,NaN,NaN,NaN,NaN,mmse,not-applicable,1,OK,,2.1069182
339,H_EQ_rawGain_std7_likely_Corazza,BPSK,Turbo,1/6,1115,1784,0,NaN,1,1,0,1,0,100,0,27,29,0.002676,0.077604,0.072252,1.31194965939526,37.6416565776566,37.6416565776511,0.00167986815131448,-73.8096740054058,1.92865493310657e-15,0.000189013982171155,error,2,0.01638,0,afterChannel,snr,NaN,NaN,NaN,NaN,mmse,not-applicable,1,OK,,2.5950043
340,H_EQ_rawGain_std7_likely_Corazza,BPSK,TPC,1/2_x8,1024,NaN,0,8,1,1,0,1,0,100,0,27,29,0.0008192,0.0237568,0.0221184,2.32422622651339,32.6744320510662,32.6744320510645,-0.116374827131539,-72.7394665917562,1.92865493310657e-15,0.000204350402688152,error,2,0.0491232,0,afterChannel,snr,NaN,NaN,NaN,NaN,mmse,not-applicable,1,OK,,61.2874195
341,H_EQ_rawGain_std7_likely_Corazza,BPSK,TPC,2/3_x4,1352,NaN,0,4,1,1,0,1,0,100,0,27,29,0.0008112,0.0235248,0.0219024,2.52317590298531,31.9610494325108,31.9610494325093,-0.00838306620087838,-73.5580820563711,1.92865493310657e-15,0.000192154088551628,error,2,0.0245616,0,afterChannel,snr,NaN,NaN,NaN,NaN,mmse,not-applicable,1,OK,,31.4649415
342,H_EQ_rawGain_std7_likely_Corazza,QPSK,none,none,1115,NaN,0,NaN,1,1,0,1,0,100,0,26,29,0.000223,0.006467,0.005798,2.17056584935907,33.2685406850613,33.2685406850594,-0.277507572614927,-75.1597883528578,1.92865493310657e-15,0.000167865874331929,error,2,0.006714,0,afterChannel,snr,NaN,NaN,NaN,NaN,mmse,not-applicable,1,OK,,1.5308961
343,H_EQ_rawGain_std7_likely_Corazza,QPSK,LDPC,1/2,1115,1024,0,NaN,1,1,0,1,0,100,0,26,29,0.000446,0.012934,0.011596,1.58960332919472,35.9742247266036,35.9742247265999,0.048929962368444,-76.0129863335005,1.92865493310657e-15,0.000155832453868358,error,2,0.001584,0,afterChannel,snr,NaN,NaN,NaN,NaN,mmse,not-applicable,1,OK,,0.6588605
344,H_EQ_rawGain_std7_likely_Corazza,QPSK,LDPC,2/3,1115,1024,0,NaN,1,1,0,1,0,100,0,26,29,0.0003345,0.0097005,0.008697,1.41464654369504,36.9870411434031,36.9870411433984,-0.135285493646767,-75.9876626645864,1.92865493310657e-15,0.000155688769722701,error,2,0.0012,0,afterChannel,snr,NaN,NaN,NaN,NaN,mmse,not-applicable,1,OK,,0.4992392
345,H_EQ_rawGain_std7_likely_Corazza,QPSK,LDPC,4/5,1115,1024,0,NaN,1,1,0,1,0,100,0,26,29,0.00027875,0.00808375,0.0072475,1.39179782232199,37.1284769471962,37.1284769471913,0.0168888623079677,-76.2801635829646,1.92865493310657e-15,0.00015033105632071,error,2,0.001008,0,afterChannel,snr,NaN,NaN,NaN,NaN,mmse,not-applicable,1,OK,,0.4261165
346,H_EQ_rawGain_std7_likely_Corazza,QPSK,LDPC,7/8,1115,7136,0,NaN,1,1,0,1,0,100,0,26,29,0.000254857142857143,0.00739085714285714,0.00662628571428571,1.80741038870996,34.858864515839,34.8588645158362,0.0631854285156843,-74.9245585794602,1.92865493310657e-15,0.000173225347937435,error,2,0.006144,0,afterChannel,snr,NaN,NaN,NaN,NaN,mmse,not-applicable,1,OK,,3.2162489
347,H_EQ_rawGain_std7_likely_Corazza,QPSK,Turbo,1/2,1115,1784,0,NaN,1,1,0,1,0,100,0,27,29,0.000446,0.012934,0.012042,1.27189447470775,37.910978386224,37.9109783862182,-0.0357098873908486,-75.1174916425126,1.92865493310657e-15,0.000170264083167519,error,2,0.00273,0,afterChannel,snr,NaN,NaN,NaN,NaN,mmse,not-applicable,1,OK,,1.2387011
348,H_EQ_rawGain_std7_likely_Corazza,QPSK,Turbo,1/3,1115,1784,0,NaN,1,1,0,1,0,100,0,27,29,0.000669,0.019401,0.018063,2.40650090685907,32.3722794065654,32.3722794065638,-0.025172072462363,-74.6827913342838,1.92865493310657e-15,0.000176794130476429,error,2,0.004095,0,afterChannel,snr,NaN,NaN,NaN,NaN,mmse,not-applicable,1,OK,,1.579464
349,H_EQ_rawGain_std7_likely_Corazza,QPSK,Turbo,1/4,1115,1784,0,NaN,1,1,0,1,0,100,0,27,29,0.000892,0.025868,0.024084,1.51110798244143,36.4140900050415,36.4140900050375,0.0385924216099047,-74.7914328598811,1.92865493310657e-15,0.000175569025773656,error,2,0.00546,0,afterChannel,snr,NaN,NaN,NaN,NaN,mmse,not-applicable,1,OK,,1.8922007
350,H_EQ_rawGain_std7_likely_Corazza,QPSK,Turbo,1/6,1115,1784,0,NaN,1,1,0,1,0,100,0,27,29,0.001338,0.038802,0.036126,1.48317803416206,36.5761343008961,36.5761343008918,0.297417669214074,-75.5991309377006,1.92865493310657e-15,0.000158265063284854,error,2,0.00819,0,afterChannel,snr,NaN,NaN,NaN,NaN,mmse,not-applicable,1,OK,,2.3872134
351,H_EQ_rawGain_std7_likely_Corazza,QPSK,TPC,1/2_x8,1024,NaN,0,8,1,1,0,1,0,100,0,27,29,0.0004096,0.0118784,0.0110592,2.4737220644067,32.1329819443821,32.1329819443806,-0.264176134576132,-73.5581562973643,1.92865493310657e-15,0.000192154088551628,error,2,0.0245616,0,afterChannel,snr,NaN,NaN,NaN,NaN,mmse,not-applicable,1,OK,,59.0164276
352,H_EQ_rawGain_std7_likely_Corazza,QPSK,TPC,2/3_x4,1352,NaN,0,4,1,1,0,1,0,100,0,27,29,0.0004056,0.0117624,0.0109512,1.27288027277389,37.9042488840198,37.904248884014,-0.0179268505887446,-74.8785898806586,1.92865493310657e-15,0.000171871708833179,error,2,0.0122808,0,afterChannel,snr,NaN,NaN,NaN,NaN,mmse,not-applicable,1,OK,,30.8793733
353,H_EQ_rawGain_std7_likely_Corazza,8PSK,none,none,1115,NaN,0,NaN,1,1,0,1,0,96.551724137931,0,26,28,0.000148666666666667,0.00416266666666667,0.00386533333333333,1.82728472590423,34.7638755197837,34.7638755197809,0.158130198026664,-74.8883230489766,1.92865493310657e-15,0.000172256212100075,error,2,0.004476,0,afterChannel,snr,NaN,NaN,NaN,NaN,mmse,not-applicable,1,OK,,1.6447704
354,H_EQ_rawGain_std7_likely_Corazza,8PSK,LDPC,1/2,1115,1024,0,NaN,1,1,0,1,0,96.551724137931,0,26,28,0.000297333333333333,0.00832533333333333,0.00773066666666667,1.3674115326446,37.2820152322796,37.2820152322746,0.168353656292679,-76.1838261859628,1.92865493310657e-15,0.000152022639146439,error,2,0.001056,0,afterChannel,snr,NaN,NaN,NaN,NaN,mmse,not-applicable,1,OK,,0.7186893
355,H_EQ_rawGain_std7_likely_Corazza,8PSK,LDPC,2/3,1115,1024,0,NaN,1,1,0,1,0,96.551724137931,0,26,28,0.000223,0.006244,0.005798,1.38707012868938,37.1580316187233,37.1580316187184,-0.0819621475716041,-76.8830037897162,1.92865493310657e-15,0.00014057106299772,error,2,0.0007995,0,afterChannel,snr,NaN,NaN,NaN,NaN,mmse,not-applicable,1,OK,,0.5534217
356,H_EQ_rawGain_std7_likely_Corazza,8PSK,LDPC,4/5,1115,1024,0,NaN,1,1,0,1,0,96.551724137931,0,26,28,0.000185833333333333,0.00520333333333333,0.00483166666666667,1.40773031399044,37.029610744276,37.0296107442712,0.00593677499859834,-77.3882323990165,1.92865493310657e-15,0.000133118798971222,error,2,0.000672,0,afterChannel,snr,NaN,NaN,NaN,NaN,mmse,not-applicable,1,OK,,0.4558722
357,H_EQ_rawGain_std7_likely_Corazza,8PSK,LDPC,7/8,1115,7136,0,NaN,1,1,0,1,0,96.551724137931,0,26,28,0.000169904761904762,0.00475733333333333,0.00441752380952381,2.39797332362151,32.4031130508352,32.4031130508336,-0.263749845664375,-74.6827258017329,1.92865493310657e-15,0.000176794130476429,error,2,0.004095,0,afterChannel,snr,NaN,NaN,NaN,NaN,mmse,not-applicable,1,OK,,2.7563779
358,H_EQ_rawGain_std7_likely_Corazza,8PSK,Turbo,1/2,1115,1784,0,NaN,1,1,0,1,0,100,0,26,29,0.000297333333333333,0.00862266666666667,0.00773066666666667,1.68951156563894,35.4447766178706,35.4447766178674,-0.195124013431917,-76.1962494285949,1.92865493310657e-15,0.000152562077707225,error,2,0.0018195,0,afterChannel,snr,NaN,NaN,NaN,NaN,mmse,not-applicable,1,OK,,1.3201502
359,H_EQ_rawGain_std7_likely_Corazza,8PSK,Turbo,1/3,1115,1784,0,NaN,1,1,0,1,0,100,0,27,29,0.000446,0.012934,0.012042,1.28728759871311,37.8064882914297,37.806488291424,0.0280072337632956,-75.1176619486286,1.92865493310657e-15,0.000170264083167519,error,2,0.00273,0,afterChannel,snr,NaN,NaN,NaN,NaN,mmse,not-applicable,1,OK,,1.7367341
360,H_EQ_rawGain_std7_likely_Corazza,8PSK,Turbo,1/4,1115,1784,0,NaN,1,1,0,1,0,100,0,27,29,0.000594666666666667,0.0172453333333333,0.016056,1.60413746000187,35.8951683873409,35.8951683873372,0.145114752510324,-74.3443942554719,1.92865493310657e-15,0.000185367365963622,error,2,0.003639,0,afterChannel,snr,NaN,NaN,NaN,NaN,mmse,not-applicable,1,OK,,2.1583063
361,H_EQ_rawGain_std7_likely_Corazza,8PSK,Turbo,1/6,1115,1784,0,NaN,1,1,0,1,0,100,0,27,29,0.000892,0.025868,0.024084,1.4927494974474,36.5202613271353,36.5202613271311,0.108723018706623,-74.7915660688606,1.92865493310657e-15,0.000175569025773656,error,2,0.00546,0,afterChannel,snr,NaN,NaN,NaN,NaN,mmse,not-applicable,1,OK,,2.7585438
362,H_EQ_rawGain_std7_likely_Corazza,8PSK,TPC,1/2_x8,1024,NaN,0,8,1,1,0,1,0,100,0,27,29,0.000273066666666667,0.00791893333333333,0.0073728,1.2167333019612,38.2960921031004,38.296092103094,-0.070378151071135,-73.8137555487502,1.92865493310657e-15,0.000188943351279997,error,2,0.0163744,0,afterChannel,snr,NaN,NaN,NaN,NaN,mmse,not-applicable,1,OK,,59.0504749
363,H_EQ_rawGain_std7_likely_Corazza,8PSK,TPC,2/3_x4,1352,NaN,0,4,1,1,0,1,0,96.551724137931,0,26,28,0.0002704,0.0075712,0.0070304,1.49656237536096,36.4981035489376,36.4981035489334,-0.0364582815855237,-75.5996988682785,1.92865493310657e-15,0.000158255255314449,error,2,0.0081872,0,afterChannel,snr,NaN,NaN,NaN,NaN,mmse,not-applicable,1,OK,,31.0005059
364,H_EQ_rawGain_std7_likely_Corazza,16QAM,none,none,1115,NaN,0,NaN,1,1,0,1,0,96.551724137931,0,26,28,0.0001115,0.003122,0.002899,2.76626710870334,31.1621177409685,31.174607445492,-9.76554307483243,-74.3038198708261,1.92865493310657e-15,0.000185907174720717,error,2,0.003357,0,afterChannel,snr,NaN,NaN,NaN,NaN,mmse,not-applicable,1,OK,,1.1194687
365,H_EQ_rawGain_std7_likely_Corazza,16QAM,LDPC,1/2,1115,1024,0,NaN,1,1,0,1,0,96.551724137931,0,26,28,0.000223,0.006244,0.005798,2.94717467428748,30.6118824690816,30.6547521976534,-15.7323285664847,-76.9047881227075,1.92865493310657e-15,0.000140157330101002,error,2,0.000792,0,afterChannel,snr,NaN,NaN,NaN,NaN,mmse,not-applicable,1,OK,,0.5710255
366,H_EQ_rawGain_std7_likely_Corazza,16QAM,LDPC,2/3,1115,1024,0,NaN,1,1,0,1,0,96.551724137931,0,26,28,0.00016725,0.004683,0.0043485,2.43489946151444,32.2703793272696,32.3631881698217,-7.56526799077681,-77.6924027795905,1.92865493310657e-15,0.000128638872582369,error,2,0.0006,0,afterChannel,snr,NaN,NaN,NaN,NaN,mmse,not-applicable,1,OK,,0.4557221
367,H_EQ_rawGain_std7_likely_Corazza,16QAM,LDPC,4/5,1115,1024,0,NaN,1,1,0,1,0,93.1034482758621,0,25,27,0.000139375,0.003763125,0.003484375,2.89635202050066,30.7629731086823,30.8010238443314,-12.3251610242862,-78.1516447002244,1.92865493310657e-15,0.00012260834183849,error,2,0.000504,0,afterChannel,snr,NaN,NaN,NaN,NaN,mmse,not-applicable,1,OK,,0.3788576
368,H_EQ_rawGain_std7_likely_Corazza,16QAM,LDPC,7/8,1115,7136,0,NaN,1,1,0,1,0,96.551724137931,0,26,28,0.000127428571428571,0.003568,0.00331314285714286,2.41598489215234,32.3381157162116,32.3276801209149,-9.58521289244166,-74.5162532673066,1.92865493310657e-15,0.000181186498781316,error,2,0.003072,0,afterChannel,snr,NaN,NaN,NaN,NaN,mmse,not-applicable,1,OK,,2.2640996
369,H_EQ_rawGain_std7_likely_Corazza,16QAM,Turbo,1/2,1115,1784,0,NaN,1,1,0,1,0,96.551724137931,0,26,28,0.000223,0.006244,0.005798,3.19558332264744,29.9089970807298,29.8734132708039,31.8577118260541,-75.9197287894098,1.92865493310657e-15,0.000157283531490227,error,2,0.001365,0,afterChannel,snr,NaN,NaN,NaN,NaN,mmse,not-applicable,1,OK,,1.0200632
370,H_EQ_rawGain_std7_likely_Corazza,16QAM,Turbo,1/3,1115,1784,0,NaN,1,1,0,1,0,100,0,27,29,0.0003345,0.0097005,0.0090315,3.2935696285579,29.6466630162189,29.5956388561543,-6.9089715024921,-76.2483347816533,1.92865493310657e-15,0.000151781217160122,error,2,0.0020475,0,afterChannel,snr,NaN,NaN,NaN,NaN,mmse,not-applicable,1,OK,,1.225356
371,H_EQ_rawGain_std7_likely_Corazza,16QAM,Turbo,1/4,1115,1784,0,NaN,1,1,0,1,0,100,0,27,29,0.000446,0.012934,0.012042,2.54273330562049,31.8939837675534,31.8891169434241,16.1696657643572,-75.1176615782316,1.92865493310657e-15,0.000170264083167519,error,2,0.00273,0,afterChannel,snr,NaN,NaN,NaN,NaN,mmse,not-applicable,1,OK,,1.4615441
372,H_EQ_rawGain_std7_likely_Corazza,16QAM,Turbo,1/6,1115,1784,0,NaN,1,1,0,1,0,100,0,27,29,0.000669,0.019401,0.018063,3.6335522585666,28.7933717860958,28.7395343823255,-5.21019805763102,-74.6798065931966,1.92865493310657e-15,0.000176794130476429,error,2,0.004095,0,afterChannel,snr,NaN,NaN,NaN,NaN,mmse,not-applicable,1,OK,,1.8293394
373,H_EQ_rawGain_std7_likely_Corazza,16QAM,TPC,1/2_x8,1024,NaN,0,8,1,1,0,1,0,100,0,27,29,0.0002048,0.0059392,0.0055296,3.60493435123301,28.8620527945184,28.8404581892122,3.00062409960884,-74.8763702263734,1.92865493310657e-15,0.000171871708833179,error,2,0.0122808,0,afterChannel,snr,NaN,NaN,NaN,NaN,mmse,not-applicable,1,OK,,58.7484088
374,H_EQ_rawGain_std7_likely_Corazza,16QAM,TPC,2/3_x4,1352,NaN,0,4,1,1,0,1,0,96.551724137931,0,26,28,0.0002028,0.0056784,0.0052728,3.18847447781476,29.9283410995723,29.8850439764039,16.1207821123138,-74.9192233814658,1.92865493310657e-15,0.000173253277248386,error,2,0.0061404,0,afterChannel,snr,NaN,NaN,NaN,NaN,mmse,not-applicable,1,OK,,30.6299922
375,H_EQ_rawGain_std7_likely_Corazza,32QAM,none,none,1115,NaN,0,NaN,1,1,0,1,0,96.551724137931,0,26,28,8.92e-05,0.0024976,0.0023192,3.52244988224906,29.0631035471543,29.0735141270145,-30.5869973790679,-75.2115447261909,1.92865493310657e-15,0.000168615099640251,error,2,0.002685,0,afterChannel,snr,NaN,NaN,NaN,NaN,mmse,not-applicable,1,OK,,1.0464454
376,H_EQ_rawGain_std7_likely_Corazza,32QAM,LDPC,1/2,1115,1024,0,NaN,1,1,0,1,0,96.551724137931,0,26,28,0.0001784,0.0049952,0.0046384,3.1310077712681,30.0863170889605,30.1254009161944,-6.88694332942472,-77.5620969526765,1.92865493310657e-15,0.000130706148847003,error,2,0.000633,0,afterChannel,snr,NaN,NaN,NaN,NaN,mmse,not-applicable,1,OK,,0.5782839
377,H_EQ_rawGain_std7_likely_Corazza,32QAM,LDPC,2/3,1115,1024,0,NaN,1,1,0,1,0,96.551724137931,0,26,28,0.0001338,0.0037464,0.0034788,3.49914757361532,29.1207548225035,29.0942691196272,-1.82506029006077,-78.2744878608374,1.92865493310657e-15,0.000121124254677317,error,2,0.00048,0,afterChannel,snr,NaN,NaN,NaN,NaN,mmse,not-applicable,1,OK,,0.43607
378,H_EQ_rawGain_std7_likely_Corazza,32QAM,LDPC,4/5,1115,1024,0,NaN,1,1,0,1,0,93.1034482758621,0,25,27,0.0001115,0.0030105,0.0027875,3.57701015234069,28.9295965445225,28.94762572023,-11.7622479830349,-78.6385609857124,1.92865493310657e-15,0.000116474560941289,error,2,0.000402,0,afterChannel,snr,NaN,NaN,NaN,NaN,mmse,not-applicable,1,OK,,0.4081862
379,H_EQ_rawGain_std7_likely_Corazza,32QAM,LDPC,7/8,1115,7136,0,NaN,1,1,0,1,0,96.551724137931,0,26,28,0.000101942857142857,0.0028544,0.00265051428571429,3.92427088229488,28.1248204405944,28.1196057773869,14.2071123762769,-75.7251648962082,1.92865493310657e-15,0.000160477805023851,error,2,0.002457,0,afterChannel,snr,NaN,NaN,NaN,NaN,mmse,not-applicable,1,OK,,2.3004558
380,H_EQ_rawGain_std7_likely_Corazza,32QAM,Turbo,1/2,1115,1784,0,NaN,1,1,0,1,0,100,0,26,29,0.0001784,0.0051736,0.0046384,3.48059393693237,29.1669328134648,29.1634570671248,-2.05130769834323,-76.1243216697103,1.92865493310657e-15,0.000153139723190217,error,2,0.001092,0,afterChannel,snr,NaN,NaN,NaN,NaN,mmse,not-applicable,1,OK,,0.998249
381,H_EQ_rawGain_std7_likely_Corazza,32QAM,Turbo,1/3,1115,1784,0,NaN,1,1,0,1,0,100,0,27,29,0.0002676,0.0077604,0.0072252,2.97933114086185,30.5176244797968,30.5714890112513,16.8713691750989,-76.0500665529073,1.92865493310657e-15,0.000155085664067091,error,2,0.001638,0,afterChannel,snr,NaN,NaN,NaN,NaN,mmse,not-applicable,1,OK,,1.2078856
382,H_EQ_rawGain_std7_likely_Corazza,32QAM,Turbo,1/4,1115,1784,0,NaN,1,1,0,1,0,100,0,27,29,0.0003568,0.0103472,0.0096336,4.49350731036543,26.9482909486165,26.9336740839167,26.957698218044,-76.1661587605171,1.92865493310657e-15,0.00015335468977014,error,2,0.002184,0,afterChannel,snr,NaN,NaN,NaN,NaN,mmse,not-applicable,1,OK,,1.4313057
383,H_EQ_rawGain_std7_likely_Corazza,32QAM,Turbo,1/6,1115,1784,0,NaN,1,1,0,1,0,100,0,27,29,0.0005352,0.0155208,0.0144504,3.24667265082734,29.7712299472589,29.7380975032597,6.21499799607634,-74.3415264850445,1.92865493310657e-15,0.000185086087623878,error,2,0.003276,0,afterChannel,snr,NaN,NaN,NaN,NaN,mmse,not-applicable,1,OK,,1.7762104
384,H_EQ_rawGain_std7_likely_Corazza,32QAM,TPC,1/2_x8,1024,NaN,0,8,1,1,0,1,0,96.551724137931,0,26,28,0.00016384,0.00458752,0.00425984,4.85675650202357,26.2730733947287,26.2897183649048,-11.3427678905405,-75.3989719939778,1.92865493310657e-15,0.000163055537381181,error,2,0.0098175,0,afterChannel,snr,NaN,NaN,NaN,NaN,mmse,not-applicable,1,OK,,58.1881144
385,H_EQ_rawGain_std7_likely_Corazza,32QAM,TPC,2/3_x4,1352,NaN,0,4,1,1,0,1,0,96.551724137931,0,26,28,0.00016224,0.00454272,0.00421824,3.39313665536953,29.3879729840632,29.3942223261546,22.7177502331052,-74.878814323674,1.92865493310657e-15,0.000173035327611709,error,2,0.00490875,0,afterChannel,snr,NaN,NaN,NaN,NaN,mmse,not-applicable,1,OK,,30.3406964
386,H_EQ_rawGain_std8_likely_Lutz,BPSK,none,none,1115,NaN,0,NaN,1,1,0,1,0,96.551724137931,0,26,28,0.000446,0.012488,0.011596,1.92210325573852,34.3244657132355,34.324465713233,0.126980232896775,-62.2368591843252,1.92865493310657e-15,0.000383458508713103,error,2,0.013428,0,afterChannel,snr,NaN,NaN,NaN,NaN,mmse,not-applicable,1,OK,,2.0948279
387,H_EQ_rawGain_std8_likely_Lutz,BPSK,LDPC,1/2,1115,1024,0,NaN,1,1,0,1,0,100,0,26,29,0.000892,0.025868,0.023192,1.71189024164746,35.3304816737254,35.3304816737222,-0.064226556910303,-61.518950065751,1.92865493310657e-15,0.000419393275989855,error,2,0.003168,0,afterChannel,snr,NaN,NaN,NaN,NaN,mmse,not-applicable,1,OK,,0.887512
388,H_EQ_rawGain_std8_likely_Lutz,BPSK,LDPC,2/3,1115,1024,0,NaN,1,1,0,1,0,100,0,26,29,0.000669,0.019401,0.017394,1.57346647763484,36.062850104056,36.0628501040522,0.0227657976307293,-61.4709065009002,1.92865493310657e-15,0.000421786458833703,error,2,0.0024,0,afterChannel,snr,NaN,NaN,NaN,NaN,mmse,not-applicable,1,OK,,0.6606039
389,H_EQ_rawGain_std8_likely_Lutz,BPSK,LDPC,4/5,1115,1024,0,NaN,1,1,0,1,0,100,0,26,29,0.0005575,0.0161675,0.014495,1.60534617948059,35.8886260237265,35.8886260237229,-0.0728690683186211,-61.5177033673418,1.92865493310657e-15,0.000419490741855174,error,2,0.002016,0,afterChannel,snr,NaN,NaN,NaN,NaN,mmse,not-applicable,1,OK,,0.5603366
390,H_EQ_rawGain_std8_likely_Lutz,BPSK,LDPC,7/8,1115,7136,0,NaN,1,1,0,1,0,96.551724137931,0,26,28,0.000509714285714286,0.014272,0.0132525714285714,1.62323171822441,35.792389594072,35.7923895940685,0.153397321331913,-62.0564606082223,1.92865493310657e-15,0.000392913134953608,error,2,0.012288,0,afterChannel,snr,NaN,NaN,NaN,NaN,mmse,not-applicable,1,OK,,4.1277837
391,H_EQ_rawGain_std8_likely_Lutz,BPSK,Turbo,1/2,1115,1784,0,NaN,1,1,0,1,0,100,0,26,29,0.000892,0.025868,0.023192,1.90899608945088,34.3838992250196,34.3838992250171,-0.0274835817469402,-62.1258204864056,1.92865493310657e-15,0.000389238718484874,error,2,0.00546,0,afterChannel,snr,NaN,NaN,NaN,NaN,mmse,not-applicable,1,OK,,1.5734936
392,H_EQ_rawGain_std8_likely_Lutz,BPSK,Turbo,1/3,1115,1784,0,NaN,1,1,0,1,0,100,0,27,29,0.001338,0.038802,0.036126,1.52256049745683,36.348508841689,36.348508841685,0.0107266653301131,-62.0780446010635,1.92865493310657e-15,0.000391483760614415,error,2,0.00819,0,afterChannel,snr,NaN,NaN,NaN,NaN,mmse,not-applicable,1,OK,,1.9753113
393,H_EQ_rawGain_std8_likely_Lutz,BPSK,Turbo,1/4,1115,1784,0,NaN,1,1,0,1,0,100,0,27,29,0.001784,0.051736,0.048168,1.73420926419907,35.2179699618398,35.2179699618367,-0.116783742126997,-62.0288817764048,1.92865493310657e-15,0.000394073238194,error,2,0.01092,0,afterChannel,snr,NaN,NaN,NaN,NaN,mmse,not-applicable,1,OK,,2.286446
394,H_EQ_rawGain_std8_likely_Lutz,BPSK,Turbo,1/6,1115,1784,0,NaN,1,1,0,1,0,100,0,27,29,0.002676,0.077604,0.072252,1.45150671524613,36.7636190121804,36.7636190121759,-0.0198758877561563,-62.0267415600759,1.92865493310657e-15,0.000392582491496326,error,2,0.01638,0,afterChannel,snr,NaN,NaN,NaN,NaN,mmse,not-applicable,1,OK,,2.8192719
395,H_EQ_rawGain_std8_likely_Lutz,BPSK,TPC,1/2_x8,1024,NaN,0,8,1,1,0,1,0,100,0,27,29,0.0008192,0.0237568,0.0221184,1.59921544568508,35.9218604865605,35.9218604865568,0.050909222163785,-61.9828533709188,1.92865493310657e-15,0.000392807132515415,error,2,0.0491232,0,afterChannel,snr,NaN,NaN,NaN,NaN,mmse,not-applicable,1,OK,,61.621798
396,H_EQ_rawGain_std8_likely_Lutz,BPSK,TPC,2/3_x4,1352,NaN,0,4,1,1,0,1,0,100,0,27,29,0.0008112,0.0235248,0.0219024,1.66328294110139,35.580677333025,35.5806773330216,-0.0936792514461041,-62.2121529842794,1.92865493310657e-15,0.000383330950141702,error,2,0.0245616,0,afterChannel,snr,NaN,NaN,NaN,NaN,mmse,not-applicable,1,OK,,31.928173
397,H_EQ_rawGain_std8_likely_Lutz,QPSK,none,none,1115,NaN,0,NaN,1,1,0,1,0,100,0,26,29,0.000223,0.006467,0.005798,1.47420984096724,36.6288138805858,36.6288138805815,-0.21156164061589,-62.219426233367,1.92865493310657e-15,0.000384943338590433,error,2,0.006714,0,afterChannel,snr,NaN,NaN,NaN,NaN,mmse,not-applicable,1,OK,,1.6410912
398,H_EQ_rawGain_std8_likely_Lutz,QPSK,LDPC,1/2,1115,1024,0,NaN,1,1,0,1,0,100,0,26,29,0.000446,0.012934,0.011596,1.56328710568455,36.1192250849906,36.1192250849867,-0.177482182406291,-61.4676226807537,1.92865493310657e-15,0.000421860805333763,error,2,0.001584,0,afterChannel,snr,NaN,NaN,NaN,NaN,mmse,not-applicable,1,OK,,0.6962264
399,H_EQ_rawGain_std8_likely_Lutz,QPSK,LDPC,2/3,1115,1024,0,NaN,1,1,0,1,0,100,0,26,29,0.0003345,0.0097005,0.008697,1.51734714543236,36.3783009604258,36.3783009604217,0.201519323456625,-61.3735613330046,1.92865493310657e-15,0.000426438651222905,error,2,0.0012,0,afterChannel,snr,NaN,NaN,NaN,NaN,mmse,not-applicable,1,OK,,0.5339338
400,H_EQ_rawGain_std8_likely_Lutz,QPSK,LDPC,4/5,1115,1024,0,NaN,1,1,0,1,0,100,0,26,29,0.00027875,0.00808375,0.0072475,1.48868618866591,36.5439368158653,36.5439368158611,-0.0198860309157467,-61.3689392649476,1.92865493310657e-15,0.000426586908004607,error,2,0.001008,0,afterChannel,snr,NaN,NaN,NaN,NaN,mmse,not-applicable,1,OK,,0.4541218
401,H_EQ_rawGain_std8_likely_Lutz,QPSK,LDPC,7/8,1115,7136,0,NaN,1,1,0,1,0,100,0,26,29,0.000254857142857143,0.00739085714285714,0.00662628571428571,1.5568654870336,36.1549781759033,36.1549781758994,0.204232410380767,-62.2568164398192,1.92865493310657e-15,0.000383109076366509,error,2,0.006144,0,afterChannel,snr,NaN,NaN,NaN,NaN,mmse,not-applicable,1,OK,,3.3132966
402,H_EQ_rawGain_std8_likely_Lutz,QPSK,Turbo,1/2,1115,1784,0,NaN,1,1,0,1,0,100,0,27,29,0.000446,0.012934,0.012042,1.48965570116435,36.5382819386396,36.5382819386354,0.0816217445654965,-61.4432802435123,1.92865493310657e-15,0.000423160198533611,error,2,0.00273,0,afterChannel,snr,NaN,NaN,NaN,NaN,mmse,not-applicable,1,OK,,1.2998056
403,H_EQ_rawGain_std8_likely_Lutz,QPSK,Turbo,1/3,1115,1784,0,NaN,1,1,0,1,0,100,0,27,29,0.000669,0.019401,0.018063,1.60642215227209,35.8828063130221,35.8828063130185,-0.0447448884739514,-61.8100808804271,1.92865493310657e-15,0.000404726644444665,error,2,0.004095,0,afterChannel,snr,NaN,NaN,NaN,NaN,mmse,not-applicable,1,OK,,1.6472952
404,H_EQ_rawGain_std8_likely_Lutz,QPSK,Turbo,1/4,1115,1784,0,NaN,1,1,0,1,0,100,0,27,29,0.000892,0.025868,0.024084,1.83935684586146,34.7066801389533,34.7066801389505,0.181805161598127,-62.1258591910106,1.92865493310657e-15,0.000389238718484874,error,2,0.00546,0,afterChannel,snr,NaN,NaN,NaN,NaN,mmse,not-applicable,1,OK,,1.9903831
405,H_EQ_rawGain_std8_likely_Lutz,QPSK,Turbo,1/6,1115,1784,0,NaN,1,1,0,1,0,100,0,27,29,0.001338,0.038802,0.036126,1.44351704709793,36.8115616597475,36.8115616597431,-0.0970876553430386,-62.0780062273986,1.92865493310657e-15,0.000391483760614415,error,2,0.00819,0,afterChannel,snr,NaN,NaN,NaN,NaN,mmse,not-applicable,1,OK,,2.5099778
406,H_EQ_rawGain_std8_likely_Lutz,QPSK,TPC,1/2_x8,1024,NaN,0,8,1,1,0,1,0,100,0,27,29,0.0004096,0.0118784,0.0110592,1.58122337616067,36.0201354769867,36.020135476983,-0.0943614842816816,-62.2120896812743,1.92865493310657e-15,0.000383330950141702,error,2,0.0245616,0,afterChannel,snr,NaN,NaN,NaN,NaN,mmse,not-applicable,1,OK,,59.6414188
407,H_EQ_rawGain_std8_likely_Lutz,QPSK,TPC,2/3_x4,1352,NaN,0,4,1,1,0,1,0,100,0,27,29,0.0004056,0.0117624,0.0109512,1.52164357860498,36.3537412479246,36.3537412479206,0.0262676877389696,-62.0562317807426,1.92865493310657e-15,0.000392923148423669,error,2,0.0122808,0,afterChannel,snr,NaN,NaN,NaN,NaN,mmse,not-applicable,1,OK,,31.1132184
408,H_EQ_rawGain_std8_likely_Lutz,8PSK,none,none,1115,NaN,0,NaN,1,1,0,1,0,96.551724137931,0,26,28,0.000148666666666667,0.00416266666666667,0.00386533333333333,1.58379443853539,36.0060237276955,36.0060237276917,-0.0710564793238645,-61.8582133630116,1.92865493310657e-15,0.000402518623196789,error,2,0.004476,0,afterChannel,snr,NaN,NaN,NaN,NaN,mmse,not-applicable,1,OK,,1.718006
409,H_EQ_rawGain_std8_likely_Lutz,8PSK,LDPC,1/2,1115,1024,0,NaN,1,1,0,1,0,96.551724137931,0,26,28,0.000297333333333333,0.00832533333333333,0.00773066666666667,1.47731314334662,36.6105487665705,36.6105487665662,-0.157620866041103,-61.3651015676537,1.92865493310657e-15,0.000426799887847741,error,2,0.001056,0,afterChannel,snr,NaN,NaN,NaN,NaN,mmse,not-applicable,1,OK,,0.7506026
410,H_EQ_rawGain_std8_likely_Lutz,8PSK,LDPC,2/3,1115,1024,0,NaN,1,1,0,1,0,96.551724137931,0,26,28,0.000223,0.006244,0.005798,1.47230835843874,36.6400244474762,36.6400244474719,-0.101212468558991,-61.4364606256556,1.92865493310657e-15,0.00042320194179057,error,2,0.0007995,0,afterChannel,snr,NaN,NaN,NaN,NaN,mmse,not-applicable,1,OK,,0.5686338
411,H_EQ_rawGain_std8_likely_Lutz,8PSK,LDPC,4/5,1115,1024,0,NaN,1,1,0,1,0,96.551724137931,0,26,28,0.000185833333333333,0.00520333333333333,0.00483166666666667,1.47404696624667,36.6297735743586,36.6297735743543,-0.144904145183821,-61.5253021560339,1.92865493310657e-15,0.000418900513289164,error,2,0.000672,0,afterChannel,snr,NaN,NaN,NaN,NaN,mmse,not-applicable,1,OK,,0.4983286
412,H_EQ_rawGain_std8_likely_Lutz,8PSK,LDPC,7/8,1115,7136,0,NaN,1,1,0,1,0,96.551724137931,0,26,28,0.000169904761904762,0.00475733333333333,0.00441752380952381,1.61650217272541,35.8284741464177,35.8284741464142,-0.0226364570817861,-61.8100734328077,1.92865493310657e-15,0.000404726644444665,error,2,0.004095,0,afterChannel,snr,NaN,NaN,NaN,NaN,mmse,not-applicable,1,OK,,2.8308954
413,H_EQ_rawGain_std8_likely_Lutz,8PSK,Turbo,1/2,1115,1784,0,NaN,1,1,0,1,0,100,0,26,29,0.000297333333333333,0.00862266666666667,0.00773066666666667,1.55601918415068,36.1597010579879,36.1597010579841,-0.0483624988028291,-61.5115715966988,1.92865493310657e-15,0.000419749074072942,error,2,0.0018195,0,afterChannel,snr,NaN,NaN,NaN,NaN,mmse,not-applicable,1,OK,,1.3598643
414,H_EQ_rawGain_std8_likely_Lutz,8PSK,Turbo,1/3,1115,1784,0,NaN,1,1,0,1,0,100,0,27,29,0.000446,0.012934,0.012042,1.49771920661291,36.491392016432,36.4913920164278,-0.061719309753897,-61.4433046375699,1.92865493310657e-15,0.000423160198533611,error,2,0.00273,0,afterChannel,snr,NaN,NaN,NaN,NaN,mmse,not-applicable,1,OK,,1.773429
415,H_EQ_rawGain_std8_likely_Lutz,8PSK,Turbo,1/4,1115,1784,0,NaN,1,1,0,1,0,100,0,27,29,0.000594666666666667,0.0172453333333333,0.016056,1.668025455474,35.5559465189591,35.5559465189557,0.0145333686115272,-61.6921745766923,1.92865493310657e-15,0.000410508884186564,error,2,0.003639,0,afterChannel,snr,NaN,NaN,NaN,NaN,mmse,not-applicable,1,OK,,2.2313497
416,H_EQ_rawGain_std8_likely_Lutz,8PSK,Turbo,1/6,1115,1784,0,NaN,1,1,0,1,0,100,0,27,29,0.000892,0.025868,0.024084,1.82741980568903,34.7632334497649,34.7632334497621,-0.0306458218976158,-62.1258296655399,1.92865493310657e-15,0.000389238718484874,error,2,0.00546,0,afterChannel,snr,NaN,NaN,NaN,NaN,mmse,not-applicable,1,OK,,2.8743401
417,H_EQ_rawGain_std8_likely_Lutz,8PSK,TPC,1/2_x8,1024,NaN,0,8,1,1,0,1,0,100,0,26,29,0.000273066666666667,0.00791893333333333,0.00709973333333333,1.35576409083976,37.3563174624725,37.3563174624674,-0.0710949615903332,-62.0273332718483,1.92865493310657e-15,0.000392555831811529,error,2,0.0163744,0,afterChannel,snr,NaN,NaN,NaN,NaN,mmse,not-applicable,1,OK,,59.3511869
418,H_EQ_rawGain_std8_likely_Lutz,8PSK,TPC,2/3_x4,1352,NaN,0,4,1,1,0,1,0,96.551724137931,0,26,28,0.0002704,0.0075712,0.0070304,1.45254991667852,36.7573786842184,36.7573786842139,-0.0934367304296166,-62.0783596574155,1.92865493310657e-15,0.000391467163664608,error,2,0.0081872,0,afterChannel,snr,NaN,NaN,NaN,NaN,mmse,not-applicable,1,OK,,31.2320183
419,H_EQ_rawGain_std8_likely_Lutz,16QAM,none,none,1115,NaN,0,NaN,1,1,0,1,0,96.551724137931,0,26,28,0.0001115,0.003122,0.002899,2.85644006483023,30.8834976815808,30.8959873861045,-9.551755418368,-61.5865378761101,1.92865493310657e-15,0.00041596566474577,error,2,0.003357,0,afterChannel,snr,NaN,NaN,NaN,NaN,mmse,not-applicable,1,OK,,1.1704067
420,H_EQ_rawGain_std8_likely_Lutz,16QAM,LDPC,1/2,1115,1024,0,NaN,1,1,0,1,0,96.551724137931,0,26,28,0.000223,0.006244,0.005798,3.00486615475419,30.443497358724,30.4863670872959,-16.1787909342198,-61.4388514618025,1.92865493310657e-15,0.000422997946268559,error,2,0.000792,0,afterChannel,snr,NaN,NaN,NaN,NaN,mmse,not-applicable,1,OK,,0.6016893
421,H_EQ_rawGain_std8_likely_Lutz,16QAM,LDPC,2/3,1115,1024,0,NaN,1,1,0,1,0,96.551724137931,0,26,28,0.00016725,0.004683,0.0043485,2.47869391681609,32.1155419813432,32.2090309499352,-7.94766697846145,-61.5877833200247,1.92865493310657e-15,0.000415680754438749,error,2,0.0006,0,afterChannel,snr,NaN,NaN,NaN,NaN,mmse,not-applicable,1,OK,,0.4574486
422,H_EQ_rawGain_std8_likely_Lutz,16QAM,LDPC,4/5,1115,1024,0,NaN,1,1,0,1,0,96.551724137931,0,26,28,0.000139375,0.0039025,0.00362375,2.91768318588479,30.6992373474931,30.7372880831422,-12.6138769565124,-61.7011719323213,1.92865493310657e-15,0.000410514215166588,error,2,0.000504,0,afterChannel,snr,NaN,NaN,NaN,NaN,mmse,not-applicable,1,OK,,0.3961524
423,H_EQ_rawGain_std8_likely_Lutz,16QAM,LDPC,7/8,1115,7136,0,NaN,1,1,0,1,0,96.551724137931,0,26,28,0.000127428571428571,0.003568,0.00331314285714286,2.57711820968432,31.7773132072807,31.7668776119842,-9.97589528214504,-61.4907083176917,1.92865493310657e-15,0.00042080764674681,error,2,0.003072,0,afterChannel,snr,NaN,NaN,NaN,NaN,mmse,not-applicable,1,OK,,2.299292
424,H_EQ_rawGain_std8_likely_Lutz,16QAM,Turbo,1/2,1115,1784,0,NaN,1,1,0,1,0,100,0,27,29,0.000223,0.006467,0.006021,3.24424348706103,29.7777311710996,29.7421473611738,32.119205053709,-61.4095587702344,1.92865493310657e-15,0.000424747071125256,error,2,0.001365,0,afterChannel,snr,NaN,NaN,NaN,NaN,mmse,not-applicable,1,OK,,1.0569339
425,H_EQ_rawGain_std8_likely_Lutz,16QAM,Turbo,1/3,1115,1784,0,NaN,1,1,0,1,0,100,0,27,29,0.0003345,0.0097005,0.0090315,3.28832584307045,29.6605030876277,29.6094789275631,-6.73183592684301,-61.5159322075706,1.92865493310657e-15,0.000419573212104352,error,2,0.0020475,0,afterChannel,snr,NaN,NaN,NaN,NaN,mmse,not-applicable,1,OK,,1.2940664
426,H_EQ_rawGain_std8_likely_Lutz,16QAM,Turbo,1/4,1115,1784,0,NaN,1,1,0,1,0,100,0,27,29,0.000446,0.012934,0.012042,2.64707630035288,31.5446708049163,31.5398039807872,15.8286868241057,-61.443171022532,1.92865493310657e-15,0.000423160198533611,error,2,0.00273,0,afterChannel,snr,NaN,NaN,NaN,NaN,mmse,not-applicable,1,OK,,1.5208923
427,H_EQ_rawGain_std8_likely_Lutz,16QAM,Turbo,1/6,1115,1784,0,NaN,1,1,0,1,0,100,0,27,29,0.000669,0.019401,0.018063,3.19534548516431,29.9096435689613,29.8558061651908,-5.36318851269364,-61.807595624926,1.92865493310657e-15,0.000404726644444665,error,2,0.004095,0,afterChannel,snr,NaN,NaN,NaN,NaN,mmse,not-applicable,1,OK,,1.9005877
428,H_EQ_rawGain_std8_likely_Lutz,16QAM,TPC,1/2_x8,1024,NaN,0,8,1,1,0,1,0,100,0,27,29,0.0002048,0.0059392,0.0055296,3.64599140680183,28.7636871852771,28.7420925799709,2.75406504291305,-62.0573021103036,1.92865493310657e-15,0.000392923148423669,error,2,0.0122808,0,afterChannel,snr,NaN,NaN,NaN,NaN,mmse,not-applicable,1,OK,,58.3958327
429,H_EQ_rawGain_std8_likely_Lutz,16QAM,TPC,2/3_x4,1352,NaN,0,4,1,1,0,1,0,96.551724137931,0,26,28,0.0002028,0.0056784,0.0052728,3.06132304188681,30.2818167931799,30.2385196700114,16.1508190794655,-62.2586500724157,1.92865493310657e-15,0.000383109919763278,error,2,0.0061404,0,afterChannel,snr,NaN,NaN,NaN,NaN,mmse,not-applicable,1,OK,,30.552241
430,H_EQ_rawGain_std8_likely_Lutz,32QAM,none,none,1115,NaN,0,NaN,1,1,0,1,0,96.551724137931,0,26,28,8.92e-05,0.0024976,0.0023192,3.5733046045053,28.9385992202151,28.9490098000754,-30.4798756481232,-61.4422452078595,1.92865493310657e-15,0.000423145149819617,error,2,0.002685,0,afterChannel,snr,NaN,NaN,NaN,NaN,mmse,not-applicable,1,OK,,1.0982994
431,H_EQ_rawGain_std8_likely_Lutz,32QAM,LDPC,1/2,1115,1024,0,NaN,1,1,0,1,0,96.551724137931,0,26,28,0.0001784,0.0049952,0.0046384,3.17485961015486,29.9655094822941,30.004593309528,-7.17929855204714,-61.5622793807747,1.92865493310657e-15,0.000417227266202336,error,2,0.000633,0,afterChannel,snr,NaN,NaN,NaN,NaN,mmse,not-applicable,1,OK,,0.6033669
432,H_EQ_rawGain_std8_likely_Lutz,32QAM,LDPC,2/3,1115,1024,0,NaN,1,1,0,1,0,96.551724137931,0,26,28,0.0001338,0.0037464,0.0034788,3.53807287238255,29.0246645266169,28.9981788237406,-1.96052742883169,-61.734534602325,1.92865493310657e-15,0.000409072002263779,error,2,0.00048,0,afterChannel,snr,NaN,NaN,NaN,NaN,mmse,not-applicable,1,OK,,0.4562393
433,H_EQ_rawGain_std8_likely_Lutz,32QAM,LDPC,4/5,1115,1024,0,NaN,1,1,0,1,0,93.1034482758621,0,25,27,0.0001115,0.0030105,0.0027875,3.59533376224308,28.8852157391564,28.903244914864,-12.1564450346171,-61.8456093653604,1.92865493310657e-15,0.00040399352978875,error,2,0.000402,0,afterChannel,snr,NaN,NaN,NaN,NaN,mmse,not-applicable,1,OK,,0.4007062
434,H_EQ_rawGain_std8_likely_Lutz,32QAM,LDPC,7/8,1115,7136,0,NaN,1,1,0,1,0,96.551724137931,0,26,28,0.000101942857142857,0.0028544,0.00265051428571429,4.00329583050615,27.9516463152636,27.9464316520561,13.61758766455,-61.4621341183234,1.92865493310657e-15,0.000422182963330846,error,2,0.002457,0,afterChannel,snr,NaN,NaN,NaN,NaN,mmse,not-applicable,1,OK,,2.2718848
435,H_EQ_rawGain_std8_likely_Lutz,32QAM,Turbo,1/2,1115,1784,0,NaN,1,1,0,1,0,96.551724137931,0,26,28,0.0001784,0.0049952,0.0046384,3.54725253389582,29.0021578478522,28.9986821015122,-2.9198986758063,-61.3664094782386,1.92865493310657e-15,0.000426840883947261,error,2,0.001092,0,afterChannel,snr,NaN,NaN,NaN,NaN,mmse,not-applicable,1,OK,,1.0330989
436,H_EQ_rawGain_std8_likely_Lutz,32QAM,Turbo,1/3,1115,1784,0,NaN,1,1,0,1,0,100,0,27,29,0.0002676,0.0077604,0.0072252,2.95950900769491,30.5756066770374,30.6305005456056,16.7554594281837,-61.4808067994058,1.92865493310657e-15,0.000421230215582355,error,2,0.001638,0,afterChannel,snr,NaN,NaN,NaN,NaN,mmse,not-applicable,1,OK,,1.2395277
437,H_EQ_rawGain_std8_likely_Lutz,32QAM,Turbo,1/4,1115,1784,0,NaN,1,1,0,1,0,100,0,27,29,0.0003568,0.0103472,0.0096336,4.49195869948516,26.9512849087109,26.9366680440111,27.2692481612105,-61.503187165795,1.92865493310657e-15,0.000420232617514931,error,2,0.002184,0,afterChannel,snr,NaN,NaN,NaN,NaN,mmse,not-applicable,1,OK,,1.4857373
438,H_EQ_rawGain_std8_likely_Lutz,32QAM,Turbo,1/6,1115,1784,0,NaN,1,1,0,1,0,100,0,27,29,0.0005352,0.0155208,0.0144504,3.38785674847306,29.401499231661,29.368366787662,5.92245273144559,-61.5544377844237,1.92865493310657e-15,0.000417512017189436,error,2,0.003276,0,afterChannel,snr,NaN,NaN,NaN,NaN,mmse,not-applicable,1,OK,,1.8310941
439,H_EQ_rawGain_std8_likely_Lutz,32QAM,TPC,1/2_x8,1024,NaN,0,8,1,1,0,1,0,96.551724137931,0,26,28,0.00016384,0.00458752,0.00425984,4.85763539628634,26.2715017104337,26.2881466806099,-11.3537606452364,-62.0036754275652,1.92865493310657e-15,0.000395122355530876,error,2,0.0098175,0,afterChannel,snr,NaN,NaN,NaN,NaN,mmse,not-applicable,1,OK,,58.7807748
440,H_EQ_rawGain_std8_likely_Lutz,32QAM,TPC,2/3_x4,1352,NaN,0,4,1,1,0,1,0,96.551724137931,0,26,28,0.00016224,0.00454272,0.00421824,3.50122739942189,29.1155936309892,29.1218429730807,23.7578971347799,-61.9406584948274,1.92865493310657e-15,0.000398618170749728,error,2,0.00490875,0,afterChannel,snr,NaN,NaN,NaN,NaN,mmse,not-applicable,1,OK,,30.4020333
