Altitude Latitude Longitude
780.697772         -10.446            143.362
780.705706         -10.506            143.362
780.713683         -10.566            143.361
780.721704         -10.626            143.361
780.729768         -10.685            143.360
780.737875         -10.745            143.360
780.746025         -10.805            143.359
780.754218         -10.865            143.359
780.762454         -10.925            143.359
780.770733         -10.985            143.358
780.779056         -11.045            143.358
780.787421         -11.104            143.357
780.795829         -11.164            143.357
780.804280         -11.224            143.356
780.812774         -11.284            143.356
780.821311         -11.344            143.356
780.829890         -11.404            143.355
780.838513         -11.464            143.355
780.847178         -11.524            143.354
780.855885         -11.583            143.354
780.864636         -11.643            143.353
780.873429         -11.703            143.353
780.882264         -11.763            143.353
780.891142         -11.823            143.352
780.900063         -11.883            143.352
780.909026         -11.943            143.351
780.918031         -12.003            143.351
780.927079         -12.062            143.351
780.936169         -12.122            143.350
780.945301         -12.182            143.350
780.954475         -12.242            143.349
780.963692         -12.302            143.349
780.972951         -12.362            143.349
780.982252         -12.422            143.348
780.991595         -12.481            143.348
781.000980         -12.541            143.347
781.010407         -12.601            143.347
781.019877         -12.661            143.347
781.029388         -12.721            143.346
781.038940         -12.781            143.346
781.048535         -12.841            143.345
781.058172         -12.900            143.345
781.067850         -12.960            143.345
781.077570         -13.020            143.344
781.087331         -13.080            143.344
781.097135         -13.140            143.343
781.106980         -13.200            143.343
781.116866         -13.260            143.343
781.126794         -13.319            143.342
781.136763         -13.379            143.342
781.146774         -13.439            143.342
781.156826         -13.499            143.341
781.166919         -13.559            143.341
781.177054         -13.619            143.341
781.187230         -13.679            143.340
781.197447         -13.738            143.340
781.207705         -13.798            143.339
781.218004         -13.858            143.339
781.228344         -13.918            143.339
781.238726         -13.978            143.338
781.249148         -14.038            143.338
781.259611         -14.098            143.338
781.270115         -14.157            143.337
781.280660         -14.217            143.337
781.291246         -14.277            143.337
781.301872         -14.337            143.336
781.312539         -14.397            143.336
781.323247         -14.457            143.336
781.333995         -14.517            143.335
781.344784         -14.576            143.335
781.355613         -14.636            143.335
781.366483         -14.696            143.334
781.377393         -14.756            143.334
781.388343         -14.816            143.334
781.399334         -14.876            143.333
781.410365         -14.935            143.333
781.421436         -14.995            143.333
781.432547         -15.055            143.332
781.443699         -15.115            143.332
781.454890         -15.175            143.332
781.466122         -15.235            143.332
781.477393         -15.295            143.331
781.488705         -15.354            143.331
781.500056         -15.414            143.331
781.511447         -15.474            143.330
781.522878         -15.534            143.330
781.534348         -15.594            143.330
781.545859         -15.654            143.329
781.557408         -15.713            143.329
781.568998         -15.773            143.329
781.580627         -15.833            143.329
781.592295         -15.893            143.328
781.604003         -15.953            143.328
781.615750         -16.013            143.328
781.627536         -16.073            143.327
781.639362         -16.132            143.327
781.651227         -16.192            143.327
781.663131         -16.252            143.327
781.675074         -16.312            143.326
781.687056         -16.372            143.326
781.699077         -16.432            143.326
781.711137         -16.491            143.326
781.723236         -16.551            143.325
781.735374         -16.611            143.325
781.747550         -16.671            143.325
781.759765         -16.731            143.325
781.772019         -16.791            143.324
781.784312         -16.850            143.324
781.796643         -16.910            143.324
781.809013         -16.970            143.324
781.821421         -17.030            143.323
781.833867         -17.090            143.323
781.846352         -17.150            143.323
781.858875         -17.209            143.323
781.871436         -17.269            143.322
781.884036         -17.329            143.322
781.896674         -17.389            143.322
781.909349         -17.449            143.322
781.922063         -17.508            143.322
781.934815         -17.568            143.321
781.947604         -17.628            143.321
781.960432         -17.688            143.321
781.973297         -17.748            143.321
781.986200         -17.808            143.321
781.999141         -17.867            143.320
782.012119         -17.927            143.320
782.025135         -17.987            143.320
782.038188         -18.047            143.320
782.051279         -18.107            143.320
782.064407         -18.167            143.319
782.077573         -18.226            143.319
782.090775         -18.286            143.319
782.104015         -18.346            143.319
782.117293         -18.406            143.319
782.130607         -18.466            143.319
782.143958         -18.525            143.318
782.157347         -18.585            143.318
782.170772         -18.645            143.318
782.184234         -18.705            143.318
782.197733         -18.765            143.318
782.211269         -18.825            143.318
782.224841         -18.884            143.317
782.238450         -18.944            143.317
782.252096         -19.004            143.317
782.265778         -19.064            143.317
782.279496         -19.124            143.317
782.293251         -19.183            143.317
782.307042         -19.243            143.317
782.320870         -19.303            143.316
782.334734         -19.363            143.316
782.348634         -19.423            143.316
782.362570         -19.482            143.316
782.376542         -19.542            143.316
782.390550         -19.602            143.316
782.404594         -19.662            143.316
782.418673         -19.722            143.316
782.432789         -19.781            143.315
782.446940         -19.841            143.315
782.461127         -19.901            143.315
782.475350         -19.961            143.315
782.489608         -20.021            143.315
782.503901         -20.081            143.315
782.518230         -20.140            143.315
782.532594         -20.200            143.315
782.546994         -20.260            143.315
782.561429         -20.320            143.315
782.575899         -20.380            143.314
782.590404         -20.439            143.314
782.604944         -20.499            143.314
782.619519         -20.559            143.314
782.634129         -20.619            143.314
782.648774         -20.679            143.314
782.663453         -20.738            143.314
782.678168         -20.798            143.314
782.692917         -20.858            143.314
782.707700         -20.918            143.314
782.722518         -20.978            143.314
782.737371         -21.037            143.314
782.752257         -21.097            143.314
782.767179         -21.157            143.314
782.782134         -21.217            143.314
782.797124         -21.276            143.314
782.812148         -21.336            143.314
782.827205         -21.396            143.314
782.842297         -21.456            143.314
782.857423         -21.516            143.314
782.872583         -21.575            143.314
782.887776         -21.635            143.314
782.903003         -21.695            143.314
782.918264         -21.755            143.314
782.933558         -21.815            143.314
782.948886         -21.874            143.314
782.964248         -21.934            143.314
782.979643         -21.994            143.314
782.995071         -22.054            143.314
783.010532         -22.113            143.314
783.026027         -22.173            143.314
783.041554         -22.233            143.314
783.057115         -22.293            143.314
783.072709         -22.353            143.314
783.088336         -22.412            143.314
783.103995         -22.472            143.314
783.119688         -22.532            143.314
783.135413         -22.592            143.314
783.151170         -22.651            143.314
783.166961         -22.711            143.314
783.182783         -22.771            143.314
783.198639         -22.831            143.314
783.214526         -22.891            143.314
783.230446         -22.950            143.314
783.246398         -23.010            143.314
783.262382         -23.070            143.314
783.278399         -23.130            143.314
783.294447         -23.189            143.315
783.310527         -23.249            143.315
783.326640         -23.309            143.315
783.342784         -23.369            143.315
783.358959         -23.429            143.315
783.375167         -23.488            143.315
783.391406         -23.548            143.315
783.407676         -23.608            143.315
783.423978         -23.668            143.315
783.440312         -23.727            143.315
783.456677         -23.787            143.316
783.473072         -23.847            143.316
783.489500         -23.907            143.316
783.505958         -23.966            143.316
783.522447         -24.026            143.316
783.538967         -24.086            143.316
783.555518         -24.146            143.316
783.572100         -24.205            143.317
783.588713         -24.265            143.317
783.605356         -24.325            143.317
783.622030         -24.385            143.317
783.638734         -24.445            143.317
783.655469         -24.504            143.317
783.672234         -24.564            143.318
783.689030         -24.624            143.318
783.705856         -24.684            143.318
783.722712         -24.743            143.318
783.739598         -24.803            143.318
783.756513         -24.863            143.318
783.773459         -24.923            143.319
783.790435         -24.982            143.319
783.807441         -25.042            143.319
783.824476         -25.102            143.319
783.841541         -25.162            143.320
783.858635         -25.221            143.320
783.875759         -25.281            143.320
783.892912         -25.341            143.320
783.910095         -25.401            143.320
783.927307         -25.460            143.321
783.944548         -25.520            143.321
783.961818         -25.580            143.321
783.979118         -25.640            143.321
783.996446         -25.699            143.322
784.013803         -25.759            143.322
784.031189         -25.819            143.322
784.048603         -25.878            143.322
784.066047         -25.938            143.323
784.083518         -25.998            143.323
784.101019         -26.058            143.323
784.118548         -26.117            143.324
784.136105         -26.177            143.324
784.153690         -26.237            143.324
784.171304         -26.297            143.324
784.188945         -26.356            143.325
784.206615         -26.416            143.325
784.224313         -26.476            143.325
784.242038         -26.536            143.326
784.259792         -26.595            143.326
784.277573         -26.655            143.326
784.295382         -26.715            143.327
784.313218         -26.775            143.327
784.331082         -26.834            143.327
784.348973         -26.894            143.328
784.366892         -26.954            143.328
784.384838         -27.013            143.328
784.402811         -27.073            143.329
784.420811         -27.133            143.329
784.438838         -27.193            143.329
784.456892         -27.252            143.330
784.474973         -27.312            143.330
784.493081         -27.372            143.331
784.511215         -27.431            143.331
784.529377         -27.491            143.331
784.547564         -27.551            143.332
784.565778         -27.611            143.332
784.584019         -27.670            143.333
784.602286         -27.730            143.333
784.620579         -27.790            143.333
784.638898         -27.850            143.334
784.657243         -27.909            143.334
784.675615         -27.969            143.335
784.694012         -28.029            143.335
784.712435         -28.088            143.336
784.730884         -28.148            143.336
784.749358         -28.208            143.337
784.767858         -28.267            143.337
784.786384         -28.327            143.337
784.804935         -28.387            143.338
784.823511         -28.447            143.338
784.842113         -28.506            143.339
784.860740         -28.566            143.339
784.879392         -28.626            143.340
784.898069         -28.685            143.340
784.916771         -28.745            143.341
784.935498         -28.805            143.341
784.954249         -28.865            143.342
784.973025         -28.924            143.342
784.991826         -28.984            143.343
785.010652         -29.044            143.343
785.029501         -29.103            143.344
785.048376         -29.163            143.345
785.067274         -29.223            143.345
785.086197         -29.282            143.346
785.105144         -29.342            143.346
785.124114         -29.402            143.347
785.143109         -29.462            143.347
785.162128         -29.521            143.348
785.181170         -29.581            143.348
785.200237         -29.641            143.349
785.219326         -29.700            143.350
785.238440         -29.760            143.350
785.257577         -29.820            143.351
785.276737         -29.879            143.351
785.295920         -29.939            143.352
785.315127         -29.999            143.353
785.334357         -30.058            143.353
785.353609         -30.118            143.354
785.372885         -30.178            143.355
785.392184         -30.237            143.355
785.411505         -30.297            143.356
785.430849         -30.357            143.356
785.450216         -30.417            143.357
785.469605         -30.476            143.358
785.489017         -30.536            143.358
785.508451         -30.596            143.359
785.527908         -30.655            143.360
785.547386         -30.715            143.361
785.566887         -30.775            143.361
785.586410         -30.834            143.362
785.605954         -30.894            143.363
785.625521         -30.954            143.363
785.645109         -31.013            143.364
785.664719         -31.073            143.365
785.684350         -31.133            143.365
785.704003         -31.192            143.366
785.723678         -31.252            143.367
785.743374         -31.312            143.368
785.763091         -31.371            143.368
785.782829         -31.431            143.369
785.802588         -31.491            143.370
785.822369         -31.550            143.371
785.842170         -31.610            143.372
785.861992         -31.670            143.372
785.881835         -31.729            143.373
785.901698         -31.789            143.374
785.921582         -31.849            143.375
785.941487         -31.908            143.376
785.961411         -31.968            143.376
785.981357         -32.028            143.377
786.001322         -32.087            143.378
786.021307         -32.147            143.379
786.041313         -32.207            143.380
786.061339         -32.266            143.381
786.081384         -32.326            143.381
786.101449         -32.386            143.382
786.121534         -32.445            143.383
786.141638         -32.505            143.384
786.161762         -32.565            143.385
786.181906         -32.624            143.386
786.202068         -32.684            143.387
786.222250         -32.743            143.388
786.242451         -32.803            143.388
786.262672         -32.863            143.389
786.282911         -32.922            143.390
786.303169         -32.982            143.391
786.323446         -33.042            143.392
786.343742         -33.101            143.393
786.364056         -33.161            143.394
786.384389         -33.221            143.395
786.404740         -33.280            143.396
786.425110         -33.340            143.397
786.445498         -33.400            143.398
786.465904         -33.459            143.399
786.486328         -33.519            143.400
786.506770         -33.578            143.401
786.527230         -33.638            143.402
786.547708         -33.698            143.403
786.568204         -33.757            143.404
786.588718         -33.817            143.405
786.609249         -33.877            143.406
786.629797         -33.936            143.407
786.650363         -33.996            143.408
786.670946         -34.056            143.409
786.691546         -34.115            143.410
786.712164         -34.175            143.411
786.732798         -34.234            143.412
786.753450         -34.294            143.413
786.774118         -34.354            143.415
786.794803         -34.413            143.416
786.815505         -34.473            143.417
786.836223         -34.533            143.418
786.856958         -34.592            143.419
786.877709         -34.652            143.420
786.898477         -34.711            143.421
786.919260         -34.771            143.422
786.940060         -34.831            143.424
786.960876         -34.890            143.425
786.981708         -34.950            143.426
787.002556         -35.009            143.427
787.023419         -35.069            143.428
787.044298         -35.129            143.430
787.065193         -35.188            143.431
787.086103         -35.248            143.432
787.107029         -35.308            143.433
787.127970         -35.367            143.434
787.148926         -35.427            143.436
787.169897         -35.486            143.437
787.190884         -35.546            143.438
787.211885         -35.606            143.439
787.232901         -35.665            143.441
787.253932         -35.725            143.442
787.274977         -35.784            143.443
787.296038         -35.844            143.444
787.317112         -35.904            143.446
787.338201         -35.963            143.447
787.359304         -36.023            143.448
787.380422         -36.082            143.450
787.401554         -36.142            143.451
787.422699         -36.202            143.452
787.443859         -36.261            143.454
787.465032         -36.321            143.455
787.486220         -36.380            143.456
787.507420         -36.440            143.458
787.528635         -36.499            143.459
787.549863         -36.559            143.461
787.571104         -36.619            143.462
787.592359         -36.678            143.463
787.613626         -36.738            143.465
787.634907         -36.797            143.466
787.656201         -36.857            143.468
787.677508         -36.917            143.469
787.698828         -36.976            143.471
787.720160         -37.036            143.472
787.741505         -37.095            143.473
787.762863         -37.155            143.475
787.784233         -37.215            143.476
787.805615         -37.274            143.478
787.827010         -37.334            143.479
787.848416         -37.393            143.481
787.869835         -37.453            143.482
787.891266         -37.512            143.484
787.912709         -37.572            143.486
787.934164         -37.632            143.487
787.955630         -37.691            143.489
787.977108         -37.751            143.490
787.998597         -37.810            143.492
788.020098         -37.870            143.493
788.041610         -37.929            143.495
788.063134         -37.989            143.497
788.084669         -38.048            143.498
788.106214         -38.108            143.500
788.127771         -38.168            143.501
788.149338         -38.227            143.503
788.170917         -38.287            143.505
788.192506         -38.346            143.506
788.214105         -38.406            143.508
788.235715         -38.465            143.510
788.257336         -38.525            143.511
788.278966         -38.585            143.513
788.300607         -38.644            143.515
788.322258         -38.704            143.516
788.343919         -38.763            143.518
788.365590         -38.823            143.520
788.387271         -38.882            143.522
788.408962         -38.942            143.523
788.430662         -39.001            143.525
788.452372         -39.061            143.527
788.474091         -39.120            143.529
788.495820         -39.180            143.531
788.517558         -39.240            143.532
788.539305         -39.299            143.534
788.561061         -39.359            143.536
788.582826         -39.418            143.538
788.604600         -39.478            143.540
788.626383         -39.537            143.542
788.648174         -39.597            143.543
788.669974         -39.656            143.545
788.691783         -39.716            143.547
788.713600         -39.775            143.549
788.735425         -39.835            143.551
788.757259         -39.895            143.553
788.779101         -39.954            143.555
788.800950         -40.014            143.557
788.822808         -40.073            143.559
788.844674         -40.133            143.561
788.866547         -40.192            143.563
788.888428         -40.252            143.565
788.910316         -40.311            143.567
788.932212         -40.371            143.569
788.954116         -40.430            143.571
788.976026         -40.490            143.573
788.997944         -40.549            143.575
789.019869         -40.609            143.577
789.041801         -40.668            143.579
789.063740         -40.728            143.581
789.085685         -40.787            143.583
789.107637         -40.847            143.585
789.129596         -40.906            143.587
789.151562         -40.966            143.589
789.173534         -41.025            143.591
789.195512         -41.085            143.594
789.217496         -41.144            143.596
789.239487         -41.204            143.598
789.261483         -41.263            143.600
789.283486         -41.323            143.602
789.305494         -41.382            143.604
789.327508         -41.442            143.607
789.349528         -41.501            143.609
789.371553         -41.561            143.611
789.393584         -41.620            143.613
789.415620         -41.680            143.616
789.437661         -41.739            143.618
789.459708         -41.799            143.620
789.481759         -41.858            143.622
789.503816         -41.918            143.625
789.525878         -41.977            143.627
789.547944         -42.037            143.629
789.570015         -42.096            143.632
789.592091         -42.156            143.634
789.614171         -42.215            143.636
789.636255         -42.275            143.639
789.658344         -42.334            143.641
789.680437         -42.394            143.644
789.702534         -42.453            143.646
789.724635         -42.513            143.648
789.746741         -42.572            143.651
789.768850         -42.632            143.653
789.790962         -42.691            143.656
789.813079         -42.751            143.658
789.835198         -42.810            143.661
789.857322         -42.870            143.663
789.879449         -42.929            143.666
789.901578         -42.989            143.668
789.923712         -43.048            143.671
789.945848         -43.108            143.673
789.967987         -43.167            143.676
789.990129         -43.227            143.679
790.012274         -43.286            143.681
790.034421         -43.346            143.684
790.056571         -43.405            143.686
790.078724         -43.465            143.689
790.100879         -43.524            143.692
790.123036         -43.583            143.694
790.145196         -43.643            143.697
790.167357         -43.702            143.700
790.189521         -43.762            143.702
790.211686         -43.821            143.705
790.233853         -43.881            143.708
790.256022         -43.940            143.710
790.278193         -44.000            143.713
790.300365         -44.059            143.716
790.322539         -44.119            143.719
790.344714         -44.178            143.722
790.366890         -44.237            143.724
790.389067         -44.297            143.727
790.411246         -44.356            143.730
790.433425         -44.416            143.733
790.455605         -44.475            143.736
790.477786         -44.535            143.739
790.499968         -44.594            143.742
790.522150         -44.654            143.744
790.544332         -44.713            143.747
790.566515         -44.772            143.750
790.588699         -44.832            143.753
790.610882         -44.891            143.756
790.633066         -44.951            143.759
790.655249         -45.010            143.762
790.677433         -45.070            143.765
790.699616         -45.129            143.768
790.721799         -45.189            143.771
790.743981         -45.248            143.774
790.766163         -45.307            143.777
790.788345         -45.367            143.780
790.810526         -45.426            143.784
790.832706         -45.486            143.787
790.854885         -45.545            143.790
790.877063         -45.605            143.793
790.899240         -45.664            143.796
790.921416         -45.723            143.799
790.943590         -45.783            143.803
790.965764         -45.842            143.806
790.987936         -45.902            143.809
791.010106         -45.961            143.812
791.032274         -46.021            143.815
791.054441         -46.080            143.819
791.076606         -46.139            143.822
791.098769         -46.199            143.825
791.120931         -46.258            143.829
791.143090         -46.318            143.832
791.165246         -46.377            143.835
791.187401         -46.436            143.839
791.209553         -46.496            143.842
791.231702         -46.555            143.845
791.253849         -46.615            143.849
791.275993         -46.674            143.852
791.298135         -46.733            143.856
791.320273         -46.793            143.859
791.342409         -46.852            143.863
791.364541         -46.912            143.866
791.386670         -46.971            143.870
791.408796         -47.030            143.873
791.430919         -47.090            143.877
791.453038         -47.149            143.880
791.475154         -47.209            143.884
791.497265         -47.268            143.888
791.519374         -47.327            143.891
791.541478         -47.387            143.895
791.563578         -47.446            143.899
791.585675         -47.506            143.902
791.607767         -47.565            143.906
791.629855         -47.624            143.910
791.651938         -47.684            143.913
791.674017         -47.743            143.917
791.696092         -47.802            143.921
791.718162         -47.862            143.925
791.740227         -47.921            143.928
791.762288         -47.981            143.932
791.784343         -48.040            143.936
791.806394         -48.099            143.940
791.828440         -48.159            143.944
791.850480         -48.218            143.948
791.872515         -48.277            143.952
791.894545         -48.337            143.956
791.916569         -48.396            143.959
791.938587         -48.456            143.963
791.960600         -48.515            143.967
791.982607         -48.574            143.971
792.004609         -48.634            143.975
792.026604         -48.693            143.979
792.048593         -48.752            143.984
792.070576         -48.812            143.988
792.092553         -48.871            143.992
792.114524         -48.930            143.996
792.136488         -48.990            144.000
792.158446         -49.049            144.004
792.180397         -49.108            144.008
792.202341         -49.168            144.013
792.224279         -49.227            144.017
792.246209         -49.286            144.021
792.268133         -49.346            144.025
792.290049         -49.405            144.030
792.311959         -49.465            144.034
792.333861         -49.524            144.038
792.355755         -49.583            144.043
792.377642         -49.643            144.047
792.399522         -49.702            144.051
792.421394         -49.761            144.056
792.443258         -49.821            144.060
792.465115         -49.880            144.065
792.486963         -49.939            144.069
792.508803         -49.999            144.073
792.530635         -50.058            144.078
792.552459         -50.117            144.083
792.574275         -50.177            144.087
792.596082         -50.236            144.092
792.617881         -50.295            144.096
792.639671         -50.354            144.101
792.661453         -50.414            144.106
792.683225         -50.473            144.110
792.704989         -50.532            144.115
792.726744         -50.592            144.120
792.748489         -50.651            144.124
792.770226         -50.710            144.129
792.791953         -50.770            144.134
792.813671         -50.829            144.139
792.835379         -50.888            144.143
792.857078         -50.948            144.148
792.878768         -51.007            144.153
792.900447         -51.066            144.158
792.922117         -51.126            144.163
792.943776         -51.185            144.168
792.965426         -51.244            144.173
792.987066         -51.303            144.178
793.008695         -51.363            144.183
793.030314         -51.422            144.188
793.051923         -51.481            144.193
793.073521         -51.541            144.198
793.095109         -51.600            144.203
793.116686         -51.659            144.208
793.138252         -51.719            144.213
793.159808         -51.778            144.219
793.181352         -51.837            144.224
793.202885         -51.896            144.229
793.224408         -51.956            144.234
793.245919         -52.015            144.239
793.267418         -52.074            144.245
793.288907         -52.133            144.250
793.310383         -52.193            144.255
793.331848         -52.252            144.261
793.353302         -52.311            144.266
793.374744         -52.371            144.272
793.396173         -52.430            144.277
793.417591         -52.489            144.283
793.438997         -52.548            144.288
793.460391         -52.608            144.294
793.481772         -52.667            144.299
793.503141         -52.726            144.305
793.524498         -52.785            144.310
793.545842         -52.845            144.316
793.567173         -52.904            144.322
793.588492         -52.963            144.327
793.609798         -53.022            144.333
793.631091         -53.082            144.339
793.652371         -53.141            144.345
793.673638         -53.200            144.350
793.694891         -53.260            144.356
793.716132         -53.319            144.362
793.737359         -53.378            144.368
793.758573         -53.437            144.374
793.779773         -53.496            144.380
793.800960         -53.556            144.386
793.822132         -53.615            144.392
793.843291         -53.674            144.398
793.864437         -53.733            144.404
793.885568         -53.793            144.410
793.906685         -53.852            144.416
793.927788         -53.911            144.422
793.948876         -53.970            144.428
793.969950         -54.030            144.434
793.991010         -54.089            144.441
794.012055         -54.148            144.447
794.033086         -54.207            144.453
794.054102         -54.267            144.459
794.075103         -54.326            144.466
794.096089         -54.385            144.472
794.117060         -54.444            144.479
794.138016         -54.503            144.485
794.158957         -54.563            144.492
794.179883         -54.622            144.498
794.200793         -54.681            144.505
794.221688         -54.740            144.511
794.242567         -54.799            144.518
794.263431         -54.859            144.524
794.284279         -54.918            144.531
794.305111         -54.977            144.538
794.325927         -55.036            144.544
794.346728         -55.095            144.551
794.367512         -55.155            144.558
794.388280         -55.214            144.565
794.409032         -55.273            144.572
794.429767         -55.332            144.578
794.450486         -55.391            144.585
794.471188         -55.451            144.592
794.491874         -55.510            144.599
794.512543         -55.569            144.606
794.533196         -55.628            144.613
794.553831         -55.687            144.620
794.574449         -55.747            144.627
794.595051         -55.806            144.635
794.615635         -55.865            144.642
794.636202         -55.924            144.649
794.656752         -55.983            144.656
794.677284         -56.042            144.664
794.697799         -56.102            144.671
794.718296         -56.161            144.678
794.738776         -56.220            144.686
794.759237         -56.279            144.693
794.779681         -56.338            144.701
794.800107         -56.397            144.708
794.820515         -56.457            144.716
794.840905         -56.516            144.723
794.861276         -56.575            144.731
794.881630         -56.634            144.738
794.901965         -56.693            144.746
794.922281         -56.752            144.754
794.942579         -56.812            144.762
794.962858         -56.871            144.769
794.983118         -56.930            144.777
795.003360         -56.989            144.785
795.023583         -57.048            144.793
795.043787         -57.107            144.801
795.063971         -57.166            144.809
795.084137         -57.226            144.817
795.104283         -57.285            144.825
795.124410         -57.344            144.833
795.144517         -57.403            144.841
795.164605         -57.462            144.849
795.184673         -57.521            144.858
795.204722         -57.580            144.866
795.224751         -57.639            144.874
795.244760         -57.699            144.882
795.264749         -57.758            144.891
795.284718         -57.817            144.899
795.304667         -57.876            144.908
795.324595         -57.935            144.916
795.344503         -57.994            144.925
795.364391         -58.053            144.933
795.384259         -58.112            144.942
795.404106         -58.172            144.951
795.423932         -58.231            144.959
795.443738         -58.290            144.968
795.463522         -58.349            144.977
795.483286         -58.408            144.986
795.503029         -58.467            144.995
795.522751         -58.526            145.004
795.542452         -58.585            145.013
795.562131         -58.644            145.022
795.581789         -58.703            145.031
795.601426         -58.762            145.040
795.621041         -58.822            145.049
795.640635         -58.881            145.058
795.660207         -58.940            145.067
795.679757         -58.999            145.077
795.699285         -59.058            145.086
795.718792         -59.117            145.095
795.738276         -59.176            145.105
795.757739         -59.235            145.114
795.777179         -59.294            145.124
795.796597         -59.353            145.133
795.815993         -59.412            145.143
795.835366         -59.471            145.153
795.854717         -59.530            145.162
795.874045         -59.590            145.172
795.893351         -59.649            145.182
795.912633         -59.708            145.192
795.931893         -59.767            145.202
795.951130         -59.826            145.212
795.970344         -59.885            145.222
795.989535         -59.944            145.232
796.008703         -60.003            145.242
796.027848         -60.062            145.252
796.046969         -60.121            145.262
796.066067         -60.180            145.273
796.085141         -60.239            145.283
796.104192         -60.298            145.293
796.123219         -60.357            145.304
796.142222         -60.416            145.314
796.161202         -60.475            145.325
796.180157         -60.534            145.335
796.199089         -60.593            145.346
796.217997         -60.652            145.357
796.236880         -60.711            145.367
796.255739         -60.770            145.378
796.274574         -60.829            145.389
796.293385         -60.888            145.400
796.312171         -60.947            145.411
796.330932         -61.006            145.422
796.349669         -61.065            145.433
796.368381         -61.124            145.444
796.387068         -61.183            145.455
796.405731         -61.242            145.467
796.424368         -61.301            145.478
796.442981         -61.360            145.489
796.461568         -61.419            145.501
796.480130         -61.478            145.512
796.498667         -61.537            145.524
796.517179         -61.596            145.535
796.535665         -61.655            145.547
796.554126         -61.714            145.559
796.572561         -61.773            145.571
796.590970         -61.832            145.583
796.609353         -61.891            145.594
796.627711         -61.950            145.606
796.646043         -62.009            145.618
796.664349         -62.068            145.631
796.682629         -62.127            145.643
796.700882         -62.186            145.655
796.719110         -62.245            145.667
796.737311         -62.304            145.680
796.755485         -62.363            145.692
796.773634         -62.422            145.704
796.791755         -62.481            145.717
796.809851         -62.540            145.730
796.827919         -62.598            145.742
796.845961         -62.657            145.755
796.863975         -62.716            145.768
796.881963         -62.775            145.781
796.899924         -62.834            145.794
796.917858         -62.893            145.807
796.935764         -62.952            145.820
796.953644         -63.011            145.833
796.971496         -63.070            145.846
796.989320         -63.129            145.860
797.007118         -63.188            145.873
797.024887         -63.247            145.886
797.042629         -63.306            145.900
797.060344         -63.364            145.913
797.078030         -63.423            145.927
797.095689         -63.482            145.941
797.113320         -63.541            145.955
797.130923         -63.600            145.969
797.148497         -63.659            145.982
797.166044         -63.718            145.997
797.183562         -63.777            146.011
797.201052         -63.836            146.025
797.218514         -63.894            146.039
797.235947         -63.953            146.053
797.253352         -64.012            146.068
797.270728         -64.071            146.082
797.288075         -64.130            146.097
797.305394         -64.189            146.112
797.322684         -64.248            146.126
797.339944         -64.307            146.141
797.357176         -64.365            146.156
797.374379         -64.424            146.171
797.391553         -64.483            146.186
797.408698         -64.542            146.201
797.425813         -64.601            146.216
797.442899         -64.660            146.232
797.459955         -64.718            146.247
797.476982         -64.777            146.263
797.493980         -64.836            146.278
797.510948         -64.895            146.294
797.527886         -64.954            146.309
797.544794         -65.013            146.325
797.561673         -65.071            146.341
797.578521         -65.130            146.357
797.595340         -65.189            146.373
797.612128         -65.248            146.389
797.628887         -65.307            146.406
797.645615         -65.365            146.422
797.662313         -65.424            146.439
797.678980         -65.483            146.455
797.695617         -65.542            146.472
797.712224         -65.601            146.488
797.728800         -65.659            146.505
797.745345         -65.718            146.522
797.761859         -65.777            146.539
797.778343         -65.836            146.556
797.794796         -65.894            146.574
797.811218         -65.953            146.591
797.827609         -66.012            146.608
797.843969         -66.071            146.626
797.860298         -66.129            146.643
797.876595         -66.188            146.661
797.892862         -66.247            146.679
797.909097         -66.306            146.697
797.925300         -66.364            146.715
797.941472         -66.423            146.733
797.957613         -66.482            146.751
797.973721         -66.541            146.770
797.989799         -66.599            146.788
798.005844         -66.658            146.807
798.021857         -66.717            146.825
798.037839         -66.776            146.844
798.053789         -66.834            146.863
798.069706         -66.893            146.882
798.085592         -66.952            146.901
798.101445         -67.010            146.920
798.117266         -67.069            146.939
798.133055         -67.128            146.959
798.148811         -67.186            146.978
798.164535         -67.245            146.998
798.180226         -67.304            147.018
798.195885         -67.362            147.038
798.211511         -67.421            147.058
798.227105         -67.480            147.078
798.242665         -67.538            147.098
798.258193         -67.597            147.119
798.273688         -67.656            147.139
798.289150         -67.714            147.160
798.304579         -67.773            147.180
798.319974         -67.832            147.201
798.335337         -67.890            147.222
798.350666         -67.949            147.243
798.365962         -68.008            147.265
798.381224         -68.066            147.286
798.396454         -68.125            147.308
798.411649         -68.183            147.329
798.426811         -68.242            147.351
798.441939         -68.301            147.373
798.457034         -68.359            147.395
798.472095         -68.418            147.417
798.487122         -68.476            147.439
798.502115         -68.535            147.462
798.517074         -68.594            147.484
798.531999         -68.652            147.507
798.546890         -68.711            147.530
798.561747         -68.769            147.553
798.576570         -68.828            147.576
798.591358         -68.886            147.600
798.606112         -68.945            147.623
798.620831         -69.004            147.647
798.635516         -69.062            147.670
798.650167         -69.121            147.694
798.664783         -69.179            147.718
798.679364         -69.238            147.742
798.693910         -69.296            147.767
798.708422         -69.355            147.791
798.722899         -69.413            147.816
798.737341         -69.472            147.841
798.751748         -69.530            147.866
798.766120         -69.589            147.891
798.780457         -69.647            147.916
798.794758         -69.706            147.942
798.809025         -69.764            147.967
798.823256         -69.823            147.993
798.837452         -69.881            148.019
798.851612         -69.940            148.045
798.865737         -69.998            148.071
798.879826         -70.057            148.098
798.893880         -70.115            148.124
798.907898         -70.173            148.151
798.921880         -70.232            148.178
798.935827         -70.290            148.205
798.949738         -70.349            148.233
798.963613         -70.407            148.260
798.977452         -70.465            148.288
798.991255         -70.524            148.316
799.005021         -70.582            148.344
799.018752         -70.641            148.372
799.032447         -70.699            148.401
799.046105         -70.757            148.429
799.059727         -70.816            148.458
799.073313         -70.874            148.487
799.086862         -70.933            148.516
799.100375         -70.991            148.546
799.113851         -71.049            148.575
799.127290         -71.108            148.605
799.140693         -71.166            148.635
799.154059         -71.224            148.665
799.167389         -71.283            148.696
799.180682         -71.341            148.726
799.193937         -71.399            148.757
799.207156         -71.457            148.788
799.220338         -71.516            148.820
799.233483         -71.574            148.851
799.246590         -71.632            148.883
799.259661         -71.691            148.915
799.272694         -71.749            148.947
799.285690         -71.807            148.979
799.298649         -71.865            149.012
799.311570         -71.924            149.045
799.324454         -71.982            149.078
799.337300         -72.040            149.111
799.350109         -72.098            149.144
799.362880         -72.157            149.178
799.375613         -72.215            149.212
799.388309         -72.273            149.246
799.400967         -72.331            149.281
799.413587         -72.389            149.316
799.426169         -72.447            149.351
799.438714         -72.506            149.386
799.451220         -72.564            149.421
799.463688         -72.622            149.457
799.476118         -72.680            149.493
799.488510         -72.738            149.529
799.500864         -72.796            149.566
799.513180         -72.854            149.603
799.525457         -72.913            149.640
799.537696         -72.971            149.677
799.549896         -73.029            149.715
799.562058         -73.087            149.753
799.574182         -73.145            149.791
799.586267         -73.203            149.829
799.598313         -73.261            149.868
799.610321         -73.319            149.907
799.622289         -73.377            149.947
799.634220         -73.435            149.986
799.646111         -73.493            150.026
799.657963         -73.551            150.066
799.669777         -73.609            150.107
799.681551         -73.667            150.148
799.693287         -73.725            150.189
799.704983         -73.783            150.230
799.716640         -73.841            150.272
799.728258         -73.899            150.314
799.739837         -73.957            150.357
799.751377         -74.015            150.399
799.762877         -74.073            150.443
799.774338         -74.131            150.486
799.785759         -74.188            150.530
799.797141         -74.246            150.574
799.808483         -74.304            150.618
799.819786         -74.362            150.663
799.831049         -74.420            150.708
799.842273         -74.478            150.754
799.853456         -74.536            150.800
799.864600         -74.593            150.846
799.875705         -74.651            150.893
799.886769         -74.709            150.940
799.897793         -74.767            150.987
799.908778         -74.824            151.035
799.919722         -74.882            151.083
799.930627         -74.940            151.131
799.941491         -74.998            151.180
799.952315         -75.055            151.230
799.963099         -75.113            151.279
799.973843         -75.171            151.330
799.984546         -75.228            151.380
799.995209         -75.286            151.431
800.005832         -75.344            151.483
800.016414         -75.401            151.534
800.026956         -75.459            151.587
800.037457         -75.517            151.639
800.047918         -75.574            151.693
800.058338         -75.632            151.746
800.068718         -75.689            151.800
800.079056         -75.747            151.855
800.089354         -75.804            151.910
800.099612         -75.862            151.965
800.109828         -75.919            152.021
800.120004         -75.977            152.078
800.130138         -76.034            152.134
800.140232         -76.092            152.192
800.150285         -76.149            152.250
800.160296         -76.207            152.308
800.170267         -76.264            152.367
800.180196         -76.322            152.427
800.190085         -76.379            152.487
800.199932         -76.436            152.547
800.209737         -76.494            152.608
800.219502         -76.551            152.670
800.229225         -76.608            152.732
800.238907         -76.665            152.794
800.248547         -76.723            152.858
800.258146         -76.780            152.922
800.267704         -76.837            152.986
800.277219         -76.894            153.051
800.286694         -76.952            153.117
800.296126         -77.009            153.183
800.305517         -77.066            153.250
800.314867         -77.123            153.317
800.324174         -77.180            153.385
800.333440         -77.237            153.454
800.342664         -77.294            153.523
800.351846         -77.351            153.593
800.360986         -77.409            153.664
800.370084         -77.466            153.735
800.379140         -77.523            153.807
800.388154         -77.579            153.880
800.397126         -77.636            153.953
800.406056         -77.693            154.027
800.414944         -77.750            154.102
800.423790         -77.807            154.177
800.432593         -77.864            154.254
800.441355         -77.921            154.331
800.450074         -77.978            154.409
800.458750         -78.034            154.487
800.467384         -78.091            154.566
800.475976         -78.148            154.646
800.484526         -78.205            154.727
800.493032         -78.261            154.809
800.501497         -78.318            154.892
800.509919         -78.375            154.975
800.518298         -78.431            155.059
800.526635         -78.488            155.144
800.534929         -78.544            155.230
800.543180         -78.601            155.317
800.551389         -78.657            155.405
800.559554         -78.714            155.493
800.567677         -78.770            155.583
800.575758         -78.827            155.673
800.583795         -78.883            155.765
800.591789         -78.939            155.857
800.599741         -78.996            155.950
800.607649         -79.052            156.045
800.615515         -79.108            156.140
800.623337         -79.164            156.236
800.631117         -79.221            156.334
800.638853         -79.277            156.432
800.646546         -79.333            156.532
800.654196         -79.389            156.632
800.661803         -79.445            156.734
800.669366         -79.501            156.837
800.676887         -79.557            156.941
800.684364         -79.613            157.046
800.691797         -79.669            157.152
800.699188         -79.725            157.260
800.706535         -79.780            157.368
800.713838         -79.836            157.478
800.721098         -79.892            157.589
800.728315         -79.948            157.702
800.735488         -80.003            157.815
800.742617         -80.059            157.930
800.749703         -80.115            158.047
800.756745         -80.170            158.164
800.763744         -80.226            158.283
800.770699         -80.281            158.404
800.777610         -80.336            158.526
800.784477         -80.392            158.649
800.791301         -80.447            158.774
800.798081         -80.502            158.900
800.804817         -80.557            159.028
800.811510         -80.613            159.157
800.818158         -80.668            159.288
800.824762         -80.723            159.420
800.831323         -80.778            159.554
800.837840         -80.833            159.690
800.844312         -80.888            159.827
800.850741         -80.942            159.966
800.857125         -80.997            160.107
800.863466         -81.052            160.250
800.869762         -81.107            160.394
800.876015         -81.161            160.540
800.882223         -81.216            160.688
800.888387         -81.270            160.838
800.894506         -81.325            160.990
800.900582         -81.379            161.143
800.906613         -81.433            161.299
800.912600         -81.488            161.457
800.918543         -81.542            161.617
800.924441         -81.596            161.779
800.930295         -81.650            161.943
800.936105         -81.704            162.109
800.941870         -81.758            162.277
800.947591         -81.811            162.448
800.953267         -81.865            162.621
800.958899         -81.919            162.796
800.964486         -81.972            162.974
800.970029         -82.026            163.154
800.975527         -82.079            163.337
800.980980         -82.132            163.522
800.986389         -82.186            163.710
800.991754         -82.239            163.900
800.997074         -82.292            164.093
801.002349         -82.345            164.289
801.007579         -82.398            164.487
801.012765         -82.450            164.688
801.017906         -82.503            164.892
801.023002         -82.556            165.099
801.028053         -82.608            165.309
801.033060         -82.660            165.523
801.038021         -82.713            165.739
801.042938         -82.765            165.958
801.047810         -82.817            166.181
801.052637         -82.869            166.406
801.057420         -82.921            166.636
801.062157         -82.972            166.868
801.066849         -83.024            167.104
801.071497         -83.075            167.344
801.076099         -83.127            167.587
801.080656         -83.178            167.834
801.085169         -83.229            168.085
801.089636         -83.280            168.340
801.094058         -83.331            168.598
801.098435         -83.381            168.861
801.102768         -83.432            169.127
801.107054         -83.482            169.398
801.111296         -83.532            169.673
801.115493         -83.582            169.953
801.119644         -83.632            170.237
801.123751         -83.682            170.525
801.127812         -83.732            170.818
801.131827         -83.781            171.116
801.135798         -83.830            171.418
801.139723         -83.879            171.725
801.143603         -83.928            172.038
801.147438         -83.977            172.355
801.151227         -84.025            172.678
801.154971         -84.074            173.006
801.158670         -84.122            173.340
801.162323         -84.169            173.679
801.165931         -84.217            174.023
801.169494         -84.265            174.374
801.173011         -84.312            174.730
801.176483         -84.359            175.092
801.179909         -84.406            175.461
801.183290         -84.452            175.835
801.186625         -84.498            176.216
801.189915         -84.544            176.604
801.193160         -84.590            176.998
801.196359         -84.636            177.399
801.199512         -84.681            177.807
801.202620         -84.726            178.221
801.205682         -84.771            178.643
801.208699         -84.815            179.073
801.211670         -84.859            179.509
801.214595         -84.903            179.954
801.217475         -84.946            -179.594
801.220310         -84.989            -179.134
801.223098         -85.032            -178.667
801.225841         -85.075            -178.191
801.228539         -85.117            -177.706
801.231191         -85.158            -177.214
801.233797         -85.200            -176.712
801.236357         -85.241            -176.202
801.238872         -85.281            -175.683
801.241341         -85.322            -175.155
801.243764         -85.361            -174.618
801.246142         -85.401            -174.072
801.248473         -85.440            -173.516
801.250759         -85.478            -172.951
801.253000         -85.516            -172.375
801.255194         -85.554            -171.790
801.257343         -85.591            -171.196
801.259446         -85.628            -170.590
801.261503         -85.664            -169.975
801.263515         -85.699            -169.350
801.265480         -85.735            -168.714
801.267400         -85.769            -168.067
801.269274         -85.803            -167.410
801.271102         -85.836            -166.743
801.272884         -85.869            -166.064
801.274620         -85.902            -165.375
801.276311         -85.933            -164.674
801.277956         -85.964            -163.963
801.279554         -85.995            -163.241
801.281107         -86.024            -162.508
801.282614         -86.053            -161.764
801.284075         -86.082            -161.009
801.285491         -86.110            -160.243
801.286860         -86.137            -159.466
801.288183         -86.163            -158.679
801.289461         -86.188            -157.880
801.290692         -86.213            -157.071
801.291878         -86.237            -156.252
801.293018         -86.260            -155.422
801.294112         -86.283            -154.582
801.295159         -86.304            -153.732
801.296161         -86.325            -152.872
801.297117         -86.345            -152.002
801.298027         -86.364            -151.123
801.298891         -86.382            -150.235
801.299709         -86.400            -149.338
801.300481         -86.416            -148.433
801.301207         -86.432            -147.519
801.301887         -86.446            -146.598
801.302522         -86.460            -145.670
801.303110         -86.472            -144.734
801.303652         -86.484            -143.792
801.304148         -86.495            -142.844
801.304598         -86.505            -141.890
801.305003         -86.514            -140.931
801.305361         -86.522            -139.968
801.305673         -86.528            -139.000
801.305939         -86.534            -138.029
801.306160         -86.539            -137.055
801.306334         -86.543            -136.078
801.306462         -86.546            -135.100
801.306544         -86.548            -134.120
801.306581         -86.548            -133.139
801.306571         -86.548            -132.159
801.306515         -86.547            -131.178
801.306414         -86.545            -130.199
801.306266         -86.541            -129.221
801.306072         -86.537            -128.245
801.305833         -86.532            -127.272
801.305547         -86.526            -126.303
801.305215         -86.518            -125.337
801.304837         -86.510            -124.375
801.304414         -86.501            -123.418
801.303944         -86.491            -122.467
801.303429         -86.479            -121.521
801.302867         -86.467            -120.582
801.302259         -86.454            -119.649
801.301606         -86.440            -118.724
801.300906         -86.425            -117.806
801.300161         -86.409            -116.896
801.299369         -86.392            -115.994
801.298532         -86.375            -115.101
801.297648         -86.356            -114.217
801.296719         -86.337            -113.342
801.295744         -86.316            -112.476
801.294722         -86.295            -111.620
801.293655         -86.273            -110.774
801.292542         -86.251            -109.938
801.291383         -86.227            -109.113
801.290178         -86.203            -108.298
801.288927         -86.178            -107.493
801.287630         -86.152            -106.699
801.286287         -86.125            -105.916
801.284899         -86.098            -105.144
801.283464         -86.070            -104.383
801.281984         -86.041            -103.632
801.280457         -86.012            -102.893
801.278885         -85.982            -102.165
801.277267         -85.951            -101.447
801.275603         -85.920            -100.741
801.273893         -85.888            -100.045
801.272137         -85.856            -99.360
801.270335         -85.822            -98.686
801.268488         -85.789            -98.023
801.266595         -85.755            -97.370
801.264656         -85.720            -96.728
801.262671         -85.684            -96.097
801.260640         -85.649            -95.476
801.258564         -85.612            -94.865
801.256441         -85.575            -94.264
801.254273         -85.538            -93.673
801.252059         -85.500            -93.093
801.249800         -85.462            -92.522
801.247494         -85.423            -91.960
801.245143         -85.384            -91.408
801.242746         -85.345            -90.866
801.240304         -85.305            -90.333
801.237815         -85.264            -89.809
801.235281         -85.224            -89.293
801.232702         -85.182            -88.787
801.230076         -85.141            -88.289
801.227405         -85.099            -87.800
801.224689         -85.057            -87.319
801.221926         -85.014            -86.847
801.219118         -84.971            -86.382
801.216265         -84.928            -85.926
801.213366         -84.884            -85.477
801.210421         -84.840            -85.036
801.207430         -84.796            -84.603
801.204394         -84.752            -84.176
801.201313         -84.707            -83.757
801.198186         -84.662            -83.346
801.195013         -84.616            -82.941
801.191795         -84.571            -82.543
801.188532         -84.525            -82.151
801.185222         -84.479            -81.767
801.181868         -84.432            -81.388
801.178468         -84.386            -81.016
801.175022         -84.339            -80.651
801.171531         -84.292            -80.291
801.167995         -84.245            -79.937
801.164413         -84.197            -79.589
801.160786         -84.149            -79.247
801.157114         -84.101            -78.910
801.153396         -84.053            -78.579
801.149633         -84.005            -78.253
801.145824         -83.956            -77.933
801.141970         -83.907            -77.617
801.138071         -83.859            -77.307
801.134127         -83.809            -77.002
801.130137         -83.760            -76.701
801.126102         -83.711            -76.406
801.122022         -83.661            -76.115
801.117897         -83.611            -75.828
801.113726         -83.561            -75.546
801.109510         -83.511            -75.269
801.105250         -83.461            -74.995
801.100944         -83.411            -74.726
801.096592         -83.360            -74.462
801.092196         -83.309            -74.201
801.087755         -83.258            -73.944
801.083269         -83.207            -73.691
801.078737         -83.156            -73.442
801.074161         -83.105            -73.196
801.069540         -83.054            -72.954
801.064873         -83.002            -72.716
801.060162         -82.951            -72.482
801.055406         -82.899            -72.251
801.050604         -82.847            -72.023
801.045758         -82.795            -71.798
801.040867         -82.743            -71.577
801.035931         -82.691            -71.359
801.030951         -82.638            -71.144
801.025925         -82.586            -70.932
801.020855         -82.533            -70.724
801.015740         -82.481            -70.518
801.010580         -82.428            -70.315
801.005376         -82.375            -70.115
801.000126         -82.322            -69.918
800.994832         -82.269            -69.723
800.989494         -82.216            -69.531
800.984111         -82.163            -69.342
800.978683         -82.110            -69.156
800.973210         -82.057            -68.972
800.967693         -82.003            -68.790
800.962132         -81.950            -68.611
800.956526         -81.896            -68.434
800.950875         -81.842            -68.260
800.945180         -81.789            -68.088
800.939441         -81.735            -67.918
800.933657         -81.681            -67.751
800.927828         -81.627            -67.585
800.921956         -81.573            -67.422
800.916039         -81.519            -67.261
800.910077         -81.465            -67.102
800.904072         -81.410            -66.945
800.898022         -81.356            -66.790
800.891927         -81.302            -66.637
800.885789         -81.247            -66.486
800.879606         -81.193            -66.337
800.873380         -81.138            -66.190
800.867109         -81.084            -66.045
800.860794         -81.029            -65.901
800.854435         -80.974            -65.759
800.848031         -80.919            -65.619
800.841584         -80.864            -65.481
800.835093         -80.810            -65.344
800.828558         -80.755            -65.209
800.821979         -80.700            -65.076
800.815356         -80.644            -64.944
800.808689         -80.589            -64.814
800.801978         -80.534            -64.686
800.795223         -80.479            -64.558
800.788425         -80.424            -64.433
800.781583         -80.368            -64.309
800.774697         -80.313            -64.186
800.767767         -80.258            -64.065
800.760793         -80.202            -63.945
800.753776         -80.147            -63.827
800.746716         -80.091            -63.709
800.739611         -80.035            -63.594
800.732464         -79.980            -63.479
800.725272         -79.924            -63.366
800.718037         -79.868            -63.254
800.710759         -79.813            -63.144
800.703437         -79.757            -63.034
800.696072         -79.701            -62.926
800.688663         -79.645            -62.819
800.681211         -79.589            -62.713
800.673716         -79.533            -62.609
800.666178         -79.477            -62.505
800.658596         -79.421            -62.403
800.650971         -79.365            -62.302
800.643303         -79.309            -62.202
800.635591         -79.253            -62.103
800.627837         -79.197            -62.005
800.620039         -79.141            -61.908
800.612198         -79.084            -61.812
800.604315         -79.028            -61.717
800.596388         -78.972            -61.623
800.588418         -78.916            -61.530
800.580406         -78.859            -61.438
800.572350         -78.803            -61.347
800.564252         -78.746            -61.257
800.556111         -78.690            -61.168
800.547927         -78.633            -61.080
800.539701         -78.577            -60.992
800.531431         -78.520            -60.906
800.523119         -78.464            -60.820
800.514765         -78.407            -60.736
800.506367         -78.351            -60.652
800.497928         -78.294            -60.569
800.489445         -78.237            -60.486
800.480920         -78.181            -60.405
800.472353         -78.124            -60.325
800.463743         -78.067            -60.245
800.455091         -78.010            -60.166
800.446397         -77.954            -60.088
800.437660         -77.897            -60.010
800.428881         -77.840            -59.934
800.420060         -77.783            -59.858
800.411196         -77.726            -59.782
800.402290         -77.669            -59.708
800.393343         -77.612            -59.634
800.384353         -77.555            -59.561
800.375321         -77.498            -59.489
800.366247         -77.441            -59.417
800.357131         -77.384            -59.346
800.347973         -77.327            -59.275
800.338773         -77.270            -59.206
800.329532         -77.213            -59.137
800.320249         -77.156            -59.068
800.310923         -77.099            -59.000
800.301557         -77.042            -58.933
800.292148         -76.985            -58.867
800.282698         -76.928            -58.801
800.273206         -76.870            -58.735
800.263673         -76.813            -58.671
800.254098         -76.756            -58.607
800.244481         -76.699            -58.543
800.234823         -76.641            -58.480
800.225124         -76.584            -58.418
800.215383         -76.527            -58.356
800.205601         -76.469            -58.294
800.195778         -76.412            -58.233
800.185914         -76.355            -58.173
800.176008         -76.297            -58.113
800.166061         -76.240            -58.054
800.156073         -76.182            -57.996
800.146044         -76.125            -57.937
800.135974         -76.068            -57.880
800.125863         -76.010            -57.822
800.115711         -75.953            -57.766
800.105519         -75.895            -57.710
800.095285         -75.838            -57.654
800.085010         -75.780            -57.599
800.074695         -75.723            -57.544
800.064339         -75.665            -57.489
800.053943         -75.607            -57.436
800.043505         -75.550            -57.382
800.033027         -75.492            -57.329
800.022509         -75.435            -57.277
800.011950         -75.377            -57.225
800.001351         -75.319            -57.173
799.990711         -75.262            -57.122
799.980031         -75.204            -57.071
799.969310         -75.146            -57.020
799.958550         -75.089            -56.970
799.947749         -75.031            -56.921
799.936908         -74.973            -56.872
799.926026         -74.916            -56.823
799.915105         -74.858            -56.775
799.904144         -74.800            -56.727
799.893143         -74.742            -56.679
799.882101         -74.685            -56.632
799.871020         -74.627            -56.585
799.859899         -74.569            -56.538
799.848738         -74.511            -56.492
799.837538         -74.453            -56.447
799.826297         -74.395            -56.401
799.815018         -74.338            -56.356
799.803698         -74.280            -56.312
799.792339         -74.222            -56.267
799.780940         -74.164            -56.223
799.769502         -74.106            -56.180
799.758025         -74.048            -56.136
799.746508         -73.990            -56.093
799.734952         -73.932            -56.051
799.723357         -73.874            -56.008
799.711722         -73.816            -55.966
799.700048         -73.759            -55.925
799.688335         -73.701            -55.883
799.676583         -73.643            -55.842
799.664793         -73.585            -55.802
799.652963         -73.527            -55.761
799.641094         -73.469            -55.721
799.629186         -73.411            -55.681
799.617240         -73.353            -55.642
799.605254         -73.295            -55.603
799.593230         -73.236            -55.564
799.581168         -73.178            -55.525
799.569067         -73.120            -55.487
799.556927         -73.062            -55.449
799.544749         -73.004            -55.411
799.532532         -72.946            -55.373
799.520277         -72.888            -55.336
799.507983         -72.830            -55.299
799.495652         -72.772            -55.263
799.483282         -72.714            -55.226
799.470874         -72.656            -55.190
799.458427         -72.597            -55.154
799.445943         -72.539            -55.118
799.433421         -72.481            -55.083
799.420860         -72.423            -55.048
799.408262         -72.365            -55.013
799.395626         -72.307            -54.978
799.382952         -72.248            -54.944
799.370240         -72.190            -54.910
799.357491         -72.132            -54.876
799.344704         -72.074            -54.842
799.331879         -72.016            -54.809
799.319017         -71.957            -54.776
799.306118         -71.899            -54.743
799.293181         -71.841            -54.710
799.280206         -71.783            -54.678
799.267194         -71.724            -54.645
799.254146         -71.666            -54.613
799.241059         -71.608            -54.581
799.227936         -71.549            -54.550
799.214776         -71.491            -54.518
799.201578         -71.433            -54.487
799.188344         -71.375            -54.456
799.175073         -71.316            -54.425
799.161764         -71.258            -54.395
799.148419         -71.200            -54.365
799.135038         -71.141            -54.334
799.121619         -71.083            -54.305
799.108164         -71.025            -54.275
799.094673         -70.966            -54.245
799.081144         -70.908            -54.216
799.067580         -70.850            -54.187
799.053979         -70.791            -54.158
799.040342         -70.733            -54.129
799.026668         -70.674            -54.101
799.012958         -70.616            -54.072
798.999212         -70.558            -54.044
798.985430         -70.499            -54.016
798.971612         -70.441            -53.988
798.957758         -70.382            -53.961
798.943868         -70.324            -53.933
798.929942         -70.266            -53.906
798.915980         -70.207            -53.879
798.901982         -70.149            -53.852
798.887949         -70.090            -53.825
798.873881         -70.032            -53.799
798.859776         -69.973            -53.772
798.845636         -69.915            -53.746
798.831461         -69.856            -53.720
798.817250         -69.798            -53.694
798.803004         -69.739            -53.668
798.788723         -69.681            -53.643
798.774406         -69.623            -53.617
798.760055         -69.564            -53.592
798.745668         -69.506            -53.567
798.731246         -69.447            -53.542
798.716790         -69.389            -53.518
798.702298         -69.330            -53.493
798.687772         -69.271            -53.469
798.673211         -69.213            -53.444
798.658615         -69.154            -53.420
798.643984         -69.096            -53.396
798.629319         -69.037            -53.372
798.614619         -68.979            -53.349
798.599885         -68.920            -53.325
798.585117         -68.862            -53.302
798.570314         -68.803            -53.278
798.555477         -68.745            -53.255
798.540606         -68.686            -53.232
798.525700         -68.627            -53.210
798.510761         -68.569            -53.187
798.495787         -68.510            -53.164
798.480780         -68.452            -53.142
798.465739         -68.393            -53.120
798.450664         -68.335            -53.098
798.435555         -68.276            -53.076
798.420412         -68.217            -53.054
798.405236         -68.159            -53.032
798.390026         -68.100            -53.011
798.374783         -68.041            -52.989
798.359506         -67.983            -52.968
798.344196         -67.924            -52.947
798.328853         -67.866            -52.925
798.313477         -67.807            -52.905
798.298067         -67.748            -52.884
798.282624         -67.690            -52.863
798.267148         -67.631            -52.842
798.251640         -67.572            -52.822
798.236098         -67.514            -52.802
798.220524         -67.455            -52.781
798.204916         -67.396            -52.761
798.189276         -67.338            -52.741
798.173604         -67.279            -52.722
798.157899         -67.220            -52.702
798.142161         -67.162            -52.682
798.126391         -67.103            -52.663
798.110589         -67.044            -52.643
798.094754         -66.986            -52.624
798.078887         -66.927            -52.605
798.062988         -66.868            -52.586
798.047057         -66.809            -52.567
798.031094         -66.751            -52.548
798.015099         -66.692            -52.529
797.999072         -66.633            -52.511
797.983013         -66.575            -52.492
797.966922         -66.516            -52.474
797.950800         -66.457            -52.456
797.934646         -66.398            -52.437
797.918461         -66.340            -52.419
797.902244         -66.281            -52.401
797.885996         -66.222            -52.383
797.869717         -66.163            -52.366
797.853406         -66.105            -52.348
797.837064         -66.046            -52.330
797.820691         -65.987            -52.313
797.804287         -65.928            -52.296
797.787852         -65.870            -52.278
797.771386         -65.811            -52.261
797.754889         -65.752            -52.244
797.738361         -65.693            -52.227
797.721803         -65.635            -52.210
797.705214         -65.576            -52.193
797.688595         -65.517            -52.177
797.671945         -65.458            -52.160
797.655265         -65.399            -52.144
797.638554         -65.341            -52.127
797.621813         -65.282            -52.111
797.605042         -65.223            -52.095
797.588241         -65.164            -52.079
797.571410         -65.105            -52.062
797.554548         -65.047            -52.047
797.537657         -64.988            -52.031
797.520736         -64.929            -52.015
797.503786         -64.870            -51.999
797.486805         -64.811            -51.984
797.469795         -64.752            -51.968
797.452756         -64.694            -51.953
797.435687         -64.635            -51.937
797.418589         -64.576            -51.922
797.401461         -64.517            -51.907
797.384304         -64.458            -51.892
797.367118         -64.399            -51.877
797.349903         -64.341            -51.862
797.332659         -64.282            -51.847
797.315386         -64.223            -51.832
797.298084         -64.164            -51.817
797.280753         -64.105            -51.803
797.263393         -64.046            -51.788
797.246005         -63.987            -51.774
797.228588         -63.928            -51.759
797.211143         -63.870            -51.745
797.193669         -63.811            -51.731
797.176167         -63.752            -51.717
797.158637         -63.693            -51.703
797.141079         -63.634            -51.689
797.123492         -63.575            -51.675
797.105878         -63.516            -51.661
797.088235         -63.457            -51.647
797.070565         -63.398            -51.633
797.052866         -63.340            -51.620
797.035140         -63.281            -51.606
797.017386         -63.222            -51.593
796.999605         -63.163            -51.579
796.981796         -63.104            -51.566
796.963960         -63.045            -51.553
796.946097         -62.986            -51.539
796.928206         -62.927            -51.526
796.910288         -62.868            -51.513
796.892342         -62.809            -51.500
796.874370         -62.750            -51.487
796.856371         -62.691            -51.475
796.838345         -62.633            -51.462
796.820292         -62.574            -51.449
796.802212         -62.515            -51.436
796.784106         -62.456            -51.424
796.765973         -62.397            -51.411
796.747813         -62.338            -51.399
796.729628         -62.279            -51.386
796.711415         -62.220            -51.374
796.693177         -62.161            -51.362
796.674912         -62.102            -51.350
796.656621         -62.043            -51.337
796.638305         -61.984            -51.325
796.619962         -61.925            -51.313
796.601593         -61.866            -51.301
796.583199         -61.807            -51.290
796.564779         -61.748            -51.278
796.546333         -61.689            -51.266
796.527861         -61.630            -51.254
796.509365         -61.571            -51.243
796.490842         -61.512            -51.231
796.472295         -61.453            -51.220
796.453722         -61.394            -51.208
796.435124         -61.335            -51.197
796.416501         -61.276            -51.185
796.397853         -61.217            -51.174
796.379180         -61.158            -51.163
796.360482         -61.099            -51.152
796.341759         -61.040            -51.141
796.323012         -60.981            -51.129
796.304240         -60.922            -51.118
796.285444         -60.863            -51.108
796.266623         -60.804            -51.097
796.247778         -60.745            -51.086
796.228908         -60.686            -51.075
796.210015         -60.627            -51.064
796.191097         -60.568            -51.054
796.172155         -60.509            -51.043
796.153190         -60.450            -51.032
796.134200         -60.391            -51.022
796.115187         -60.332            -51.011
796.096149         -60.273            -51.001
796.077089         -60.214            -50.991
796.058004         -60.155            -50.980
796.038897         -60.096            -50.970
796.019766         -60.037            -50.960
796.000611         -59.978            -50.950
795.981434         -59.919            -50.940
795.962233         -59.860            -50.930
795.943009         -59.801            -50.920
795.923763         -59.742            -50.910
795.904493         -59.683            -50.900
795.885201         -59.624            -50.890
795.865885         -59.565            -50.880
795.846548         -59.506            -50.870
795.827187         -59.446            -50.861
795.807805         -59.387            -50.851
795.788400         -59.328            -50.841
795.768972         -59.269            -50.832
795.749523         -59.210            -50.822
795.730051         -59.151            -50.813
795.710557         -59.092            -50.804
795.691041         -59.033            -50.794
795.671504         -58.974            -50.785
795.651944         -58.915            -50.776
795.632363         -58.856            -50.766
795.612760         -58.797            -50.757
795.593136         -58.738            -50.748
795.573490         -58.678            -50.739
795.553823         -58.619            -50.730
795.534135         -58.560            -50.721
795.514425         -58.501            -50.712
795.494694         -58.442            -50.703
795.474943         -58.383            -50.694
795.455170         -58.324            -50.685
795.435376         -58.265            -50.677
795.415562         -58.206            -50.668
795.395727         -58.147            -50.659
795.375871         -58.087            -50.650
795.355995         -58.028            -50.642
795.336099         -57.969            -50.633
795.316182         -57.910            -50.625
795.296244         -57.851            -50.616
795.276287         -57.792            -50.608
795.256310         -57.733            -50.599
795.236312         -57.674            -50.591
795.216295         -57.615            -50.583
795.196258         -57.555            -50.574
795.176201         -57.496            -50.566
795.156124         -57.437            -50.558
795.136028         -57.378            -50.550
795.115912         -57.319            -50.542
795.095777         -57.260            -50.534
795.075623         -57.201            -50.526
795.055449         -57.141            -50.518
795.035257         -57.082            -50.510
795.015045         -57.023            -50.502
794.994814         -56.964            -50.494
794.974565         -56.905            -50.486
794.954296         -56.846            -50.478
794.934009         -56.787            -50.470
794.913704         -56.727            -50.463
794.893379         -56.668            -50.455
794.873037         -56.609            -50.447
794.852676         -56.550            -50.440
794.832296         -56.491            -50.432
794.811899         -56.432            -50.424
794.791483         -56.372            -50.417
794.771050         -56.313            -50.409
794.750598         -56.254            -50.402
794.730129         -56.195            -50.395
794.709642         -56.136            -50.387
794.689138         -56.077            -50.380
794.668615         -56.017            -50.373
794.648076         -55.958            -50.365
794.627519         -55.899            -50.358
794.606944         -55.840            -50.351
794.586353         -55.781            -50.344
794.565744         -55.722            -50.337
794.545119         -55.662            -50.329
794.524476         -55.603            -50.322
794.503817         -55.544            -50.315
794.483140         -55.485            -50.308
794.462448         -55.426            -50.301
794.441738         -55.366            -50.294
794.421012         -55.307            -50.288
794.400270         -55.248            -50.281
794.379511         -55.189            -50.274
794.358736         -55.130            -50.267
794.337946         -55.070            -50.260
794.317138         -55.011            -50.254
794.296316         -54.952            -50.247
794.275477         -54.893            -50.240
794.254622         -54.834            -50.234
794.233752         -54.774            -50.227
794.212866         -54.715            -50.220
794.191965         -54.656            -50.214
794.171048         -54.597            -50.207
794.150116         -54.538            -50.201
794.129168         -54.478            -50.194
794.108206         -54.419            -50.188
794.087228         -54.360            -50.182
794.066236         -54.301            -50.175
794.045229         -54.242            -50.169
794.024207         -54.182            -50.163
794.003170         -54.123            -50.156
793.982118         -54.064            -50.150
793.961052         -54.005            -50.144
793.939972         -53.945            -50.138
793.918878         -53.886            -50.132
793.897769         -53.827            -50.125
793.876646         -53.768            -50.119
793.855509         -53.708            -50.113
793.834358         -53.649            -50.107
793.813193         -53.590            -50.101
793.792014         -53.531            -50.095
793.770822         -53.471            -50.089
793.749616         -53.412            -50.083
793.728396         -53.353            -50.077
793.707164         -53.294            -50.072
793.685918         -53.234            -50.066
793.664658         -53.175            -50.060
793.643386         -53.116            -50.054
793.622100         -53.057            -50.048
793.600802         -52.997            -50.043
793.579490         -52.938            -50.037
793.558166         -52.879            -50.031
793.536829         -52.820            -50.026
793.515480         -52.760            -50.020
793.494118         -52.701            -50.014
793.472744         -52.642            -50.009
793.451357         -52.583            -50.003
793.429959         -52.523            -49.998
793.408548         -52.464            -49.992
793.387125         -52.405            -49.987
793.365690         -52.346            -49.981
793.344243         -52.286            -49.976
793.322785         -52.227            -49.971
793.301315         -52.168            -49.965
793.279833         -52.108            -49.960
793.258340         -52.049            -49.955
793.236836         -51.990            -49.949
793.215320         -51.931            -49.944
793.193793         -51.871            -49.939
793.172255         -51.812            -49.934
793.150706         -51.753            -49.928
793.129146         -51.693            -49.923
793.107575         -51.634            -49.918
793.085994         -51.575            -49.913
793.064402         -51.516            -49.908
793.042799         -51.456            -49.903
793.021186         -51.397            -49.898
792.999562         -51.338            -49.893
792.977929         -51.278            -49.888
792.956285         -51.219            -49.883
792.934631         -51.160            -49.878
792.912967         -51.101            -49.873
792.891293         -51.041            -49.868
792.869609         -50.982            -49.863
792.847916         -50.923            -49.858
792.826213         -50.863            -49.853
792.804501         -50.804            -49.849
792.782779         -50.745            -49.844
792.761048         -50.685            -49.839
792.739307         -50.626            -49.834
792.717558         -50.567            -49.830
792.695799         -50.507            -49.825
792.674032         -50.448            -49.820
792.652255         -50.389            -49.816
792.630470         -50.329            -49.811
792.608676         -50.270            -49.806
792.586874         -50.211            -49.802
792.565063         -50.151            -49.797
792.543244         -50.092            -49.793
792.521417         -50.033            -49.788
792.499581         -49.973            -49.784
792.477737         -49.914            -49.779
792.455885         -49.855            -49.775
792.434026         -49.795            -49.770
792.412158         -49.736            -49.766
792.390283         -49.677            -49.761
792.368400         -49.617            -49.757
792.346510         -49.558            -49.753
792.324612         -49.499            -49.748
792.302707         -49.439            -49.744
792.280795         -49.380            -49.740
792.258875         -49.321            -49.736
792.236949         -49.261            -49.731
792.215015         -49.202            -49.727
792.193075         -49.143            -49.723
792.171128         -49.083            -49.719
792.149174         -49.024            -49.714
792.127213         -48.965            -49.710
792.105247         -48.905            -49.706
792.083273         -48.846            -49.702
792.061294         -48.787            -49.698
792.039308         -48.727            -49.694
792.017316         -48.668            -49.690
791.995318         -48.609            -49.686
791.973314         -48.549            -49.682
791.951305         -48.490            -49.678
791.929289         -48.430            -49.674
791.907268         -48.371            -49.670
791.885242         -48.312            -49.666
791.863210         -48.252            -49.662
791.841173         -48.193            -49.658
791.819130         -48.134            -49.654
791.797083         -48.074            -49.650
791.775030         -48.015            -49.646
791.752972         -47.955            -49.643
791.730910         -47.896            -49.639
791.708842         -47.837            -49.635
791.686770         -47.777            -49.631
791.664694         -47.718            -49.628
791.642613         -47.659            -49.624
791.620527         -47.599            -49.620
791.598438         -47.540            -49.616
791.576344         -47.480            -49.613
791.554246         -47.421            -49.609
791.532144         -47.362            -49.605
791.510038         -47.302            -49.602
791.487928         -47.243            -49.598
791.465815         -47.183            -49.595
791.443697         -47.124            -49.591
791.421577         -47.065            -49.587
791.399453         -47.005            -49.584
791.377325         -46.946            -49.580
791.355195         -46.887            -49.577
791.333061         -46.827            -49.573
791.310924         -46.768            -49.570
791.288785         -46.708            -49.566
791.266642         -46.649            -49.563
791.244497         -46.590            -49.559
791.222349         -46.530            -49.556
791.200198         -46.471            -49.553
791.178045         -46.411            -49.549
791.155890         -46.352            -49.546
791.133732         -46.292            -49.543
791.111572         -46.233            -49.539
791.089410         -46.174            -49.536
791.067246         -46.114            -49.533
791.045080         -46.055            -49.529
791.022913         -45.995            -49.526
791.000743         -45.936            -49.523
790.978572         -45.877            -49.520
790.956400         -45.817            -49.516
790.934226         -45.758            -49.513
790.912051         -45.698            -49.510
790.889875         -45.639            -49.507
790.867697         -45.579            -49.504
790.845518         -45.520            -49.501
790.823339         -45.461            -49.497
790.801159         -45.401            -49.494
790.778978         -45.342            -49.491
790.756796         -45.282            -49.488
790.734614         -45.223            -49.485
790.712431         -45.163            -49.482
790.690248         -45.104            -49.479
790.668065         -45.045            -49.476
790.645881         -44.985            -49.473
790.623698         -44.926            -49.470
790.601514         -44.866            -49.467
790.579331         -44.807            -49.464
790.557147         -44.747            -49.461
790.534965         -44.688            -49.458
790.512782         -44.629            -49.455
790.490600         -44.569            -49.452
790.468419         -44.510            -49.449
790.446238         -44.450            -49.447
790.424058         -44.391            -49.444
790.401880         -44.331            -49.441
790.379702         -44.272            -49.438
790.357525         -44.212            -49.435
790.335349         -44.153            -49.432
790.313175         -44.093            -49.430
790.291002         -44.034            -49.427
790.268830         -43.975            -49.424
790.246660         -43.915            -49.421
790.224492         -43.856            -49.419
790.202325         -43.796            -49.416
790.180161         -43.737            -49.413
790.157998         -43.677            -49.411
790.135837         -43.618            -49.408
790.113679         -43.558            -49.405
790.091522         -43.499            -49.403
790.069368         -43.439            -49.400
790.047217         -43.380            -49.397
790.025068         -43.320            -49.395
790.002922         -43.261            -49.392
789.980778         -43.202            -49.389
789.958637         -43.142            -49.387
789.936499         -43.083            -49.384
789.914364         -43.023            -49.382
789.892233         -42.964            -49.379
789.870104         -42.904            -49.377
789.847979         -42.845            -49.374
789.825857         -42.785            -49.372
789.803738         -42.726            -49.369
789.781624         -42.666            -49.367
789.759512         -42.607            -49.364
789.737405         -42.547            -49.362
789.715302         -42.488            -49.359
789.693202         -42.428            -49.357
789.671107         -42.369            -49.355
789.649015         -42.309            -49.352
789.626928         -42.250            -49.350
789.604846         -42.190            -49.348
789.582767         -42.131            -49.345
789.560694         -42.071            -49.343
789.538625         -42.012            -49.340
789.516560         -41.952            -49.338
789.494501         -41.893            -49.336
789.472446         -41.833            -49.334
789.450397         -41.774            -49.331
789.428352         -41.714            -49.329
789.406313         -41.655            -49.327
789.384279         -41.595            -49.324
789.362251         -41.536            -49.322
789.340228         -41.476            -49.320
789.318211         -41.417            -49.318
789.296199         -41.357            -49.316
789.274193         -41.298            -49.313
789.252193         -41.238            -49.311
789.230199         -41.179            -49.309
789.208211         -41.119            -49.307
789.186229         -41.060            -49.305
789.164254         -41.000            -49.303
789.142285         -40.941            -49.301
789.120322         -40.881            -49.298
789.098366         -40.822            -49.296
789.076417         -40.762            -49.294
789.054474         -40.703            -49.292
789.032538         -40.643            -49.290
789.010609         -40.584            -49.288
788.988687         -40.524            -49.286
788.966772         -40.465            -49.284
788.944865         -40.405            -49.282
788.922965         -40.346            -49.280
788.901072         -40.286            -49.278
788.879186         -40.227            -49.276
788.857309         -40.167            -49.274
788.835439         -40.107            -49.272
788.813577         -40.048            -49.270
788.791722         -39.988            -49.268
788.769876         -39.929            -49.266
788.748038         -39.869            -49.264
788.726207         -39.810            -49.262
788.704386         -39.750            -49.260
788.682572         -39.691            -49.258
788.660767         -39.631            -49.257
788.638971         -39.572            -49.255
788.617183         -39.512            -49.253
788.595404         -39.453            -49.251
788.573633         -39.393            -49.249
788.551872         -39.334            -49.247
788.530120         -39.274            -49.246
788.508377         -39.214            -49.244
788.486643         -39.155            -49.242
788.464918         -39.095            -49.240
788.443203         -39.036            -49.238
788.421497         -38.976            -49.237
788.399801         -38.917            -49.235
788.378114         -38.857            -49.233
788.356437         -38.798            -49.231
788.334771         -38.738            -49.230
788.313114         -38.678            -49.228
788.291467         -38.619            -49.226
788.269830         -38.559            -49.224
788.248204         -38.500            -49.223
788.226588         -38.440            -49.221
788.204982         -38.381            -49.219
788.183387         -38.321            -49.218
788.161803         -38.262            -49.216
788.140229         -38.202            -49.214
788.118666         -38.142            -49.213
788.097114         -38.083            -49.211
788.075573         -38.023            -49.210
788.054043         -37.964            -49.208
788.032524         -37.904            -49.206
788.011017         -37.845            -49.205
787.989521         -37.785            -49.203
787.968036         -37.726            -49.202
787.946563         -37.666            -49.200
787.925102         -37.606            -49.198
787.903652         -37.547            -49.197
787.882214         -37.487            -49.195
787.860789         -37.428            -49.194
787.839375         -37.368            -49.192
787.817973         -37.308            -49.191
787.796584         -37.249            -49.189
787.775206         -37.189            -49.188
787.753842         -37.130            -49.186
787.732489         -37.070            -49.185
787.711150         -37.011            -49.183
787.689823         -36.951            -49.182
787.668508         -36.891            -49.181
787.647207         -36.832            -49.179
787.625919         -36.772            -49.178
787.604643         -36.713            -49.176
787.583381         -36.653            -49.175
787.562132         -36.594            -49.173
787.540896         -36.534            -49.172
787.519674         -36.474            -49.171
787.498466         -36.415            -49.169
787.477270         -36.355            -49.168
787.456089         -36.296            -49.167
787.434921         -36.236            -49.165
787.413768         -36.176            -49.164
787.392628         -36.117            -49.163
787.371502         -36.057            -49.161
787.350391         -35.998            -49.160
787.329293         -35.938            -49.159
787.308210         -35.878            -49.157
787.287142         -35.819            -49.156
787.266088         -35.759            -49.155
787.245049         -35.700            -49.153
787.224024         -35.640            -49.152
787.203014         -35.580            -49.151
787.182019         -35.521            -49.150
787.161039         -35.461            -49.148
787.140074         -35.402            -49.147
787.119125         -35.342            -49.146
787.098190         -35.282            -49.145
787.077271         -35.223            -49.143
787.056367         -35.163            -49.142
787.035479         -35.104            -49.141
787.014607         -35.044            -49.140
786.993750         -34.984            -49.139
786.972909         -34.925            -49.138
786.952084         -34.865            -49.136
786.931275         -34.805            -49.135
786.910481         -34.746            -49.134
786.889705         -34.686            -49.133
786.868944         -34.627            -49.132
786.848200         -34.567            -49.131
786.827472         -34.507            -49.130
786.806760         -34.448            -49.128
786.786066         -34.388            -49.127
786.765388         -34.328            -49.126
786.744727         -34.269            -49.125
786.724082         -34.209            -49.124
786.703455         -34.150            -49.123
786.682845         -34.090            -49.122
786.662252         -34.030            -49.121
786.641676         -33.971            -49.120
786.621117         -33.911            -49.119
786.600576         -33.851            -49.118
786.580053         -33.792            -49.117
786.559547         -33.732            -49.116
786.539058         -33.673            -49.115
786.518588         -33.613            -49.114
786.498135         -33.553            -49.113
786.477701         -33.494            -49.112
786.457284         -33.434            -49.111
786.436885         -33.374            -49.110
786.416505         -33.315            -49.109
786.396143         -33.255            -49.108
786.375800         -33.195            -49.107
786.355475         -33.136            -49.106
786.335168         -33.076            -49.105
786.314881         -33.017            -49.104
786.294612         -32.957            -49.103
786.274362         -32.897            -49.102
786.254130         -32.838            -49.101
786.233918         -32.778            -49.100
786.213725         -32.718            -49.099
786.193551         -32.659            -49.098
786.173397         -32.599            -49.097
786.153261         -32.539            -49.097
786.133146         -32.480            -49.096
786.113050         -32.420            -49.095
786.092973         -32.360            -49.094
786.072916         -32.301            -49.093
786.052879         -32.241            -49.092
786.032862         -32.181            -49.091
786.012865         -32.122            -49.091
785.992888         -32.062            -49.090
785.972931         -32.002            -49.089
785.952995         -31.943            -49.088
785.933078         -31.883            -49.087
785.913183         -31.823            -49.086
785.893307         -31.764            -49.086
785.873453         -31.704            -49.085
785.853618         -31.644            -49.084
785.833805         -31.585            -49.083
785.814013         -31.525            -49.082
785.794241         -31.465            -49.082
785.774491         -31.406            -49.081
785.754762         -31.346            -49.080
785.735054         -31.286            -49.079
785.715367         -31.227            -49.079
785.695701         -31.167            -49.078
785.676057         -31.107            -49.077
785.656435         -31.048            -49.077
785.636834         -30.988            -49.076
785.617255         -30.928            -49.075
785.597698         -30.869            -49.074
785.578162         -30.809            -49.074
785.558649         -30.749            -49.073
785.539158         -30.690            -49.072
785.519688         -30.630            -49.072
785.500241         -30.570            -49.071
785.480817         -30.511            -49.070
785.461415         -30.451            -49.070
785.442035         -30.391            -49.069
785.422678         -30.332            -49.068
785.403343         -30.272            -49.068
785.384031         -30.212            -49.067
785.364742         -30.153            -49.066
785.345476         -30.093            -49.066
785.326233         -30.033            -49.065
785.307013         -29.974            -49.064
785.287816         -29.914            -49.064
785.268642         -29.854            -49.063
785.249492         -29.794            -49.063
785.230365         -29.735            -49.062
785.211262         -29.675            -49.061
785.192182         -29.615            -49.061
785.173126         -29.556            -49.060
785.154093         -29.496            -49.060
785.135085         -29.436            -49.059
785.116100         -29.377            -49.059
785.097139         -29.317            -49.058
785.078203         -29.257            -49.057
785.059290         -29.198            -49.057
785.040402         -29.138            -49.056
785.021538         -29.078            -49.056
785.002699         -29.018            -49.055
784.983883         -28.959            -49.055
784.965093         -28.899            -49.054
784.946327         -28.839            -49.054
784.927586         -28.780            -49.053
784.908870         -28.720            -49.053
784.890178         -28.660            -49.052
784.871512         -28.601            -49.052
784.852871         -28.541            -49.051
784.834255         -28.481            -49.051
784.815664         -28.421            -49.050
784.797098         -28.362            -49.050
784.778558         -28.302            -49.049
784.760043         -28.242            -49.049
784.741553         -28.183            -49.048
784.723090         -28.123            -49.048
784.704652         -28.063            -49.048
784.686240         -28.003            -49.047
784.667853         -27.944            -49.047
784.649493         -27.884            -49.046
784.631159         -27.824            -49.046
784.612850         -27.765            -49.045
784.594568         -27.705            -49.045
784.576313         -27.645            -49.045
784.558083         -27.585            -49.044
784.539880         -27.526            -49.044
784.521704         -27.466            -49.043
784.503554         -27.406            -49.043
784.485431         -27.347            -49.043
784.467334         -27.287            -49.042
784.449264         -27.227            -49.042
784.431222         -27.167            -49.041
784.413206         -27.108            -49.041
784.395217         -27.048            -49.041
784.377256         -26.988            -49.040
784.359321         -26.928            -49.040
784.341414         -26.869            -49.040
784.323535         -26.809            -49.039
784.305682         -26.749            -49.039
784.287858         -26.690            -49.039
784.270060         -26.630            -49.038
784.252291         -26.570            -49.038
784.234549         -26.510            -49.038
784.216836         -26.451            -49.037
784.199150         -26.391            -49.037
784.181492         -26.331            -49.037
784.163862         -26.271            -49.036
784.146260         -26.212            -49.036
784.128687         -26.152            -49.036
784.111142         -26.092            -49.035
784.093625         -26.032            -49.035
784.076137         -25.973            -49.035
784.058677         -25.913            -49.035
784.041246         -25.853            -49.034
784.023843         -25.794            -49.034
784.006469         -25.734            -49.034
783.989124         -25.674            -49.034
783.971808         -25.614            -49.033
783.954522         -25.555            -49.033
783.937264         -25.495            -49.033
783.920035         -25.435            -49.033
783.902835         -25.375            -49.032
783.885665         -25.316            -49.032
783.868524         -25.256            -49.032
783.851413         -25.196            -49.032
783.834331         -25.136            -49.031
783.817278         -25.077            -49.031
783.800256         -25.017            -49.031
783.783263         -24.957            -49.031
783.766299         -24.897            -49.031
783.749366         -24.838            -49.030
783.732463         -24.778            -49.030
783.715590         -24.718            -49.030
783.698746         -24.658            -49.030
783.681933         -24.599            -49.030
783.665151         -24.539            -49.030
783.648398         -24.479            -49.029
783.631676         -24.419            -49.029
783.614985         -24.360            -49.029
783.598324         -24.300            -49.029
783.581694         -24.240            -49.029
783.565094         -24.180            -49.029
783.548525         -24.120            -49.028
783.531987         -24.061            -49.028
783.515480         -24.001            -49.028
783.499004         -23.941            -49.028
783.482559         -23.881            -49.028
783.466145         -23.822            -49.028
783.449762         -23.762            -49.028
783.433410         -23.702            -49.027
783.417090         -23.642            -49.027
783.400801         -23.583            -49.027
783.384544         -23.523            -49.027
783.368319         -23.463            -49.027
783.352124         -23.403            -49.027
783.335962         -23.344            -49.027
783.319831         -23.284            -49.027
783.303733         -23.224            -49.027
783.287666         -23.164            -49.027
783.271631         -23.104            -49.027
783.255628         -23.045            -49.026
783.239658         -22.985            -49.026
783.223719         -22.925            -49.026
783.207813         -22.865            -49.026
783.191939         -22.806            -49.026
783.176097         -22.746            -49.026
783.160288         -22.686            -49.026
783.144512         -22.626            -49.026
783.128768         -22.566            -49.026
783.113057         -22.507            -49.026
783.097378         -22.447            -49.026
783.081732         -22.387            -49.026
783.066120         -22.327            -49.026
783.050540         -22.268            -49.026
783.034993         -22.208            -49.026
783.019479         -22.148            -49.026
783.003999         -22.088            -49.026
782.988551         -22.028            -49.026
782.973137         -21.969            -49.026
782.957757         -21.909            -49.026
782.942409         -21.849            -49.026
782.927096         -21.789            -49.026
782.911815         -21.730            -49.026
782.896569         -21.670            -49.026
782.881356         -21.610            -49.026
782.866177         -21.550            -49.026
782.851031         -21.490            -49.026
782.835920         -21.431            -49.026
782.820842         -21.371            -49.026
782.805799         -21.311            -49.026
782.790789         -21.251            -49.026
782.775814         -21.191            -49.026
782.760873         -21.132            -49.026
782.745967         -21.072            -49.026
782.731094         -21.012            -49.026
782.716256         -20.952            -49.026
782.701453         -20.892            -49.026
782.686684         -20.833            -49.026
782.671949         -20.773            -49.026
782.657250         -20.713            -49.026
782.642585         -20.653            -49.026
782.627955         -20.593            -49.026
782.613360         -20.534            -49.026
782.598799         -20.474            -49.026
782.584274         -20.414            -49.027
782.569784         -20.354            -49.027
782.555329         -20.294            -49.027
782.540909         -20.235            -49.027
782.526524         -20.175            -49.027
782.512175         -20.115            -49.027
782.497861         -20.055            -49.027
782.483582         -19.995            -49.027
782.469339         -19.936            -49.027
782.455132         -19.876            -49.027
782.440960         -19.816            -49.027
782.426824         -19.756            -49.028
782.412723         -19.696            -49.028
782.398658         -19.637            -49.028
782.384630         -19.577            -49.028
782.370637         -19.517            -49.028
782.356680         -19.457            -49.028
782.342759         -19.397            -49.028
782.328875         -19.338            -49.028
782.315026         -19.278            -49.028
782.301214         -19.218            -49.029
782.287438         -19.158            -49.029
782.273698         -19.098            -49.029
782.259995         -19.039            -49.029
782.246328         -18.979            -49.029
782.232698         -18.919            -49.029
782.219105         -18.859            -49.029
782.205548         -18.799            -49.030
782.192028         -18.739            -49.030
782.178544         -18.680            -49.030
782.165098         -18.620            -49.030
782.151688         -18.560            -49.030
782.138315         -18.500            -49.030
782.124980         -18.440            -49.031
782.111681         -18.381            -49.031
782.098420         -18.321            -49.031
782.085195         -18.261            -49.031
782.072008         -18.201            -49.031
782.058858         -18.141            -49.032
782.045746         -18.081            -49.032
782.032671         -18.022            -49.032
782.019633         -17.962            -49.032
782.006634         -17.902            -49.032
781.993671         -17.842            -49.033
781.980746         -17.782            -49.033
781.967859         -17.723            -49.033
781.955010         -17.663            -49.033
781.942199         -17.603            -49.033
781.929425         -17.543            -49.034
781.916689         -17.483            -49.034
781.903992         -17.423            -49.034
781.891332         -17.364            -49.034
781.878710         -17.304            -49.034
781.866127         -17.244            -49.035
781.853582         -17.184            -49.035
781.841075         -17.124            -49.035
781.828606         -17.064            -49.035
781.816176         -17.005            -49.036
781.803784         -16.945            -49.036
781.791431         -16.885            -49.036
781.779116         -16.825            -49.036
781.766840         -16.765            -49.037
781.754602         -16.705            -49.037
781.742403         -16.646            -49.037
781.730243         -16.586            -49.037
781.718122         -16.526            -49.038
781.706039         -16.466            -49.038
781.693996         -16.406            -49.038
781.681991         -16.346            -49.038
781.670025         -16.287            -49.039
781.658099         -16.227            -49.039
781.646211         -16.167            -49.039
781.634363         -16.107            -49.039
781.622554         -16.047            -49.040
781.610784         -15.987            -49.040
781.599054         -15.928            -49.040
781.587363         -15.868            -49.040
781.575711         -15.808            -49.041
781.564099         -15.748            -49.041
781.552526         -15.688            -49.041
781.540993         -15.628            -49.042
781.529500         -15.569            -49.042
781.518046         -15.509            -49.042
781.506632         -15.449            -49.043
781.495258         -15.389            -49.043
781.483923         -15.329            -49.043
781.472629         -15.269            -49.043
781.461374         -15.209            -49.044
781.450159         -15.150            -49.044
781.438985         -15.090            -49.044
781.427850         -15.030            -49.045
781.416756         -14.970            -49.045
781.405701         -14.910            -49.045
781.394687         -14.850            -49.046
781.383714         -14.791            -49.046
781.372780         -14.731            -49.046
781.361887         -14.671            -49.047
781.351035         -14.611            -49.047
781.340222         -14.551            -49.047
781.329451         -14.491            -49.048
781.318720         -14.431            -49.048
781.308029         -14.372            -49.048
781.297379         -14.312            -49.049
781.286770         -14.252            -49.049
781.276202         -14.192            -49.049
781.265674         -14.132            -49.050
781.255187         -14.072            -49.050
781.244741         -14.012            -49.050
781.234337         -13.953            -49.051
781.223973         -13.893            -49.051
781.213650         -13.833            -49.051
781.203368         -13.773            -49.052
781.193127         -13.713            -49.052
781.182927         -13.653            -49.052
781.172769         -13.593            -49.053
781.162652         -13.534            -49.053
781.152576         -13.474            -49.053
781.142541         -13.414            -49.054
781.132548         -13.354            -49.054
781.122596         -13.294            -49.055
781.112686         -13.234            -49.055
781.102817         -13.174            -49.055
781.092990         -13.115            -49.056
781.083204         -13.055            -49.056
781.073460         -12.995            -49.056
781.063758         -12.935            -49.057
781.054097         -12.875            -49.057
781.044478         -12.815            -49.058
781.034901         -12.755            -49.058
781.025366         -12.696            -49.058
781.015873         -12.636            -49.059
781.006421         -12.576            -49.059
780.997012         -12.516            -49.060
780.987644         -12.456            -49.060
780.978319         -12.396            -49.060
780.969036         -12.336            -49.061
780.959795         -12.277            -49.061
780.950596         -12.217            -49.062
780.941439         -12.157            -49.062
780.932325         -12.097            -49.062
780.923253         -12.037            -49.063
780.914223         -11.977            -49.063
780.905235         -11.917            -49.064
780.896290         -11.858            -49.064
780.887388         -11.798            -49.064
780.878528         -11.738            -49.065
780.869710         -11.678            -49.065
780.860935         -11.618            -49.066
780.852203         -11.558            -49.066
780.843513         -11.498            -49.066
780.834866         -11.438            -49.067
780.826262         -11.379            -49.067
780.817701         -11.319            -49.068
780.809182         -11.259            -49.068
780.800706         -11.199            -49.069
780.792273         -11.139            -49.069
780.783883         -11.079            -49.069
780.775536         -11.019            -49.070
780.767232         -10.959            -49.070
780.758971         -10.900            -49.071
780.750752         -10.840            -49.071
780.742578         -10.780            -49.072
780.734446         -10.720            -49.072
780.726357         -10.660            -49.073
780.718312         -10.600            -49.073
780.710309         -10.540            -49.073
780.702350         -10.480            -49.074
780.694435         -10.421            -49.074
780.686563         -10.361            -49.075
780.678734         -10.301            -49.075
780.670948         -10.241            -49.076
780.663206         -10.181            -49.076
780.655508         -10.121            -49.077
780.647852         -10.061            -49.077
780.640241         -10.001            -49.078
780.632673         -9.942             -49.078
780.625149         -9.882             -49.078
780.617668         -9.822             -49.079
780.610231         -9.762             -49.079
780.602838         -9.702             -49.080
780.595488         -9.642             -49.080
780.588182         -9.582             -49.081
780.580921         -9.522             -49.081
780.573702         -9.463             -49.082
780.566528         -9.403             -49.082
780.559398         -9.343             -49.083
780.552311         -9.283             -49.083
780.545269         -9.223             -49.084
780.538271         -9.163             -49.084
780.531316         -9.103             -49.085
780.524406         -9.043             -49.085
780.517540         -8.984             -49.085
780.510718         -8.924             -49.086
780.503940         -8.864             -49.086
780.497206         -8.804             -49.087
780.490516         -8.744             -49.087
780.483871         -8.684             -49.088
780.477270         -8.624             -49.088
780.470713         -8.564             -49.089
780.464200         -8.504             -49.089
780.457732         -8.445             -49.090
780.451309         -8.385             -49.090
780.444929         -8.325             -49.091
780.438594         -8.265             -49.091
780.432304         -8.205             -49.092
780.426058         -8.145             -49.092
780.419857         -8.085             -49.093
780.413700         -8.025             -49.093
780.407588         -7.966             -49.094
780.401520         -7.906             -49.094
780.395497         -7.846             -49.095
780.389518         -7.786             -49.095
780.383585         -7.726             -49.096
780.377696         -7.666             -49.096
780.371851         -7.606             -49.097
780.366052         -7.546             -49.097
780.360297         -7.486             -49.098
780.354587         -7.427             -49.098
780.348922         -7.367             -49.099
780.343302         -7.307             -49.099
780.337727         -7.247             -49.100
780.332196         -7.187             -49.100
780.326711         -7.127             -49.101
780.321270         -7.067             -49.101
780.315875         -7.007             -49.102
780.310524         -6.947             -49.102
780.305218         -6.888             -49.103
780.299958         -6.828             -49.104
780.294743         -6.768             -49.104
780.289572         -6.708             -49.105
780.284447         -6.648             -49.105
780.279367         -6.588             -49.106
780.274332         -6.528             -49.106
780.269343         -6.468             -49.107
780.264398         -6.408             -49.107
780.259499         -6.348             -49.108
780.254645         -6.289             -49.108
780.249836         -6.229             -49.109
780.245073         -6.169             -49.109
780.240355         -6.109             -49.110
780.235682         -6.049             -49.110
780.231054         -5.989             -49.111
780.226472         -5.929             -49.111
780.221936         -5.869             -49.112
780.217444         -5.809             -49.112
780.212999         -5.750             -49.113
780.208598         -5.690             -49.114
780.204243         -5.630             -49.114
780.199934         -5.570             -49.115
780.195670         -5.510             -49.115
780.191452         -5.450             -49.116
780.187279         -5.390             -49.116
780.183152         -5.330             -49.117
780.179070         -5.270             -49.117
780.175034         -5.211             -49.118
780.171044         -5.151             -49.118
780.167099         -5.091             -49.119
780.163200         -5.031             -49.119
780.159347         -4.971             -49.120
780.155539         -4.911             -49.121
780.151777         -4.851             -49.121
780.148061         -4.791             -49.122
780.144390         -4.731             -49.122
780.140765         -4.671             -49.123
780.137186         -4.612             -49.123
780.133653         -4.552             -49.124
780.130166         -4.492             -49.124
780.126724         -4.432             -49.125
780.123328         -4.372             -49.125
780.119978         -4.312             -49.126
780.116674         -4.252             -49.127
780.113416         -4.192             -49.127
780.110204         -4.132             -49.128
780.107038         -4.072             -49.128
780.103917         -4.013             -49.129
780.100843         -3.953             -49.129
780.097814         -3.893             -49.130
780.094831         -3.833             -49.130
780.091895         -3.773             -49.131
780.089004         -3.713             -49.132
780.086160         -3.653             -49.132
780.083361         -3.593             -49.133
780.080608         -3.533             -49.133
780.077902         -3.474             -49.134
780.075241         -3.414             -49.134
780.072627         -3.354             -49.135
780.070058         -3.294             -49.135
780.067536         -3.234             -49.136
780.065060         -3.174             -49.137
780.062630         -3.114             -49.137
780.060246         -3.054             -49.138
780.057908         -2.994             -49.138
780.055616         -2.934             -49.139
780.053371         -2.875             -49.139
780.051171         -2.815             -49.140
780.049018         -2.755             -49.140
780.046911         -2.695             -49.141
780.044850         -2.635             -49.142
780.042836         -2.575             -49.142
780.040867         -2.515             -49.143
780.038945         -2.455             -49.143
780.037069         -2.395             -49.144
780.035239         -2.335             -49.144
780.033455         -2.276             -49.145
780.031718         -2.216             -49.146
780.030027         -2.156             -49.146
780.028382         -2.096             -49.147
780.026784         -2.036             -49.147
780.025231         -1.976             -49.148
780.023725         -1.916             -49.148
780.022266         -1.856             -49.149
780.020852         -1.796             -49.149
780.019485         -1.736             -49.150
780.018164         -1.677             -49.151
780.016890         -1.617             -49.151
780.015662         -1.557             -49.152
780.014480         -1.497             -49.152
780.013344         -1.437             -49.153
780.012255         -1.377             -49.153
780.011212         -1.317             -49.154
780.010216         -1.257             -49.155
780.009266         -1.197             -49.155
780.008362         -1.137             -49.156
780.007504         -1.077             -49.156
780.006693         -1.018             -49.157
780.005928         -0.958             -49.157
780.005210         -0.898             -49.158
780.004538         -0.838             -49.159
780.003912         -0.778             -49.159
780.003333         -0.718             -49.160
780.002800         -0.658             -49.160
780.002314         -0.598             -49.161
780.001874         -0.538             -49.161
780.001480         -0.478             -49.162
780.001133         -0.419             -49.163
780.000832         -0.359             -49.163
780.000577         -0.299             -49.164
780.000369         -0.239             -49.164
780.000207         -0.179             -49.165
780.000092         -0.119             -49.165
780.000023         -0.059             -49.166
780.000000         0.001              -49.167
780.000024         0.061              -49.167
780.000094         0.121              -49.168
780.000210         0.180              -49.168
780.000373         0.240              -49.169
780.000583         0.300              -49.169
780.000838         0.360              -49.170
780.001141         0.420              -49.171
780.001489         0.480              -49.171
780.001884         0.540              -49.172
780.002325         0.600              -49.172
780.002813         0.660              -49.173
780.003347         0.720              -49.173
780.003927         0.779              -49.174
780.004554         0.839              -49.175
780.005227         0.899              -49.175
780.005947         0.959              -49.176
780.006713         1.019              -49.176
780.007525         1.079              -49.177
780.008384         1.139              -49.177
780.009288         1.199              -49.178
780.010240         1.259              -49.179
780.011237         1.319              -49.179
780.012281         1.378              -49.180
780.013372         1.438              -49.180
780.014508         1.498              -49.181
780.015691         1.558              -49.181
780.016921         1.618              -49.182
780.018196         1.678              -49.182
780.019518         1.738              -49.183
780.020887         1.798              -49.184
780.022301         1.858              -49.184
780.023762         1.918              -49.185
780.025269         1.977              -49.185
780.026823         2.037              -49.186
780.028422         2.097              -49.186
780.030068         2.157              -49.187
780.031761         2.217              -49.188
780.033499         2.277              -49.188
780.035284         2.337              -49.189
780.037115         2.397              -49.189
780.038992         2.457              -49.190
780.040915         2.517              -49.190
780.042885         2.576              -49.191
780.044901         2.636              -49.192
780.046963         2.696              -49.192
780.049071         2.756              -49.193
780.051225         2.816              -49.193
780.053426         2.876              -49.194
780.055673         2.936              -49.194
780.057965         2.996              -49.195
780.060304         3.056              -49.195
780.062689         3.116              -49.196
780.065121         3.175              -49.197
780.067598         3.235              -49.197
780.070121         3.295              -49.198
780.072691         3.355              -49.198
780.075307         3.415              -49.199
780.077968         3.475              -49.199
780.080676         3.535              -49.200
780.083430         3.595              -49.200
780.086229         3.655              -49.201
780.089075         3.715              -49.202
780.091967         3.774              -49.202
780.094905         3.834              -49.203
780.097888         3.894              -49.203
780.100918         3.954              -49.204
780.103994         4.014              -49.204
780.107115         4.074              -49.205
780.110283         4.134              -49.205
780.113496         4.194              -49.206
780.116756         4.254              -49.207
780.120061         4.314              -49.207
780.123412         4.373              -49.208
780.126809         4.433              -49.208
780.130251         4.493              -49.209
780.133740         4.553              -49.209
780.137274         4.613              -49.210
780.140854         4.673              -49.210
780.144480         4.733              -49.211
780.148152         4.793              -49.211
780.151870         4.853              -49.212
780.155633         4.913              -49.213
780.159441         4.972              -49.213
780.163296         5.032              -49.214
780.167196         5.092              -49.214
780.171142         5.152              -49.215
780.175134         5.212              -49.215
780.179171         5.272              -49.216
780.183254         5.332              -49.216
780.187382         5.392              -49.217
780.191556         5.452              -49.217
780.195775         5.511              -49.218
780.200040         5.571              -49.218
780.204351         5.631              -49.219
780.208707         5.691              -49.220
780.213108         5.751              -49.220
780.217555         5.811              -49.221
780.222047         5.871              -49.221
780.226585         5.931              -49.222
780.231168         5.991              -49.222
780.235797         6.051              -49.223
780.240471         6.110              -49.223
780.245190         6.170              -49.224
780.249955         6.230              -49.224
780.254764         6.290              -49.225
780.259620         6.350              -49.225
780.264520         6.410              -49.226
780.269465         6.470              -49.226
780.274456         6.530              -49.227
780.279492         6.590              -49.227
780.284573         6.649              -49.228
780.289700         6.709              -49.229
780.294871         6.769              -49.229
780.300088         6.829              -49.230
780.305349         6.889              -49.230
780.310656         6.949              -49.231
780.316008         7.009              -49.231
780.321404         7.069              -49.232
780.326846         7.129              -49.232
780.332333         7.188              -49.233
780.337864         7.248              -49.233
780.343441         7.308              -49.234
780.349062         7.368              -49.234
780.354728         7.428              -49.235
780.360439         7.488              -49.235
780.366195         7.548              -49.236
780.371996         7.608              -49.236
780.377841         7.668              -49.237
780.383731         7.727              -49.237
780.389666         7.787              -49.238
780.395645         7.847              -49.238
780.401670         7.907              -49.239
780.407738         7.967              -49.239
780.413852         8.027              -49.240
780.420010         8.087              -49.240
780.426212         8.147              -49.241
780.432459         8.207              -49.241
780.438751         8.266              -49.242
780.445087         8.326              -49.242
780.451467         8.386              -49.243
780.457892         8.446              -49.243
780.464361         8.506              -49.244
780.470875         8.566              -49.244
780.477433         8.626              -49.245
780.484035         8.686              -49.245
780.490681         8.745              -49.246
780.497372         8.805              -49.246
780.504107         8.865              -49.247
780.510886         8.925              -49.247
780.517709         8.985              -49.248
780.524576         9.045              -49.248
780.531488         9.105              -49.249
780.538443         9.165              -49.249
780.545443         9.225              -49.250
780.552486         9.284              -49.250
780.559574         9.344              -49.250
780.566705         9.404              -49.251
780.573881         9.464              -49.251
780.581100         9.524              -49.252
780.588363         9.584              -49.252
780.595670         9.644              -49.253
780.603020         9.704              -49.253
780.610415         9.763              -49.254
780.617853         9.823              -49.254
780.625334         9.883              -49.255
780.632860         9.943              -49.255
780.640429         10.003             -49.256
780.648041         10.063             -49.256
780.655698         10.123             -49.257
780.663397         10.183             -49.257
780.671140         10.242             -49.257
780.678927         10.302             -49.258
780.686757         10.362             -49.258
780.694630         10.422             -49.259
780.702547         10.482             -49.259
780.710507         10.542             -49.260
780.718510         10.602             -49.260
780.726557         10.662             -49.261
780.734646         10.721             -49.261
780.742779         10.781             -49.261
780.750955         10.841             -49.262
780.759175         10.901             -49.262
780.767437         10.961             -49.263
780.775742         11.021             -49.263
780.784090         11.081             -49.264
780.792481         11.141             -49.264
780.800915         11.200             -49.264
780.809392         11.260             -49.265
780.817912         11.320             -49.265
780.826474         11.380             -49.266
780.835080         11.440             -49.266
780.843728         11.500             -49.267
780.852419         11.560             -49.267
780.861152         11.620             -49.267
780.869928         11.679             -49.268
780.878747         11.739             -49.268
780.887608         11.799             -49.269
780.896511         11.859             -49.269
780.905457         11.919             -49.270
780.914446         11.979             -49.270
780.923477         12.039             -49.270
780.932550         12.098             -49.271
780.941665         12.158             -49.271
780.950823         12.218             -49.272
780.960023         12.278             -49.272
780.969265         12.338             -49.272
780.978549         12.398             -49.273
780.987876         12.458             -49.273
780.997244         12.518             -49.274
781.006655         12.577             -49.274
781.016107         12.637             -49.274
781.025601         12.697             -49.275
781.035138         12.757             -49.275
781.044716         12.817             -49.275
781.054336         12.877             -49.276
781.063997         12.937             -49.276
781.073701         12.996             -49.277
781.083446         13.056             -49.277
781.093232         13.116             -49.277
781.103061         13.176             -49.278
781.112931         13.236             -49.278
781.122842         13.296             -49.279
781.132795         13.356             -49.279
781.142789         13.415             -49.279
781.152825         13.475             -49.280
781.162901         13.535             -49.280
781.173020         13.595             -49.280
781.183179         13.655             -49.281
781.193380         13.715             -49.281
781.203622         13.775             -49.281
781.213905         13.834             -49.282
781.224229         13.894             -49.282
781.234594         13.954             -49.282
781.245000         14.014             -49.283
781.255446         14.074             -49.283
781.265934         14.134             -49.284
781.276463         14.194             -49.284
781.287032         14.253             -49.284
781.297642         14.313             -49.285
781.308293         14.373             -49.285
781.318985         14.433             -49.285
781.329717         14.493             -49.286
781.340490         14.553             -49.286
781.351303         14.612             -49.286
781.362156         14.672             -49.287
781.373050         14.732             -49.287
781.383985         14.792             -49.287
781.394960         14.852             -49.287
781.405975         14.912             -49.288
781.417030         14.972             -49.288
781.428125         15.031             -49.288
781.439261         15.091             -49.289
781.450436         15.151             -49.289
781.461652         15.211             -49.289
781.472908         15.271             -49.290
781.484203         15.331             -49.290
781.495539         15.390             -49.290
781.506914         15.450             -49.291
781.518329         15.510             -49.291
781.529784         15.570             -49.291
781.541278         15.630             -49.291
781.552812         15.690             -49.292
781.564386         15.750             -49.292
781.575999         15.809             -49.292
781.587652         15.869             -49.293
781.599344         15.929             -49.293
781.611075         15.989             -49.293
781.622846         16.049             -49.293
781.634656         16.109             -49.294
781.646505         16.168             -49.294
781.658393         16.228             -49.294
781.670321         16.288             -49.295
781.682288         16.348             -49.295
781.694293         16.408             -49.295
781.706338         16.468             -49.295
781.718421         16.527             -49.296
781.730544         16.587             -49.296
781.742705         16.647             -49.296
781.754905         16.707             -49.296
781.767143         16.767             -49.297
781.779420         16.827             -49.297
781.791736         16.886             -49.297
781.804090         16.946             -49.297
781.816483         17.006             -49.298
781.828914         17.066             -49.298
781.841384         17.126             -49.298
781.853892         17.186             -49.298
781.866438         17.245             -49.298
781.879022         17.305             -49.299
781.891645         17.365             -49.299
781.904305         17.425             -49.299
781.917004         17.485             -49.299
781.929741         17.545             -49.300
781.942515         17.604             -49.300
781.955328         17.664             -49.300
781.968178         17.724             -49.300
781.981066         17.784             -49.300
781.993992         17.844             -49.301
782.006955         17.903             -49.301
782.019956         17.963             -49.301
782.032994         18.023             -49.301
782.046070         18.083             -49.301
782.059183         18.143             -49.302
782.072334         18.203             -49.302
782.085522         18.262             -49.302
782.098747         18.322             -49.302
782.112010         18.382             -49.302
782.125309         18.442             -49.302
782.138646         18.502             -49.303
782.152020         18.561             -49.303
782.165430         18.621             -49.303
782.178878         18.681             -49.303
782.192362         18.741             -49.303
782.205883         18.801             -49.303
782.219441         18.861             -49.304
782.233035         18.920             -49.304
782.246666         18.980             -49.304
782.260334         19.040             -49.304
782.274038         19.100             -49.304
782.287779         19.160             -49.304
782.301555         19.219             -49.304
782.315368         19.279             -49.305
782.329218         19.339             -49.305
782.343103         19.399             -49.305
782.357025         19.459             -49.305
782.370983         19.518             -49.305
782.384977         19.578             -49.305
782.399006         19.638             -49.305
782.413072         19.698             -49.305
782.427173         19.758             -49.306
782.441310         19.818             -49.306
782.455483         19.877             -49.306
782.469691         19.937             -49.306
782.483935         19.997             -49.306
782.498215         20.057             -49.306
782.512529         20.117             -49.306
782.526880         20.176             -49.306
782.541265         20.236             -49.306
782.555686         20.296             -49.306
782.570142         20.356             -49.307
782.584633         20.416             -49.307
782.599159         20.475             -49.307
782.613721         20.535             -49.307
782.628317         20.595             -49.307
782.642948         20.655             -49.307
782.657613         20.715             -49.307
782.672314         20.774             -49.307
782.687049         20.834             -49.307
782.701819         20.894             -49.307
782.716623         20.954             -49.307
782.731462         21.014             -49.307
782.746335         21.073             -49.307
782.761243         21.133             -49.307
782.776185         21.193             -49.307
782.791161         21.253             -49.307
782.806171         21.312             -49.307
782.821215         21.372             -49.307
782.836293         21.432             -49.307
782.851406         21.492             -49.307
782.866552         21.552             -49.307
782.881732         21.611             -49.307
782.896946         21.671             -49.307
782.912193         21.731             -49.307
782.927474         21.791             -49.307
782.942789         21.851             -49.307
782.958137         21.910             -49.307
782.973518         21.970             -49.307
782.988933         22.030             -49.307
783.004382         22.090             -49.307
783.019863         22.149             -49.307
783.035377         22.209             -49.307
783.050925         22.269             -49.307
783.066506         22.329             -49.307
783.082119         22.389             -49.307
783.097766         22.448             -49.307
783.113445         22.508             -49.307
783.129157         22.568             -49.307
783.144902         22.628             -49.307
783.160679         22.688             -49.307
783.176489         22.747             -49.307
783.192331         22.807             -49.307
783.208206         22.867             -49.307
783.224113         22.927             -49.307
783.240052         22.986             -49.307
783.256024         23.046             -49.307
783.272028         23.106             -49.307
783.288063         23.166             -49.306
783.304131         23.225             -49.306
783.320230         23.285             -49.306
783.336362         23.345             -49.306
783.352525         23.405             -49.306
783.368720         23.465             -49.306
783.384946         23.524             -49.306
783.401204         23.584             -49.306
783.417494         23.644             -49.306
783.433815         23.704             -49.306
783.450167         23.763             -49.305
783.466551         23.823             -49.305
783.482965         23.883             -49.305
783.499411         23.943             -49.305
783.515888         24.002             -49.305
783.532396         24.062             -49.305
783.548935         24.122             -49.305
783.565504         24.182             -49.305
783.582105         24.241             -49.304
783.598736         24.301             -49.304
783.615398         24.361             -49.304
783.632090         24.421             -49.304
783.648813         24.481             -49.304
783.665566         24.540             -49.304
783.682349         24.600             -49.303
783.699163         24.660             -49.303
783.716007         24.720             -49.303
783.732881         24.779             -49.303
783.749785         24.839             -49.303
783.766719         24.899             -49.302
783.783683         24.959             -49.302
783.800677         25.018             -49.302
783.817700         25.078             -49.302
783.834753         25.138             -49.302
783.851836         25.198             -49.301
783.868948         25.257             -49.301
783.886090         25.317             -49.301
783.903261         25.377             -49.301
783.920461         25.437             -49.300
783.937690         25.496             -49.300
783.954949         25.556             -49.300
783.972237         25.616             -49.300
783.989553         25.676             -49.299
784.006899         25.735             -49.299
784.024274         25.795             -49.299
784.041677         25.855             -49.299
784.059109         25.914             -49.298
784.076569         25.974             -49.298
784.094058         26.034             -49.298
784.111576         26.094             -49.298
784.129121         26.153             -49.297
784.146696         26.213             -49.297
784.164298         26.273             -49.297
784.181929         26.333             -49.296
784.199587         26.392             -49.296
784.217274         26.452             -49.296
784.234988         26.512             -49.295
784.252731         26.572             -49.295
784.270501         26.631             -49.295
784.288298         26.691             -49.294
784.306124         26.751             -49.294
784.323977         26.810             -49.294
784.341857         26.870             -49.293
784.359765         26.930             -49.293
784.377700         26.990             -49.293
784.395662         27.049             -49.292
784.413652         27.109             -49.292
784.431668         27.169             -49.292
784.449711         27.229             -49.291
784.467782         27.288             -49.291
784.485879         27.348             -49.291
784.504003         27.408             -49.290
784.522153         27.467             -49.290
784.540331         27.527             -49.289
784.558534         27.587             -49.289
784.576764         27.647             -49.289
784.595021         27.706             -49.288
784.613303         27.766             -49.288
784.631612         27.826             -49.287
784.649947         27.885             -49.287
784.668308         27.945             -49.286
784.686695         28.005             -49.286
784.705108         28.065             -49.286
784.723547         28.124             -49.285
784.742011         28.184             -49.285
784.760501         28.244             -49.284
784.779016         28.303             -49.284
784.797557         28.363             -49.283
784.816123         28.423             -49.283
784.834715         28.483             -49.282
784.853332         28.542             -49.282
784.871974         28.602             -49.281
784.890641         28.662             -49.281
784.909333         28.721             -49.280
784.928050         28.781             -49.280
784.946791         28.841             -49.279
784.965558         28.901             -49.279
784.984349         28.960             -49.278
785.003165         29.020             -49.278
785.022005         29.080             -49.277
785.040869         29.139             -49.277
785.059758         29.199             -49.276
785.078671         29.259             -49.276
785.097608         29.318             -49.275
785.116570         29.378             -49.275
785.135555         29.438             -49.274
785.154564         29.498             -49.273
785.173597         29.557             -49.273
785.192654         29.617             -49.272
785.211734         29.677             -49.272
785.230838         29.736             -49.271
785.249966         29.796             -49.270
785.269117         29.856             -49.270
785.288291         29.915             -49.269
785.307488         29.975             -49.269
785.326709         30.035             -49.268
785.345953         30.094             -49.267
785.365219         30.154             -49.267
785.384509         30.214             -49.266
785.403821         30.273             -49.265
785.423156         30.333             -49.265
785.442514         30.393             -49.264
785.461895         30.453             -49.263
785.481297         30.512             -49.263
785.500723         30.572             -49.262
785.520170         30.632             -49.261
785.539640         30.691             -49.261
785.559132         30.751             -49.260
785.578646         30.811             -49.259
785.598182         30.870             -49.259
785.617739         30.930             -49.258
785.637319         30.990             -49.257
785.656920         31.049             -49.257
785.676543         31.109             -49.256
785.696188         31.169             -49.255
785.715854         31.228             -49.254
785.735541         31.288             -49.254
785.755250         31.348             -49.253
785.774980         31.407             -49.252
785.794731         31.467             -49.251
785.814503         31.527             -49.251
785.834295         31.586             -49.250
785.854109         31.646             -49.249
785.873944         31.706             -49.248
785.893799         31.765             -49.247
785.913675         31.825             -49.247
785.933571         31.885             -49.246
785.953488         31.944             -49.245
785.973425         32.004             -49.244
785.993382         32.064             -49.243
786.013360         32.123             -49.243
786.033357         32.183             -49.242
786.053375         32.243             -49.241
786.073412         32.302             -49.240
786.093470         32.362             -49.239
786.113547         32.422             -49.238
786.133643         32.481             -49.237
786.153760         32.541             -49.236
786.173895         32.600             -49.236
786.194050         32.660             -49.235
786.214225         32.720             -49.234
786.234418         32.779             -49.233
786.254631         32.839             -49.232
786.274863         32.899             -49.231
786.295113         32.958             -49.230
786.315383         33.018             -49.229
786.335671         33.078             -49.228
786.355978         33.137             -49.227
786.376303         33.197             -49.226
786.396647         33.257             -49.225
786.417010         33.316             -49.224
786.437390         33.376             -49.223
786.457789         33.435             -49.222
786.478206         33.495             -49.221
786.498641         33.555             -49.220
786.519094         33.614             -49.219
786.539565         33.674             -49.218
786.560054         33.734             -49.217
786.580560         33.793             -49.216
786.601084         33.853             -49.215
786.621626         33.913             -49.214
786.642185         33.972             -49.213
786.662761         34.032             -49.212
786.683355         34.091             -49.211
786.703965         34.151             -49.210
786.724593         34.211             -49.209
786.745238         34.270             -49.208
786.765899         34.330             -49.207
786.786578         34.390             -49.206
786.807273         34.449             -49.205
786.827985         34.509             -49.204
786.848713         34.568             -49.202
786.869458         34.628             -49.201
786.890219         34.688             -49.200
786.910996         34.747             -49.199
786.931789         34.807             -49.198
786.952599         34.867             -49.197
786.973424         34.926             -49.196
786.994266         34.986             -49.194
787.015123         35.045             -49.193
787.035996         35.105             -49.192
787.056885         35.165             -49.191
787.077789         35.224             -49.190
787.098708         35.284             -49.188
787.119643         35.343             -49.187
787.140593         35.403             -49.186
787.161558         35.463             -49.185
787.182539         35.522             -49.183
787.203534         35.582             -49.182
787.224544         35.641             -49.181
787.245569         35.701             -49.180
787.266609         35.761             -49.178
787.287663         35.820             -49.177
787.308732         35.880             -49.176
787.329815         35.939             -49.174
787.350913         35.999             -49.173
787.372025         36.059             -49.172
787.393151         36.118             -49.171
787.414291         36.178             -49.169
787.435445         36.237             -49.168
787.456613         36.297             -49.167
787.477795         36.357             -49.165
787.498990         36.416             -49.164
787.520199         36.476             -49.162
787.541422         36.535             -49.161
787.562658         36.595             -49.160
787.583907         36.655             -49.158
787.605170         36.714             -49.157
787.626445         36.774             -49.155
787.647734         36.833             -49.154
787.669036         36.893             -49.153
787.690350         36.952             -49.151
787.711678         37.012             -49.150
787.733018         37.072             -49.148
787.754370         37.131             -49.147
787.775735         37.191             -49.145
787.797113         37.250             -49.144
787.818503         37.310             -49.142
787.839905         37.370             -49.141
787.861319         37.429             -49.139
787.882745         37.489             -49.138
787.904183         37.548             -49.136
787.925633         37.608             -49.135
787.947095         37.667             -49.133
787.968568         37.727             -49.131
787.990053         37.787             -49.130
788.011549         37.846             -49.128
788.033057         37.906             -49.127
788.054576         37.965             -49.125
788.076106         38.025             -49.124
788.097647         38.084             -49.122
788.119200         38.144             -49.120
788.140763         38.204             -49.119
788.162337         38.263             -49.117
788.183922         38.323             -49.115
788.205517         38.382             -49.114
788.227123         38.442             -49.112
788.248739         38.501             -49.110
788.270366         38.561             -49.109
788.292003         38.620             -49.107
788.313650         38.680             -49.105
788.335307         38.740             -49.103
788.356974         38.799             -49.102
788.378651         38.859             -49.100
788.400338         38.918             -49.098
788.422034         38.978             -49.096
788.443740         39.037             -49.095
788.465456         39.097             -49.093
788.487180         39.156             -49.091
788.508915         39.216             -49.089
788.530658         39.275             -49.088
788.552411         39.335             -49.086
788.574172         39.395             -49.084
788.595943         39.454             -49.082
788.617722         39.514             -49.080
788.639510         39.573             -49.078
788.661307         39.633             -49.076
788.683112         39.692             -49.075
788.704926         39.752             -49.073
788.726748         39.811             -49.071
788.748578         39.871             -49.069
788.770416         39.930             -49.067
788.792263         39.990             -49.065
788.814118         40.049             -49.063
788.835980         40.109             -49.061
788.857850         40.168             -49.059
788.879728         40.228             -49.057
788.901614         40.288             -49.055
788.923507         40.347             -49.053
788.945407         40.407             -49.051
788.967315         40.466             -49.049
788.989230         40.526             -49.047
789.011152         40.585             -49.045
789.033081         40.645             -49.043
789.055017         40.704             -49.041
789.076960         40.764             -49.039
789.098910         40.823             -49.037
789.120866         40.883             -49.035
789.142829         40.942             -49.033
789.164798         41.002             -49.030
789.186774         41.061             -49.028
789.208755         41.121             -49.026
789.230744         41.180             -49.024
789.252738         41.240             -49.022
789.274738         41.299             -49.020
789.296744         41.359             -49.017
789.318756         41.418             -49.015
789.340773         41.478             -49.013
789.362796         41.537             -49.011
789.384825         41.597             -49.009
789.406859         41.656             -49.006
789.428898         41.716             -49.004
789.450943         41.775             -49.002
789.472992         41.835             -48.999
789.495047         41.894             -48.997
789.517106         41.954             -48.995
789.539171         42.013             -48.993
789.561240         42.073             -48.990
789.583314         42.132             -48.988
789.605392         42.192             -48.986
789.627475         42.251             -48.983
789.649562         42.311             -48.981
789.671653         42.370             -48.978
789.693749         42.430             -48.976
789.715849         42.489             -48.974
789.737952         42.549             -48.971
789.760060         42.608             -48.969
789.782171         42.668             -48.966
789.804286         42.727             -48.964
789.826404         42.787             -48.961
789.848526         42.846             -48.959
789.870652         42.906             -48.956
789.892780         42.965             -48.954
789.914912         43.025             -48.951
789.937047         43.084             -48.949
789.959185         43.144             -48.946
789.981326         43.203             -48.944
790.003470         43.262             -48.941
790.025616         43.322             -48.938
790.047765         43.381             -48.936
790.069917         43.441             -48.933
790.092071         43.500             -48.930
790.114227         43.560             -48.928
790.136386         43.619             -48.925
790.158547         43.679             -48.922
790.180709         43.738             -48.920
790.202874         43.798             -48.917
790.225041         43.857             -48.914
790.247209         43.917             -48.912
790.269379         43.976             -48.909
790.291551         44.035             -48.906
790.313724         44.095             -48.903
790.335898         44.154             -48.901
790.358074         44.214             -48.898
790.380251         44.273             -48.895
790.402429         44.333             -48.892
790.424607         44.392             -48.889
790.446787         44.452             -48.886
790.468968         44.511             -48.884
790.491149         44.571             -48.881
790.513331         44.630             -48.878
790.535514         44.689             -48.875
790.557697         44.749             -48.872
790.579880         44.808             -48.869
790.602063         44.868             -48.866
790.624247         44.927             -48.863
790.646430         44.987             -48.860
790.668614         45.046             -48.857
790.690797         45.105             -48.854
790.712980         45.165             -48.851
790.735163         45.224             -48.848
790.757345         45.284             -48.845
790.779527         45.343             -48.842
790.801708         45.403             -48.839
790.823888         45.462             -48.836
790.846067         45.522             -48.832
790.868246         45.581             -48.829
790.890424         45.640             -48.826
790.912600         45.700             -48.823
790.934775         45.759             -48.820
790.956949         45.819             -48.817
790.979121         45.878             -48.813
791.001292         45.937             -48.810
791.023461         45.997             -48.807
791.045629         46.056             -48.804
791.067795         46.116             -48.800
791.089959         46.175             -48.797
791.112121         46.235             -48.794
791.134280         46.294             -48.790
791.156438         46.353             -48.787
791.178593         46.413             -48.784
791.200746         46.472             -48.780
791.222897         46.532             -48.777
791.245045         46.591             -48.774
791.267190         46.650             -48.770
791.289333         46.710             -48.767
791.311472         46.769             -48.763
791.333609         46.829             -48.760
791.355743         46.888             -48.756
791.377873         46.947             -48.753
791.400000         47.007             -48.749
791.422124         47.066             -48.746
791.444245         47.126             -48.742
791.466362         47.185             -48.738
791.488475         47.244             -48.735
791.510585         47.304             -48.731
791.532691         47.363             -48.728
791.554793         47.423             -48.724
791.576891         47.482             -48.720
791.598984         47.541             -48.717
791.621074         47.601             -48.713
791.643159         47.660             -48.709
791.665240         47.719             -48.705
791.687317         47.779             -48.702
791.709389         47.838             -48.698
791.731456         47.898             -48.694
791.753518         47.957             -48.690
791.775576         48.016             -48.686
791.797628         48.076             -48.683
791.819676         48.135             -48.679
791.841718         48.194             -48.675
791.863755         48.254             -48.671
791.885787         48.313             -48.667
791.907814         48.373             -48.663
791.929834         48.432             -48.659
791.951850         48.491             -48.655
791.973859         48.551             -48.651
791.995863         48.610             -48.647
792.017860         48.669             -48.643
792.039852         48.729             -48.639
792.061838         48.788             -48.635
792.083817         48.847             -48.631
792.105790         48.907             -48.627
792.127757         48.966             -48.623
792.149717         49.025             -48.619
792.171671         49.085             -48.614
792.193618         49.144             -48.610
792.215558         49.204             -48.606
792.237492         49.263             -48.602
792.259418         49.322             -48.597
792.281337         49.382             -48.593
792.303249         49.441             -48.589
792.325154         49.500             -48.585
792.347052         49.560             -48.580
792.368942         49.619             -48.576
792.390825         49.678             -48.572
792.412700         49.738             -48.567
792.434567         49.797             -48.563
792.456426         49.856             -48.558
792.478278         49.916             -48.554
792.500122         49.975             -48.549
792.521957         50.034             -48.545
792.543784         50.094             -48.540
792.565603         50.153             -48.536
792.587414         50.212             -48.531
792.609216         50.272             -48.527
792.631010         50.331             -48.522
792.652794         50.390             -48.517
792.674571         50.450             -48.513
792.696338         50.509             -48.508
792.718096         50.568             -48.503
792.739845         50.627             -48.499
792.761586         50.687             -48.494
792.783317         50.746             -48.489
792.805038         50.805             -48.484
792.826750         50.865             -48.479
792.848453         50.924             -48.475
792.870146         50.983             -48.470
792.891830         51.043             -48.465
792.913503         51.102             -48.460
792.935167         51.161             -48.455
792.956821         51.221             -48.450
792.978464         51.280             -48.445
793.000098         51.339             -48.440
793.021721         51.398             -48.435
793.043334         51.458             -48.430
793.064936         51.517             -48.425
793.086528         51.576             -48.420
793.108109         51.636             -48.415
793.129680         51.695             -48.410
793.151239         51.754             -48.405
793.172788         51.814             -48.399
793.194326         51.873             -48.394
793.215853         51.932             -48.389
793.237368         51.991             -48.384
793.258872         52.051             -48.378
793.280365         52.110             -48.373
793.301847         52.169             -48.368
793.323316         52.228             -48.362
793.344774         52.288             -48.357
793.366221         52.347             -48.352
793.387655         52.406             -48.346
793.409078         52.466             -48.341
793.430489         52.525             -48.335
793.451887         52.584             -48.330
793.473273         52.643             -48.324
793.494647         52.703             -48.319
793.516009         52.762             -48.313
793.537358         52.821             -48.307
793.558694         52.880             -48.302
793.580018         52.940             -48.296
793.601329         52.999             -48.290
793.622627         53.058             -48.285
793.643912         53.117             -48.279
793.665185         53.177             -48.273
793.686444         53.236             -48.267
793.707689         53.295             -48.261
793.728922         53.354             -48.255
793.750141         53.414             -48.250
793.771347         53.473             -48.244
793.792539         53.532             -48.238
793.813717         53.591             -48.232
793.834881         53.651             -48.226
793.856032         53.710             -48.220
793.877169         53.769             -48.214
793.898291         53.828             -48.208
793.919400         53.888             -48.201
793.940494         53.947             -48.195
793.961574         54.006             -48.189
793.982640         54.065             -48.183
794.003691         54.125             -48.177
794.024727         54.184             -48.170
794.045749         54.243             -48.164
794.066756         54.302             -48.158
794.087748         54.361             -48.151
794.108725         54.421             -48.145
794.129687         54.480             -48.139
794.150634         54.539             -48.132
794.171566         54.598             -48.126
794.192482         54.658             -48.119
794.213383         54.717             -48.113
794.234269         54.776             -48.106
794.255139         54.835             -48.099
794.275993         54.894             -48.093
794.296831         54.954             -48.086
794.317654         55.013             -48.079
794.338460         55.072             -48.073
794.359251         55.131             -48.066
794.380025         55.190             -48.059
794.400784         55.250             -48.052
794.421525         55.309             -48.045
794.442251         55.368             -48.038
794.462960         55.427             -48.032
794.483652         55.486             -48.025
794.504328         55.546             -48.018
794.524987         55.605             -48.011
794.545629         55.664             -48.003
794.566255         55.723             -47.996
794.586863         55.782             -47.989
794.607454         55.841             -47.982
794.628028         55.901             -47.975
794.648584         55.960             -47.968
794.669124         56.019             -47.960
794.689645         56.078             -47.953
794.710150         56.137             -47.946
794.730636         56.196             -47.938
794.751105         56.256             -47.931
794.771556         56.315             -47.923
794.791989         56.374             -47.916
794.812404         56.433             -47.908
794.832801         56.492             -47.901
794.853180         56.551             -47.893
794.873540         56.611             -47.886
794.893883         56.670             -47.878
794.914206         56.729             -47.870
794.934512         56.788             -47.863
794.954798         56.847             -47.855
794.975066         56.906             -47.847
794.995315         56.965             -47.839
795.015546         57.025             -47.831
795.035757         57.084             -47.823
795.055949         57.143             -47.815
795.076122         57.202             -47.807
795.096276         57.261             -47.799
795.116411         57.320             -47.791
795.136526         57.379             -47.783
795.156621         57.439             -47.775
795.176697         57.498             -47.767
795.196754         57.557             -47.758
795.216791         57.616             -47.750
795.236808         57.675             -47.742
795.256804         57.734             -47.734
795.276781         57.793             -47.725
795.296738         57.852             -47.717
795.316675         57.912             -47.708
795.336591         57.971             -47.700
795.356487         58.030             -47.691
795.376363         58.089             -47.682
795.396218         58.148             -47.674
795.416053         58.207             -47.665
795.435867         58.266             -47.656
795.455660         58.325             -47.648
795.475432         58.384             -47.639
795.495183         58.444             -47.630
795.514913         58.503             -47.621
795.534622         58.562             -47.612
795.554310         58.621             -47.603
795.573977         58.680             -47.594
795.593622         58.739             -47.585
795.613246         58.798             -47.576
795.632848         58.857             -47.566
795.652429         58.916             -47.557
795.671987         58.975             -47.548
795.691525         59.034             -47.539
795.711040         59.093             -47.529
795.730533         59.153             -47.520
795.750004         59.212             -47.510
795.769453         59.271             -47.501
795.788880         59.330             -47.491
795.808285         59.389             -47.482
795.827667         59.448             -47.472
795.847027         59.507             -47.462
795.866364         59.566             -47.453
795.885678         59.625             -47.443
795.904970         59.684             -47.433
795.924239         59.743             -47.423
795.943485         59.802             -47.413
795.962709         59.861             -47.403
795.981909         59.920             -47.393
796.001086         59.979             -47.383
796.020240         60.038             -47.373
796.039370         60.097             -47.363
796.058477         60.156             -47.352
796.077561         60.216             -47.342
796.096621         60.275             -47.332
796.115657         60.334             -47.321
796.134670         60.393             -47.311
796.153659         60.452             -47.300
796.172624         60.511             -47.290
796.191566         60.570             -47.279
796.210483         60.629             -47.269
796.229376         60.688             -47.258
796.248245         60.747             -47.247
796.267089         60.806             -47.236
796.285909         60.865             -47.225
796.304705         60.924             -47.214
796.323476         60.983             -47.203
796.342223         61.042             -47.192
796.360945         61.101             -47.181
796.379642         61.160             -47.170
796.398315         61.219             -47.159
796.416962         61.278             -47.147
796.435585         61.337             -47.136
796.454182         61.396             -47.125
796.472754         61.455             -47.113
796.491301         61.514             -47.102
796.509823         61.573             -47.090
796.528319         61.632             -47.079
796.546790         61.691             -47.067
796.565235         61.750             -47.055
796.583654         61.809             -47.043
796.602048         61.868             -47.031
796.620416         61.927             -47.019
796.638758         61.986             -47.007
796.657074         62.045             -46.995
796.675365         62.103             -46.983
796.693629         62.162             -46.971
796.711866         62.221             -46.959
796.730078         62.280             -46.946
796.748263         62.339             -46.934
796.766422         62.398             -46.922
796.784554         62.457             -46.909
796.802660         62.516             -46.896
796.820739         62.575             -46.884
796.838791         62.634             -46.871
796.856817         62.693             -46.858
796.874815         62.752             -46.845
796.892787         62.811             -46.832
796.910731         62.870             -46.819
796.928649         62.929             -46.806
796.946539         62.988             -46.793
796.964402         63.046             -46.780
796.982238         63.105             -46.767
797.000046         63.164             -46.753
797.017826         63.223             -46.740
797.035579         63.282             -46.727
797.053305         63.341             -46.713
797.071002         63.400             -46.699
797.088672         63.459             -46.686
797.106314         63.518             -46.672
797.123928         63.577             -46.658
797.141514         63.636             -46.644
797.159072         63.694             -46.630
797.176601         63.753             -46.616
797.194102         63.812             -46.602
797.211575         63.871             -46.588
797.229020         63.930             -46.573
797.246436         63.989             -46.559
797.263823         64.048             -46.544
797.281182         64.107             -46.530
797.298512         64.165             -46.515
797.315813         64.224             -46.501
797.333086         64.283             -46.486
797.350329         64.342             -46.471
797.367544         64.401             -46.456
797.384729         64.460             -46.441
797.401885         64.519             -46.426
797.419012         64.577             -46.411
797.436110         64.636             -46.395
797.453178         64.695             -46.380
797.470217         64.754             -46.365
797.487226         64.813             -46.349
797.504206         64.872             -46.334
797.521156         64.930             -46.318
797.538076         64.989             -46.302
797.554966         65.048             -46.286
797.571827         65.107             -46.270
797.588657         65.166             -46.254
797.605458         65.224             -46.238
797.622228         65.283             -46.222
797.638968         65.342             -46.205
797.655678         65.401             -46.189
797.672357         65.460             -46.173
797.689007         65.518             -46.156
797.705625         65.577             -46.139
797.722213         65.636             -46.122
797.738771         65.695             -46.106
797.755298         65.754             -46.089
797.771794         65.812             -46.071
797.788259         65.871             -46.054
797.804693         65.930             -46.037
797.821097         65.989             -46.020
797.837469         66.047             -46.002
797.853810         66.106             -45.985
797.870120         66.165             -45.967
797.886399         66.224             -45.949
797.902646         66.282             -45.931
797.918862         66.341             -45.913
797.935047         66.400             -45.895
797.951200         66.459             -45.877
797.967321         66.517             -45.859
797.983411         66.576             -45.840
797.999469         66.635             -45.822
798.015495         66.693             -45.803
798.031489         66.752             -45.785
798.047452         66.811             -45.766
798.063382         66.870             -45.747
798.079280         66.928             -45.728
798.095146         66.987             -45.709
798.110980         67.046             -45.689
798.126782         67.104             -45.670
798.142551         67.163             -45.650
798.158288         67.222             -45.631
798.173992         67.280             -45.611
798.189664         67.339             -45.591
798.205303         67.398             -45.571
798.220910         67.456             -45.551
798.236483         67.515             -45.531
798.252024         67.574             -45.511
798.267532         67.632             -45.490
798.283007         67.691             -45.470
798.298449         67.750             -45.449
798.313858         67.808             -45.428
798.329233         67.867             -45.407
798.344576         67.926             -45.386
798.359885         67.984             -45.365
798.375161         68.043             -45.343
798.390403         68.102             -45.322
798.405612         68.160             -45.300
798.420787         68.219             -45.279
798.435929         68.277             -45.257
798.451037         68.336             -45.235
798.466111         68.395             -45.213
798.481152         68.453             -45.190
798.496158         68.512             -45.168
798.511131         68.570             -45.146
798.526070         68.629             -45.123
798.540974         68.687             -45.100
798.555845         68.746             -45.077
798.570681         68.805             -45.054
798.585483         68.863             -45.031
798.600250         68.922             -45.007
798.614984         68.980             -44.984
798.629682         69.039             -44.960
798.644347         69.097             -44.936
798.658976         69.156             -44.912
798.673571         69.214             -44.888
798.688132         69.273             -44.864
798.702657         69.331             -44.840
798.717148         69.390             -44.815
798.731604         69.448             -44.790
798.746025         69.507             -44.765
798.760410         69.565             -44.740
798.774761         69.624             -44.715
798.789077         69.682             -44.690
798.803357         69.741             -44.664
798.817602         69.799             -44.638
798.831812         69.858             -44.612
798.845987         69.916             -44.586
798.860126         69.975             -44.560
798.874229         70.033             -44.534
798.888297         70.092             -44.507
798.902329         70.150             -44.480
798.916326         70.209             -44.454
798.930287         70.267             -44.426
798.944212         70.325             -44.399
798.958101         70.384             -44.372
798.971954         70.442             -44.344
798.985772         70.501             -44.316
798.999553         70.559             -44.288
799.013298         70.617             -44.260
799.027007         70.676             -44.232
799.040680         70.734             -44.203
799.054316         70.793             -44.174
799.067916         70.851             -44.146
799.081480         70.909             -44.116
799.095007         70.968             -44.087
799.108498         71.026             -44.058
799.121952         71.084             -44.028
799.135369         71.143             -43.998
799.148750         71.201             -43.968
799.162094         71.259             -43.937
799.175401         71.318             -43.907
799.188672         71.376             -43.876
799.201905         71.434             -43.845
799.215102         71.493             -43.814
799.228261         71.551             -43.783
799.241384         71.609             -43.751
799.254469         71.667             -43.719
799.267517         71.726             -43.687
799.280528         71.784             -43.655
799.293501         71.842             -43.622
799.306437         71.900             -43.589
799.319336         71.959             -43.557
799.332197         72.017             -43.523
799.345021         72.075             -43.490
799.357807         72.133             -43.456
799.370555         72.192             -43.422
799.383266         72.250             -43.388
799.395939         72.308             -43.354
799.408574         72.366             -43.319
799.421172         72.424             -43.284
799.433731         72.483             -43.249
799.446252         72.541             -43.214
799.458736         72.599             -43.178
799.471181         72.657             -43.142
799.483588         72.715             -43.106
799.495957         72.773             -43.070
799.508288         72.831             -43.033
799.520581         72.889             -42.996
799.532835         72.948             -42.959
799.545051         73.006             -42.921
799.557228         73.064             -42.883
799.569367         73.122             -42.845
799.581467         73.180             -42.807
799.593529         73.238             -42.768
799.605552         73.296             -42.729
799.617536         73.354             -42.690
799.629481         73.412             -42.651
799.641388         73.470             -42.611
799.653256         73.528             -42.571
799.665085         73.586             -42.530
799.676875         73.644             -42.490
799.688626         73.702             -42.449
799.700338         73.760             -42.407
799.712010         73.818             -42.366
799.723644         73.876             -42.324
799.735239         73.934             -42.281
799.746794         73.992             -42.239
799.758310         74.050             -42.196
799.769786         74.108             -42.152
799.781223         74.165             -42.109
799.792621         74.223             -42.065
799.803979         74.281             -42.020
799.815297         74.339             -41.976
799.826576         74.397             -41.931
799.837815         74.455             -41.885
799.849015         74.513             -41.840
799.860175         74.570             -41.793
799.871295         74.628             -41.747
799.882375         74.686             -41.700
799.893415         74.744             -41.653
799.904416         74.802             -41.605
799.915376         74.859             -41.557
799.926296         74.917             -41.509
799.937177         74.975             -41.460
799.948017         75.032             -41.411
799.958817         75.090             -41.361
799.969576         75.148             -41.311
799.980296         75.206             -41.261
799.990975         75.263             -41.210
800.001614         75.321             -41.159
800.012212         75.378             -41.107
800.022770         75.436             -41.055
800.033287         75.494             -41.003
800.043764         75.551             -40.950
800.054200         75.609             -40.896
800.064596         75.666             -40.842
800.074951         75.724             -40.788
800.085265         75.782             -40.733
800.095539         75.839             -40.678
800.105771         75.897             -40.622
800.115963         75.954             -40.566
800.126114         76.012             -40.509
800.136224         76.069             -40.452
800.146293         76.126             -40.394
800.156321         76.184             -40.336
800.166308         76.241             -40.277
800.176254         76.299             -40.218
800.186158         76.356             -40.158
800.196022         76.413             -40.098
800.205844         76.471             -40.037
800.215625         76.528             -39.976
800.225365         76.585             -39.914
800.235063         76.643             -39.852
800.244720         76.700             -39.789
800.254335         76.757             -39.725
800.263909         76.814             -39.661
800.273441         76.872             -39.596
800.282932         76.929             -39.531
800.292381         76.986             -39.465
800.301789         77.043             -39.398
800.311155         77.100             -39.331
800.320479         77.158             -39.263
800.329761         77.215             -39.195
800.339002         77.272             -39.126
800.348200         77.329             -39.056
800.357357         77.386             -38.985
800.366472         77.443             -38.914
800.375545         77.500             -38.843
800.384576         77.557             -38.770
800.393565         77.614             -38.697
800.402511         77.671             -38.623
800.411416         77.728             -38.549
800.420278         77.785             -38.474
800.429099         77.841             -38.398
800.437877         77.898             -38.321
800.446612         77.955             -38.243
800.455306         78.012             -38.165
800.463957         78.069             -38.086
800.472566         78.125             -38.007
800.481132         78.182             -37.926
800.489656         78.239             -37.845
800.498137         78.295             -37.762
800.506576         78.352             -37.679
800.514972         78.409             -37.595
800.523326         78.465             -37.511
800.531636         78.522             -37.425
800.539905         78.578             -37.339
800.548130         78.635             -37.251
800.556313         78.691             -37.163
800.564453         78.748             -37.074
800.572550         78.804             -36.984
800.580605         78.861             -36.893
800.588616         78.917             -36.801
800.596585         78.973             -36.708
800.604510         79.030             -36.614
800.612393         79.086             -36.519
800.620233         79.142             -36.423
800.628029         79.198             -36.326
800.635783         79.254             -36.228
800.643493         79.311             -36.129
800.651160         79.367             -36.029
800.658784         79.423             -35.928
800.666365         79.479             -35.825
800.673902         79.535             -35.722
800.681396         79.591             -35.617
800.688847         79.647             -35.511
800.696255         79.702             -35.404
800.703619         79.758             -35.296
800.710940         79.814             -35.187
800.718217         79.870             -35.076
800.725451         79.926             -34.964
800.732641         79.981             -34.851
800.739788         80.037             -34.737
800.746891         80.092             -34.621
800.753951         80.148             -34.504
800.760967         80.203             -34.385
800.767939         80.259             -34.265
800.774868         80.314             -34.144
800.781752         80.370             -34.021
800.788594         80.425             -33.897
800.795391         80.480             -33.772
800.802145         80.536             -33.644
800.808854         80.591             -33.516
800.815520         80.646             -33.386
800.822142         80.701             -33.254
800.828720         80.756             -33.120
800.835254         80.811             -32.985
800.841744         80.866             -32.849
800.848190         80.921             -32.710
800.854593         80.975             -32.570
800.860951         81.030             -32.428
800.867265         81.085             -32.285
800.873534         81.140             -32.139
800.879760         81.194             -31.992
800.885941         81.249             -31.843
800.892079         81.303             -31.692
800.898172         81.357             -31.539
800.904221         81.412             -31.384
800.910225         81.466             -31.227
800.916186         81.520             -31.068
800.922102         81.574             -30.907
800.927973         81.628             -30.744
800.933800         81.682             -30.578
800.939583         81.736             -30.411
800.945322         81.790             -30.241
800.951015         81.844             -30.069
800.956665         81.897             -29.895
800.962270         81.951             -29.718
800.967830         82.004             -29.539
800.973346         82.058             -29.357
800.978818         82.111             -29.173
800.984244         82.165             -28.986
800.989626         82.218             -28.797
800.994964         82.271             -28.605
801.000257         82.324             -28.411
801.005505         82.377             -28.213
801.010708         82.429             -28.013
801.015867         82.482             -27.810
801.020981         82.535             -27.604
801.026050         82.587             -27.395
801.031075         82.640             -27.184
801.036054         82.692             -26.969
801.040989         82.744             -26.751
801.045879         82.796             -26.529
801.050724         82.848             -26.305
801.055524         82.900             -26.077
801.060279         82.952             -25.846
801.064989         83.003             -25.611
801.069654         83.055             -25.373
801.074275         83.106             -25.131
801.078850         83.158             -24.885
801.083380         83.209             -24.636
801.087865         83.260             -24.383
801.092306         83.310             -24.126
801.096701         83.361             -23.865
801.101051         83.412             -23.600
801.105356         83.462             -23.331
801.109615         83.512             -23.058
801.113830         83.563             -22.780
801.117999         83.612             -22.498
801.122123         83.662             -22.211
801.126202         83.712             -21.920
801.130236         83.761             -21.624
801.134225         83.811             -21.324
801.138168         83.860             -21.018
801.142066         83.909             -20.708
801.145919         83.957             -20.392
801.149726         84.006             -20.072
801.153488         84.054             -19.746
801.157205         84.103             -19.415
801.160876         84.150             -19.078
801.164502         84.198             -18.735
801.168083         84.246             -18.387
801.171618         84.293             -18.033
801.175108         84.340             -17.674
801.178552         84.387             -17.308
801.181951         84.434             -16.935
801.185305         84.480             -16.557
801.188613         84.526             -16.172
801.191875         84.572             -15.781
801.195092         84.618             -15.382
801.198264         84.663             -14.977
801.201390         84.708             -14.565
801.204470         84.753             -14.146
801.207505         84.797             -13.720
801.210494         84.841             -13.286
801.213438         84.885             -12.845
801.216336         84.929             -12.396
801.219188         84.972             -11.939
801.221995         85.015             -11.475
801.224756         85.058             -11.002
801.227472         85.100             -10.521
801.230142         85.142             -10.031
801.232766         85.183             -9.534
801.235345         85.225             -9.027
801.237878         85.265             -8.512
801.240365         85.306             -7.987
801.242806         85.346             -7.454
801.245202         85.385             -6.911
801.247552         85.424             -6.359
801.249856         85.463             -5.797
801.252115         85.501             -5.226
801.254327         85.539             -4.645
801.256494         85.576             -4.054
801.258615         85.613             -3.453
801.260691         85.649             -2.842
801.262720         85.685             -2.221
801.264704         85.721             -1.589
801.266642         85.755             -0.947
801.268534         85.790             -0.294
801.270381         85.823             0.370
801.272181         85.856             1.044
801.273936         85.889             1.729
801.275644         85.921             2.425
801.277307         85.952             3.132
801.278924         85.983             3.849
801.280495         86.013             4.578
801.282021         86.042             5.318
801.283500         86.071             6.068
801.284934         86.099             6.830
801.286321         86.126             7.602
801.287663         86.152             8.386
801.288958         86.178             9.180
801.290208         86.203             9.985
801.291412         86.228             10.800
801.292570         86.251             11.626
801.293682         86.274             12.462
801.294748         86.296             13.308
801.295768         86.317             14.164
801.296743         86.337             15.030
801.297671         86.357             15.905
801.298553         86.375             16.790
801.299389         86.393             17.683
801.300180         86.410             18.585
801.300924         86.425             19.495
801.301623         86.440             20.414
801.302275         86.454             21.339
801.302881         86.468             22.272
801.303442         86.480             23.212
801.303956         86.491             24.157
801.304425         86.501             25.109
801.304847         86.510             26.066
801.305224         86.519             27.028
801.305554         86.526             27.994
801.305839         86.532             28.963
801.306078         86.537             29.936
801.306270         86.542             30.912
801.306417         86.545             31.890
801.306517         86.547             32.869
801.306572         86.548             33.850
801.306580         86.548             34.831
801.306543         86.548             35.811
801.306460         86.546             36.791
801.306330         86.543             37.769
801.306155         86.539             38.746
801.305933         86.534             39.720
801.305666         86.528             40.691
801.305352         86.521             41.659
801.304993         86.513             42.622
801.304588         86.505             43.581
801.304136         86.495             44.534
801.303639         86.484             45.482
801.303096         86.472             46.424
801.302506         86.459             47.360
801.301871         86.446             48.288
801.301190         86.431             49.209
801.300463         86.416             50.122
801.299689         86.399             51.027
801.298870         86.382             51.924
801.298005         86.364             52.812
801.297094         86.345             53.691
801.296137         86.325             54.560
801.295134         86.304             55.420
801.294085         86.282             56.270
801.292990         86.260             57.110
801.291849         86.237             57.939
801.290662         86.213             58.759
801.289430         86.188             59.567
801.288151         86.162             60.365
801.286827         86.136             61.153
801.285456         86.109             61.929
801.284040         86.081             62.695
801.282578         86.053             63.450
801.281069         86.024             64.193
801.279515         85.994             64.926
801.277915         85.964             65.648
801.276270         85.932             66.359
801.274578         85.901             67.059
801.272841         85.869             67.748
801.271057         85.836             68.426
801.269228         85.802             69.094
801.267353         85.768             69.750
801.265432         85.734             70.397
801.263465         85.699             71.032
801.261453         85.663             71.658
801.259394         85.627             72.273
801.257290         85.590             72.877
801.255140         85.553             73.472
801.252945         85.515             74.057
801.250703         85.477             74.632
801.248416         85.439             75.197
801.246083         85.400             75.752
801.243705         85.360             76.298
801.241280         85.321             76.835
801.238810         85.280             77.363
801.236294         85.240             77.882
801.233733         85.199             78.392
801.231126         85.157             78.893
801.228473         85.116             79.385
801.225774         85.074             79.869
801.223030         85.031             80.345
801.220240         84.988             80.813
801.217405         84.945             81.273
801.214524         84.902             81.724
801.211597         84.858             82.168
801.208625         84.814             82.605
801.205607         84.769             83.034
801.202543         84.725             83.456
801.199434         84.680             83.870
801.196280         84.635             84.278
801.193080         84.589             84.679
801.189834         84.543             85.073
801.186543         84.497             85.460
801.183207         84.451             85.841
801.179825         84.404             86.216
801.176397         84.358             86.584
801.172925         84.311             86.946
801.169406         84.263             87.302
801.165843         84.216             87.652
801.162233         84.168             87.997
801.158579         84.120             88.336
801.154879         84.072             88.669
801.151134         84.024             88.997
801.147343         83.976             89.319
801.143508         83.927             89.637
801.139627         83.878             89.949
801.135700         83.829             90.256
801.131728         83.780             90.559
801.127712         83.730             90.856
801.123649         83.681             91.149
801.119542         83.631             91.437
801.115389         83.581             91.721
801.111192         83.531             92.000
801.106949         83.481             92.275
801.102661         83.431             92.546
801.098328         83.380             92.813
801.093949         83.329             93.075
801.089526         83.279             93.334
801.085058         83.228             93.588
801.080544         83.177             93.839
801.075986         83.125             94.086
801.071382         83.074             94.329
801.066734         83.023             94.568
801.062040         82.971             94.804
801.057302         82.919             95.037
801.052518         82.868             95.266
801.047690         82.816             95.492
801.042817         82.764             95.714
801.037899         82.711             95.934
801.032936         82.659             96.150
801.027928         82.607             96.363
801.022876         82.554             96.573
801.017779         82.502             96.780
801.012637         82.449             96.984
801.007450         82.396             97.185
801.002218         82.343             97.383
800.996942         82.291             97.579
800.991621         82.237             97.772
800.986256         82.184             97.962
800.980846         82.131             98.150
800.975391         82.078             98.335
800.969892         82.024             98.517
800.964348         81.971             98.697
800.958760         81.917             98.875
800.953127         81.864             99.050
800.947449         81.810             99.223
800.941728         81.756             99.394
800.935961         81.702             99.562
800.930151         81.648             99.728
800.924296         81.594             99.892
800.918396         81.540             100.054
800.912452         81.486             100.214
800.906464         81.432             100.372
800.900432         81.378             100.527
800.894355         81.323             100.681
800.888235         81.269             100.833
800.882070         81.214             100.983
800.875860         81.160             101.131
800.869607         81.105             101.277
800.863310         81.051             101.421
800.856968         80.996             101.563
800.850582         80.941             101.704
800.844153         80.886             101.843
800.837679         80.831             101.980
800.831161         80.776             102.116
800.824599         80.721             102.250
800.817994         80.666             102.382
800.811344         80.611             102.513
800.804651         80.556             102.642
800.797914         80.501             102.770
800.791133         80.446             102.896
800.784308         80.390             103.021
800.777439         80.335             103.144
800.770527         80.280             103.266
800.763571         80.224             103.387
800.756571         80.169             103.506
800.749528         80.113             103.623
800.742441         80.058             103.739
800.735310         80.002             103.854
800.728136         79.946             103.968
800.720919         79.891             104.080
800.713658         79.835             104.191
800.706353         79.779             104.301
800.699005         79.723             104.410
800.691614         79.667             104.517
800.684179         79.611             104.624
800.676701         79.556             104.729
800.669180         79.500             104.833
800.661615         79.444             104.935
800.654007         79.388             105.037
800.646356         79.331             105.138
800.638662         79.275             105.237
800.630925         79.219             105.336
800.623144         79.163             105.433
800.615321         79.107             105.529
800.607454         79.051             105.625
800.599544         78.994             105.719
800.591592         78.938             105.812
800.583596         78.882             105.905
800.575558         78.825             105.996
800.567477         78.769             106.086
800.559353         78.712             106.176
800.551186         78.656             106.264
800.542976         78.599             106.352
800.534724         78.543             106.439
800.526429         78.486             106.525
800.518091         78.430             106.610
800.509711         78.373             106.694
800.501288         78.317             106.777
800.492822         78.260             106.860
800.484314         78.203             106.942
800.475764         78.147             107.022
800.467171         78.090             107.103
800.458536         78.033             107.182
800.449858         77.976             107.260
800.441138         77.919             107.338
800.432376         77.863             107.415
800.423571         77.806             107.491
800.414725         77.749             107.567
800.405836         77.692             107.642
800.396905         77.635             107.716
800.387932         77.578             107.789
800.378916         77.521             107.862
800.369859         77.464             107.934
800.360760         77.407             108.005
800.351619         77.350             108.076
800.342436         77.293             108.146
800.333211         77.236             108.215
800.323944         77.179             108.284
800.314636         77.122             108.352
800.305285         77.065             108.419
800.295893         77.007             108.486
800.286460         76.950             108.552
800.276984         76.893             108.618
800.267467         76.836             108.683
800.257909         76.779             108.747
800.248309         76.721             108.811
800.238668         76.664             108.874
800.228985         76.607             108.937
800.219261         76.549             108.999
800.209495         76.492             109.060
800.199688         76.435             109.121
800.189840         76.377             109.182
800.179951         76.320             109.242
800.170021         76.263             109.301
800.160049         76.205             109.360
800.150036         76.148             109.419
800.139983         76.090             109.476
800.129888         76.033             109.534
800.119752         75.975             109.591
800.109576         75.918             109.647
800.099358         75.861             109.703
800.089100         75.803             109.759
800.078801         75.745             109.814
800.068461         75.688             109.868
800.058081         75.630             109.922
800.047659         75.573             109.976
800.037198         75.515             110.029
800.026695         75.458             110.082
800.016153         75.400             110.134
800.005569         75.342             110.186
799.994946         75.285             110.237
799.984282         75.227             110.288
799.973577         75.169             110.339
799.962832         75.112             110.389
799.952047         75.054             110.438
799.941222         74.996             110.488
799.930357         74.939             110.537
799.919452         74.881             110.585
799.908506         74.823             110.633
799.897521         74.765             110.681
799.886495         74.708             110.728
799.875430         74.650             110.775
799.864325         74.592             110.822
799.853180         74.534             110.868
799.841995         74.476             110.914
799.830771         74.418             110.960
799.819507         74.361             111.005
799.808203         74.303             111.050
799.796859         74.245             111.094
799.785477         74.187             111.138
799.774054         74.129             111.182
799.762592         74.071             111.225
799.751091         74.013             111.269
799.739551         73.955             111.311
799.727971         73.897             111.354
799.716352         73.840             111.396
799.704694         73.782             111.438
799.692997         73.724             111.479
799.681260         73.666             111.520
799.669485         73.608             111.561
799.657670         73.550             111.602
799.645817         73.492             111.642
799.633925         73.434             111.682
799.621994         73.376             111.721
799.610024         73.318             111.761
799.598015         73.260             111.800
799.585968         73.201             111.838
799.573882         73.143             111.877
799.561758         73.085             111.915
799.549595         73.027             111.953
799.537393         72.969             111.991
799.525153         72.911             112.028
799.512875         72.853             112.065
799.500559         72.795             112.102
799.488204         72.737             112.138
799.475811         72.679             112.175
799.463380         72.620             112.211
799.450911         72.562             112.246
799.438403         72.504             112.282
799.425858         72.446             112.317
799.413275         72.388             112.352
799.400654         72.330             112.387
799.387995         72.271             112.421
799.375298         72.213             112.456
799.362564         72.155             112.490
799.349792         72.097             112.523
799.336982         72.039             112.557
799.324135         71.980             112.590
799.311250         71.922             112.623
799.298328         71.864             112.656
799.285369         71.806             112.689
799.272372         71.747             112.721
799.259338         71.689             112.753
799.246266         71.631             112.785
799.233158         71.573             112.817
799.220012         71.514             112.848
799.206829         71.456             112.879
799.193610         71.398             112.910
799.180353         71.339             112.941
799.167059         71.281             112.972
799.153729         71.223             113.002
799.140362         71.164             113.033
799.126958         71.106             113.063
799.113518         71.048             113.092
799.100040         70.989             113.122
799.086527         70.931             113.151
799.072977         70.873             113.181
799.059390         70.814             113.210
799.045767         70.756             113.238
799.032108         70.698             113.267
799.018413         70.639             113.295
799.004681         70.581             113.324
798.990913         70.522             113.352
798.977110         70.464             113.380
798.963270         70.406             113.407
798.949394         70.347             113.435
798.935482         70.289             113.462
798.921535         70.230             113.489
798.907551         70.172             113.516
798.893532         70.114             113.543
798.879478         70.055             113.570
798.865388         69.997             113.596
798.851262         69.938             113.623
798.837101         69.880             113.649
798.822904         69.821             113.675
798.808672         69.763             113.700
798.794405         69.704             113.726
798.780102         69.646             113.751
798.765764         69.587             113.777
798.751392         69.529             113.802
798.736984         69.470             113.827
798.722541         69.412             113.852
798.708063         69.353             113.876
798.693551         69.295             113.901
798.679003         69.236             113.925
798.664421         69.178             113.949
798.649805         69.119             113.973
798.635153         69.061             113.997
798.620467         69.002             114.021
798.605747         68.944             114.045
798.590992         68.885             114.068
798.576203         68.826             114.091
798.561380         68.768             114.114
798.546522         68.709             114.137
798.531630         68.651             114.160
798.516704         68.592             114.183
798.501744         68.534             114.206
798.486750         68.475             114.228
798.471722         68.416             114.250
798.456661         68.358             114.273
798.441565         68.299             114.295
798.426436         68.241             114.316
798.411273         68.182             114.338
798.396077         68.123             114.360
798.380847         68.065             114.381
798.365584         68.006             114.403
798.350287         67.948             114.424
798.334957         67.889             114.445
798.319594         67.830             114.466
798.304197         67.772             114.487
798.288767         67.713             114.508
798.273305         67.654             114.528
798.257809         67.596             114.549
798.242281         67.537             114.569
798.226719         67.478             114.590
798.211125         67.420             114.610
798.195498         67.361             114.630
798.179838         67.302             114.650
798.164146         67.244             114.669
798.148422         67.185             114.689
798.132664         67.126             114.709
798.116875         67.068             114.728
798.101053         67.009             114.747
798.085199         66.950             114.766
798.069313         66.892             114.786
798.053394         66.833             114.805
798.037444         66.774             114.823
798.021461         66.715             114.842
798.005447         66.657             114.861
797.989401         66.598             114.879
797.973323         66.539             114.898
797.957213         66.480             114.916
797.941072         66.422             114.934
797.924899         66.363             114.952
797.908695         66.304             114.971
797.892459         66.246             114.988
797.876192         66.187             115.006
797.859894         66.128             115.024
797.843564         66.069             115.042
797.827204         66.011             115.059
797.810812         65.952             115.076
797.794389         65.893             115.094
797.777935         65.834             115.111
797.761451         65.775             115.128
797.744936         65.717             115.145
797.728390         65.658             115.162
797.711813         65.599             115.179
797.695206         65.540             115.196
797.678568         65.482             115.212
797.661900         65.423             115.229
797.645201         65.364             115.245
797.628472         65.305             115.262
797.611713         65.246             115.278
797.594924         65.188             115.294
797.578104         65.129             115.310
797.561255         65.070             115.326
797.544376         65.011             115.342
797.527467         64.952             115.358
797.510528         64.893             115.374
797.493559         64.835             115.389
797.476561         64.776             115.405
797.459533         64.717             115.420
797.442476         64.658             115.436
797.425390         64.599             115.451
797.408274         64.540             115.466
797.391128         64.482             115.481
797.373954         64.423             115.496
797.356750         64.364             115.511
797.339518         64.305             115.526
797.322256         64.246             115.541
797.304965         64.187             115.556
797.287646         64.128             115.570
797.270298         64.070             115.585
797.252921         64.011             115.599
797.235516         63.952             115.614
797.218082         63.893             115.628
797.200619         63.834             115.642
797.183129         63.775             115.657
797.165610         63.716             115.671
797.148062         63.657             115.685
797.130487         63.599             115.699
797.112884         63.540             115.713
797.095252         63.481             115.726
797.077593         63.422             115.740
797.059905         63.363             115.754
797.042190         63.304             115.767
797.024448         63.245             115.781
797.006677         63.186             115.794
796.988880         63.127             115.808
796.971054         63.068             115.821
796.953201         63.010             115.834
796.935321         62.951             115.847
796.917414         62.892             115.860
796.899480         62.833             115.874
796.881518         62.774             115.886
796.863530         62.715             115.899
796.845514         62.656             115.912
796.827472         62.597             115.925
796.809403         62.538             115.938
796.791307         62.479             115.950
796.773185         62.420             115.963
796.755036         62.361             115.975
796.736860         62.302             115.988
796.718659         62.243             116.000
796.700431         62.184             116.012
796.682176         62.125             116.025
796.663896         62.066             116.037
796.645590         62.008             116.049
796.627257         61.949             116.061
796.608899         61.890             116.073
796.590514         61.831             116.085
796.572105         61.772             116.097
796.553669         61.713             116.108
796.535208         61.654             116.120
796.516721         61.595             116.132
796.498209         61.536             116.143
796.479671         61.477             116.155
796.461108         61.418             116.166
796.442520         61.359             116.178
796.423907         61.300             116.189
796.405269         61.241             116.200
796.386606         61.182             116.212
796.367918         61.123             116.223
796.349205         61.064             116.234
796.330468         61.005             116.245
796.311706         60.946             116.256
796.292919         60.887             116.267
796.274108         60.828             116.278
796.255273         60.769             116.289
796.236413         60.710             116.300
796.217529         60.651             116.310
796.198621         60.592             116.321
796.179688         60.533             116.332
796.160732         60.474             116.342
796.141752         60.415             116.353
796.122748         60.356             116.363
796.103720         60.297             116.374
796.084669         60.238             116.384
796.065594         60.179             116.394
796.046496         60.119             116.405
796.027374         60.060             116.415
796.008229         60.001             116.425
795.989061         59.942             116.435
795.969869         59.883             116.445
795.950654         59.824             116.455
795.931417         59.765             116.465
795.912156         59.706             116.475
795.892873         59.647             116.485
795.873567         59.588             116.495
795.854238         59.529             116.505
795.834887         59.470             116.514
795.815513         59.411             116.524
795.796117         59.352             116.534
795.776698         59.293             116.543
795.757257         59.234             116.553
795.737794         59.175             116.562
795.718309         59.116             116.572
795.698802         59.056             116.581
795.679273         58.997             116.590
795.659723         58.938             116.600
795.640150         58.879             116.609
795.620556         58.820             116.618
795.600940         58.761             116.627
795.581303         58.702             116.636
795.561644         58.643             116.645
795.541964         58.584             116.655
795.522263         58.525             116.663
795.502541         58.466             116.672
795.482797         58.406             116.681
795.463033         58.347             116.690
795.443248         58.288             116.699
795.423442         58.229             116.708
795.403615         58.170             116.716
795.383767         58.111             116.725
795.363899         58.052             116.734
795.344011         57.993             116.742
795.324102         57.934             116.751
795.304173         57.875             116.759
795.284224         57.815             116.768
795.264254         57.756             116.776
795.244265         57.697             116.785
795.224255         57.638             116.793
795.204226         57.579             116.801
795.184177         57.520             116.810
795.164108         57.461             116.818
795.144020         57.402             116.826
795.123912         57.342             116.834
795.103784         57.283             116.842
795.083638         57.224             116.850
795.063472         57.165             116.858
795.043287         57.106             116.866
795.023082         57.047             116.874
795.002859         56.988             116.882
794.982617         56.928             116.890
794.962356         56.869             116.898
794.942077         56.810             116.906
794.921778         56.751             116.913
794.901461         56.692             116.921
794.881126         56.633             116.929
794.860772         56.573             116.936
794.840400         56.514             116.944
794.820010         56.455             116.952
794.799602         56.396             116.959
794.779175         56.337             116.967
794.758731         56.278             116.974
794.738269         56.219             116.981
794.717789         56.159             116.989
794.697291         56.100             116.996
794.676776         56.041             117.004
794.656243         55.982             117.011
794.635693         55.923             117.018
794.615126         55.863             117.025
794.594541         55.804             117.032
794.573939         55.745             117.040
794.553320         55.686             117.047
794.532685         55.627             117.054
794.512032         55.568             117.061
794.491362         55.508             117.068
794.470676         55.449             117.075
794.449973         55.390             117.082
794.429254         55.331             117.089
794.408518         55.272             117.096
794.387766         55.212             117.102
794.366997         55.153             117.109
794.346213         55.094             117.116
794.325412         55.035             117.123
794.304596         54.976             117.129
794.283763         54.916             117.136
794.262915         54.857             117.143
794.242051         54.798             117.149
794.221171         54.739             117.156
794.200276         54.680             117.163
794.179365         54.620             117.169
794.158439         54.561             117.176
794.137498         54.502             117.182
794.116541         54.443             117.188
794.095570         54.384             117.195
794.074583         54.324             117.201
794.053582         54.265             117.208
794.032566         54.206             117.214
794.011535         54.147             117.220
793.990489         54.087             117.226
793.969429         54.028             117.233
793.948354         53.969             117.239
793.927265         53.910             117.245
793.906162         53.850             117.251
793.885045         53.791             117.257
793.863913         53.732             117.263
793.842768         53.673             117.269
793.821608         53.614             117.275
793.800435         53.554             117.281
793.779248         53.495             117.287
793.758048         53.436             117.293
793.736834         53.377             117.299
793.715606         53.317             117.305
793.694365         53.258             117.311
793.673111         53.199             117.317
793.651844         53.140             117.323
793.630564         53.080             117.328
793.609270         53.021             117.334
793.587964         52.962             117.340
793.566645         52.903             117.345
793.545313         52.843             117.351
793.523969         52.784             117.357
793.502612         52.725             117.362
793.481243         52.665             117.368
793.459861         52.606             117.373
793.438467         52.547             117.379
793.417061         52.488             117.384
793.395643         52.428             117.390
793.374213         52.369             117.395
793.352771         52.310             117.401
793.331317         52.251             117.406
793.309852         52.191             117.412
793.288375         52.132             117.417
793.266886         52.073             117.422
793.245386         52.013             117.428
793.223875         51.954             117.433
793.202352         51.895             117.438
793.180819         51.836             117.443
793.159274         51.776             117.449
793.137718         51.717             117.454
793.116152         51.658             117.459
793.094575         51.598             117.464
793.072987         51.539             117.469
793.051388         51.480             117.474
793.029779         51.421             117.479
793.008160         51.361             117.484
792.986530         51.302             117.489
792.964890         51.243             117.494
792.943240         51.183             117.499
792.921580         51.124             117.504
792.899910         51.065             117.509
792.878231         51.005             117.514
792.856541         50.946             117.519
792.834842         50.887             117.524
792.813133         50.828             117.528
792.791415         50.768             117.533
792.769688         50.709             117.538
792.747951         50.650             117.543
792.726205         50.590             117.547
792.704450         50.531             117.552
792.682686         50.472             117.557
792.660914         50.412             117.562
792.639132         50.353             117.566
792.617342         50.294             117.571
792.595543         50.234             117.575
792.573735         50.175             117.580
792.551919         50.116             117.584
792.530095         50.056             117.589
792.508263         49.997             117.594
792.486422         49.938             117.598
792.464574         49.878             117.602
792.442717         49.819             117.607
792.420853         49.760             117.611
792.398981         49.700             117.616
792.377101         49.641             117.620
792.355213         49.582             117.625
792.333319         49.522             117.629
792.311416         49.463             117.633
792.289507         49.404             117.637
792.267590         49.344             117.642
792.245666         49.285             117.646
792.223736         49.226             117.650
792.201798         49.166             117.654
792.179854         49.107             117.659
792.157902         49.048             117.663
792.135945         48.988             117.667
792.113980         48.929             117.671
792.092009         48.870             117.675
792.070032         48.810             117.679
792.048049         48.751             117.683
792.026060         48.691             117.688
792.004064         48.632             117.692
791.982063         48.573             117.696
791.960055         48.513             117.700
791.938042         48.454             117.704
791.916024         48.395             117.708
791.893999         48.335             117.712
791.871969         48.276             117.715
791.849934         48.217             117.719
791.827894         48.157             117.723
791.805848         48.098             117.727
791.783797         48.038             117.731
791.761742         47.979             117.735
791.739681         47.920             117.739
791.717616         47.860             117.742
791.695546         47.801             117.746
791.673471         47.742             117.750
791.651392         47.682             117.754
791.629308         47.623             117.757
791.607220         47.563             117.761
791.585128         47.504             117.765
791.563031         47.445             117.769
791.540931         47.385             117.772
791.518826         47.326             117.776
791.496718         47.266             117.779
791.474606         47.207             117.783
791.452490         47.148             117.787
791.430371         47.088             117.790
791.408249         47.029             117.794
791.386123         46.970             117.797
791.363993         46.910             117.801
791.341861         46.851             117.804
791.319725         46.791             117.808
791.297587         46.732             117.811
791.275445         46.673             117.815
791.253301         46.613             117.818
791.231154         46.554             117.822
791.209004         46.494             117.825
791.186852         46.435             117.828
791.164698         46.376             117.832
791.142541         46.316             117.835
791.120382         46.257             117.838
791.098221         46.197             117.842
791.076058         46.138             117.845
791.053893         46.078             117.848
791.031726         46.019             117.852
791.009557         45.960             117.855
790.987387         45.900             117.858
790.965215         45.841             117.861
790.943041         45.781             117.864
790.920867         45.722             117.868
790.898691         45.663             117.871
790.876514         45.603             117.874
790.854336         45.544             117.877
790.832157         45.484             117.880
790.809977         45.425             117.883
790.787796         45.365             117.887
790.765614         45.306             117.890
790.743432         45.247             117.893
790.721250         45.187             117.896
790.699067         45.128             117.899
790.676884         45.068             117.902
790.654700         45.009             117.905
790.632517         44.949             117.908
790.610333         44.890             117.911
790.588150         44.830             117.914
790.565966         44.771             117.917
790.543783         44.712             117.920
790.521601         44.652             117.923
790.499419         44.593             117.925
790.477237         44.533             117.928
790.455056         44.474             117.931
790.432876         44.414             117.934
790.410697         44.355             117.937
790.388518         44.295             117.940
790.366341         44.236             117.943
790.344165         44.177             117.945
790.321990         44.117             117.948
790.299816         44.058             117.951
790.277644         43.998             117.954
790.255474         43.939             117.956
790.233305         43.879             117.959
790.211137         43.820             117.962
790.188972         43.760             117.965
790.166808         43.701             117.967
790.144647         43.641             117.970
790.122488         43.582             117.973
790.100330         43.523             117.975
790.078175         43.463             117.978
790.056023         43.404             117.981
790.033873         43.344             117.983
790.011726         43.285             117.986
789.989581         43.225             117.988
789.967439         43.166             117.991
789.945300         43.106             117.994
789.923164         43.047             117.996
789.901031         42.987             117.999
789.878901         42.928             118.001
789.856774         42.868             118.004
789.834651         42.809             118.006
789.812531         42.749             118.009
789.790415         42.690             118.011
789.768302         42.630             118.014
789.746193         42.571             118.016
789.724088         42.511             118.019
789.701987         42.452             118.021
789.679890         42.392             118.023
789.657797         42.333             118.026
789.635708         42.273             118.028
789.613624         42.214             118.031
789.591544         42.154             118.033
789.569468         42.095             118.035
789.547398         42.036             118.038
789.525331         41.976             118.040
789.503270         41.917             118.042
789.481214         41.857             118.045
789.459162         41.798             118.047
789.437116         41.738             118.049
789.415074         41.679             118.051
789.393038         41.619             118.054
789.371008         41.560             118.056
789.348983         41.500             118.058
789.326963         41.441             118.060
789.304949         41.381             118.063
789.282941         41.322             118.065
789.260939         41.262             118.067
789.238942         41.202             118.069
789.216952         41.143             118.071
789.194968         41.083             118.073
789.172990         41.024             118.076
789.151018         40.964             118.078
789.129053         40.905             118.080
789.107094         40.845             118.082
789.085142         40.786             118.084
789.063196         40.726             118.086
789.041258         40.667             118.088
789.019326         40.607             118.090
788.997401         40.548             118.092
788.975484         40.488             118.094
788.953573         40.429             118.096
788.931670         40.369             118.098
788.909774         40.310             118.100
788.887886         40.250             118.102
788.866005         40.191             118.104
788.844132         40.131             118.106
788.822267         40.072             118.108
788.800409         40.012             118.110
788.778560         39.953             118.112
788.756718         39.893             118.114
788.734885         39.833             118.116
788.713060         39.774             118.118
788.691243         39.714             118.120
788.669435         39.655             118.122
788.647635         39.595             118.124
788.625843         39.536             118.125
788.604061         39.476             118.127
788.582287         39.417             118.129
788.560522         39.357             118.131
788.538766         39.298             118.133
788.517019         39.238             118.135
788.495282         39.179             118.136
788.473553         39.119             118.138
788.451834         39.059             118.140
788.430125         39.000             118.142
788.408425         38.940             118.143
788.386734         38.881             118.145
788.365054         38.821             118.147
788.343383         38.762             118.149
788.321722         38.702             118.150
788.300071         38.643             118.152
788.278431         38.583             118.154
788.256800         38.524             118.156
788.235180         38.464             118.157
788.213570         38.404             118.159
788.191971         38.345             118.161
788.170382         38.285             118.162
788.148804         38.226             118.164
788.127237         38.166             118.166
788.105681         38.107             118.167
788.084135         38.047             118.169
788.062601         37.987             118.170
788.041078         37.928             118.172
788.019566         37.868             118.174
787.998065         37.809             118.175
787.976576         37.749             118.177
787.955098         37.690             118.178
787.933632         37.630             118.180
787.912178         37.570             118.181
787.890736         37.511             118.183
787.869305         37.451             118.185
787.847886         37.392             118.186
787.826480         37.332             118.188
787.805085         37.273             118.189
787.783703         37.213             118.191
787.762334         37.153             118.192
787.740976         37.094             118.194
787.719632         37.034             118.195
787.698300         36.975             118.196
787.676980         36.915             118.198
787.655674         36.856             118.199
787.634380         36.796             118.201
787.613100         36.736             118.202
787.591832         36.677             118.204
787.570578         36.617             118.205
787.549337         36.558             118.206
787.528110         36.498             118.208
787.506895         36.438             118.209
787.485695         36.379             118.211
787.464508         36.319             118.212
787.443335         36.260             118.213
787.422176         36.200             118.215
787.401030         36.140             118.216
787.379899         36.081             118.217
787.358782         36.021             118.219
787.337679         35.962             118.220
787.316590         35.902             118.221
787.295516         35.842             118.223
787.274456         35.783             118.224
787.253411         35.723             118.225
787.232381         35.664             118.226
787.211365         35.604             118.228
787.190364         35.544             118.229
787.169378         35.485             118.230
787.148407         35.425             118.231
787.127451         35.366             118.233
787.106511         35.306             118.234
787.085586         35.246             118.235
787.064676         35.187             118.236
787.043781         35.127             118.237
787.022903         35.068             118.239
787.002040         35.008             118.240
786.981192         34.948             118.241
786.960361         34.889             118.242
786.939545         34.829             118.243
786.918746         34.770             118.244
786.897962         34.710             118.246
786.877195         34.650             118.247
786.856445         34.591             118.248
786.835710         34.531             118.249
786.814992         34.471             118.250
786.794291         34.412             118.251
786.773606         34.352             118.252
786.752938         34.293             118.253
786.732287         34.233             118.255
786.711653         34.173             118.256
786.691036         34.114             118.257
786.670436         34.054             118.258
786.649854         33.994             118.259
786.629288         33.935             118.260
786.608740         33.875             118.261
786.588210         33.816             118.262
786.567697         33.756             118.263
786.547201         33.696             118.264
786.526724         33.637             118.265
786.506264         33.577             118.266
786.485822         33.517             118.267
786.465398         33.458             118.268
786.444993         33.398             118.269
786.424605         33.338             118.270
786.404236         33.279             118.271
786.383885         33.219             118.272
786.363553         33.160             118.273
786.343239         33.100             118.274
786.322944         33.040             118.275
786.302667         32.981             118.276
786.282410         32.921             118.277
786.262171         32.861             118.278
786.241951         32.802             118.278
786.221750         32.742             118.279
786.201569         32.682             118.280
786.181407         32.623             118.281
786.161264         32.563             118.282
786.141140         32.503             118.283
786.121036         32.444             118.284
786.100952         32.384             118.285
786.080887         32.324             118.286
786.060843         32.265             118.286
786.040818         32.205             118.287
786.020812         32.145             118.288
786.000827         32.086             118.289
785.980863         32.026             118.290
785.960918         31.967             118.291
785.940994         31.907             118.291
785.921090         31.847             118.292
785.901206         31.788             118.293
785.881343         31.728             118.294
785.861501         31.668             118.295
785.841679         31.609             118.295
785.821879         31.549             118.296
785.802099         31.489             118.297
785.782340         31.430             118.298
785.762602         31.370             118.298
785.742886         31.310             118.299
785.723191         31.251             118.300
785.703517         31.191             118.301
785.683864         31.131             118.301
785.664233         31.072             118.302
785.644624         31.012             118.303
785.625036         30.952             118.304
785.605470         30.892             118.304
785.585926         30.833             118.305
785.566404         30.773             118.306
785.546904         30.713             118.306
785.527426         30.654             118.307
785.507970         30.594             118.308
785.488536         30.534             118.308
785.469125         30.475             118.309
785.449736         30.415             118.310
785.430370         30.355             118.310
785.411027         30.296             118.311
785.391706         30.236             118.312
785.372408         30.176             118.312
785.353133         30.117             118.313
785.333880         30.057             118.314
785.314651         29.997             118.314
785.295445         29.938             118.315
785.276262         29.878             118.316
785.257102         29.818             118.316
785.237966         29.759             118.317
785.218854         29.699             118.317
785.199764         29.639             118.318
785.180699         29.579             118.318
785.161657         29.520             118.319
785.142639         29.460             118.320
785.123645         29.400             118.320
785.104674         29.341             118.321
785.085728         29.281             118.321
785.066806         29.221             118.322
785.047908         29.162             118.322
785.029034         29.102             118.323
785.010185         29.042             118.323
784.991360         28.982             118.324
784.972560         28.923             118.325
784.953785         28.863             118.325
784.935034         28.803             118.326
784.916307         28.744             118.326
784.897606         28.684             118.327
784.878930         28.624             118.327
784.860279         28.565             118.328
784.841652         28.505             118.328
784.823051         28.445             118.329
784.804476         28.385             118.329
784.785925         28.326             118.329
784.767400         28.266             118.330
784.748901         28.206             118.330
784.730427         28.147             118.331
784.711979         28.087             118.331
784.693556         28.027             118.332
784.675160         27.967             118.332
784.656789         27.908             118.333
784.638444         27.848             118.333
784.620126         27.788             118.333
784.601833         27.729             118.334
784.583567         27.669             118.334
784.565327         27.609             118.335
784.547114         27.549             118.335
784.528927         27.490             118.336
784.510766         27.430             118.336
784.492632         27.370             118.336
784.474525         27.311             118.337
784.456445         27.251             118.337
784.438391         27.191             118.337
784.420365         27.131             118.338
784.402365         27.072             118.338
784.384393         27.012             118.339
784.366448         26.952             118.339
784.348530         26.892             118.339
784.330639         26.833             118.340
784.312776         26.773             118.340
784.294940         26.713             118.340
784.277132         26.654             118.341
784.259352         26.594             118.341
784.241599         26.534             118.341
784.223874         26.474             118.342
784.206177         26.415             118.342
784.188508         26.355             118.342
784.170867         26.295             118.342
784.153254         26.235             118.343
784.135670         26.176             118.343
784.118113         26.116             118.343
784.100585         26.056             118.344
784.083086         25.996             118.344
784.065614         25.937             118.344
784.048172         25.877             118.344
784.030758         25.817             118.345
784.013373         25.758             118.345
783.996016         25.698             118.345
783.978689         25.638             118.346
783.961390         25.578             118.346
783.944121         25.519             118.346
783.926881         25.459             118.346
783.909669         25.399             118.347
783.892487         25.339             118.347
783.875335         25.280             118.347
783.858212         25.220             118.347
783.841118         25.160             118.347
783.824054         25.100             118.348
783.807019         25.041             118.348
783.790015         24.981             118.348
783.773040         24.921             118.348
783.756094         24.861             118.348
783.739179         24.802             118.349
783.722294         24.742             118.349
783.705439         24.682             118.349
783.688614         24.622             118.349
783.671819         24.563             118.349
783.655055         24.503             118.350
783.638320         24.443             118.350
783.621617         24.383             118.350
783.604944         24.324             118.350
783.588301         24.264             118.350
783.571689         24.204             118.350
783.555108         24.144             118.351
783.538558         24.084             118.351
783.522038         24.025             118.351
783.505550         23.965             118.351
783.489093         23.905             118.351
783.472666         23.845             118.351
783.456271         23.786             118.351
783.439907         23.726             118.351
783.423574         23.666             118.352
783.407273         23.606             118.352
783.391003         23.547             118.352
783.374765         23.487             118.352
783.358559         23.427             118.352
783.342384         23.367             118.352
783.326240         23.308             118.352
783.310129         23.248             118.352
783.294049         23.188             118.352
783.278002         23.128             118.352
783.261986         23.068             118.353
783.246003         23.009             118.353
783.230051         22.949             118.353
783.214132         22.889             118.353
783.198246         22.829             118.353
783.182391         22.770             118.353
783.166569         22.710             118.353
783.150780         22.650             118.353
783.135023         22.590             118.353
783.119299         22.530             118.353
783.103607         22.471             118.353
783.087948         22.411             118.353
783.072323         22.351             118.353
783.056730         22.291             118.353
783.041170         22.232             118.353
783.025643         22.172             118.353
783.010149         22.112             118.353
782.994688         22.052             118.353
782.979261         21.992             118.353
782.963867         21.933             118.353
782.948507         21.873             118.353
782.933179         21.813             118.353
782.917886         21.753             118.353
782.902626         21.694             118.353
782.887400         21.634             118.353
782.872207         21.574             118.353
782.857048         21.514             118.353
782.841923         21.454             118.353
782.826832         21.395             118.353
782.811775         21.335             118.353
782.796752         21.275             118.353
782.781764         21.215             118.353
782.766809         21.155             118.353
782.751889         21.096             118.353
782.737003         21.036             118.353
782.722151         20.976             118.353
782.707334         20.916             118.353
782.692551         20.856             118.353
782.677803         20.797             118.353
782.663090         20.737             118.353
782.648411         20.677             118.353
782.633767         20.617             118.353
782.619158         20.557             118.353
782.604584         20.498             118.353
782.590044         20.438             118.353
782.575540         20.378             118.352
782.561071         20.318             118.352
782.546637         20.258             118.352
782.532238         20.199             118.352
782.517875         20.139             118.352
782.503547         20.079             118.352
782.489254         20.019             118.352
782.474997         19.959             118.352
782.460775         19.900             118.352
782.446589         19.840             118.352
782.432439         19.780             118.352
782.418324         19.720             118.351
782.404246         19.660             118.351
782.390203         19.601             118.351
782.376195         19.541             118.351
782.362224         19.481             118.351
782.348289         19.421             118.351
782.334390         19.361             118.351
782.320527         19.302             118.351
782.306701         19.242             118.350
782.292910         19.182             118.350
782.279156         19.122             118.350
782.265438         19.062             118.350
782.251757         19.002             118.350
782.238113         18.943             118.350
782.224505         18.883             118.350
782.210933         18.823             118.349
782.197398         18.763             118.349
782.183900         18.703             118.349
782.170439         18.644             118.349
782.157015         18.584             118.349
782.143627         18.524             118.349
782.130277         18.464             118.348
782.116963         18.404             118.348
782.103687         18.345             118.348
782.090448         18.285             118.348
782.077246         18.225             118.348
782.064082         18.165             118.348
782.050954         18.105             118.347
782.037864         18.045             118.347
782.024812         17.986             118.347
782.011797         17.926             118.347
781.998820         17.866             118.347
781.985880         17.806             118.346
781.972978         17.746             118.346
781.960114         17.686             118.346
781.947287         17.627             118.346
781.934499         17.567             118.346
781.921748         17.507             118.345
781.909035         17.447             118.345
781.896360         17.387             118.345
781.883724         17.328             118.345
781.871125         17.268             118.344
781.858565         17.208             118.344
781.846042         17.148             118.344
781.833559         17.088             118.344
781.821113         17.028             118.344
781.808706         16.969             118.343
781.796337         16.909             118.343
781.784007         16.849             118.343
781.771715         16.789             118.343
781.759463         16.729             118.342
781.747248         16.669             118.342
781.735073         16.610             118.342
781.722936         16.550             118.342
781.710838         16.490             118.341
781.698779         16.430             118.341
781.686759         16.370             118.341
781.674778         16.310             118.341
781.662835         16.251             118.340
781.650932         16.191             118.340
781.639069         16.131             118.340
781.627244         16.071             118.339
781.615459         16.011             118.339
781.603712         15.951             118.339
781.592006         15.892             118.339
781.580338         15.832             118.338
781.568710         15.772             118.338
781.557122         15.712             118.338
781.545573         15.652             118.337
781.534064         15.592             118.337
781.522594         15.532             118.337
781.511165         15.473             118.337
781.499775         15.413             118.336
781.488424         15.353             118.336
781.477114         15.293             118.336
781.465843         15.233             118.335
781.454613         15.173             118.335
781.443422         15.114             118.335
781.432272         15.054             118.334
781.421161         14.994             118.334
781.410091         14.934             118.334
781.399061         14.874             118.334
781.388072         14.814             118.333
781.377122         14.754             118.333
781.366213         14.695             118.333
781.355344         14.635             118.332
781.344516         14.575             118.332
781.333728         14.515             118.332
781.322981         14.455             118.331
781.312274         14.395             118.331
781.301608         14.336             118.331
781.290983         14.276             118.330
781.280398         14.216             118.330
781.269855         14.156             118.330
781.259351         14.096             118.329
781.248889         14.036             118.329
781.238468         13.976             118.329
781.228088         13.917             118.328
781.217749         13.857             118.328
781.207450         13.797             118.327
781.197193         13.737             118.327
781.186977         13.677             118.327
781.176802         13.617             118.326
781.166669         13.557             118.326
781.156576         13.498             118.326
781.146525         13.438             118.325
781.136516         13.378             118.325
781.126547         13.318             118.325
781.116621         13.258             118.324
781.106735         13.198             118.324
781.096892         13.138             118.323
781.087089         13.079             118.323
781.077329         13.019             118.323
781.067610         12.959             118.322
781.057933         12.899             118.322
781.048297         12.839             118.322
781.038703         12.779             118.321
781.029152         12.719             118.321
781.019642         12.660             118.320
781.010174         12.600             118.320
781.000747         12.540             118.320
780.991363         12.480             118.319
780.982021         12.420             118.319
780.972721         12.360             118.318
780.963464         12.300             118.318
780.954248         12.241             118.318
780.945074         12.181             118.317
780.935943         12.121             118.317
780.926854         12.061             118.316
780.917807         12.001             118.316
780.908803         11.941             118.316
780.899841         11.881             118.315
780.890922         11.821             118.315
780.882045         11.762             118.314
780.873211         11.702             118.314
780.864419         11.642             118.314
780.855669         11.582             118.313
780.846963         11.522             118.313
780.838299         11.462             118.312
780.829678         11.402             118.312
780.821099         11.342             118.311
780.812563         11.283             118.311
780.804070         11.223             118.311
780.795620         11.163             118.310
780.787213         11.103             118.310
780.778849         11.043             118.309
780.770528         10.983             118.309
780.762250         10.923             118.308
780.754014         10.864             118.308
780.745822         10.804             118.307
780.737673         10.744             118.307
780.729568         10.684             118.307
780.721505         10.624             118.306
780.713485         10.564             118.306
780.705509         10.504             118.305
780.697577         10.444             118.305
780.689687         10.385             118.304
780.681841         10.325             118.304
780.674038         10.265             118.303
780.666279         10.205             118.303
780.658563         10.145             118.303
780.650891         10.085             118.302
780.643262         10.025             118.302
780.635676         9.965              118.301
780.628135         9.906              118.301
780.620637         9.846              118.300
780.613182         9.786              118.300
780.605772         9.726              118.299
780.598405         9.666              118.299
780.591082         9.606              118.298
780.583802         9.546              118.298
780.576567         9.486              118.297
780.569375         9.426              118.297
780.562227         9.367              118.297
780.555123         9.307              118.296
780.548064         9.247              118.296
780.541048         9.187              118.295
780.534076         9.127              118.295
780.527148         9.067              118.294
780.520264         9.007              118.294
780.513424         8.947              118.293
780.506629         8.888              118.293
780.499877         8.828              118.292
780.493170         8.768              118.292
780.486507         8.708              118.291
780.479889         8.648              118.291
780.473314         8.588              118.290
780.466784         8.528              118.290
780.460298         8.468              118.289
780.453857         8.409              118.289
780.447460         8.349              118.288
780.441108         8.289              118.288
780.434799         8.229              118.287
780.428536         8.169              118.287
780.422317         8.109              118.286
780.416142         8.049              118.286
780.410012         7.989              118.285
780.403927         7.929              118.285
780.397886         7.870              118.284
780.391890         7.810              118.284
780.385938         7.750              118.283
780.380031         7.690              118.283
780.374169         7.630              118.282
780.368352         7.570              118.282
780.362580         7.510              118.281
780.356852         7.450              118.281
780.351169         7.390              118.280
780.345531         7.331              118.280
780.339938         7.271              118.279
780.334389         7.211              118.279
780.328886         7.151              118.278
780.323428         7.091              118.278
780.318014         7.031              118.277
780.312646         6.971              118.277
780.307322         6.911              118.276
780.302044         6.851              118.276
780.296811         6.792              118.275
780.291622         6.732              118.275
780.286479         6.672              118.274
780.281381         6.612              118.274
780.276328         6.552              118.273
780.271321         6.492              118.273
780.266358         6.432              118.272
780.261441         6.372              118.271
780.256569         6.312              118.271
780.251742         6.253              118.270
780.246961         6.193              118.270
780.242225         6.133              118.269
780.237534         6.073              118.269
780.232889         6.013              118.268
780.228288         5.953              118.268
780.223734         5.893              118.267
780.219224         5.833              118.267
780.214761         5.773              118.266
780.210342         5.713              118.266
780.205969         5.654              118.265
780.201642         5.594              118.265
780.197360         5.534              118.264
780.193123         5.474              118.264
780.188933         5.414              118.263
780.184787         5.354              118.262
780.180687         5.294              118.262
780.176633         5.234              118.261
780.172625         5.174              118.261
780.168662         5.115              118.260
780.164745         5.055              118.260
780.160873         4.995              118.259
780.157047         4.935              118.259
780.153267         4.875              118.258
780.149533         4.815              118.258
780.145844         4.755              118.257
780.142201         4.695              118.256
780.138604         4.635              118.256
780.135052         4.575              118.255
780.131547         4.516              118.255
780.128087         4.456              118.254
780.124673         4.396              118.254
780.121305         4.336              118.253
780.117982         4.276              118.253
780.114706         4.216              118.252
780.111475         4.156              118.252
780.108291         4.096              118.251
780.105152         4.036              118.250
780.102059         3.977              118.250
780.099013         3.917              118.249
780.096012         3.857              118.249
780.093057         3.797              118.248
780.090148         3.737              118.248
780.087285         3.677              118.247
780.084468         3.617              118.247
780.081697         3.557              118.246
780.078972         3.497              118.245
780.076293         3.437              118.245
780.073661         3.378              118.244
780.071074         3.318              118.244
780.068533         3.258              118.243
780.066039         3.198              118.243
780.063590         3.138              118.242
780.061188         3.078              118.242
780.058832         3.018              118.241
780.056522         2.958              118.240
780.054258         2.898              118.240
780.052040         2.838              118.239
780.049869         2.779              118.239
780.047743         2.719              118.238
780.045664         2.659              118.238
780.043631         2.599              118.237
780.041644         2.539              118.236
780.039703         2.479              118.236
780.037809         2.419              118.235
780.035961         2.359              118.235
780.034159         2.299              118.234
780.032403         2.239              118.234
780.030694         2.180              118.233
780.029031         2.120              118.233
780.027414         2.060              118.232
780.025843         2.000              118.231
780.024319         1.940              118.231
780.022840         1.880              118.230
780.021409         1.820              118.230
780.020023         1.760              118.229
780.018684         1.700              118.229
780.017391         1.640              118.228
780.016144         1.581              118.227
780.014944         1.521              118.227
780.013790         1.461              118.226
780.012683         1.401              118.226
780.011621         1.341              118.225
780.010606         1.281              118.225
780.009638         1.221              118.224
780.008715         1.161              118.223
780.007840         1.101              118.223
780.007010         1.041              118.222
780.006227         0.982              118.222
780.005490         0.922              118.221
780.004800         0.862              118.221
780.004156         0.802              118.220
780.003558         0.742              118.219
780.003007         0.682              118.219
780.002502         0.622              118.218
780.002043         0.562              118.218
780.001631         0.502              118.217
780.001265         0.442              118.217
780.000946         0.382              118.216
780.000673         0.323              118.216
780.000446         0.263              118.215
780.000266         0.203              118.214
780.000132         0.143              118.214
780.000045         0.083              118.213
780.000003         0.023              118.213
780.000009         -0.037             118.212
780.000060         -0.097             118.212
780.000159         -0.157             118.211
780.000303         -0.217             118.210
780.000494         -0.276             118.210
780.000731         -0.336             118.209
780.001015         -0.396             118.209
780.001345         -0.456             118.208
780.001721         -0.516             118.208
780.002144         -0.576             118.207
780.002613         -0.636             118.206
780.003129         -0.696             118.206
780.003691         -0.756             118.205
780.004299         -0.816             118.205
780.004954         -0.875             118.204
780.005655         -0.935             118.204
780.006403         -0.995             118.203
780.007196         -1.055             118.202
780.008037         -1.115             118.202
780.008923         -1.175             118.201
780.009856         -1.235             118.201
780.010835         -1.295             118.200
780.011861         -1.355             118.200
780.012933         -1.415             118.199
780.014051         -1.474             118.198
780.015216         -1.534             118.198
780.016427         -1.594             118.197
780.017684         -1.654             118.197
780.018987         -1.714             118.196
780.020337         -1.774             118.196
780.021733         -1.834             118.195
780.023176         -1.894             118.194
780.024665         -1.954             118.194
780.026200         -2.014             118.193
780.027781         -2.073             118.193
780.029408         -2.133             118.192
780.031082         -2.193             118.192
780.032802         -2.253             118.191
780.034569         -2.313             118.191
780.036381         -2.373             118.190
780.038240         -2.433             118.189
780.040145         -2.493             118.189
780.042096         -2.553             118.188
780.044094         -2.613             118.188
780.046137         -2.672             118.187
780.048227         -2.732             118.187
780.050363         -2.792             118.186
780.052545         -2.852             118.185
780.054774         -2.912             118.185
780.057048         -2.972             118.184
780.059369         -3.032             118.184
780.061736         -3.092             118.183
780.064149         -3.152             118.183
780.066608         -3.212             118.182
780.069113         -3.271             118.182
780.071664         -3.331             118.181
780.074261         -3.391             118.180
780.076905         -3.451             118.180
780.079594         -3.511             118.179
780.082329         -3.571             118.179
780.085111         -3.631             118.178
780.087938         -3.691             118.178
780.090812         -3.751             118.177
780.093731         -3.811             118.177
780.096697         -3.870             118.176
780.099708         -3.930             118.175
780.102766         -3.990             118.175
780.105869         -4.050             118.174
780.109018         -4.110             118.174
780.112213         -4.170             118.173
780.115454         -4.230             118.173
780.118741         -4.290             118.172
780.122074         -4.350             118.172
780.125453         -4.410             118.171
780.128877         -4.469             118.170
780.132348         -4.529             118.170
780.135864         -4.589             118.169
780.139426         -4.649             118.169
780.143033         -4.709             118.168
780.146687         -4.769             118.168
780.150386         -4.829             118.167
780.154131         -4.889             118.167
780.157922         -4.949             118.166
780.161758         -5.009             118.166
780.165640         -5.068             118.165
780.169568         -5.128             118.164
780.173541         -5.188             118.164
780.177560         -5.248             118.163
780.181625         -5.308             118.163
780.185735         -5.368             118.162
780.189891         -5.428             118.162
780.194092         -5.488             118.161
780.198339         -5.548             118.161
780.202632         -5.607             118.160
780.206969         -5.667             118.160
780.211353         -5.727             118.159
780.215782         -5.787             118.159
780.220256         -5.847             118.158
780.224776         -5.907             118.157
780.229341         -5.967             118.157
780.233951         -6.027             118.156
780.238607         -6.087             118.156
780.243308         -6.146             118.155
780.248055         -6.206             118.155
780.252847         -6.266             118.154
780.257684         -6.326             118.154
780.262566         -6.386             118.153
780.267494         -6.446             118.153
780.272467         -6.506             118.152
780.277485         -6.566             118.152
780.282548         -6.626             118.151
780.287656         -6.686             118.151
780.292810         -6.745             118.150
780.298008         -6.805             118.150
780.303252         -6.865             118.149
780.308541         -6.925             118.149
780.313875         -6.985             118.148
780.319253         -7.045             118.148
780.324677         -7.105             118.147
780.330146         -7.165             118.147
780.335660         -7.225             118.146
780.341218         -7.284             118.145
780.346822         -7.344             118.145
780.352470         -7.404             118.144
780.358163         -7.464             118.144
780.363901         -7.524             118.143
780.369684         -7.584             118.143
780.375512         -7.644             118.142
780.381384         -7.704             118.142
780.387301         -7.764             118.141
780.393263         -7.823             118.141
780.399269         -7.883             118.140
780.405320         -7.943             118.140
780.411416         -8.003             118.139
780.417556         -8.063             118.139
780.423741         -8.123             118.138
780.429970         -8.183             118.138
780.436244         -8.243             118.137
780.442562         -8.302             118.137
780.448925         -8.362             118.136
780.455332         -8.422             118.136
780.461784         -8.482             118.135
780.468280         -8.542             118.135
780.474820         -8.602             118.134
780.481405         -8.662             118.134
780.488034         -8.722             118.134
780.494707         -8.782             118.133
780.501424         -8.841             118.133
780.508186         -8.901             118.132
780.514991         -8.961             118.132
780.521841         -9.021             118.131
780.528735         -9.081             118.131
780.535673         -9.141             118.130
780.542655         -9.201             118.130
780.549681         -9.261             118.129
780.556751         -9.320             118.129
780.563865         -9.380             118.128
780.571023         -9.440             118.128
780.578225         -9.500             118.127
780.585470         -9.560             118.127
780.592760         -9.620             118.126
780.600093         -9.680             118.126
780.607470         -9.740             118.125
780.614890         -9.800             118.125
780.622355         -9.859             118.124
780.629863         -9.919             118.124
780.637415         -9.979             118.124
780.645010         -10.039            118.123
780.652649         -10.099            118.123
780.660331         -10.159            118.122
780.668057         -10.219            118.122
780.675826         -10.279            118.121
780.683639         -10.338            118.121
780.691495         -10.398            118.120
780.699394         -10.458            118.120
780.707337         -10.518            118.119
780.715323         -10.578            118.119
780.723353         -10.638            118.119
780.731425         -10.698            118.118
780.739541         -10.758            118.118
780.747700         -10.817            118.117
780.755902         -10.877            118.117
780.764147         -10.937            118.116
780.772435         -10.997            118.116
780.780766         -11.057            118.116
780.789140         -11.117            118.115
780.797557         -11.177            118.115
780.806017         -11.237            118.114
780.814520         -11.296            118.114
780.823065         -11.356            118.113
780.831654         -11.416            118.113
780.840285         -11.476            118.113
780.848958         -11.536            118.112
780.857675         -11.596            118.112
780.866434         -11.656            118.111
780.875236         -11.715            118.111
780.884080         -11.775            118.110
780.892967         -11.835            118.110
780.901896         -11.895            118.110
780.910867         -11.955            118.109
780.919881         -12.015            118.109
780.928938         -12.075            118.108
780.938036         -12.135            118.108
780.947177         -12.194            118.108
780.956361         -12.254            118.107
780.965586         -12.314            118.107
780.974853         -12.374            118.106
780.984163         -12.434            118.106
780.993515         -12.494            118.106
781.002909         -12.554            118.105
781.012344         -12.613            118.105
781.021822         -12.673            118.104
781.031342         -12.733            118.104
781.040903         -12.793            118.104
781.050506         -12.853            118.103
781.060151         -12.913            118.103
781.069838         -12.973            118.102
781.079567         -13.032            118.102
781.089337         -13.092            118.102
781.099149         -13.152            118.101
781.109002         -13.212            118.101
781.118897         -13.272            118.101
781.128833         -13.332            118.100
781.138811         -13.392            118.100
781.148830         -13.451            118.099
781.158890         -13.511            118.099
781.168992         -13.571            118.099
781.179135         -13.631            118.098
781.189320         -13.691            118.098
781.199545         -13.751            118.098
781.209812         -13.811            118.097
781.220119         -13.870            118.097
781.230468         -13.930            118.097
781.240858         -13.990            118.096
781.251288         -14.050            118.096
781.261760         -14.110            118.096
781.272272         -14.170            118.095
781.282826         -14.230            118.095
781.293420         -14.289            118.095
781.304054         -14.349            118.094
781.314730         -14.409            118.094
781.325446         -14.469            118.094
781.336202         -14.529            118.093
781.346999         -14.589            118.093
781.357837         -14.649            118.093
781.368715         -14.708            118.092
781.379633         -14.768            118.092
781.390592         -14.828            118.092
781.401591         -14.888            118.091
781.412630         -14.948            118.091
781.423709         -15.008            118.091
781.434829         -15.067            118.090
781.445989         -15.127            118.090
781.457188         -15.187            118.090
781.468428         -15.247            118.089
781.479708         -15.307            118.089
781.491027         -15.367            118.089
781.502387         -15.427            118.089
781.513786         -15.486            118.088
781.525225         -15.546            118.088
781.536704         -15.606            118.088
781.548222         -15.666            118.087
781.559780         -15.726            118.087
781.571377         -15.786            118.087
781.583014         -15.845            118.086
781.594691         -15.905            118.086
781.606406         -15.965            118.086
781.618162         -16.025            118.086
781.629956         -16.085            118.085
781.641790         -16.145            118.085
781.653663         -16.204            118.085
781.665575         -16.264            118.085
781.677526         -16.324            118.084
781.689516         -16.384            118.084
781.701545         -16.444            118.084
781.713613         -16.504            118.084
781.725720         -16.563            118.083
781.737865         -16.623            118.083
781.750050         -16.683            118.083
781.762273         -16.743            118.083
781.774535         -16.803            118.082
781.786835         -16.863            118.082
781.799174         -16.922            118.082
781.811552         -16.982            118.082
781.823968         -17.042            118.081
781.836422         -17.102            118.081
781.848915         -17.162            118.081
781.861446         -17.222            118.081
781.874015         -17.281            118.080
781.886622         -17.341            118.080
781.899268         -17.401            118.080
781.911951         -17.461            118.080
781.924673         -17.521            118.080
781.937432         -17.581            118.079
781.950230         -17.640            118.079
781.963065         -17.700            118.079
781.975938         -17.760            118.079
781.988848         -17.820            118.078
782.001797         -17.880            118.078
782.014783         -17.940            118.078
782.027806         -17.999            118.078
782.040867         -18.059            118.078
782.053966         -18.119            118.078
782.067102         -18.179            118.077
782.080275         -18.239            118.077
782.093485         -18.298            118.077
782.106733         -18.358            118.077
782.120018         -18.418            118.077
782.133340         -18.478            118.076
782.146699         -18.538            118.076
782.160094         -18.598            118.076
782.173527         -18.657            118.076
782.186997         -18.717            118.076
782.200503         -18.777            118.076
782.214047         -18.837            118.075
782.227626         -18.897            118.075
782.241243         -18.956            118.075
782.254896         -19.016            118.075
782.268586         -19.076            118.075
782.282312         -19.136            118.075
782.296074         -19.196            118.075
782.309873         -19.255            118.074
782.323708         -19.315            118.074
782.337579         -19.375            118.074
782.351486         -19.435            118.074
782.365430         -19.495            118.074
782.379409         -19.555            118.074
782.393424         -19.614            118.074
782.407476         -19.674            118.074
782.421563         -19.734            118.073
782.435686         -19.794            118.073
782.449844         -19.854            118.073
782.464038         -19.913            118.073
782.478268         -19.973            118.073
782.492534         -20.033            118.073
782.506834         -20.093            118.073
782.521171         -20.153            118.073
782.535542         -20.212            118.073
782.549949         -20.272            118.073
782.564391         -20.332            118.073
782.578868         -20.392            118.072
782.593380         -20.452            118.072
782.607928         -20.511            118.072
782.622510         -20.571            118.072
782.637127         -20.631            118.072
782.651779         -20.691            118.072
782.666465         -20.751            118.072
782.681187         -20.810            118.072
782.695943         -20.870            118.072
782.710733         -20.930            118.072
782.725559         -20.990            118.072
782.740418         -21.050            118.072
782.755312         -21.109            118.072
782.770240         -21.169            118.072
782.785203         -21.229            118.072
782.800199         -21.289            118.072
782.815230         -21.349            118.072
782.830295         -21.408            118.072
782.845394         -21.468            118.072
782.860527         -21.528            118.072
782.875693         -21.588            118.072
782.890893         -21.647            118.072
782.906127         -21.707            118.072
782.921395         -21.767            118.072
782.936696         -21.827            118.072
782.952031         -21.887            118.072
782.967400         -21.946            118.072
782.982801         -22.006            118.072
782.998236         -22.066            118.072
783.013704         -22.126            118.072
783.029206         -22.186            118.072
783.044740         -22.245            118.072
783.060308         -22.305            118.072
783.075908         -22.365            118.072
783.091542         -22.425            118.072
783.107208         -22.484            118.072
783.122907         -22.544            118.072
783.138639         -22.604            118.072
783.154403         -22.664            118.072
783.170200         -22.724            118.072
783.186029         -22.783            118.072
783.201891         -22.843            118.072
783.217785         -22.903            118.072
783.233712         -22.963            118.072
783.249671         -23.022            118.072
783.265661         -23.082            118.072
783.281684         -23.142            118.072
783.297739         -23.202            118.073
783.313826         -23.261            118.073
783.329945         -23.321            118.073
783.346095         -23.381            118.073
783.362278         -23.441            118.073
783.378492         -23.501            118.073
783.394737         -23.560            118.073
783.411014         -23.620            118.073
783.427323         -23.680            118.073
783.443662         -23.740            118.073
783.460034         -23.799            118.074
783.476436         -23.859            118.074
783.492869         -23.919            118.074
783.509334         -23.979            118.074
783.525830         -24.038            118.074
783.542356         -24.098            118.074
783.558913         -24.158            118.074
783.575502         -24.218            118.075
783.592121         -24.277            118.075
783.608770         -24.337            118.075
783.625450         -24.397            118.075
783.642161         -24.457            118.075
783.658902         -24.517            118.075
783.675673         -24.576            118.076
783.692475         -24.636            118.076
783.709307         -24.696            118.076
783.726169         -24.756            118.076
783.743061         -24.815            118.076
783.759983         -24.875            118.076
783.776935         -24.935            118.077
783.793917         -24.995            118.077
783.810929         -25.054            118.077
783.827970         -25.114            118.077
783.845041         -25.174            118.078
783.862142         -25.234            118.078
783.879271         -25.293            118.078
783.896431         -25.353            118.078
783.913619         -25.413            118.078
783.930837         -25.473            118.079
783.948084         -25.532            118.079
783.965361         -25.592            118.079
783.982666         -25.652            118.079
784.000000         -25.711            118.080
784.017363         -25.771            118.080
784.034755         -25.831            118.080
784.052175         -25.891            118.080
784.069624         -25.950            118.081
784.087102         -26.010            118.081
784.104608         -26.070            118.081
784.122143         -26.130            118.082
784.139706         -26.189            118.082
784.157297         -26.249            118.082
784.174916         -26.309            118.082
784.192564         -26.369            118.083
784.210239         -26.428            118.083
784.227942         -26.488            118.083
784.245674         -26.548            118.084
784.263433         -26.608            118.084
784.281220         -26.667            118.084
784.299034         -26.727            118.085
784.316876         -26.787            118.085
784.334746         -26.846            118.085
784.352642         -26.906            118.086
784.370567         -26.966            118.086
784.388518         -27.026            118.086
784.406497         -27.085            118.087
784.424502         -27.145            118.087
784.442535         -27.205            118.088
784.460595         -27.265            118.088
784.478681         -27.324            118.088
784.496794         -27.384            118.089
784.514934         -27.444            118.089
784.533101         -27.503            118.089
784.551294         -27.563            118.090
784.569514         -27.623            118.090
784.587760         -27.683            118.091
784.606032         -27.742            118.091
784.624330         -27.802            118.092
784.642655         -27.862            118.092
784.661006         -27.921            118.092
784.679382         -27.981            118.093
784.697785         -28.041            118.093
784.716213         -28.101            118.094
784.734667         -28.160            118.094
784.753147         -28.220            118.095
784.771652         -28.280            118.095
784.790183         -28.339            118.096
784.808739         -28.399            118.096
784.827321         -28.459            118.096
784.845928         -28.519            118.097
784.864560         -28.578            118.097
784.883217         -28.638            118.098
784.901899         -28.698            118.098
784.920606         -28.757            118.099
784.939338         -28.817            118.099
784.958094         -28.877            118.100
784.976876         -28.936            118.100
784.995681         -28.996            118.101
785.014512         -29.056            118.102
785.033367         -29.116            118.102
785.052246         -29.175            118.103
785.071149         -29.235            118.103
785.090077         -29.295            118.104
785.109029         -29.354            118.104
785.128005         -29.414            118.105
785.147004         -29.474            118.105
785.166028         -29.533            118.106
785.185075         -29.593            118.107
785.204146         -29.653            118.107
785.223241         -29.713            118.108
785.242359         -29.772            118.108
785.261501         -29.832            118.109
785.280665         -29.892            118.110
785.299854         -29.951            118.110
785.319065         -30.011            118.111
785.338300         -30.071            118.111
785.357557         -30.130            118.112
785.376838         -30.190            118.113
785.396141         -30.250            118.113
785.415467         -30.309            118.114
785.434816         -30.369            118.115
785.454187         -30.429            118.115
785.473581         -30.488            118.116
785.492997         -30.548            118.117
785.512436         -30.608            118.117
785.531897         -30.667            118.118
785.551380         -30.727            118.119
785.570885         -30.787            118.119
785.590413         -30.847            118.120
785.609962         -30.906            118.121
785.629533         -30.966            118.121
785.649125         -31.026            118.122
785.668740         -31.085            118.123
785.688376         -31.145            118.124
785.708033         -31.205            118.124
785.727712         -31.264            118.125
785.747412         -31.324            118.126
785.767133         -31.384            118.127
785.786876         -31.443            118.127
785.806640         -31.503            118.128
785.826424         -31.563            118.129
785.846230         -31.622            118.130
785.866056         -31.682            118.130
785.885903         -31.742            118.131
785.905771         -31.801            118.132
785.925659         -31.861            118.133
785.945568         -31.921            118.134
785.965497         -31.980            118.134
785.985446         -32.040            118.135
786.005415         -32.100            118.136
786.025405         -32.159            118.137
786.045415         -32.219            118.138
786.065444         -32.278            118.139
786.085494         -32.338            118.140
786.105563         -32.398            118.140
786.125652         -32.457            118.141
786.145760         -32.517            118.142
786.165888         -32.577            118.143
786.186035         -32.636            118.144
786.206202         -32.696            118.145
786.226388         -32.756            118.146
786.246593         -32.815            118.147
786.266817         -32.875            118.148
786.287060         -32.935            118.148
786.307322         -32.994            118.149
786.327603         -33.054            118.150
786.347902         -33.114            118.151
786.368221         -33.173            118.152
786.388557         -33.233            118.153
786.408912         -33.292            118.154
786.429286         -33.352            118.155
786.449677         -33.412            118.156
786.470087         -33.471            118.157
786.490515         -33.531            118.158
786.510961         -33.591            118.159
786.531425         -33.650            118.160
786.551907         -33.710            118.161
786.572406         -33.770            118.162
786.592923         -33.829            118.163
786.613458         -33.889            118.164
786.634010         -33.948            118.165
786.654579         -34.008            118.166
786.675166         -34.068            118.167
786.695770         -34.127            118.168
786.716391         -34.187            118.170
786.737028         -34.247            118.171
786.757683         -34.306            118.172
786.778355         -34.366            118.173
786.799044         -34.425            118.174
786.819749         -34.485            118.175
786.840470         -34.545            118.176
786.861209         -34.604            118.177
786.881963         -34.664            118.178
786.902734         -34.724            118.180
786.923521         -34.783            118.181
786.944324         -34.843            118.182
786.965143         -34.902            118.183
786.985979         -34.962            118.184
787.006829         -35.022            118.185
787.027696         -35.081            118.187
787.048578         -35.141            118.188
787.069476         -35.201            118.189
787.090390         -35.260            118.190
787.111319         -35.320            118.191
787.132263         -35.379            118.193
787.153222         -35.439            118.194
787.174196         -35.499            118.195
787.195186         -35.558            118.196
787.216190         -35.618            118.198
787.237209         -35.677            118.199
787.258243         -35.737            118.200
787.279291         -35.797            118.201
787.300355         -35.856            118.203
787.321432         -35.916            118.204
787.342524         -35.975            118.205
787.363630         -36.035            118.207
787.384751         -36.095            118.208
787.405885         -36.154            118.209
787.427034         -36.214            118.211
787.448196         -36.273            118.212
787.469372         -36.333            118.213
787.490562         -36.393            118.215
787.511766         -36.452            118.216
787.532983         -36.512            118.217
787.554214         -36.571            118.219
787.575458         -36.631            118.220
787.596715         -36.690            118.222
787.617986         -36.750            118.223
787.639269         -36.810            118.224
787.660566         -36.869            118.226
787.681875         -36.929            118.227
787.703198         -36.988            118.229
787.724533         -37.048            118.230
787.745880         -37.108            118.232
787.767240         -37.167            118.233
787.788613         -37.227            118.235
787.809998         -37.286            118.236
787.831395         -37.346            118.238
787.852804         -37.405            118.239
787.874226         -37.465            118.241
787.895659         -37.525            118.242
787.917104         -37.584            118.244
787.938561         -37.644            118.245
787.960030         -37.703            118.247
787.981510         -37.763            118.248
788.003002         -37.822            118.250
788.024505         -37.882            118.252
788.046020         -37.942            118.253
788.067545         -38.001            118.255
788.089082         -38.061            118.256
788.110630         -38.120            118.258
788.132189         -38.180            118.260
788.153759         -38.239            118.261
788.175339         -38.299            118.263
788.196930         -38.359            118.265
788.218532         -38.418            118.266
788.240144         -38.478            118.268
788.261767         -38.537            118.270
788.283400         -38.597            118.271
788.305043         -38.656            118.273
788.326696         -38.716            118.275
788.348359         -38.775            118.277
788.370032         -38.835            118.278
788.391715         -38.895            118.280
788.413407         -38.954            118.282
788.435110         -39.014            118.284
788.456821         -39.073            118.285
788.478543         -39.133            118.287
788.500273         -39.192            118.289
788.522013         -39.252            118.291
788.543762         -39.311            118.293
788.565520         -39.371            118.294
788.587287         -39.430            118.296
788.609063         -39.490            118.298
788.630847         -39.549            118.300
788.652640         -39.609            118.302
788.674442         -39.669            118.304
788.696253         -39.728            118.306
788.718071         -39.788            118.307
788.739898         -39.847            118.309
788.761734         -39.907            118.311
788.783577         -39.966            118.313
788.805428         -40.026            118.315
788.827288         -40.085            118.317
788.849155         -40.145            118.319
788.871030         -40.204            118.321
788.892912         -40.264            118.323
788.914802         -40.323            118.325
788.936700         -40.383            118.327
788.958605         -40.442            118.329
788.980517         -40.502            118.331
789.002436         -40.561            118.333
789.024362         -40.621            118.335
789.046296         -40.681            118.337
789.068236         -40.740            118.339
789.090183         -40.800            118.341
789.112136         -40.859            118.344
789.134097         -40.919            118.346
789.156063         -40.978            118.348
789.178036         -41.038            118.350
789.200016         -41.097            118.352
789.222001         -41.157            118.354
789.243993         -41.216            118.356
789.265991         -41.276            118.358
789.287995         -41.335            118.361
789.310004         -41.395            118.363
789.332019         -41.454            118.365
789.354040         -41.514            118.367
789.376067         -41.573            118.370
789.398099         -41.633            118.372
789.420136         -41.692            118.374
789.442178         -41.752            118.376
789.464226         -41.811            118.379
789.486278         -41.871            118.381
789.508336         -41.930            118.383
789.530399         -41.990            118.386
789.552466         -42.049            118.388
789.574538         -42.109            118.390
789.596614         -42.168            118.393
789.618695         -42.228            118.395
789.640781         -42.287            118.397
789.662871         -42.347            118.400
789.684964         -42.406            118.402
789.707062         -42.466            118.404
789.729164         -42.525            118.407
789.751270         -42.585            118.409
789.773380         -42.644            118.412
789.795494         -42.704            118.414
789.817611         -42.763            118.417
789.839731         -42.822            118.419
789.861855         -42.882            118.422
789.883983         -42.941            118.424
789.906113         -43.001            118.427
789.928247         -43.060            118.429
789.950384         -43.120            118.432
789.972524         -43.179            118.434
789.994666         -43.239            118.437
790.016812         -43.298            118.440
790.038960         -43.358            118.442
790.061110         -43.417            118.445
790.083263         -43.477            118.447
790.105419         -43.536            118.450
790.127576         -43.596            118.453
790.149736         -43.655            118.455
790.171898         -43.715            118.458
790.194062         -43.774            118.461
790.216228         -43.833            118.464
790.238396         -43.893            118.466
790.260565         -43.952            118.469
790.282736         -44.012            118.472
790.304909         -44.071            118.475
790.327082         -44.131            118.477
790.349258         -44.190            118.480
790.371434         -44.250            118.483
790.393612         -44.309            118.486
790.415790         -44.369            118.489
790.437970         -44.428            118.491
790.460150         -44.487            118.494
790.482331         -44.547            118.497
790.504513         -44.606            118.500
790.526695         -44.666            118.503
790.548878         -44.725            118.506
790.571061         -44.785            118.509
790.593244         -44.844            118.512
790.615428         -44.904            118.515
790.637611         -44.963            118.518
790.659795         -45.022            118.521
790.681978         -45.082            118.524
790.704161         -45.141            118.527
790.726344         -45.201            118.530
790.748526         -45.260            118.533
790.770708         -45.320            118.536
790.792890         -45.379            118.539
790.815070         -45.438            118.542
790.837250         -45.498            118.545
790.859429         -45.557            118.548
790.881607         -45.617            118.552
790.903784         -45.676            118.555
790.925959         -45.736            118.558
790.948134         -45.795            118.561
790.970307         -45.854            118.564
790.992478         -45.914            118.568
791.014648         -45.973            118.571
791.036817         -46.033            118.574
791.058983         -46.092            118.577
791.081148         -46.152            118.581
791.103310         -46.211            118.584
791.125471         -46.270            118.587
791.147630         -46.330            118.591
791.169786         -46.389            118.594
791.191940         -46.449            118.597
791.214091         -46.508            118.601
791.236240         -46.567            118.604
791.258387         -46.627            118.608
791.280530         -46.686            118.611
791.302671         -46.746            118.614
791.324809         -46.805            118.618
791.346944         -46.864            118.621
791.369076         -46.924            118.625
791.391204         -46.983            118.628
791.413329         -47.043            118.632
791.435451         -47.102            118.636
791.457570         -47.161            118.639
791.479685         -47.221            118.643
791.501796         -47.280            118.646
791.523903         -47.340            118.650
791.546007         -47.399            118.654
791.568106         -47.458            118.657
791.590202         -47.518            118.661
791.612293         -47.577            118.665
791.634380         -47.636            118.668
791.656463         -47.696            118.672
791.678541         -47.755            118.676
791.700614         -47.815            118.680
791.722684         -47.874            118.683
791.744748         -47.933            118.687
791.766807         -47.993            118.691
791.788862         -48.052            118.695
791.810912         -48.111            118.699
791.832956         -48.171            118.703
791.854995         -48.230            118.706
791.877029         -48.290            118.710
791.899058         -48.349            118.714
791.921081         -48.408            118.718
791.943098         -48.468            118.722
791.965110         -48.527            118.726
791.987116         -48.586            118.730
792.009116         -48.646            118.734
792.031110         -48.705            118.738
792.053098         -48.764            118.742
792.075080         -48.824            118.746
792.097056         -48.883            118.751
792.119025         -48.943            118.755
792.140988         -49.002            118.759
792.162944         -49.061            118.763
792.184894         -49.121            118.767
792.206837         -49.180            118.771
792.228773         -49.239            118.776
792.250702         -49.299            118.780
792.272624         -49.358            118.784
792.294539         -49.417            118.788
792.316447         -49.477            118.793
792.338347         -49.536            118.797
792.360241         -49.595            118.801
792.382126         -49.655            118.806
792.404004         -49.714            118.810
792.425875         -49.773            118.815
792.447737         -49.833            118.819
792.469592         -49.892            118.823
792.491439         -49.951            118.828
792.513277         -50.011            118.832
792.535108         -50.070            118.837
792.556930         -50.129            118.841
792.578744         -50.189            118.846
792.600550         -50.248            118.851
792.622347         -50.307            118.855
792.644135         -50.367            118.860
792.665915         -50.426            118.864
792.687685         -50.485            118.869
792.709447         -50.545            118.874
792.731200         -50.604            118.878
792.752944         -50.663            118.883
792.774679         -50.723            118.888
792.796404         -50.782            118.893
792.818120         -50.841            118.898
792.839826         -50.900            118.902
792.861523         -50.960            118.907
792.883210         -51.019            118.912
792.904888         -51.078            118.917
792.926556         -51.138            118.922
792.948213         -51.197            118.927
792.969861         -51.256            118.932
792.991498         -51.316            118.937
793.013126         -51.375            118.942
793.034743         -51.434            118.947
793.056349         -51.493            118.952
793.077945         -51.553            118.957
793.099531         -51.612            118.962
793.121106         -51.671            118.967
793.142670         -51.731            118.972
793.164223         -51.790            118.978
793.185765         -51.849            118.983
793.207296         -51.909            118.988
793.228816         -51.968            118.993
793.250325         -52.027            118.999
793.271822         -52.086            119.004
793.293308         -52.146            119.009
793.314782         -52.205            119.015
793.336245         -52.264            119.020
793.357696         -52.323            119.025
793.379136         -52.383            119.031
793.400563         -52.442            119.036
793.421978         -52.501            119.042
793.443382         -52.561            119.047
793.464773         -52.620            119.053
793.486151         -52.679            119.058
793.507518         -52.738            119.064
793.528872         -52.798            119.069
793.550213         -52.857            119.075
793.571542         -52.916            119.081
793.592858         -52.975            119.086
793.614162         -53.035            119.092
793.635452         -53.094            119.098
793.656729         -53.153            119.104
793.677994         -53.212            119.109
793.699245         -53.272            119.115
793.720483         -53.331            119.121
793.741707         -53.390            119.127
793.762918         -53.449            119.133
793.784115         -53.509            119.139
793.805299         -53.568            119.145
793.826469         -53.627            119.151
793.847625         -53.686            119.157
793.868768         -53.746            119.163
793.889896         -53.805            119.169
793.911010         -53.864            119.175
793.932110         -53.923            119.181
793.953195         -53.983            119.187
793.974267         -54.042            119.194
793.995324         -54.101            119.200
794.016366         -54.160            119.206
794.037393         -54.219            119.212
794.058406         -54.279            119.219
794.079404         -54.338            119.225
794.100387         -54.397            119.231
794.121355         -54.456            119.238
794.142308         -54.516            119.244
794.163246         -54.575            119.251
794.184169         -54.634            119.257
794.205076         -54.693            119.264
794.225967         -54.752            119.270
794.246844         -54.812            119.277
794.267704         -54.871            119.284
794.288549         -54.930            119.290
794.309378         -54.989            119.297
794.330191         -55.048            119.304
794.350988         -55.108            119.310
794.371768         -55.167            119.317
794.392533         -55.226            119.324
794.413282         -55.285            119.331
794.434014         -55.344            119.338
794.454729         -55.404            119.345
794.475428         -55.463            119.352
794.496111         -55.522            119.359
794.516776         -55.581            119.366
794.537425         -55.640            119.373
794.558057         -55.700            119.380
794.578672         -55.759            119.387
794.599270         -55.818            119.394
794.619851         -55.877            119.401
794.640414         -55.936            119.408
794.660960         -55.995            119.416
794.681489         -56.055            119.423
794.702000         -56.114            119.430
794.722494         -56.173            119.438
794.742970         -56.232            119.445
794.763428         -56.291            119.453
794.783868         -56.350            119.460
794.804290         -56.410            119.468
794.824694         -56.469            119.475
794.845080         -56.528            119.483
794.865448         -56.587            119.490
794.885798         -56.646            119.498
794.906129         -56.705            119.506
794.926441         -56.765            119.513
794.946735         -56.824            119.521
794.967011         -56.883            119.529
794.987267         -56.942            119.537
795.007505         -57.001            119.545
795.027724         -57.060            119.552
795.047924         -57.119            119.560
795.068105         -57.179            119.568
795.088266         -57.238            119.576
795.108408         -57.297            119.585
795.128531         -57.356            119.593
795.148635         -57.415            119.601
795.168719         -57.474            119.609
795.188783         -57.533            119.617
795.208827         -57.592            119.625
795.228852         -57.652            119.634
795.248857         -57.711            119.642
795.268842         -57.770            119.651
795.288807         -57.829            119.659
795.308752         -57.888            119.667
795.328676         -57.947            119.676
795.348580         -58.006            119.685
795.368464         -58.065            119.693
795.388327         -58.125            119.702
795.408170         -58.184            119.710
795.427992         -58.243            119.719
795.447793         -58.302            119.728
795.467574         -58.361            119.737
795.487333         -58.420            119.746
795.507072         -58.479            119.754
795.526789         -58.538            119.763
795.546486         -58.597            119.772
795.566161         -58.656            119.781
795.585815         -58.716            119.791
795.605447         -58.775            119.800
795.625058         -58.834            119.809
795.644647         -58.893            119.818
795.664214         -58.952            119.827
795.683760         -59.011            119.837
795.703284         -59.070            119.846
795.722786         -59.129            119.855
795.742266         -59.188            119.865
795.761724         -59.247            119.874
795.781160         -59.306            119.884
795.800573         -59.365            119.893
795.819964         -59.424            119.903
795.839333         -59.483            119.913
795.858679         -59.543            119.922
795.878003         -59.602            119.932
795.897303         -59.661            119.942
795.916582         -59.720            119.952
795.935837         -59.779            119.962
795.955069         -59.838            119.972
795.974278         -59.897            119.982
795.993465         -59.956            119.992
796.012628         -60.015            120.002
796.031768         -60.074            120.012
796.050884         -60.133            120.022
796.069977         -60.192            120.033
796.089046         -60.251            120.043
796.108092         -60.310            120.053
796.127115         -60.369            120.064
796.146113         -60.428            120.074
796.165088         -60.487            120.085
796.184038         -60.546            120.096
796.202965         -60.605            120.106
796.221868         -60.664            120.117
796.240746         -60.723            120.128
796.259600         -60.782            120.138
796.278430         -60.841            120.149
796.297236         -60.900            120.160
796.316017         -60.959            120.171
796.334773         -61.018            120.182
796.353505         -61.077            120.193
796.372212         -61.136            120.205
796.390894         -61.195            120.216
796.409552         -61.254            120.227
796.428184         -61.313            120.238
796.446792         -61.372            120.250
796.465374         -61.431            120.261
796.483931         -61.490            120.273
796.502462         -61.549            120.284
796.520969         -61.608            120.296
796.539450         -61.667            120.308
796.557905         -61.726            120.319
796.576335         -61.785            120.331
796.594739         -61.844            120.343
796.613117         -61.903            120.355
796.631469         -61.962            120.367
796.649796         -62.021            120.379
796.668097         -62.080            120.391
796.686371         -62.139            120.403
796.704619         -62.198            120.415
796.722841         -62.257            120.428
796.741037         -62.316            120.440
796.759206         -62.375            120.453
796.777349         -62.434            120.465
796.795465         -62.493            120.478
796.813555         -62.552            120.490
796.831618         -62.611            120.503
796.849654         -62.669            120.516
796.867663         -62.728            120.528
796.885646         -62.787            120.541
796.903601         -62.846            120.554
796.921529         -62.905            120.567
796.939430         -62.964            120.580
796.957304         -63.023            120.594
796.975150         -63.082            120.607
796.992969         -63.141            120.620
797.010761         -63.200            120.634
797.028525         -63.259            120.647
797.046261         -63.318            120.661
797.063970         -63.377            120.674
797.081651         -63.435            120.688
797.099304         -63.494            120.702
797.116929         -63.553            120.715
797.134526         -63.612            120.729
797.152095         -63.671            120.743
797.169636         -63.730            120.757
797.187148         -63.789            120.771
797.204632         -63.848            120.786
797.222088         -63.907            120.800
797.239516         -63.965            120.814
797.256914         -64.024            120.829
797.274285         -64.083            120.843
797.291626         -64.142            120.858
797.308939         -64.201            120.872
797.326223         -64.260            120.887
797.343478         -64.319            120.902
797.360704         -64.377            120.917
797.377901         -64.436            120.932
797.395068         -64.495            120.947
797.412207         -64.554            120.962
797.429316         -64.613            120.977
797.446396         -64.672            120.993
797.463447         -64.730            121.008
797.480468         -64.789            121.024
797.497459         -64.848            121.039
797.514421         -64.907            121.055
797.531353         -64.966            121.071
797.548255         -65.025            121.087
797.565127         -65.083            121.102
797.581970         -65.142            121.118
797.598782         -65.201            121.135
797.615564         -65.260            121.151
797.632317         -65.319            121.167
797.649039         -65.377            121.183
797.665730         -65.436            121.200
797.682391         -65.495            121.216
797.699022         -65.554            121.233
797.715622         -65.613            121.250
797.732192         -65.671            121.267
797.748731         -65.730            121.284
797.765239         -65.789            121.301
797.781717         -65.848            121.318
797.798163         -65.906            121.335
797.814579         -65.965            121.352
797.830964         -66.024            121.370
797.847317         -66.083            121.387
797.863640         -66.142            121.405
797.879931         -66.200            121.423
797.896191         -66.259            121.441
797.912419         -66.318            121.458
797.928616         -66.377            121.477
797.944782         -66.435            121.495
797.960916         -66.494            121.513
797.977018         -66.553            121.531
797.993089         -66.611            121.550
798.009128         -66.670            121.568
798.025135         -66.729            121.587
798.041110         -66.788            121.606
798.057053         -66.846            121.625
798.072964         -66.905            121.644
798.088843         -66.964            121.663
798.104689         -67.022            121.682
798.120504         -67.081            121.701
798.136286         -67.140            121.721
798.152036         -67.198            121.740
798.167753         -67.257            121.760
798.183438         -67.316            121.780
798.199090         -67.374            121.800
798.214709         -67.433            121.820
798.230296         -67.492            121.840
798.245850         -67.550            121.860
798.261371         -67.609            121.881
798.276859         -67.668            121.901
798.292314         -67.726            121.922
798.307736         -67.785            121.943
798.323125         -67.844            121.964
798.338480         -67.902            121.985
798.353803         -67.961            122.006
798.369092         -68.020            122.027
798.384348         -68.078            122.048
798.399570         -68.137            122.070
798.414758         -68.195            122.092
798.429914         -68.254            122.113
798.445035         -68.313            122.135
798.460123         -68.371            122.157
798.475177         -68.430            122.180
798.490197         -68.488            122.202
798.505183         -68.547            122.224
798.520135         -68.606            122.247
798.535053         -68.664            122.270
798.549937         -68.723            122.293
798.564787         -68.781            122.316
798.579602         -68.840            122.339
798.594384         -68.898            122.362
798.609131         -68.957            122.386
798.623843         -69.016            122.409
798.638521         -69.074            122.433
798.653164         -69.133            122.457
798.667773         -69.191            122.481
798.682347         -69.250            122.505
798.696887         -69.308            122.530
798.711391         -69.367            122.554
798.725861         -69.425            122.579
798.740296         -69.484            122.604
798.754696         -69.542            122.629
798.769060         -69.601            122.654
798.783390         -69.659            122.679
798.797684         -69.718            122.705
798.811943         -69.776            122.730
798.826167         -69.835            122.756
798.840356         -69.893            122.782
798.854509         -69.952            122.808
798.868627         -70.010            122.835
798.882709         -70.068            122.861
798.896755         -70.127            122.888
798.910766         -70.185            122.915
798.924741         -70.244            122.942
798.938680         -70.302            122.969
798.952584         -70.361            122.996
798.966451         -70.419            123.024
798.980283         -70.477            123.052
798.994078         -70.536            123.080
799.007838         -70.594            123.108
799.021561         -70.653            123.136
799.035248         -70.711            123.164
799.048899         -70.769            123.193
799.062514         -70.828            123.222
799.076092         -70.886            123.251
799.089634         -70.945            123.280
799.103139         -71.003            123.310
799.116607         -71.061            123.339
799.130040         -71.120            123.369
799.143435         -71.178            123.399
799.156794         -71.236            123.430
799.170116         -71.295            123.460
799.183401         -71.353            123.491
799.196649         -71.411            123.522
799.209860         -71.469            123.553
799.223034         -71.528            123.584
799.236171         -71.586            123.615
799.249271         -71.644            123.647
799.262334         -71.703            123.679
799.275360         -71.761            123.711
799.288348         -71.819            123.744
799.301299         -71.877            123.776
799.314213         -71.936            123.809
799.327089         -71.994            123.842
799.339927         -72.052            123.876
799.352728         -72.110            123.909
799.365492         -72.168            123.943
799.378218         -72.227            123.977
799.390906         -72.285            124.011
799.403556         -72.343            124.046
799.416168         -72.401            124.081
799.428743         -72.459            124.116
799.441279         -72.518            124.151
799.453778         -72.576            124.187
799.466238         -72.634            124.222
799.478660         -72.692            124.259
799.491045         -72.750            124.295
799.503391         -72.808            124.331
799.515698         -72.866            124.368
799.527968         -72.924            124.405
799.540199         -72.983            124.443
799.552391         -73.041            124.481
799.564545         -73.099            124.518
799.576661         -73.157            124.557
799.588738         -73.215            124.595
799.600776         -73.273            124.634
799.612776         -73.331            124.673
799.624737         -73.389            124.713
799.636659         -73.447            124.752
799.648542         -73.505            124.792
799.660387         -73.563            124.833
799.672192         -73.621            124.873
799.683959         -73.679            124.914
799.695686         -73.737            124.955
799.707375         -73.795            124.997
799.719024         -73.853            125.039
799.730634         -73.911            125.081
799.742205         -73.969            125.123
799.753736         -74.027            125.166
799.765228         -74.085            125.209
799.776681         -74.142            125.253
799.788094         -74.200            125.297
799.799468         -74.258            125.341
799.810802         -74.316            125.385
799.822097         -74.374            125.430
799.833352         -74.432            125.476
799.844567         -74.490            125.521
799.855743         -74.547            125.567
799.866879         -74.605            125.613
799.877975         -74.663            125.660
799.889031         -74.721            125.707
799.900047         -74.779            125.755
799.911023         -74.836            125.803
799.921960         -74.894            125.851
799.932856         -74.952            125.899
799.943712         -75.010            125.948
799.954528         -75.067            125.998
799.965304         -75.125            126.048
799.976039         -75.183            126.098
799.986734         -75.240            126.149
799.997389         -75.298            126.200
800.008003         -75.356            126.251
800.018577         -75.413            126.303
800.029111         -75.471            126.355
800.039604         -75.528            126.408
800.050056         -75.586            126.461
800.060468         -75.644            126.515
800.070839         -75.701            126.569
800.081170         -75.759            126.624
800.091459         -75.816            126.679
800.101708         -75.874            126.735
800.111916         -75.931            126.791
800.122083         -75.989            126.847
800.132210         -76.046            126.904
800.142295         -76.104            126.962
800.152339         -76.161            127.020
800.162343         -76.218            127.078
800.172305         -76.276            127.137
800.182226         -76.333            127.197
800.192106         -76.391            127.257
800.201944         -76.448            127.317
800.211742         -76.505            127.379
800.221498         -76.563            127.440
800.231212         -76.620            127.503
800.240886         -76.677            127.565
800.250517         -76.734            127.629
800.260108         -76.792            127.693
800.269657         -76.849            127.757
800.279164         -76.906            127.822
800.288630         -76.963            127.888
800.298054         -77.021            127.954
800.307436         -77.078            128.021
800.316777         -77.135            128.089
800.326076         -77.192            128.157
800.335333         -77.249            128.226
800.344548         -77.306            128.295
800.353722         -77.363            128.365
800.362853         -77.420            128.436
800.371943         -77.477            128.508
800.380991         -77.534            128.580
800.389996         -77.591            128.653
800.398960         -77.648            128.726
800.407881         -77.705            128.800
800.416760         -77.762            128.875
800.425597         -77.819            128.951
800.434392         -77.876            129.027
800.443145         -77.932            129.105
800.451855         -77.989            129.183
800.460523         -78.046            129.261
800.469148         -78.103            129.341
800.477731         -78.160            129.421
800.486272         -78.216            129.502
800.494770         -78.273            129.584
800.503226         -78.330            129.667
800.511639         -78.386            129.750
800.520010         -78.443            129.834
800.528338         -78.499            129.920
800.536623         -78.556            130.006
800.544865         -78.612            130.093
800.553065         -78.669            130.181
800.561222         -78.725            130.269
800.569336         -78.782            130.359
800.577408         -78.838            130.450
800.585436         -78.895            130.541
800.593422         -78.951            130.634
800.601365         -79.007            130.728
800.609264         -79.063            130.822
800.617121         -79.120            130.918
800.624935         -79.176            131.014
800.632705         -79.232            131.112
800.640433         -79.288            131.210
800.648117         -79.344            131.310
800.655758         -79.400            131.411
800.663356         -79.456            131.513
800.670911         -79.512            131.616
800.678422         -79.568            131.720
800.685890         -79.624            131.826
800.693315         -79.680            131.932
800.700696         -79.736            132.040
800.708034         -79.792            132.149
800.715329         -79.848            132.259
800.722580         -79.903            132.370
800.729788         -79.959            132.483
800.736952         -80.015            132.597
800.744072         -80.070            132.712
800.751149         -80.126            132.829
800.758183         -80.181            132.947
800.765172         -80.237            133.066
800.772118         -80.292            133.187
800.779021         -80.348            133.309
800.785879         -80.403            133.432
800.792694         -80.458            133.557
800.799465         -80.514            133.684
800.806192         -80.569            133.812
800.812875         -80.624            133.942
800.819515         -80.679            134.073
800.826110         -80.734            134.205
800.832662         -80.789            134.340
800.839169         -80.844            134.476
800.845633         -80.899            134.614
800.852053         -80.954            134.753
800.858428         -81.008            134.894
800.864760         -81.063            135.037
800.871047         -81.118            135.182
800.877290         -81.172            135.328
800.883489         -81.227            135.477
800.889644         -81.281            135.627
800.895755         -81.336            135.779
800.901821         -81.390            135.933
800.907843         -81.444            136.089
800.913821         -81.499            136.248
800.919755         -81.553            136.408
800.925644         -81.607            136.570
800.931489         -81.661            136.735
800.937289         -81.715            136.901
800.943046         -81.769            137.070
800.948757         -81.822            137.241
800.954424         -81.876            137.415
800.960047         -81.930            137.591
800.965625         -81.983            137.769
800.971159         -82.037            137.949
800.976648         -82.090            138.133
800.982092         -82.143            138.318
800.987492         -82.197            138.506
800.992847         -82.250            138.697
800.998158         -82.303            138.891
801.003424         -82.356            139.087
801.008645         -82.408            139.286
801.013822         -82.461            139.488
801.018953         -82.514            139.693
801.024040         -82.566            139.900
801.029082         -82.619            140.111
801.034080         -82.671            140.325
801.039032         -82.723            140.541
801.043940         -82.776            140.761
801.048803         -82.828            140.985
801.053621         -82.879            141.211
801.058394         -82.931            141.441
801.063122         -82.983            141.674
801.067805         -83.034            141.911
801.072443         -83.086            142.152
801.077036         -83.137            142.396
801.081585         -83.188            142.643
801.086088         -83.239            142.895
801.090546         -83.290            143.150
801.094959         -83.341            143.410
801.099327         -83.392            143.673
801.103650         -83.442            143.941
801.107927         -83.492            144.212
801.112160         -83.543            144.488
801.116347         -83.593            144.769
801.120489         -83.643            145.053
801.124586         -83.692            145.343
801.128638         -83.742            145.637
801.132645         -83.791            145.935
801.136606         -83.840            146.239
801.140522         -83.889            146.547
801.144393         -83.938            146.860
801.148218         -83.987            147.179
801.151998         -84.035            147.503
801.155733         -84.083            147.832
801.159422         -84.131            148.167
801.163066         -84.179            148.507
801.166665         -84.227            148.853
801.170218         -84.274            149.204
801.173726         -84.321            149.562
801.177189         -84.368            149.925
801.180606         -84.415            150.295
801.183977         -84.462            150.671
801.187303         -84.508            151.053
801.190584         -84.554            151.442
801.193819         -84.600            151.837
801.197008         -84.645            152.240
801.200152         -84.690            152.649
801.203251         -84.735            153.065
801.206304         -84.780            153.489
801.209311         -84.824            153.919
801.212273         -84.868            154.358
801.215189         -84.912            154.804
801.218060         -84.955            155.257
801.220885         -84.998            155.719
801.223664         -85.041            156.188
801.226398         -85.083            156.666
801.229086         -85.125            157.152
801.231728         -85.167            157.646
801.234325         -85.208            158.150
801.236876         -85.249            158.661
801.239381         -85.290            159.182
801.241841         -85.330            159.712
801.244255         -85.370            160.251
801.246623         -85.409            160.799
801.248945         -85.448            161.357
801.251222         -85.486            161.925
801.253453         -85.524            162.502
801.255638         -85.562            163.089
801.257778         -85.599            163.686
801.259871         -85.635            164.293
801.261919         -85.671            164.910
801.263921         -85.707            165.538
801.265877         -85.742            166.176
801.267788         -85.776            166.824
801.269652         -85.810            167.484
801.271471         -85.843            168.154
801.273244         -85.876            168.834
801.274971         -85.908            169.526
801.276652         -85.940            170.228
801.278287         -85.971            170.942
801.279876         -86.001            171.666
801.281420         -86.030            172.401
801.282917         -86.059            173.148
801.284369         -86.088            173.905
801.285775         -86.115            174.673
801.287135         -86.142            175.452
801.288449         -86.168            176.242
801.289717         -86.193            177.042
801.290939         -86.218            177.854
801.292115         -86.242            178.675
801.293246         -86.265            179.507
801.294330         -86.287            -179.651
801.295368         -86.309            -178.798
801.296361         -86.329            -177.936
801.297307         -86.349            -177.065
801.298208         -86.368            -176.184
801.299062         -86.386            -175.294
801.299871         -86.403            -174.395
801.300634         -86.419            -173.488
801.301350         -86.435            -172.573
801.302021         -86.449            -171.651
801.302646         -86.462            -170.721
801.303225         -86.475            -169.784
801.303757         -86.487            -168.840
801.304244         -86.497            -167.891
801.304685         -86.507            -166.936
801.305080         -86.515            -165.976
801.305428         -86.523            -165.012
801.305731         -86.530            -164.044
801.305988         -86.535            -163.072
801.306199         -86.540            -162.097
801.306364         -86.544            -161.120
801.306483         -86.546            -160.141
801.306556         -86.548            -159.161
801.306582         -86.548            -158.180
801.306563         -86.548            -157.200
801.306498         -86.547            -156.219
801.306387         -86.544            -155.240
801.306230         -86.541            -154.263
801.306027         -86.536            -153.288
801.305778         -86.531            -152.315
801.305483         -86.524            -151.347
801.305141         -86.517            -150.381
801.304754         -86.508            -149.421
801.304321         -86.499            -148.465
801.303842         -86.488            -147.515
801.303317         -86.477            -146.570
801.302746         -86.465            -145.632
801.302129         -86.451            -144.701
801.301466         -86.437            -143.777
801.300757         -86.422            -142.861
801.300002         -86.406            -141.952
801.299201         -86.389            -141.052
801.298354         -86.371            -140.161
801.297462         -86.352            -139.279
801.296523         -86.333            -138.405
801.295538         -86.312            -137.542
801.294507         -86.291            -136.688
801.293431         -86.269            -135.844
801.292308         -86.246            -135.010
801.291140         -86.222            -134.187
801.289925         -86.198            -133.374
801.288665         -86.172            -132.572
801.287359         -86.146            -131.780
801.286006         -86.120            -130.999
801.284608         -86.092            -130.229
801.283164         -86.064            -129.470
801.281674         -86.035            -128.722
801.280139         -86.006            -127.985
801.278557         -85.976            -127.259
801.276929         -85.945            -126.543
801.275256         -85.913            -125.839
801.273537         -85.881            -125.146
801.271772         -85.849            -124.463
801.269961         -85.816            -123.791
801.268104         -85.782            -123.130
801.266201         -85.747            -122.480
801.264253         -85.713            -121.840
801.262258         -85.677            -121.211
801.260218         -85.641            -120.592
801.258132         -85.605            -119.983
801.256001         -85.568            -119.384
801.253823         -85.530            -118.796
801.251600         -85.493            -118.217
801.249331         -85.454            -117.648
801.247016         -85.415            -117.088
801.244656         -85.376            -116.539
801.242249         -85.337            -115.998
801.239798         -85.296            -115.467
801.237300         -85.256            -114.944
801.234756         -85.215            -114.431
801.232167         -85.174            -113.926
801.229533         -85.132            -113.431
801.226852         -85.090            -112.943
801.224126         -85.048            -112.464
801.221355         -85.005            -111.993
801.218537         -84.962            -111.530
801.215674         -84.919            -111.075
801.212766         -84.875            -110.628
801.209812         -84.831            -110.189
801.206812         -84.787            -109.757
801.203767         -84.743            -109.332
801.200676         -84.698            -108.915
801.197539         -84.653            -108.504
801.194357         -84.607            -108.101
801.191130         -84.561            -107.704
801.187857         -84.516            -107.314
801.184539         -84.469            -106.931
801.181175         -84.423            -106.554
801.177765         -84.376            -106.183
801.174311         -84.329            -105.818
801.170810         -84.282            -105.460
801.167265         -84.235            -105.107
801.163674         -84.187            -104.761
801.160037         -84.139            -104.419
801.156355         -84.091            -104.084
801.152628         -84.043            -103.754
801.148856         -83.995            -103.429
801.145038         -83.946            -103.110
801.141175         -83.897            -102.795
801.137266         -83.848            -102.486
801.133313         -83.799            -102.182
801.129314         -83.750            -101.882
801.125270         -83.701            -101.588
801.121180         -83.651            -101.298
801.117046         -83.601            -101.012
801.112866         -83.551            -100.731
801.108641         -83.501            -100.454
801.104371         -83.451            -100.182
801.100056         -83.400            -99.914
801.095695         -83.350            -99.650
801.091290         -83.299            -99.390
801.086839         -83.248            -99.134
801.082344         -83.197            -98.882
801.077803         -83.146            -98.633
801.073218         -83.095            -98.388
801.068587         -83.043            -98.147
801.063911         -82.992            -97.910
801.059191         -82.940            -97.676
801.054425         -82.888            -97.446
801.049615         -82.836            -97.219
801.044760         -82.784            -96.995
801.039860         -82.732            -96.774
801.034914         -82.680            -96.557
801.029925         -82.628            -96.343
801.024890         -82.575            -96.132
801.019810         -82.523            -95.923
801.014686         -82.470            -95.718
801.009517         -82.417            -95.516
801.004304         -82.365            -95.316
800.999045         -82.312            -95.120
800.993742         -82.259            -94.926
800.988394         -82.205            -94.734
800.983002         -82.152            -94.546
800.977565         -82.099            -94.360
800.972083         -82.046            -94.176
800.966557         -81.992            -93.995
800.960987         -81.939            -93.817
800.955371         -81.885            -93.640
800.949712         -81.831            -93.466
800.944008         -81.778            -93.295
800.938259         -81.724            -93.126
800.932466         -81.670            -92.959
800.926629         -81.616            -92.794
800.920747         -81.562            -92.631
800.914821         -81.508            -92.470
800.908850         -81.454            -92.312
800.902835         -81.399            -92.155
800.896776         -81.345            -92.001
800.890673         -81.291            -91.848
800.884526         -81.236            -91.698
800.878334         -81.182            -91.549
800.872098         -81.127            -91.402
800.865818         -81.072            -91.257
800.859494         -81.018            -91.114
800.853126         -80.963            -90.973
800.846714         -80.908            -90.833
800.840258         -80.853            -90.695
800.833758         -80.798            -90.559
800.827213         -80.743            -90.424
800.820625         -80.688            -90.291
800.813993         -80.633            -90.160
800.807317         -80.578            -90.030
800.800597         -80.523            -89.901
800.793834         -80.468            -89.775
800.787026         -80.412            -89.649
800.780175         -80.357            -89.526
800.773280         -80.302            -89.403
800.766342         -80.246            -89.282
800.759359         -80.191            -89.163
800.752333         -80.135            -89.044
800.745264         -80.080            -88.928
800.738150         -80.024            -88.812
800.730994         -79.968            -88.698
800.723793         -79.913            -88.585
800.716550         -79.857            -88.474
800.709262         -79.801            -88.363
800.701932         -79.745            -88.254
800.694557         -79.690            -88.146
800.687140         -79.634            -88.039
800.679679         -79.578            -87.934
800.672175         -79.522            -87.830
800.664628         -79.466            -87.726
800.657037         -79.410            -87.624
800.649403         -79.354            -87.523
800.641726         -79.298            -87.423
800.634006         -79.242            -87.324
800.626242         -79.185            -87.227
800.618436         -79.129            -87.130
800.610586         -79.073            -87.034
800.602694         -79.017            -86.939
800.594758         -78.960            -86.846
800.586780         -78.904            -86.753
800.578759         -78.848            -86.661
800.570695         -78.791            -86.570
800.562587         -78.735            -86.481
800.554438         -78.678            -86.392
800.546245         -78.622            -86.304
800.538010         -78.565            -86.216
800.529732         -78.509            -86.130
800.521411         -78.452            -86.045
800.513047         -78.396            -85.960
800.504641         -78.339            -85.877
800.496193         -78.282            -85.794
800.487702         -78.226            -85.712
800.479168         -78.169            -85.631
800.470592         -78.112            -85.550
800.461974         -78.056            -85.471
800.453313         -77.999            -85.392
800.444610         -77.942            -85.314
800.435864         -77.885            -85.236
800.427077         -77.828            -85.160
800.418247         -77.771            -85.084
800.409375         -77.715            -85.009
800.400460         -77.658            -84.935
800.391504         -77.601            -84.861
800.382505         -77.544            -84.788
800.373465         -77.487            -84.716
800.364382         -77.430            -84.644
800.355258         -77.373            -84.573
800.346092         -77.316            -84.503
800.336883         -77.259            -84.434
800.327633         -77.202            -84.365
800.318341         -77.144            -84.296
800.309007         -77.087            -84.229
800.299632         -77.030            -84.162
800.290215         -76.973            -84.095
800.280756         -76.916            -84.029
800.271256         -76.859            -83.964
800.261714         -76.801            -83.900
800.252131         -76.744            -83.836
800.242506         -76.687            -83.772
800.232839         -76.630            -83.709
800.223132         -76.572            -83.647
800.213382         -76.515            -83.585
800.203592         -76.458            -83.524
800.193760         -76.400            -83.463
800.183887         -76.343            -83.403
800.173973         -76.286            -83.343
800.164018         -76.228            -83.284
800.154022         -76.171            -83.226
800.143984         -76.113            -83.168
800.133906         -76.056            -83.110
800.123786         -75.998            -83.053
800.113626         -75.941            -82.996
800.103425         -75.883            -82.940
800.093183         -75.826            -82.884
800.082900         -75.768            -82.829
800.072576         -75.711            -82.775
800.062212         -75.653            -82.720
800.051807         -75.596            -82.667
800.041362         -75.538            -82.613
800.030875         -75.480            -82.560
800.020349         -75.423            -82.508
800.009781         -75.365            -82.456
799.999174         -75.308            -82.404
799.988526         -75.250            -82.353
799.977837         -75.192            -82.303
799.967109         -75.135            -82.252
799.956340         -75.077            -82.202
799.945531         -75.019            -82.153
799.934681         -74.961            -82.104
799.923792         -74.904            -82.055
799.912862         -74.846            -82.007
799.901893         -74.788            -81.959
799.890883         -74.730            -81.911
799.879834         -74.673            -81.864
799.868745         -74.615            -81.817
799.857615         -74.557            -81.771
799.846446         -74.499            -81.725
799.835238         -74.441            -81.679
799.823989         -74.384            -81.634
799.812701         -74.326            -81.589
799.801374         -74.268            -81.545
799.790007         -74.210            -81.500
799.778600         -74.152            -81.456
799.767154         -74.094            -81.413
799.755668         -74.036            -81.370
799.744143         -73.978            -81.327
799.732579         -73.920            -81.284
799.720976         -73.863            -81.242
799.709333         -73.805            -81.200
799.697651         -73.747            -81.158
799.685931         -73.689            -81.117
799.674171         -73.631            -81.076
799.662372         -73.573            -81.035
799.650534         -73.515            -80.995
799.638657         -73.457            -80.955
799.626741         -73.399            -80.915
799.614787         -73.341            -80.876
799.602794         -73.283            -80.837
799.590762         -73.225            -80.798
799.578691         -73.167            -80.759
799.566582         -73.108            -80.721
799.554435         -73.050            -80.683
799.542249         -72.992            -80.645
799.530024         -72.934            -80.608
799.517761         -72.876            -80.571
799.505460         -72.818            -80.534
799.493120         -72.760            -80.497
799.480742         -72.702            -80.461
799.468326         -72.644            -80.425
799.455872         -72.585            -80.389
799.443380         -72.527            -80.353
799.430850         -72.469            -80.318
799.418282         -72.411            -80.283
799.405676         -72.353            -80.248
799.393032         -72.295            -80.213
799.380350         -72.236            -80.179
799.367631         -72.178            -80.145
799.354874         -72.120            -80.111
799.342079         -72.062            -80.078
799.329247         -72.004            -80.044
799.316377         -71.945            -80.011
799.303470         -71.887            -79.978
799.290525         -71.829            -79.945
799.277543         -71.771            -79.913
799.264524         -71.712            -79.881
799.251467         -71.654            -79.849
799.238373         -71.596            -79.817
799.225242         -71.538            -79.785
799.212074         -71.479            -79.754
799.198869         -71.421            -79.723
799.185627         -71.363            -79.692
799.172349         -71.304            -79.661
799.159033         -71.246            -79.631
799.145680         -71.188            -79.600
799.132291         -71.129            -79.570
799.118865         -71.071            -79.540
799.105403         -71.013            -79.511
799.091904         -70.954            -79.481
799.078368         -70.896            -79.452
799.064796         -70.838            -79.423
799.051187         -70.779            -79.394
799.037543         -70.721            -79.365
799.023862         -70.662            -79.337
799.010144         -70.604            -79.308
798.996391         -70.546            -79.280
798.982602         -70.487            -79.252
798.968776         -70.429            -79.225
798.954914         -70.370            -79.197
798.941017         -70.312            -79.170
798.927084         -70.254            -79.142
798.913115         -70.195            -79.115
798.899110         -70.137            -79.089
798.885069         -70.078            -79.062
798.870993         -70.020            -79.035
798.856882         -69.961            -79.009
798.842735         -69.903            -78.983
798.828552         -69.844            -78.957
798.814334         -69.786            -78.931
798.800081         -69.728            -78.905
798.785792         -69.669            -78.880
798.771469         -69.611            -78.854
798.757110         -69.552            -78.829
798.742716         -69.494            -78.804
798.728287         -69.435            -78.779
798.713823         -69.377            -78.755
798.699324         -69.318            -78.730
798.684791         -69.260            -78.706
798.670223         -69.201            -78.681
798.655620         -69.142            -78.657
798.640982         -69.084            -78.633
798.626310         -69.025            -78.609
798.611603         -68.967            -78.586
798.596862         -68.908            -78.562
798.582086         -68.850            -78.539
798.567277         -68.791            -78.516
798.552433         -68.733            -78.493
798.537554         -68.674            -78.470
798.522642         -68.615            -78.447
798.507696         -68.557            -78.424
798.492715         -68.498            -78.402
798.477701         -68.440            -78.380
798.462652         -68.381            -78.357
798.447570         -68.323            -78.335
798.432455         -68.264            -78.313
798.417305         -68.205            -78.291
798.402122         -68.147            -78.270
798.386906         -68.088            -78.248
798.371656         -68.029            -78.227
798.356372         -67.971            -78.205
798.341055         -67.912            -78.184
798.325705         -67.854            -78.163
798.310322         -67.795            -78.142
798.294905         -67.736            -78.121
798.279456         -67.678            -78.101
798.263973         -67.619            -78.080
798.248458         -67.560            -78.060
798.232909         -67.502            -78.040
798.217328         -67.443            -78.019
798.201714         -67.384            -77.999
798.186068         -67.326            -77.979
798.170388         -67.267            -77.960
798.154677         -67.208            -77.940
798.138932         -67.150            -77.920
798.123156         -67.091            -77.901
798.107347         -67.032            -77.881
798.091506         -66.974            -77.862
798.075632         -66.915            -77.843
798.059726         -66.856            -77.824
798.043789         -66.797            -77.805
798.027819         -66.739            -77.786
798.011817         -66.680            -77.768
797.995784         -66.621            -77.749
797.979719         -66.563            -77.731
797.963622         -66.504            -77.712
797.947493         -66.445            -77.694
797.931333         -66.386            -77.676
797.915141         -66.328            -77.658
797.898918         -66.269            -77.640
797.882663         -66.210            -77.622
797.866377         -66.151            -77.604
797.850060         -66.093            -77.586
797.833712         -66.034            -77.569
797.817332         -65.975            -77.551
797.800922         -65.916            -77.534
797.784480         -65.858            -77.517
797.768008         -65.799            -77.500
797.751505         -65.740            -77.483
797.734971         -65.681            -77.466
797.718407         -65.622            -77.449
797.701811         -65.564            -77.432
797.685186         -65.505            -77.415
797.668530         -65.446            -77.399
797.651843         -65.387            -77.382
797.635126         -65.329            -77.366
797.618379         -65.270            -77.350
797.601602         -65.211            -77.333
797.584795         -65.152            -77.317
797.567957         -65.093            -77.301
797.551090         -65.034            -77.285
797.534193         -64.976            -77.269
797.517266         -64.917            -77.254
797.500309         -64.858            -77.238
797.483322         -64.799            -77.222
797.466306         -64.740            -77.207
797.449261         -64.682            -77.191
797.432186         -64.623            -77.176
797.415081         -64.564            -77.161
797.397948         -64.505            -77.146
797.380785         -64.446            -77.131
797.363593         -64.387            -77.116
797.346372         -64.328            -77.101
797.329122         -64.270            -77.086
797.311843         -64.211            -77.071
797.294535         -64.152            -77.056
797.277198         -64.093            -77.042
797.259833         -64.034            -77.027
797.242439         -63.975            -77.013
797.225016         -63.916            -76.998
797.207565         -63.858            -76.984
797.190086         -63.799            -76.970
797.172578         -63.740            -76.956
797.155042         -63.681            -76.942
797.137477         -63.622            -76.928
797.119885         -63.563            -76.914
797.102265         -63.504            -76.900
797.084616         -63.445            -76.886
797.066940         -63.386            -76.873
797.049236         -63.327            -76.859
797.031505         -63.269            -76.845
797.013745         -63.210            -76.832
796.995958         -63.151            -76.819
796.978144         -63.092            -76.805
796.960302         -63.033            -76.792
796.942433         -62.974            -76.779
796.924536         -62.915            -76.766
796.906613         -62.856            -76.753
796.888662         -62.797            -76.740
796.870684         -62.738            -76.727
796.852679         -62.679            -76.714
796.834648         -62.620            -76.701
796.816589         -62.562            -76.688
796.798504         -62.503            -76.676
796.780392         -62.444            -76.663
796.762254         -62.385            -76.651
796.744089         -62.326            -76.638
796.725898         -62.267            -76.626
796.707680         -62.208            -76.614
796.689437         -62.149            -76.601
796.671166         -62.090            -76.589
796.652870         -62.031            -76.577
796.634548         -61.972            -76.565
796.616200         -61.913            -76.553
796.597826         -61.854            -76.541
796.579426         -61.795            -76.529
796.561001         -61.736            -76.517
796.542550         -61.677            -76.506
796.524073         -61.618            -76.494
796.505571         -61.559            -76.482
796.487044         -61.500            -76.471
796.468491         -61.441            -76.459
796.449913         -61.382            -76.448
796.431310         -61.323            -76.436
796.412682         -61.264            -76.425
796.394029         -61.205            -76.414
796.375351         -61.146            -76.403
796.356648         -61.087            -76.391
796.337920         -61.028            -76.380
796.319168         -60.969            -76.369
796.300391         -60.910            -76.358
796.281589         -60.851            -76.347
796.262764         -60.792            -76.336
796.243913         -60.733            -76.326
796.225039         -60.674            -76.315
796.206140         -60.615            -76.304
796.187218         -60.556            -76.293
796.168271         -60.497            -76.283
796.149300         -60.438            -76.272
796.130306         -60.379            -76.262
796.111288         -60.320            -76.251
796.092246         -60.261            -76.241
796.073180         -60.202            -76.231
796.054091         -60.143            -76.220
796.034979         -60.084            -76.210
796.015843         -60.025            -76.200
795.996684         -59.966            -76.190
795.977501         -59.907            -76.180
795.958296         -59.848            -76.170
795.939067         -59.789            -76.160
795.919816         -59.730            -76.150
795.900542         -59.671            -76.140
795.881245         -59.612            -76.130
795.861925         -59.552            -76.120
795.842583         -59.493            -76.110
795.823218         -59.434            -76.101
795.803830         -59.375            -76.091
795.784421         -59.316            -76.082
795.764989         -59.257            -76.072
795.745534         -59.198            -76.063
795.726058         -59.139            -76.053
795.706560         -59.080            -76.044
795.687040         -59.021            -76.034
795.667498         -58.962            -76.025
795.647934         -58.903            -76.016
795.628348         -58.844            -76.007
795.608741         -58.785            -75.997
795.589112         -58.725            -75.988
795.569462         -58.666            -75.979
795.549791         -58.607            -75.970
795.530098         -58.548            -75.961
795.510384         -58.489            -75.952
795.490649         -58.430            -75.943
795.470893         -58.371            -75.934
795.451116         -58.312            -75.926
795.431318         -58.253            -75.917
795.411499         -58.194            -75.908
795.391660         -58.134            -75.899
795.371800         -58.075            -75.891
795.351920         -58.016            -75.882
795.332019         -57.957            -75.874
795.312098         -57.898            -75.865
795.292157         -57.839            -75.857
795.272195         -57.780            -75.848
795.252214         -57.721            -75.840
795.232212         -57.662            -75.831
795.212191         -57.602            -75.823
795.192150         -57.543            -75.815
795.172089         -57.484            -75.807
795.152008         -57.425            -75.798
795.131908         -57.366            -75.790
795.111788         -57.307            -75.782
795.091649         -57.248            -75.774
795.071491         -57.188            -75.766
795.051313         -57.129            -75.758
795.031117         -57.070            -75.750
795.010901         -57.011            -75.742
794.990667         -56.952            -75.734
794.970413         -56.893            -75.726
794.950141         -56.834            -75.719
794.929850         -56.774            -75.711
794.909540         -56.715            -75.703
794.889212         -56.656            -75.695
794.868866         -56.597            -75.688
794.848501         -56.538            -75.680
794.828118         -56.479            -75.672
794.807717         -56.420            -75.665
794.787298         -56.360            -75.657
794.766861         -56.301            -75.650
794.746406         -56.242            -75.642
794.725933         -56.183            -75.635
794.705442         -56.124            -75.628
794.684934         -56.065            -75.620
794.664408         -56.005            -75.613
794.643865         -55.946            -75.606
794.623304         -55.887            -75.599
794.602727         -55.828            -75.591
794.582132         -55.769            -75.584
794.561519         -55.709            -75.577
794.540890         -55.650            -75.570
794.520244         -55.591            -75.563
794.499581         -55.532            -75.556
794.478902         -55.473            -75.549
794.458206         -55.414            -75.542
794.437493         -55.354            -75.535
794.416763         -55.295            -75.528
794.396018         -55.236            -75.521
794.375256         -55.177            -75.515
794.354478         -55.118            -75.508
794.333683         -55.058            -75.501
794.312873         -54.999            -75.494
794.292047         -54.940            -75.488
794.271205         -54.881            -75.481
794.250347         -54.822            -75.474
794.229474         -54.762            -75.468
794.208584         -54.703            -75.461
794.187680         -54.644            -75.455
794.166760         -54.585            -75.448
794.145825         -54.525            -75.442
794.124874         -54.466            -75.435
794.103909         -54.407            -75.429
794.082928         -54.348            -75.422
794.061933         -54.289            -75.416
794.040922         -54.229            -75.410
794.019897         -54.170            -75.403
793.998857         -54.111            -75.397
793.977803         -54.052            -75.391
793.956734         -53.992            -75.385
793.935651         -53.933            -75.378
793.914553         -53.874            -75.372
793.893442         -53.815            -75.366
793.872316         -53.756            -75.360
793.851176         -53.696            -75.354
793.830022         -53.637            -75.348
793.808854         -53.578            -75.342
793.787673         -53.519            -75.336
793.766478         -53.459            -75.330
793.745269         -53.400            -75.324
793.724047         -53.341            -75.318
793.702811         -53.282            -75.312
793.681562         -53.222            -75.307
793.660300         -53.163            -75.301
793.639025         -53.104            -75.295
793.617737         -53.045            -75.289
793.596436         -52.985            -75.284
793.575122         -52.926            -75.278
793.553795         -52.867            -75.272
793.532456         -52.808            -75.267
793.511104         -52.748            -75.261
793.489740         -52.689            -75.255
793.468363         -52.630            -75.250
793.446974         -52.570            -75.244
793.425573         -52.511            -75.239
793.404159         -52.452            -75.233
793.382734         -52.393            -75.228
793.361297         -52.333            -75.222
793.339848         -52.274            -75.217
793.318387         -52.215            -75.212
793.296914         -52.156            -75.206
793.275430         -52.096            -75.201
793.253935         -52.037            -75.196
793.232428         -51.978            -75.190
793.210910         -51.918            -75.185
793.189381         -51.859            -75.180
793.167840         -51.800            -75.175
793.146289         -51.741            -75.169
793.124727         -51.681            -75.164
793.103154         -51.622            -75.159
793.081570         -51.563            -75.154
793.059976         -51.503            -75.149
793.038371         -51.444            -75.144
793.016756         -51.385            -75.139
792.995130         -51.326            -75.134
792.973494         -51.266            -75.129
792.951848         -51.207            -75.124
792.930192         -51.148            -75.119
792.908526         -51.088            -75.114
792.886851         -51.029            -75.109
792.865165         -50.970            -75.104
792.843470         -50.910            -75.099
792.821765         -50.851            -75.095
792.800051         -50.792            -75.090
792.778327         -50.733            -75.085
792.756594         -50.673            -75.080
792.734851         -50.614            -75.075
792.713100         -50.555            -75.071
792.691340         -50.495            -75.066
792.669570         -50.436            -75.061
792.647792         -50.377            -75.057
792.626005         -50.317            -75.052
792.604210         -50.258            -75.047
792.582406         -50.199            -75.043
792.560593         -50.139            -75.038
792.538772         -50.080            -75.034
792.516943         -50.021            -75.029
792.495106         -49.961            -75.025
792.473260         -49.902            -75.020
792.451407         -49.843            -75.016
792.429546         -49.783            -75.011
792.407677         -49.724            -75.007
792.385800         -49.665            -75.003
792.363916         -49.605            -74.998
792.342024         -49.546            -74.994
792.320124         -49.487            -74.990
792.298218         -49.427            -74.985
792.276304         -49.368            -74.981
792.254383         -49.309            -74.977
792.232455         -49.249            -74.972
792.210520         -49.190            -74.968
792.188578         -49.131            -74.964
792.166630         -49.071            -74.960
792.144675         -49.012            -74.956
792.122713         -48.953            -74.952
792.100745         -48.893            -74.947
792.078770         -48.834            -74.943
792.056789         -48.774            -74.939
792.034802         -48.715            -74.935
792.012809         -48.656            -74.931
791.990810         -48.596            -74.927
791.968805         -48.537            -74.923
791.946794         -48.478            -74.919
791.924778         -48.418            -74.915
791.902756         -48.359            -74.911
791.880728         -48.300            -74.907
791.858695         -48.240            -74.903
791.836657         -48.181            -74.899
791.814613         -48.121            -74.895
791.792564         -48.062            -74.892
791.770511         -48.003            -74.888
791.748452         -47.943            -74.884
791.726388         -47.884            -74.880
791.704320         -47.825            -74.876
791.682247         -47.765            -74.873
791.660170         -47.706            -74.869
791.638088         -47.646            -74.865
791.616001         -47.587            -74.861
791.593911         -47.528            -74.858
791.571816         -47.468            -74.854
791.549717         -47.409            -74.850
791.527614         -47.349            -74.847
791.505508         -47.290            -74.843
791.483397         -47.231            -74.839
791.461283         -47.171            -74.836
791.439165         -47.112            -74.832
791.417044         -47.053            -74.829
791.394919         -46.993            -74.825
791.372791         -46.934            -74.822
791.350660         -46.874            -74.818
791.328525         -46.815            -74.815
791.306388         -46.756            -74.811
791.284248         -46.696            -74.808
791.262105         -46.637            -74.804
791.239959         -46.577            -74.801
791.217810         -46.518            -74.797
791.195659         -46.459            -74.794
791.173506         -46.399            -74.791
791.151350         -46.340            -74.787
791.129192         -46.280            -74.784
791.107031         -46.221            -74.781
791.084869         -46.161            -74.777
791.062704         -46.102            -74.774
791.040538         -46.043            -74.771
791.018370         -45.983            -74.767
790.996201         -45.924            -74.764
790.974029         -45.864            -74.761
790.951857         -45.805            -74.758
790.929682         -45.746            -74.755
790.907507         -45.686            -74.751
790.885330         -45.627            -74.748
790.863153         -45.567            -74.745
790.840974         -45.508            -74.742
790.818794         -45.448            -74.739
790.796614         -45.389            -74.736
790.774433         -45.330            -74.733
790.752251         -45.270            -74.730
790.730068         -45.211            -74.727
790.707886         -45.151            -74.723
790.685702         -45.092            -74.720
790.663519         -45.032            -74.717
790.641336         -44.973            -74.714
790.619152         -44.914            -74.711
790.596969         -44.854            -74.708
790.574785         -44.795            -74.706
790.552602         -44.735            -74.703
790.530419         -44.676            -74.700
790.508237         -44.616            -74.697
790.486055         -44.557            -74.694
790.463874         -44.497            -74.691
790.441693         -44.438            -74.688
790.419514         -44.379            -74.685
790.397335         -44.319            -74.682
790.375157         -44.260            -74.680
790.352981         -44.200            -74.677
790.330805         -44.141            -74.674
790.308631         -44.081            -74.671
790.286459         -44.022            -74.668
790.264287         -43.962            -74.666
790.242118         -43.903            -74.663
790.219950         -43.843            -74.660
790.197784         -43.784            -74.657
790.175619         -43.725            -74.655
790.153457         -43.665            -74.652
790.131297         -43.606            -74.649
790.109139         -43.546            -74.647
790.086983         -43.487            -74.644
790.064829         -43.427            -74.641
790.042678         -43.368            -74.639
790.020530         -43.308            -74.636
789.998384         -43.249            -74.634
789.976241         -43.189            -74.631
789.954101         -43.130            -74.628
789.931963         -43.070            -74.626
789.909829         -43.011            -74.623
789.887698         -42.951            -74.621
789.865570         -42.892            -74.618
789.843446         -42.832            -74.616
789.821324         -42.773            -74.613
789.799207         -42.714            -74.611
789.777093         -42.654            -74.608
789.754982         -42.595            -74.606
789.732876         -42.535            -74.603
789.710773         -42.476            -74.601
789.688674         -42.416            -74.599
789.666580         -42.357            -74.596
789.644489         -42.297            -74.594
789.622403         -42.238            -74.591
789.600321         -42.178            -74.589
789.578244         -42.119            -74.587
789.556171         -42.059            -74.584
789.534103         -42.000            -74.582
789.512040         -41.940            -74.580
789.489981         -41.881            -74.577
789.467928         -41.821            -74.575
789.445879         -41.762            -74.573
789.423836         -41.702            -74.571
789.401798         -41.643            -74.568
789.379765         -41.583            -74.566
789.357738         -41.524            -74.564
789.335716         -41.464            -74.562
789.313700         -41.405            -74.559
789.291689         -41.345            -74.557
789.269685         -41.286            -74.555
789.247686         -41.226            -74.553
789.225693         -41.167            -74.551
789.203707         -41.107            -74.549
789.181726         -41.048            -74.546
789.159752         -40.988            -74.544
789.137784         -40.929            -74.542
789.115823         -40.869            -74.540
789.093868         -40.810            -74.538
789.071920         -40.750            -74.536
789.049979         -40.691            -74.534
789.028044         -40.631            -74.532
789.006117         -40.571            -74.530
788.984196         -40.512            -74.528
788.962283         -40.452            -74.526
788.940377         -40.393            -74.524
788.918478         -40.333            -74.522
788.896587         -40.274            -74.520
788.874703         -40.214            -74.518
788.852827         -40.155            -74.516
788.830958         -40.095            -74.514
788.809098         -40.036            -74.512
788.787245         -39.976            -74.510
788.765400         -39.917            -74.508
788.743564         -39.857            -74.506
788.721735         -39.798            -74.504
788.699915         -39.738            -74.502
788.678103         -39.679            -74.500
788.656300         -39.619            -74.498
788.634505         -39.559            -74.496
788.612719         -39.500            -74.495
788.590942         -39.440            -74.493
788.569174         -39.381            -74.491
788.547414         -39.321            -74.489
788.525664         -39.262            -74.487
788.503922         -39.202            -74.485
788.482190         -39.143            -74.484
788.460468         -39.083            -74.482
788.438754         -39.024            -74.480
788.417050         -38.964            -74.478
788.395356         -38.904            -74.476
788.373672         -38.845            -74.475
788.351997         -38.785            -74.473
788.330332         -38.726            -74.471
788.308677         -38.666            -74.470
788.287033         -38.607            -74.468
788.265398         -38.547            -74.466
788.243774         -38.488            -74.464
788.222160         -38.428            -74.463
788.200557         -38.369            -74.461
788.178964         -38.309            -74.459
788.157381         -38.249            -74.458
788.135810         -38.190            -74.456
788.114249         -38.130            -74.454
788.092699         -38.071            -74.453
788.071161         -38.011            -74.451
788.049633         -37.952            -74.450
788.028117         -37.892            -74.448
788.006611         -37.832            -74.446
787.985118         -37.773            -74.445
787.963635         -37.713            -74.443
787.942165         -37.654            -74.442
787.920706         -37.594            -74.440
787.899259         -37.535            -74.439
787.877823         -37.475            -74.437
787.856400         -37.415            -74.436
787.834989         -37.356            -74.434
787.813589         -37.296            -74.433
787.792202         -37.237            -74.431
787.770828         -37.177            -74.430
787.749465         -37.118            -74.428
787.728116         -37.058            -74.427
787.706779         -36.998            -74.425
787.685454         -36.939            -74.424
787.664143         -36.879            -74.422
787.642844         -36.820            -74.421
787.621558         -36.760            -74.419
787.600286         -36.700            -74.418
787.579026         -36.641            -74.417
787.557780         -36.581            -74.415
787.536547         -36.522            -74.414
787.515327         -36.462            -74.412
787.494121         -36.403            -74.411
787.472929         -36.343            -74.410
787.451751         -36.283            -74.408
787.430586         -36.224            -74.407
787.409435         -36.164            -74.406
787.388298         -36.105            -74.404
787.367175         -36.045            -74.403
787.346067         -35.985            -74.402
787.324972         -35.926            -74.400
787.303892         -35.866            -74.399
787.282827         -35.807            -74.398
787.261776         -35.747            -74.396
787.240739         -35.687            -74.395
787.219718         -35.628            -74.394
787.198711         -35.568            -74.393
787.177719         -35.509            -74.391
787.156742         -35.449            -74.390
787.135780         -35.389            -74.389
787.114834         -35.330            -74.388
787.093902         -35.270            -74.386
787.072987         -35.211            -74.385
787.052086         -35.151            -74.384
787.031201         -35.091            -74.383
787.010332         -35.032            -74.382
786.989478         -34.972            -74.380
786.968640         -34.912            -74.379
786.947819         -34.853            -74.378
786.927013         -34.793            -74.377
786.906223         -34.734            -74.376
786.885449         -34.674            -74.375
786.864692         -34.614            -74.374
786.843951         -34.555            -74.372
786.823227         -34.495            -74.371
786.802519         -34.435            -74.370
786.781827         -34.376            -74.369
786.761153         -34.316            -74.368
786.740495         -34.257            -74.367
786.719854         -34.197            -74.366
786.699230         -34.137            -74.365
786.678624         -34.078            -74.364
786.658034         -34.018            -74.363
786.637462         -33.958            -74.362
786.616907         -33.899            -74.361
786.596369         -33.839            -74.359
786.575849         -33.780            -74.358
786.555347         -33.720            -74.357
786.534862         -33.660            -74.356
786.514396         -33.601            -74.355
786.493947         -33.541            -74.354
786.473516         -33.481            -74.353
786.453103         -33.422            -74.352
786.432708         -33.362            -74.351
786.412332         -33.303            -74.350
786.391973         -33.243            -74.350
786.371634         -33.183            -74.349
786.351312         -33.124            -74.348
786.331010         -33.064            -74.347
786.310726         -33.004            -74.346
786.290461         -32.945            -74.345
786.270215         -32.885            -74.344
786.249987         -32.825            -74.343
786.229779         -32.766            -74.342
786.209590         -32.706            -74.341
786.189420         -32.646            -74.340
786.169269         -32.587            -74.339
786.149138         -32.527            -74.338
786.129026         -32.467            -74.338
786.108934         -32.408            -74.337
786.088862         -32.348            -74.336
786.068809         -32.289            -74.335
786.048776         -32.229            -74.334
786.028763         -32.169            -74.333
786.008770         -32.110            -74.332
785.988797         -32.050            -74.332
785.968845         -31.990            -74.331
785.948912         -31.931            -74.330
785.929000         -31.871            -74.329
785.909108         -31.811            -74.328
785.889237         -31.752            -74.328
785.869387         -31.692            -74.327
785.849557         -31.632            -74.326
785.829748         -31.573            -74.325
785.809960         -31.513            -74.324
785.790193         -31.453            -74.324
785.770447         -31.394            -74.323
785.750722         -31.334            -74.322
785.731018         -31.274            -74.321
785.711336         -31.215            -74.321
785.691674         -31.155            -74.320
785.672035         -31.095            -74.319
785.652417         -31.036            -74.318
785.632821         -30.976            -74.318
785.613246         -30.916            -74.317
785.593693         -30.857            -74.316
785.574162         -30.797            -74.316
785.554653         -30.737            -74.315
785.535167         -30.678            -74.314
785.515702         -30.618            -74.313
785.496259         -30.558            -74.313
785.476839         -30.498            -74.312
785.457442         -30.439            -74.311
785.438067         -30.379            -74.311
785.418714         -30.319            -74.310
785.399384         -30.260            -74.310
785.380077         -30.200            -74.309
785.360793         -30.140            -74.308
785.341531         -30.081            -74.308
785.322293         -30.021            -74.307
785.303078         -29.961            -74.306
785.283885         -29.902            -74.306
785.264717         -29.842            -74.305
785.245571         -29.782            -74.305
785.226449         -29.723            -74.304
785.207350         -29.663            -74.303
785.188275         -29.603            -74.303
785.169224         -29.543            -74.302
785.150196         -29.484            -74.302
785.131193         -29.424            -74.301
785.112213         -29.364            -74.300
785.093257         -29.305            -74.300
785.074326         -29.245            -74.299
785.055418         -29.185            -74.299
785.036535         -29.126            -74.298
785.017676         -29.066            -74.298
784.998841         -29.006            -74.297
784.980031         -28.947            -74.297
784.961246         -28.887            -74.296
784.942485         -28.827            -74.296
784.923749         -28.767            -74.295
784.905038         -28.708            -74.295
784.886352         -28.648            -74.294
784.867690         -28.588            -74.294
784.849054         -28.529            -74.293
784.830443         -28.469            -74.293
784.811857         -28.409            -74.292
784.793297         -28.349            -74.292
784.774762         -28.290            -74.291
784.756252         -28.230            -74.291
784.737768         -28.170            -74.290
784.719310         -28.111            -74.290
784.700877         -28.051            -74.289
784.682470         -27.991            -74.289
784.664089         -27.931            -74.289
784.645734         -27.872            -74.288
784.627405         -27.812            -74.288
784.609102         -27.752            -74.287
784.590826         -27.693            -74.287
784.572575         -27.633            -74.286
784.554351         -27.573            -74.286
784.536154         -27.513            -74.286
784.517983         -27.454            -74.285
784.499838         -27.394            -74.285
784.481720         -27.334            -74.284
784.463629         -27.275            -74.284
784.445565         -27.215            -74.284
784.427528         -27.155            -74.283
784.409518         -27.095            -74.283
784.391535         -27.036            -74.283
784.373579         -26.976            -74.282
784.355650         -26.916            -74.282
784.337748         -26.856            -74.282
784.319874         -26.797            -74.281
784.302028         -26.737            -74.281
784.284209         -26.677            -74.281
784.266417         -26.618            -74.280
784.248653         -26.558            -74.280
784.230918         -26.498            -74.280
784.213209         -26.438            -74.279
784.195529         -26.379            -74.279
784.177877         -26.319            -74.279
784.160253         -26.259            -74.278
784.142657         -26.199            -74.278
784.125089         -26.140            -74.278
784.107550         -26.080            -74.277
784.090039         -26.020            -74.277
784.072557         -25.960            -74.277
784.055103         -25.901            -74.277
784.037677         -25.841            -74.276
784.020281         -25.781            -74.276
784.002913         -25.722            -74.276
783.985574         -25.662            -74.276
783.968264         -25.602            -74.275
783.950983         -25.542            -74.275
783.933731         -25.483            -74.275
783.916508         -25.423            -74.275
783.899315         -25.363            -74.274
783.882150         -25.303            -74.274
783.865015         -25.244            -74.274
783.847910         -25.184            -74.274
783.830834         -25.124            -74.273
783.813788         -25.064            -74.273
783.796771         -25.005            -74.273
783.779784         -24.945            -74.273
783.762827         -24.885            -74.273
783.745900         -24.825            -74.272
783.729003         -24.766            -74.272
783.712136         -24.706            -74.272
783.695299         -24.646            -74.272
783.678492         -24.586            -74.272
783.661716         -24.527            -74.272
783.644969         -24.467            -74.271
783.628254         -24.407            -74.271
783.611568         -24.347            -74.271
783.594914         -24.288            -74.271
783.578290         -24.228            -74.271
783.561696         -24.168            -74.271
783.545134         -24.108            -74.270
783.528602         -24.048            -74.270
783.512101         -23.989            -74.270
783.495631         -23.929            -74.270
783.479193         -23.869            -74.270
783.462785         -23.809            -74.270
783.446409         -23.750            -74.270
783.430064         -23.690            -74.270
783.413750         -23.630            -74.269
783.397468         -23.570            -74.269
783.381217         -23.511            -74.269
783.364998         -23.451            -74.269
783.348810         -23.391            -74.269
783.332654         -23.331            -74.269
783.316530         -23.272            -74.269
783.300438         -23.212            -74.269
783.284378         -23.152            -74.269
783.268349         -23.092            -74.269
783.252353         -23.032            -74.268
783.236389         -22.973            -74.268
783.220457         -22.913            -74.268
783.204558         -22.853            -74.268
783.188690         -22.793            -74.268
783.172855         -22.734            -74.268
783.157053         -22.674            -74.268
783.141283         -22.614            -74.268
783.125546         -22.554            -74.268
783.109841         -22.494            -74.268
783.094170         -22.435            -74.268
783.078531         -22.375            -74.268
783.062925         -22.315            -74.268
783.047352         -22.255            -74.268
783.031812         -22.196            -74.268
783.016305         -22.136            -74.268
783.000831         -22.076            -74.268
782.985390         -22.016            -74.268
782.969983         -21.956            -74.268
782.954609         -21.897            -74.268
782.939269         -21.837            -74.268
782.923962         -21.777            -74.268
782.908688         -21.717            -74.268
782.893449         -21.657            -74.268
782.878243         -21.598            -74.268
782.863071         -21.538            -74.268
782.847932         -21.478            -74.268
782.832828         -21.418            -74.268
782.817757         -21.359            -74.268
782.802721         -21.299            -74.268
782.787718         -21.239            -74.268
782.772750         -21.179            -74.268
782.757816         -21.119            -74.268
782.742916         -21.060            -74.268
782.728051         -21.000            -74.268
782.713220         -20.940            -74.268
782.698424         -20.880            -74.268
782.683662         -20.820            -74.268
782.668935         -20.761            -74.268
782.654242         -20.701            -74.268
782.639584         -20.641            -74.268
782.624961         -20.581            -74.268
782.610373         -20.521            -74.268
782.595820         -20.462            -74.268
782.581302         -20.402            -74.269
782.566819         -20.342            -74.269
782.552371         -20.282            -74.269
782.537958         -20.222            -74.269
782.523581         -20.163            -74.269
782.509239         -20.103            -74.269
782.494932         -20.043            -74.269
782.480661         -19.983            -74.269
782.466425         -19.923            -74.269
782.452225         -19.864            -74.269
782.438060         -19.804            -74.269
782.423931         -19.744            -74.270
782.409838         -19.684            -74.270
782.395781         -19.624            -74.270
782.381760         -19.565            -74.270
782.367774         -19.505            -74.270
782.353825         -19.445            -74.270
782.339911         -19.385            -74.270
782.326034         -19.325            -74.270
782.312193         -19.266            -74.271
782.298388         -19.206            -74.271
782.284620         -19.146            -74.271
782.270888         -19.086            -74.271
782.257192         -19.026            -74.271
782.243533         -18.966            -74.271
782.229910         -18.907            -74.271
782.216324         -18.847            -74.272
782.202775         -18.787            -74.272
782.189262         -18.727            -74.272
782.175786         -18.667            -74.272
782.162347         -18.608            -74.272
782.148945         -18.548            -74.272
782.135580         -18.488            -74.273
782.122252         -18.428            -74.273
782.108961         -18.368            -74.273
782.095707         -18.308            -74.273
782.082490         -18.249            -74.273
782.069311         -18.189            -74.273
782.056169         -18.129            -74.274
782.043064         -18.069            -74.274
782.029997         -18.009            -74.274
782.016967         -17.950            -74.274
782.003974         -17.890            -74.274
781.991020         -17.830            -74.275
781.978103         -17.770            -74.275
781.965223         -17.710            -74.275
781.952382         -17.650            -74.275
781.939578         -17.591            -74.275
781.926812         -17.531            -74.276
781.914084         -17.471            -74.276
781.901395         -17.411            -74.276
781.888743         -17.351            -74.276
781.876129         -17.291            -74.276
781.863553         -17.232            -74.277
781.851016         -17.172            -74.277
781.838517         -17.112            -74.277
781.826056         -17.052            -74.277
781.813634         -16.992            -74.278
781.801250         -16.932            -74.278
781.788904         -16.873            -74.278
781.776597         -16.813            -74.278
781.764329         -16.753            -74.279
781.752099         -16.693            -74.279
781.739908         -16.633            -74.279
781.727756         -16.573            -74.279
781.715643         -16.514            -74.280
781.703568         -16.454            -74.280
781.691533         -16.394            -74.280
781.679536         -16.334            -74.280
781.667578         -16.274            -74.281
781.655660         -16.214            -74.281
781.643780         -16.155            -74.281
781.631940         -16.095            -74.281
781.620139         -16.035            -74.282
781.608377         -15.975            -74.282
781.596655         -15.915            -74.282
781.584972         -15.855            -74.283
781.573328         -15.796            -74.283
781.561724         -15.736            -74.283
781.550160         -15.676            -74.283
781.538635         -15.616            -74.284
781.527149         -15.556            -74.284
781.515704         -15.496            -74.284
781.504298         -15.437            -74.285
781.492932         -15.377            -74.285
781.481606         -15.317            -74.285
781.470319         -15.257            -74.286
781.459073         -15.197            -74.286
781.447866         -15.137            -74.286
781.436700         -15.078            -74.286
781.425574         -15.018            -74.287
781.414487         -14.958            -74.287
781.403441         -14.898            -74.287
781.392436         -14.838            -74.288
781.381470         -14.778            -74.288
781.370545         -14.718            -74.288
781.359660         -14.659            -74.289
781.348816         -14.599            -74.289
781.338012         -14.539            -74.289
781.327249         -14.479            -74.290
781.316526         -14.419            -74.290
781.305844         -14.359            -74.290
781.295202         -14.299            -74.291
781.284601         -14.240            -74.291
781.274041         -14.180            -74.291
781.263522         -14.120            -74.292
781.253044         -14.060            -74.292
781.242606         -14.000            -74.292
781.232210         -13.940            -74.293
781.221854         -13.881            -74.293
781.211539         -13.821            -74.293
781.201266         -13.761            -74.294
781.191034         -13.701            -74.294
781.180842         -13.641            -74.294
781.170692         -13.581            -74.295
781.160584         -13.521            -74.295
781.150516         -13.462            -74.296
781.140490         -13.402            -74.296
781.130505         -13.342            -74.296
781.120562         -13.282            -74.297
781.110660         -13.222            -74.297
781.100800         -13.162            -74.297
781.090981         -13.102            -74.298
781.081204         -13.043            -74.298
781.071469         -12.983            -74.299
781.061775         -12.923            -74.299
781.052123         -12.863            -74.299
781.042512         -12.803            -74.300
781.032944         -12.743            -74.300
781.023417         -12.683            -74.300
781.013933         -12.623            -74.301
781.004490         -12.564            -74.301
780.995089         -12.504            -74.302
780.985730         -12.444            -74.302
780.976414         -12.384            -74.302
780.967139         -12.324            -74.303
780.957906         -12.264            -74.303
780.948716         -12.204            -74.304
780.939568         -12.145            -74.304
780.930462         -12.085            -74.304
780.921399         -12.025            -74.305
780.912378         -11.965            -74.305
780.903399         -11.905            -74.306
780.894463         -11.845            -74.306
780.885569         -11.785            -74.307
780.876718         -11.726            -74.307
780.867909         -11.666            -74.307
780.859143         -11.606            -74.308
780.850419         -11.546            -74.308
780.841738         -11.486            -74.309
780.833100         -11.426            -74.309
780.824504         -11.366            -74.309
780.815952         -11.306            -74.310
780.807442         -11.247            -74.310
780.798975         -11.187            -74.311
780.790550         -11.127            -74.311
780.782169         -11.067            -74.312
780.773831         -11.007            -74.312
780.765535         -10.947            -74.312
780.757283         -10.887            -74.313
780.749074         -10.827            -74.313
780.740908         -10.768            -74.314
780.732785         -10.708            -74.314
780.724705         -10.648            -74.315
780.716668         -10.588            -74.315
780.708675         -10.528            -74.316
780.700725         -10.468            -74.316
780.692818         -10.408            -74.316
780.684955         -10.348            -74.317
780.677135         -10.289            -74.317
780.669358         -10.229            -74.318
780.661625         -10.169            -74.318
780.653935         -10.109            -74.319
780.646289         -10.049            -74.319
780.638687         -9.989             -74.320
780.631128         -9.929             -74.320
780.623612         -9.869             -74.321
780.616141         -9.810             -74.321
780.608713         -9.750             -74.321
780.601328         -9.690             -74.322
780.593988         -9.630             -74.322
780.586691         -9.570             -74.323
780.579438         -9.510             -74.323
780.572229         -9.450             -74.324
780.565064         -9.390             -74.324
780.557942         -9.331             -74.325
780.550865         -9.271             -74.325
780.543831         -9.211             -74.326
780.536842         -9.151             -74.326
780.529897         -9.091             -74.327
780.522995         -9.031             -74.327
780.516138         -8.971             -74.328
780.509325         -8.911             -74.328
780.502556         -8.851             -74.329
780.495831         -8.792             -74.329
780.489151         -8.732             -74.330
780.482515         -8.672             -74.330
780.475923         -8.612             -74.331
780.469375         -8.552             -74.331
780.462872         -8.492             -74.332
780.456412         -8.432             -74.332
780.449998         -8.372             -74.333
780.443628         -8.313             -74.333
780.437302         -8.253             -74.333
780.431021         -8.193             -74.334
780.424784         -8.133             -74.334
780.418591         -8.073             -74.335
780.412444         -8.013             -74.335
780.406341         -7.953             -74.336
780.400282         -7.893             -74.336
780.394268         -7.833             -74.337
780.388299         -7.774             -74.337
780.382374         -7.714             -74.338
780.376495         -7.654             -74.338
780.370659         -7.594             -74.339
780.364869         -7.534             -74.340
780.359124         -7.474             -74.340
780.353423         -7.414             -74.341
780.347767         -7.354             -74.341
780.342156         -7.294             -74.342
780.336590         -7.235             -74.342
780.331069         -7.175             -74.343
780.325592         -7.115             -74.343
780.320161         -7.055             -74.344
780.314775         -6.995             -74.344
780.309433         -6.935             -74.345
780.304137         -6.875             -74.345
780.298886         -6.815             -74.346
780.293680         -6.755             -74.346
780.288518         -6.696             -74.347
780.283403         -6.636             -74.347
780.278332         -6.576             -74.348
780.273306         -6.516             -74.348
780.268326         -6.456             -74.349
780.263390         -6.396             -74.349
780.258500         -6.336             -74.350
780.253656         -6.276             -74.350
780.248856         -6.216             -74.351
780.244102         -6.157             -74.351
780.239393         -6.097             -74.352
780.234730         -6.037             -74.352
780.230112         -5.977             -74.353
780.225539         -5.917             -74.354
780.221012         -5.857             -74.354
780.216530         -5.797             -74.355
780.212093         -5.737             -74.355
780.207702         -5.677             -74.356
780.203357         -5.618             -74.356
780.199057         -5.558             -74.357
780.194802         -5.498             -74.357
780.190593         -5.438             -74.358
780.186430         -5.378             -74.358
780.182312         -5.318             -74.359
780.178240         -5.258             -74.359
780.174213         -5.198             -74.360
780.170232         -5.138             -74.361
780.166297         -5.078             -74.361
780.162407         -5.019             -74.362
780.158563         -4.959             -74.362
780.154764         -4.899             -74.363
780.151012         -4.839             -74.363
780.147305         -4.779             -74.364
780.143644         -4.719             -74.364
780.140028         -4.659             -74.365
780.136459         -4.599             -74.365
780.132935         -4.539             -74.366
780.129457         -4.479             -74.367
780.126025         -4.420             -74.367
780.122638         -4.360             -74.368
780.119298         -4.300             -74.368
780.116003         -4.240             -74.369
780.112754         -4.180             -74.369
780.109551         -4.120             -74.370
780.106394         -4.060             -74.370
780.103283         -4.000             -74.371
780.100218         -3.940             -74.371
780.097199         -3.881             -74.372
780.094226         -3.821             -74.373
780.091299         -3.761             -74.373
780.088418         -3.701             -74.374
780.085582         -3.641             -74.374
780.082793         -3.581             -74.375
780.080050         -3.521             -74.375
780.077353         -3.461             -74.376
780.074702         -3.401             -74.376
780.072097         -3.341             -74.377
780.069538         -3.282             -74.378
780.067025         -3.222             -74.378
780.064558         -3.162             -74.379
780.062138         -3.102             -74.379
780.059763         -3.042             -74.380
780.057435         -2.982             -74.380
780.055152         -2.922             -74.381
780.052916         -2.862             -74.381
780.050726         -2.802             -74.382
780.048583         -2.742             -74.383
780.046485         -2.683             -74.383
780.044434         -2.623             -74.384
780.042428         -2.563             -74.384
780.040469         -2.503             -74.385
780.038557         -2.443             -74.385
780.036690         -2.383             -74.386
780.034870         -2.323             -74.387
780.033096         -2.263             -74.387
780.031368         -2.203             -74.388
780.029686         -2.143             -74.388
780.028051         -2.084             -74.389
780.026462         -2.024             -74.389
780.024919         -1.964             -74.390
780.023422         -1.904             -74.391
780.021972         -1.844             -74.391
780.020568         -1.784             -74.392
780.019211         -1.724             -74.392
780.017899         -1.664             -74.393
780.016634         -1.604             -74.393
780.015416         -1.544             -74.394
780.014243         -1.485             -74.394
780.013117         -1.425             -74.395
780.012038         -1.365             -74.396
780.011004         -1.305             -74.396
780.010017         -1.245             -74.397
780.009077         -1.185             -74.397
780.008182         -1.125             -74.398
780.007334         -1.065             -74.398
780.006533         -1.005             -74.399
780.005777         -0.945             -74.400
780.005069         -0.886             -74.400
780.004406         -0.826             -74.401
780.003790         -0.766             -74.401
780.003220         -0.706             -74.402
780.002697         -0.646             -74.402
780.002220         -0.586             -74.403
780.001789         -0.526             -74.404
780.001405         -0.466             -74.404
780.001067         -0.406             -74.405
780.000776         -0.346             -74.405
780.000531         -0.286             -74.406
780.000332         -0.227             -74.406
780.000180         -0.167             -74.407
780.000074         -0.107             -74.408
780.000014         -0.047             -74.408
780.000001         0.013              -74.409
780.000034         0.073              -74.409
780.000114         0.133              -74.410
780.000240         0.193              -74.410
780.000413         0.253              -74.411
780.000631         0.313              -74.412
780.000897         0.372              -74.412
780.001208         0.432              -74.413
780.001566         0.492              -74.413
780.001971         0.552              -74.414
780.002421         0.612              -74.414
780.002919         0.672              -74.415
780.003462         0.732              -74.416
780.004052         0.792              -74.416
780.004688         0.852              -74.417
780.005371         0.912              -74.417
780.006100         0.971              -74.418
780.006875         1.031              -74.418
780.007697         1.091              -74.419
780.008565         1.151              -74.420
780.009480         1.211              -74.420
780.010440         1.271              -74.421
780.011448         1.331              -74.421
780.012501         1.391              -74.422
780.013601         1.451              -74.422
780.014747         1.511              -74.423
780.015940         1.570              -74.423
780.017178         1.630              -74.424
780.018464         1.690              -74.425
780.019795         1.750              -74.425
780.021173         1.810              -74.426
780.022597         1.870              -74.426
780.024067         1.930              -74.427
780.025584         1.990              -74.427
780.027147         2.050              -74.428
780.028756         2.110              -74.429
780.030411         2.169              -74.429
780.032113         2.229              -74.430
780.033861         2.289              -74.430
780.035655         2.349              -74.431
780.037496         2.409              -74.431
780.039382         2.469              -74.432
780.041315         2.529              -74.433
780.043294         2.589              -74.433
780.045319         2.649              -74.434
780.047391         2.709              -74.434
780.049509         2.768              -74.435
780.051672         2.828              -74.435
780.053882         2.888              -74.436
780.056139         2.948              -74.436
780.058441         3.008              -74.437
780.060789         3.068              -74.438
780.063184         3.128              -74.438
780.065625         3.188              -74.439
780.068111         3.248              -74.439
780.070644         3.308              -74.440
780.073223         3.367              -74.440
780.075848         3.427              -74.441
780.078519         3.487              -74.442
780.081236         3.547              -74.442
780.084000         3.607              -74.443
780.086809         3.667              -74.443
780.089664         3.727              -74.444
780.092565         3.787              -74.444
780.095512         3.847              -74.445
780.098505         3.907              -74.445
780.101545         3.966              -74.446
780.104630         4.026              -74.446
780.107761         4.086              -74.447
780.110938         4.146              -74.448
780.114160         4.206              -74.448
780.117429         4.266              -74.449
780.120744         4.326              -74.449
780.124104         4.386              -74.450
780.127510         4.446              -74.450
780.130963         4.506              -74.451
780.134460         4.565              -74.451
780.138004         4.625              -74.452
780.141594         4.685              -74.453
780.145229         4.745              -74.453
780.148910         4.805              -74.454
780.152637         4.865              -74.454
780.156409         4.925              -74.455
780.160228         4.985              -74.455
780.164091         5.045              -74.456
780.168001         5.104              -74.456
780.171956         5.164              -74.457
780.175957         5.224              -74.457
780.180004         5.284              -74.458
780.184096         5.344              -74.458
780.188233         5.404              -74.459
780.192417         5.464              -74.460
780.196645         5.524              -74.460
780.200920         5.584              -74.461
780.205239         5.644              -74.461
780.209605         5.703              -74.462
780.214016         5.763              -74.462
780.218472         5.823              -74.463
780.222973         5.883              -74.463
780.227521         5.943              -74.464
780.232113         6.003              -74.464
780.236751         6.063              -74.465
780.241434         6.123              -74.465
780.246163         6.183              -74.466
780.250936         6.242              -74.466
780.255756         6.302              -74.467
780.260620         6.362              -74.468
780.265530         6.422              -74.468
780.270484         6.482              -74.469
780.275484         6.542              -74.469
780.280530         6.602              -74.470
780.285620         6.662              -74.470
780.290756         6.722              -74.471
780.295936         6.781              -74.471
780.301162         6.841              -74.472
780.306433         6.901              -74.472
780.311749         6.961              -74.473
780.317110         7.021              -74.473
780.322516         7.081              -74.474
780.327966         7.141              -74.474
780.333462         7.201              -74.475
780.339003         7.261              -74.475
780.344589         7.320              -74.476
780.350219         7.380              -74.476
780.355895         7.440              -74.477
780.361615         7.500              -74.477
780.367380         7.560              -74.478
780.373190         7.620              -74.478
780.379044         7.680              -74.479
780.384943         7.740              -74.479
780.390887         7.800              -74.480
780.396876         7.859              -74.480
780.402909         7.919              -74.481
780.408987         7.979              -74.481
780.415110         8.039              -74.482
780.421277         8.099              -74.482
780.427489         8.159              -74.483
780.433745         8.219              -74.483
780.440045         8.279              -74.484
780.446390         8.339              -74.484
780.452780         8.398              -74.485
780.459214         8.458              -74.485
780.465692         8.518              -74.486
780.472215         8.578              -74.486
780.478782         8.638              -74.487
780.485393         8.698              -74.487
780.492049         8.758              -74.488
780.498748         8.818              -74.488
780.505492         8.878              -74.489
780.512280         8.937              -74.489
780.519113         8.997              -74.490
780.525989         9.057              -74.490
780.532909         9.117              -74.491
780.539874         9.177              -74.491
780.546883         9.237              -74.492
780.553935         9.297              -74.492
780.561032         9.357              -74.493
780.568172         9.416              -74.493
780.575356         9.476              -74.494
780.582584         9.536              -74.494
780.589856         9.596              -74.494
780.597172         9.656              -74.495
780.604532         9.716              -74.495
780.611935         9.776              -74.496
780.619382         9.836              -74.496
780.626873         9.895              -74.497
780.634407         9.955              -74.497
780.641985         10.015             -74.498
780.649607         10.075             -74.498
780.657272         10.135             -74.499
780.664980         10.195             -74.499
780.672732         10.255             -74.500
780.680528         10.315             -74.500
780.688367         10.374             -74.500
780.696249         10.434             -74.501
780.704174         10.494             -74.501
780.712143         10.554             -74.502
780.720155         10.614             -74.502
780.728211         10.674             -74.503
780.736309         10.734             -74.503
780.744451         10.794             -74.504
780.752636         10.853             -74.504
780.760864         10.913             -74.504
780.769135         10.973             -74.505
780.777449         11.033             -74.505
780.785806         11.093             -74.506
780.794206         11.153             -74.506
780.802649         11.213             -74.507
780.811134         11.273             -74.507
780.819663         11.332             -74.507
780.828234         11.392             -74.508
780.836848         11.452             -74.508
780.845505         11.512             -74.509
780.854205         11.572             -74.509
780.862947         11.632             -74.510
780.871731         11.692             -74.510
780.880559         11.752             -74.510
780.889429         11.811             -74.511
780.898341         11.871             -74.511
780.907296         11.931             -74.512
780.916293         11.991             -74.512
780.925332         12.051             -74.512
780.934414         12.111             -74.513
780.943538         12.171             -74.513
780.952705         12.230             -74.514
780.961913         12.290             -74.514
780.971164         12.350             -74.514
780.980457         12.410             -74.515
780.989792         12.470             -74.515
780.999169         12.530             -74.516
781.008588         12.590             -74.516
781.018049         12.649             -74.516
781.027552         12.709             -74.517
781.037097         12.769             -74.517
781.046683         12.829             -74.518
781.056312         12.889             -74.518
781.065982         12.949             -74.518
781.075694         13.009             -74.519
781.085448         13.069             -74.519
781.095243         13.128             -74.520
781.105080         13.188             -74.520
781.114958         13.248             -74.520
781.124878         13.308             -74.521
781.134839         13.368             -74.521
781.144842         13.428             -74.521
781.154886         13.488             -74.522
781.164971         13.547             -74.522
781.175098         13.607             -74.522
781.185266         13.667             -74.523
781.195475         13.727             -74.523
781.205725         13.787             -74.524
781.216017         13.847             -74.524
781.226349         13.907             -74.524
781.236722         13.966             -74.525
781.247137         14.026             -74.525
781.257592         14.086             -74.525
781.268088         14.146             -74.526
781.278625         14.206             -74.526
781.289203         14.266             -74.526
781.299822         14.325             -74.527
781.310481         14.385             -74.527
781.321181         14.445             -74.527
781.331921         14.505             -74.528
781.342702         14.565             -74.528
781.353523         14.625             -74.528
781.364385         14.685             -74.529
781.375288         14.744             -74.529
781.386230         14.804             -74.529
781.397213         14.864             -74.530
781.408237         14.924             -74.530
781.419300         14.984             -74.530
781.430404         15.044             -74.531
781.441547         15.104             -74.531
781.452731         15.163             -74.531
781.463955         15.223             -74.531
781.475219         15.283             -74.532
781.486523         15.343             -74.532
781.497866         15.403             -74.532
781.509250         15.463             -74.533
781.520673         15.522             -74.533
781.532136         15.582             -74.533
781.543638         15.642             -74.534
781.555180         15.702             -74.534
781.566762         15.762             -74.534
781.578383         15.822             -74.534
781.590044         15.881             -74.535
781.601744         15.941             -74.535
781.613484         16.001             -74.535
781.625262         16.061             -74.536
781.637081         16.121             -74.536
781.648938         16.181             -74.536
781.660834         16.240             -74.536
781.672770         16.300             -74.537
781.684744         16.360             -74.537
781.696758         16.420             -74.537
781.708811         16.480             -74.537
781.720902         16.540             -74.538
781.733032         16.600             -74.538
781.745201         16.659             -74.538
781.757409         16.719             -74.538
781.769656         16.779             -74.539
781.781941         16.839             -74.539
781.794264         16.899             -74.539
781.806627         16.958             -74.539
781.819027         17.018             -74.540
781.831466         17.078             -74.540
781.843944         17.138             -74.540
781.856459         17.198             -74.540
781.869013         17.258             -74.541
781.881606         17.317             -74.541
781.894236         17.377             -74.541
781.906904         17.437             -74.541
781.919611         17.497             -74.541
781.932355         17.557             -74.542
781.945137         17.617             -74.542
781.957958         17.676             -74.542
781.970816         17.736             -74.542
781.983711         17.796             -74.542
781.996645         17.856             -74.543
782.009616         17.916             -74.543
782.022624         17.976             -74.543
782.035670         18.035             -74.543
782.048754         18.095             -74.543
782.061875         18.155             -74.544
782.075033         18.215             -74.544
782.088229         18.275             -74.544
782.101462         18.334             -74.544
782.114732         18.394             -74.544
782.128039         18.454             -74.545
782.141383         18.514             -74.545
782.154764         18.574             -74.545
782.168183         18.634             -74.545
782.181638         18.693             -74.545
782.195129         18.753             -74.545
782.208658         18.813             -74.546
782.222223         18.873             -74.546
782.235825         18.933             -74.546
782.249464         18.992             -74.546
782.263139         19.052             -74.546
782.276850         19.112             -74.546
782.290598         19.172             -74.546
782.304383         19.232             -74.547
782.318203         19.292             -74.547
782.332060         19.351             -74.547
782.345953         19.411             -74.547
782.359882         19.471             -74.547
782.373847         19.531             -74.547
782.387848         19.591             -74.547
782.401885         19.650             -74.547
782.415958         19.710             -74.548
782.430067         19.770             -74.548
782.444211         19.830             -74.548
782.458391         19.890             -74.548
782.472607         19.949             -74.548
782.486858         20.009             -74.548
782.501145         20.069             -74.548
782.515467         20.129             -74.548
782.529824         20.189             -74.548
782.544217         20.248             -74.548
782.558645         20.308             -74.548
782.573108         20.368             -74.549
782.587607         20.428             -74.549
782.602140         20.488             -74.549
782.616708         20.547             -74.549
782.631312         20.607             -74.549
782.645950         20.667             -74.549
782.660623         20.727             -74.549
782.675330         20.787             -74.549
782.690073         20.846             -74.549
782.704849         20.906             -74.549
782.719661         20.966             -74.549
782.734507         21.026             -74.549
782.749387         21.086             -74.549
782.764301         21.145             -74.549
782.779250         21.205             -74.549
782.794233         21.265             -74.549
782.809251         21.325             -74.549
782.824302         21.385             -74.549
782.839387         21.444             -74.549
782.854506         21.504             -74.549
782.869660         21.564             -74.549
782.884846         21.624             -74.549
782.900067         21.683             -74.549
782.915321         21.743             -74.549
782.930609         21.803             -74.549
782.945931         21.863             -74.549
782.961286         21.923             -74.549
782.976674         21.982             -74.549
782.992096         22.042             -74.549
783.007551         22.102             -74.549
783.023039         22.162             -74.549
783.038561         22.222             -74.549
783.054115         22.281             -74.549
783.069702         22.341             -74.549
783.085323         22.401             -74.549
783.100976         22.461             -74.549
783.116662         22.520             -74.549
783.132381         22.580             -74.549
783.148132         22.640             -74.549
783.163916         22.700             -74.549
783.179733         22.760             -74.549
783.195582         22.819             -74.549
783.211463         22.879             -74.549
783.227377         22.939             -74.549
783.243322         22.999             -74.549
783.259300         23.058             -74.549
783.275311         23.118             -74.549
783.291353         23.178             -74.549
783.307427         23.238             -74.548
783.323533         23.297             -74.548
783.339671         23.357             -74.548
783.355841         23.417             -74.548
783.372042         23.477             -74.548
783.388275         23.537             -74.548
783.404539         23.596             -74.548
783.420835         23.656             -74.548
783.437163         23.716             -74.548
783.453521         23.776             -74.547
783.469911         23.835             -74.547
783.486333         23.895             -74.547
783.502785         23.955             -74.547
783.519268         24.015             -74.547
783.535782         24.074             -74.547
783.552327         24.134             -74.547
783.568903         24.194             -74.547
783.585510         24.254             -74.546
783.602147         24.313             -74.546
783.618815         24.373             -74.546
783.635514         24.433             -74.546
783.652243         24.493             -74.546
783.669002         24.553             -74.546
783.685792         24.612             -74.545
783.702612         24.672             -74.545
783.719462         24.732             -74.545
783.736342         24.792             -74.545
783.753252         24.851             -74.545
783.770192         24.911             -74.544
783.787162         24.971             -74.544
783.804162         25.031             -74.544
783.821192         25.090             -74.544
783.838251         25.150             -74.544
783.855340         25.210             -74.543
783.872458         25.270             -74.543
783.889606         25.329             -74.543
783.906783         25.389             -74.543
783.923989         25.449             -74.542
783.941224         25.509             -74.542
783.958489         25.568             -74.542
783.975783         25.628             -74.542
783.993105         25.688             -74.541
784.010457         25.747             -74.541
784.027837         25.807             -74.541
784.045246         25.867             -74.541
784.062684         25.927             -74.540
784.080150         25.986             -74.540
784.097645         26.046             -74.540
784.115168         26.106             -74.540
784.132720         26.166             -74.539
784.150300         26.225             -74.539
784.167908         26.285             -74.539
784.185545         26.345             -74.538
784.203209         26.405             -74.538
784.220901         26.464             -74.538
784.238621         26.524             -74.537
784.256369         26.584             -74.537
784.274145         26.644             -74.537
784.291949         26.703             -74.536
784.309780         26.763             -74.536
784.327638         26.823             -74.536
784.345524         26.882             -74.535
784.363438         26.942             -74.535
784.381378         27.002             -74.535
784.399346         27.062             -74.534
784.417341         27.121             -74.534
784.435363         27.181             -74.534
784.453412         27.241             -74.533
784.471488         27.301             -74.533
784.489590         27.360             -74.533
784.507720         27.420             -74.532
784.525876         27.480             -74.532
784.544058         27.539             -74.531
784.562267         27.599             -74.531
784.580503         27.659             -74.531
784.598765         27.719             -74.530
784.617053         27.778             -74.530
784.635367         27.838             -74.529
784.653707         27.898             -74.529
784.672074         27.957             -74.528
784.690466         28.017             -74.528
784.708884         28.077             -74.528
784.727328         28.137             -74.527
784.745797         28.196             -74.527
784.764292         28.256             -74.526
784.782813         28.316             -74.526
784.801359         28.375             -74.525
784.819931         28.435             -74.525
784.838528         28.495             -74.524
784.857150         28.555             -74.524
784.875797         28.614             -74.523
784.894469         28.674             -74.523
784.913166         28.734             -74.522
784.931888         28.793             -74.522
784.950635         28.853             -74.521
784.969406         28.913             -74.521
784.988202         28.972             -74.520
785.007023         29.032             -74.520
785.025868         29.092             -74.519
785.044738         29.152             -74.519
785.063631         29.211             -74.518
785.082549         29.271             -74.518
785.101492         29.331             -74.517
785.120458         29.390             -74.516
785.139448         29.450             -74.516
785.158462         29.510             -74.515
785.177500         29.569             -74.515
785.196562         29.629             -74.514
785.215647         29.689             -74.514
785.234756         29.749             -74.513
785.253888         29.808             -74.512
785.273044         29.868             -74.512
785.292223         29.928             -74.511
785.311425         29.987             -74.511
785.330650         30.047             -74.510
785.349899         30.107             -74.509
785.369170         30.166             -74.509
785.388464         30.226             -74.508
785.407781         30.286             -74.507
785.427121         30.345             -74.507
785.446483         30.405             -74.506
785.465868         30.465             -74.505
785.485276         30.524             -74.505
785.504706         30.584             -74.504
785.524158         30.644             -74.503
785.543632         30.703             -74.503
785.563128         30.763             -74.502
785.582647         30.823             -74.501
785.602187         30.882             -74.501
785.621750         30.942             -74.500
785.641334         31.002             -74.499
785.660939         31.061             -74.498
785.680567         31.121             -74.498
785.700216         31.181             -74.497
785.719886         31.241             -74.496
785.739578         31.300             -74.495
785.759291         31.360             -74.495
785.779025         31.420             -74.494
785.798780         31.479             -74.493
785.818556         31.539             -74.492
785.838354         31.599             -74.492
785.858172         31.658             -74.491
785.878010         31.718             -74.490
785.897870         31.778             -74.489
785.917750         31.837             -74.488
785.937650         31.897             -74.488
785.957571         31.956             -74.487
785.977513         32.016             -74.486
785.997474         32.076             -74.485
786.017456         32.135             -74.484
786.037457         32.195             -74.484
786.057479         32.255             -74.483
786.077521         32.314             -74.482
786.097582         32.374             -74.481
786.117663         32.434             -74.480
786.137764         32.493             -74.479
786.157884         32.553             -74.478
786.178024         32.613             -74.477
786.198183         32.672             -74.477
786.218361         32.732             -74.476
786.238558         32.792             -74.475
786.258775         32.851             -74.474
786.279010         32.911             -74.473
786.299265         32.971             -74.472
786.319538         33.030             -74.471
786.339830         33.090             -74.470
786.360141         33.149             -74.469
786.380470         33.209             -74.468
786.400818         33.269             -74.467
786.421184         33.328             -74.466
786.441568         33.388             -74.465
786.461971         33.448             -74.464
786.482392         33.507             -74.463
786.502831         33.567             -74.462
786.523287         33.627             -74.461
786.543762         33.686             -74.460
786.564254         33.746             -74.459
786.584764         33.806             -74.458
786.605292         33.865             -74.457
786.625837         33.925             -74.456
786.646400         33.984             -74.455
786.666979         34.044             -74.454
786.687576         34.104             -74.453
786.708191         34.163             -74.452
786.728822         34.223             -74.451
786.749470         34.283             -74.450
786.770135         34.342             -74.449
786.790817         34.402             -74.448
786.811515         34.461             -74.446
786.832231         34.521             -74.445
786.852962         34.581             -74.444
786.873710         34.640             -74.443
786.894475         34.700             -74.442
786.915255         34.760             -74.441
786.936052         34.819             -74.440
786.956865         34.879             -74.439
786.977694         34.938             -74.437
786.998538         34.998             -74.436
787.019399         35.058             -74.435
787.040275         35.117             -74.434
787.061167         35.177             -74.433
787.082074         35.236             -74.431
787.102996         35.296             -74.430
787.123934         35.356             -74.429
787.144888         35.415             -74.428
787.165856         35.475             -74.426
787.186839         35.534             -74.425
787.207838         35.594             -74.424
787.228851         35.654             -74.423
787.249879         35.713             -74.421
787.270922         35.773             -74.420
787.291979         35.832             -74.419
787.313051         35.892             -74.418
787.334137         35.952             -74.416
787.355238         36.011             -74.415
787.376353         36.071             -74.414
787.397482         36.130             -74.412
787.418624         36.190             -74.411
787.439781         36.250             -74.410
787.460952         36.309             -74.408
787.482137         36.369             -74.407
787.503335         36.428             -74.406
787.524547         36.488             -74.404
787.545772         36.548             -74.403
787.567011         36.607             -74.401
787.588263         36.667             -74.400
787.609528         36.726             -74.399
787.630806         36.786             -74.397
787.652098         36.846             -74.396
787.673402         36.905             -74.394
787.694719         36.965             -74.393
787.716049         37.024             -74.391
787.737392         37.084             -74.390
787.758747         37.143             -74.388
787.780115         37.203             -74.387
787.801495         37.263             -74.385
787.822887         37.322             -74.384
787.844291         37.382             -74.382
787.865708         37.441             -74.381
787.887137         37.501             -74.379
787.908577         37.560             -74.378
787.930030         37.620             -74.376
787.951494         37.680             -74.375
787.972969         37.739             -74.373
787.994457         37.799             -74.372
788.015955         37.858             -74.370
788.037465         37.918             -74.368
788.058987         37.977             -74.367
788.080519         38.037             -74.365
788.102063         38.097             -74.364
788.123617         38.156             -74.362
788.145183         38.216             -74.360
788.166759         38.275             -74.359
788.188346         38.335             -74.357
788.209943         38.394             -74.355
788.231551         38.454             -74.354
788.253170         38.514             -74.352
788.274798         38.573             -74.350
788.296437         38.633             -74.349
788.318086         38.692             -74.347
788.339746         38.752             -74.345
788.361415         38.811             -74.343
788.383094         38.871             -74.342
788.404782         38.930             -74.340
788.426481         38.990             -74.338
788.448189         39.049             -74.336
788.469906         39.109             -74.335
788.491633         39.169             -74.333
788.513369         39.228             -74.331
788.535114         39.288             -74.329
788.556869         39.347             -74.327
788.578632         39.407             -74.326
788.600405         39.466             -74.324
788.622186         39.526             -74.322
788.643975         39.585             -74.320
788.665774         39.645             -74.318
788.687581         39.704             -74.316
788.709396         39.764             -74.314
788.731220         39.823             -74.312
788.753052         39.883             -74.310
788.774892         39.943             -74.309
788.796740         40.002             -74.307
788.818597         40.062             -74.305
788.840461         40.121             -74.303
788.862332         40.181             -74.301
788.884212         40.240             -74.299
788.906099         40.300             -74.297
788.927993         40.359             -74.295
788.949895         40.419             -74.293
788.971805         40.478             -74.291
788.993721         40.538             -74.289
789.015645         40.597             -74.287
789.037575         40.657             -74.285
789.059513         40.716             -74.283
789.081457         40.776             -74.280
789.103408         40.835             -74.278
789.125365         40.895             -74.276
789.147330         40.954             -74.274
789.169300         41.014             -74.272
789.191277         41.073             -74.270
789.213260         41.133             -74.268
789.235250         41.192             -74.266
789.257245         41.252             -74.263
789.279246         41.312             -74.261
789.301254         41.371             -74.259
789.323267         41.431             -74.257
789.345285         41.490             -74.255
789.367309         41.550             -74.252
789.389339         41.609             -74.250
789.411374         41.669             -74.248
789.433415         41.728             -74.246
789.455460         41.788             -74.243
789.477511         41.847             -74.241
789.499567         41.907             -74.239
789.521627         41.966             -74.236
789.543692         42.026             -74.234
789.565763         42.085             -74.232
789.587837         42.145             -74.229
789.609917         42.204             -74.227
789.632000         42.263             -74.225
789.654088         42.323             -74.222
789.676181         42.382             -74.220
789.698277         42.442             -74.218
789.720377         42.501             -74.215
789.742482         42.561             -74.213
789.764590         42.620             -74.210
789.786702         42.680             -74.208
789.808818         42.739             -74.205
789.830937         42.799             -74.203
789.853060         42.858             -74.200
789.875186         42.918             -74.198
789.897315         42.977             -74.195
789.919447         43.037             -74.193
789.941583         43.096             -74.190
789.963722         43.156             -74.188
789.985863         43.215             -74.185
790.008007         43.275             -74.182
790.030154         43.334             -74.180
790.052304         43.394             -74.177
790.074456         43.453             -74.175
790.096611         43.513             -74.172
790.118767         43.572             -74.169
790.140926         43.631             -74.167
790.163088         43.691             -74.164
790.185251         43.750             -74.161
790.207416         43.810             -74.159
790.229583         43.869             -74.156
790.251751         43.929             -74.153
790.273922         43.988             -74.150
790.296094         44.048             -74.148
790.318267         44.107             -74.145
790.340442         44.167             -74.142
790.362618         44.226             -74.139
790.384795         44.285             -74.136
790.406973         44.345             -74.134
790.429152         44.404             -74.131
790.451332         44.464             -74.128
790.473513         44.523             -74.125
790.495694         44.583             -74.122
790.517876         44.642             -74.119
790.540059         44.702             -74.116
790.562242         44.761             -74.113
790.584425         44.820             -74.110
790.606609         44.880             -74.107
790.628792         44.939             -74.104
790.650976         44.999             -74.101
790.673159         45.058             -74.098
790.695342         45.118             -74.095
790.717525         45.177             -74.092
790.739708         45.237             -74.089
790.761890         45.296             -74.086
790.784072         45.355             -74.083
790.806253         45.415             -74.080
790.828433         45.474             -74.077
790.850612         45.534             -74.074
790.872790         45.593             -74.071
790.894968         45.653             -74.068
790.917144         45.712             -74.064
790.939319         45.771             -74.061
790.961492         45.831             -74.058
790.983664         45.890             -74.055
791.005835         45.950             -74.052
791.028004         46.009             -74.048
791.050171         46.068             -74.045
791.072336         46.128             -74.042
791.094500         46.187             -74.038
791.116661         46.247             -74.035
791.138821         46.306             -74.032
791.160978         46.366             -74.028
791.183133         46.425             -74.025
791.205285         46.484             -74.022
791.227435         46.544             -74.018
791.249583         46.603             -74.015
791.271727         46.663             -74.011
791.293869         46.722             -74.008
791.316008         46.781             -74.005
791.338144         46.841             -74.001
791.360278         46.900             -73.998
791.382407         46.960             -73.994
791.404534         47.019             -73.990
791.426657         47.078             -73.987
791.448777         47.138             -73.983
791.470893         47.197             -73.980
791.493006         47.257             -73.976
791.515115         47.316             -73.973
791.537220         47.375             -73.969
791.559321         47.435             -73.965
791.581418         47.494             -73.962
791.603511         47.553             -73.958
791.625600         47.613             -73.954
791.647684         47.672             -73.950
791.669764         47.732             -73.947
791.691840         47.791             -73.943
791.713911         47.850             -73.939
791.735977         47.910             -73.935
791.758038         47.969             -73.932
791.780095         48.028             -73.928
791.802146         48.088             -73.924
791.824193         48.147             -73.920
791.846234         48.207             -73.916
791.868270         48.266             -73.912
791.890301         48.325             -73.908
791.912326         48.385             -73.904
791.934346         48.444             -73.900
791.956360         48.503             -73.896
791.978368         48.563             -73.892
792.000371         48.622             -73.888
792.022367         48.682             -73.884
792.044358         48.741             -73.880
792.066342         48.800             -73.876
792.088320         48.860             -73.872
792.110292         48.919             -73.868
792.132257         48.978             -73.864
792.154216         49.038             -73.860
792.176168         49.097             -73.856
792.198114         49.156             -73.851
792.220053         49.216             -73.847
792.241985         49.275             -73.843
792.263910         49.334             -73.839
792.285828         49.394             -73.834
792.307738         49.453             -73.830
792.329642         49.512             -73.826
792.351538         49.572             -73.821
792.373426         49.631             -73.817
792.395308         49.690             -73.813
792.417181         49.750             -73.808
792.439047         49.809             -73.804
792.460905         49.868             -73.799
792.482754         49.928             -73.795
792.504596         49.987             -73.790
792.526430         50.046             -73.786
792.548256         50.106             -73.781
792.570073         50.165             -73.777
792.591882         50.224             -73.772
792.613682         50.284             -73.768
792.635474         50.343             -73.763
792.657257         50.402             -73.758
792.679031         50.462             -73.754
792.700797         50.521             -73.749
792.722553         50.580             -73.744
792.744301         50.640             -73.740
792.766039         50.699             -73.735
792.787768         50.758             -73.730
792.809488         50.818             -73.725
792.831198         50.877             -73.721
792.852899         50.936             -73.716
792.874590         50.996             -73.711
792.896271         51.055             -73.706
792.917943         51.114             -73.701
792.939604         51.173             -73.696
792.961256         51.233             -73.691
792.982898         51.292             -73.686
793.004529         51.351             -73.681
793.026150         51.411             -73.676
793.047761         51.470             -73.671
793.069361         51.529             -73.666
793.090951         51.589             -73.661
793.112530         51.648             -73.656
793.134098         51.707             -73.651
793.155656         51.766             -73.646
793.177202         51.826             -73.640
793.198738         51.885             -73.635
793.220262         51.944             -73.630
793.241775         52.004             -73.625
793.263277         52.063             -73.619
793.284768         52.122             -73.614
793.306247         52.181             -73.609
793.327714         52.241             -73.603
793.349170         52.300             -73.598
793.370614         52.359             -73.592
793.392046         52.418             -73.587
793.413466         52.478             -73.582
793.434874         52.537             -73.576
793.456270         52.596             -73.571
793.477654         52.656             -73.565
793.499025         52.715             -73.559
793.520384         52.774             -73.554
793.541731         52.833             -73.548
793.563064         52.893             -73.543
793.584386         52.952             -73.537
793.605694         53.011             -73.531
793.626990         53.070             -73.525
793.648272         53.130             -73.520
793.669542         53.189             -73.514
793.690798         53.248             -73.508
793.712041         53.307             -73.502
793.733271         53.367             -73.496
793.754487         53.426             -73.490
793.775690         53.485             -73.484
793.796879         53.544             -73.479
793.818055         53.604             -73.473
793.839216         53.663             -73.467
793.860364         53.722             -73.460
793.881498         53.781             -73.454
793.902618         53.841             -73.448
793.923723         53.900             -73.442
793.944815         53.959             -73.436
793.965892         54.018             -73.430
793.986954         54.077             -73.424
794.008002         54.137             -73.417
794.029036         54.196             -73.411
794.050054         54.255             -73.405
794.071058         54.314             -73.398
794.092047         54.374             -73.392
794.113021         54.433             -73.386
794.133980         54.492             -73.379
794.154924         54.551             -73.373
794.175853         54.610             -73.366
794.196766         54.670             -73.360
794.217664         54.729             -73.353
794.238546         54.788             -73.347
794.259413         54.847             -73.340
794.280264         54.906             -73.333
794.301099         54.966             -73.327
794.321918         55.025             -73.320
794.342722         55.084             -73.313
794.363509         55.143             -73.307
794.384280         55.202             -73.300
794.405035         55.262             -73.293
794.425773         55.321             -73.286
794.446496         55.380             -73.279
794.467201         55.439             -73.272
794.487890         55.498             -73.265
794.508563         55.558             -73.258
794.529218         55.617             -73.251
794.549857         55.676             -73.244
794.570479         55.735             -73.237
794.591083         55.794             -73.230
794.611671         55.854             -73.223
794.632241         55.913             -73.215
794.652794         55.972             -73.208
794.673330         56.031             -73.201
794.693848         56.090             -73.194
794.714349         56.149             -73.186
794.734832         56.209             -73.179
794.755297         56.268             -73.171
794.775744         56.327             -73.164
794.796173         56.386             -73.157
794.816585         56.445             -73.149
794.836978         56.504             -73.141
794.857353         56.564             -73.134
794.877710         56.623             -73.126
794.898048         56.682             -73.119
794.918368         56.741             -73.111
794.938670         56.800             -73.103
794.958953         56.859             -73.095
794.979217         56.918             -73.087
794.999462         56.978             -73.080
795.019688         57.037             -73.072
795.039896         57.096             -73.064
795.060084         57.155             -73.056
795.080253         57.214             -73.048
795.100403         57.273             -73.040
795.120534         57.332             -73.032
795.140645         57.392             -73.023
795.160737         57.451             -73.015
795.180809         57.510             -73.007
795.200861         57.569             -72.999
795.220894         57.628             -72.991
795.240906         57.687             -72.982
795.260899         57.746             -72.974
795.280872         57.805             -72.965
795.300825         57.865             -72.957
795.320757         57.924             -72.948
795.340670         57.983             -72.940
795.360562         58.042             -72.931
795.380433         58.101             -72.923
795.400284         58.160             -72.914
795.420114         58.219             -72.905
795.439924         58.278             -72.897
795.459713         58.337             -72.888
795.479480         58.397             -72.879
795.499227         58.456             -72.870
795.518953         58.515             -72.861
795.538658         58.574             -72.852
795.558342         58.633             -72.843
795.578004         58.692             -72.834
795.597645         58.751             -72.825
795.617264         58.810             -72.816
795.636862         58.869             -72.807
795.656438         58.928             -72.797
795.675992         58.987             -72.788
795.695525         59.047             -72.779
795.715036         59.106             -72.769
795.734524         59.165             -72.760
795.753991         59.224             -72.751
795.773436         59.283             -72.741
795.792858         59.342             -72.731
795.812258         59.401             -72.722
795.831636         59.460             -72.712
795.850991         59.519             -72.702
795.870323         59.578             -72.693
795.889633         59.637             -72.683
795.908920         59.696             -72.673
795.928185         59.755             -72.663
795.947426         59.814             -72.653
795.966645         59.873             -72.643
795.985840         59.932             -72.633
796.005012         59.991             -72.623
796.024161         60.051             -72.613
796.043287         60.110             -72.603
796.062389         60.169             -72.592
796.081468         60.228             -72.582
796.100523         60.287             -72.572
796.119555         60.346             -72.561
796.138563         60.405             -72.551
796.157547         60.464             -72.540
796.176507         60.523             -72.530
796.195444         60.582             -72.519
796.214356         60.641             -72.508
796.233244         60.700             -72.498
796.252108         60.759             -72.487
796.270947         60.818             -72.476
796.289763         60.877             -72.465
796.308553         60.936             -72.454
796.327320         60.995             -72.443
796.346061         61.054             -72.432
796.364778         61.113             -72.421
796.383470         61.172             -72.410
796.402138         61.231             -72.398
796.420780         61.290             -72.387
796.439397         61.349             -72.376
796.457989         61.408             -72.364
796.476556         61.467             -72.353
796.495098         61.526             -72.341
796.513615         61.585             -72.330
796.532106         61.644             -72.318
796.550571         61.703             -72.306
796.569011         61.762             -72.295
796.587425         61.821             -72.283
796.605814         61.880             -72.271
796.624177         61.939             -72.259
796.642513         61.998             -72.247
796.660824         62.057             -72.235
796.679109         62.116             -72.223
796.697368         62.174             -72.210
796.715600         62.233             -72.198
796.733806         62.292             -72.186
796.751986         62.351             -72.173
796.770139         62.410             -72.161
796.788266         62.469             -72.148
796.806367         62.528             -72.136
796.824440         62.587             -72.123
796.842487         62.646             -72.110
796.860507         62.705             -72.098
796.878500         62.764             -72.085
796.896466         62.823             -72.072
796.914405         62.882             -72.059
796.932317         62.941             -72.046
796.950201         63.000             -72.033
796.968059         63.059             -72.019
796.985889         63.117             -72.006
797.003691         63.176             -71.993
797.021466         63.235             -71.979
797.039213         63.294             -71.966
797.056933         63.353             -71.952
797.074625         63.412             -71.939
797.092289         63.471             -71.925
797.109925         63.530             -71.911
797.127533         63.589             -71.897
797.145114         63.648             -71.883
797.162666         63.706             -71.869
797.180189         63.765             -71.855
797.197685         63.824             -71.841
797.215152         63.883             -71.827
797.232591         63.942             -71.812
797.250001         64.001             -71.798
797.267382         64.060             -71.784
797.284735         64.119             -71.769
797.302060         64.177             -71.754
797.319355         64.236             -71.740
797.336621         64.295             -71.725
797.353859         64.354             -71.710
797.371067         64.413             -71.695
797.388247         64.472             -71.680
797.405397         64.531             -71.665
797.422518         64.589             -71.650
797.439609         64.648             -71.634
797.456672         64.707             -71.619
797.473704         64.766             -71.604
797.490708         64.825             -71.588
797.507681         64.884             -71.572
797.524625         64.942             -71.557
797.541539         65.001             -71.541
797.558423         65.060             -71.525
797.575278         65.119             -71.509
797.592102         65.178             -71.493
797.608896         65.236             -71.477
797.625660         65.295             -71.460
797.642394         65.354             -71.444
797.659098         65.413             -71.428
797.675771         65.472             -71.411
797.692414         65.530             -71.395
797.709027         65.589             -71.378
797.725608         65.648             -71.361
797.742160         65.707             -71.344
797.758680         65.766             -71.327
797.775170         65.824             -71.310
797.791629         65.883             -71.293
797.808057         65.942             -71.276
797.824454         66.001             -71.258
797.840820         66.059             -71.241
797.857154         66.118             -71.223
797.873458         66.177             -71.205
797.889730         66.236             -71.188
797.905971         66.294             -71.170
797.922181         66.353             -71.152
797.938359         66.412             -71.134
797.954506         66.471             -71.115
797.970620         66.529             -71.097
797.986704         66.588             -71.079
798.002755         66.647             -71.060
798.018775         66.706             -71.041
798.034763         66.764             -71.023
798.050718         66.823             -71.004
798.066642         66.882             -70.985
798.082534         66.940             -70.966
798.098393         66.999             -70.947
798.114221         67.058             -70.927
798.130016         67.116             -70.908
798.145778         67.175             -70.888
798.161508         67.234             -70.869
798.177206         67.292             -70.849
798.192871         67.351             -70.829
798.208503         67.410             -70.809
798.224103         67.468             -70.789
798.239670         67.527             -70.769
798.255204         67.586             -70.748
798.270705         67.644             -70.728
798.286174         67.703             -70.707
798.301609         67.762             -70.687
798.317011         67.820             -70.666
798.332380         67.879             -70.645
798.347715         67.938             -70.624
798.363018         67.996             -70.603
798.378287         68.055             -70.581
798.393522         68.114             -70.560
798.408724         68.172             -70.538
798.423893         68.231             -70.516
798.439027         68.289             -70.494
798.454129         68.348             -70.472
798.469196         68.407             -70.450
798.484229         68.465             -70.428
798.499229         68.524             -70.406
798.514195         68.582             -70.383
798.529126         68.641             -70.360
798.544024         68.699             -70.337
798.558887         68.758             -70.314
798.573717         68.817             -70.291
798.588511         68.875             -70.268
798.603272         68.934             -70.245
798.617998         68.992             -70.221
798.632690         69.051             -70.197
798.647347         69.109             -70.173
798.661970         69.168             -70.149
798.676558         69.226             -70.125
798.691111         69.285             -70.101
798.705629         69.343             -70.077
798.720113         69.402             -70.052
798.734561         69.460             -70.027
798.748975         69.519             -70.002
798.763354         69.577             -69.977
798.777697         69.636             -69.952
798.792006         69.694             -69.926
798.806279         69.753             -69.901
798.820517         69.811             -69.875
798.834719         69.870             -69.849
798.848887         69.928             -69.823
798.863018         69.987             -69.797
798.877115         70.045             -69.770
798.891175         70.104             -69.744
798.905200         70.162             -69.717
798.919189         70.221             -69.690
798.933143         70.279             -69.663
798.947061         70.337             -69.636
798.960942         70.396             -69.608
798.974788         70.454             -69.580
798.988598         70.513             -69.553
799.002372         70.571             -69.525
799.016110         70.629             -69.496
799.029811         70.688             -69.468
799.043477         70.746             -69.439
799.057106         70.805             -69.411
799.070698         70.863             -69.382
799.084254         70.921             -69.352
799.097774         70.980             -69.323
799.111257         71.038             -69.293
799.124704         71.096             -69.264
799.138114         71.155             -69.234
799.151487         71.213             -69.204
799.164824         71.271             -69.173
799.178124         71.330             -69.143
799.191386         71.388             -69.112
799.204612         71.446             -69.081
799.217801         71.505             -69.050
799.230953         71.563             -69.018
799.244068         71.621             -68.986
799.257146         71.679             -68.955
799.270186         71.738             -68.922
799.283189         71.796             -68.890
799.296155         71.854             -68.858
799.309083         71.912             -68.825
799.321974         71.971             -68.792
799.334828         72.029             -68.759
799.347644         72.087             -68.725
799.360422         72.145             -68.691
799.373163         72.204             -68.657
799.385866         72.262             -68.623
799.398531         72.320             -68.589
799.411159         72.378             -68.554
799.423748         72.436             -68.519
799.436300         72.494             -68.484
799.448813         72.553             -68.448
799.461289         72.611             -68.413
799.473727         72.669             -68.377
799.486126         72.727             -68.341
799.498487         72.785             -68.304
799.510810         72.843             -68.267
799.523095         72.901             -68.230
799.535341         72.959             -68.193
799.547549         73.018             -68.155
799.559718         73.076             -68.118
799.571849         73.134             -68.080
799.583941         73.192             -68.041
799.595995         73.250             -68.002
799.608010         73.308             -67.963
799.619987         73.366             -67.924
799.631924         73.424             -67.885
799.643823         73.482             -67.845
799.655683         73.540             -67.805
799.667504         73.598             -67.764
799.679286         73.656             -67.723
799.691029         73.714             -67.682
799.702733         73.772             -67.641
799.714397         73.830             -67.599
799.726023         73.888             -67.557
799.737609         73.946             -67.515
799.749156         74.004             -67.472
799.760664         74.061             -67.429
799.772133         74.119             -67.385
799.783562         74.177             -67.342
799.794951         74.235             -67.298
799.806301         74.293             -67.253
799.817611         74.351             -67.209
799.828882         74.409             -67.163
799.840113         74.467             -67.118
799.851305         74.524             -67.072
799.862457         74.582             -67.026
799.873568         74.640             -66.979
799.884640         74.698             -66.933
799.895672         74.756             -66.885
799.906665         74.813             -66.838
799.917617         74.871             -66.789
799.928529         74.929             -66.741
799.939401         74.987             -66.692
799.950233         75.044             -66.643
799.961024         75.102             -66.593
799.971776         75.160             -66.543
799.982487         75.217             -66.493
799.993158         75.275             -66.442
800.003788         75.333             -66.390
800.014378         75.390             -66.339
800.024928         75.448             -66.286
800.035437         75.506             -66.234
800.045906         75.563             -66.181
800.056334         75.621             -66.127
800.066721         75.678             -66.073
800.077068         75.736             -66.019
800.087374         75.793             -65.964
800.097639         75.851             -65.909
800.107863         75.908             -65.853
800.118046         75.966             -65.796
800.128189         76.023             -65.740
800.138291         76.081             -65.682
800.148351         76.138             -65.624
800.158371         76.196             -65.566
800.168349         76.253             -65.507
800.178287         76.310             -65.448
800.188183         76.368             -65.388
800.198038         76.425             -65.328
800.207852         76.483             -65.267
800.217624         76.540             -65.205
800.227355         76.597             -65.143
800.237045         76.654             -65.081
800.246693         76.712             -65.018
800.256300         76.769             -64.954
800.265866         76.826             -64.890
800.275389         76.883             -64.825
800.284872         76.941             -64.759
800.294312         76.998             -64.693
800.303711         77.055             -64.626
800.313069         77.112             -64.559
800.322384         77.169             -64.491
800.331658         77.226             -64.423
800.340890         77.283             -64.353
800.350080         77.340             -64.284
800.359228         77.398             -64.213
800.368334         77.455             -64.142
800.377399         77.512             -64.070
800.386421         77.569             -63.997
800.395401         77.625             -63.924
800.404339         77.682             -63.850
800.413235         77.739             -63.776
800.422089         77.796             -63.700
800.430901         77.853             -63.624
800.439670         77.910             -63.547
800.448397         77.967             -63.470
800.457082         78.023             -63.391
800.465724         78.080             -63.312
800.474324         78.137             -63.232
800.482882         78.194             -63.151
800.491397         78.250             -63.070
800.499869         78.307             -62.987
800.508300         78.364             -62.904
800.516687         78.420             -62.820
800.525032         78.477             -62.735
800.533334         78.533             -62.650
800.541594         78.590             -62.563
800.549810         78.646             -62.475
800.557984         78.703             -62.387
800.566116         78.759             -62.298
800.574204         78.816             -62.207
800.582250         78.872             -62.116
800.590252         78.928             -62.024
800.598212         78.985             -61.931
800.606129         79.041             -61.837
800.614003         79.097             -61.741
800.621834         79.154             -61.645
800.629621         79.210             -61.548
800.637366         79.266             -61.450
800.645067         79.322             -61.351
800.652726         79.378             -61.250
800.660341         79.434             -61.149
800.667913         79.490             -61.046
800.675441         79.546             -60.942
800.682927         79.602             -60.838
800.690369         79.658             -60.731
800.697767         79.714             -60.624
800.705122         79.770             -60.516
800.712434         79.825             -60.406
800.719703         79.881             -60.295
800.726928         79.937             -60.183
800.734109         79.993             -60.070
800.741247         80.048             -59.955
800.748341         80.104             -59.839
800.755392         80.159             -59.721
800.762399         80.215             -59.603
800.769362         80.270             -59.483
800.776282         80.326             -59.361
800.783158         80.381             -59.238
800.789990         80.436             -59.114
800.796778         80.492             -58.988
800.803523         80.547             -58.860
800.810224         80.602             -58.731
800.816880         80.657             -58.601
800.823493         80.712             -58.469
800.830063         80.767             -58.335
800.836588         80.822             -58.199
800.843069         80.877             -58.062
800.849506         80.932             -57.924
800.855899         80.987             -57.783
800.862248         81.041             -57.641
800.868553         81.096             -57.497
800.874814         81.151             -57.351
800.881030         81.205             -57.204
800.887203         81.260             -57.054
800.893331         81.314             -56.903
800.899415         81.369             -56.749
800.905455         81.423             -56.594
800.911450         81.477             -56.437
800.917401         81.531             -56.277
800.923308         81.585             -56.116
800.929171         81.639             -55.952
800.934989         81.693             -55.786
800.940763         81.747             -55.618
800.946492         81.801             -55.448
800.952177         81.855             -55.275
800.957817         81.908             -55.101
800.963413         81.962             -54.923
800.968964         82.015             -54.744
800.974471         82.069             -54.562
800.979933         82.122             -54.377
800.985351         82.175             -54.190
800.990724         82.229             -54.000
800.996052         82.282             -53.807
801.001336         82.335             -53.612
801.006575         82.387             -53.414
801.011769         82.440             -53.214
801.016918         82.493             -53.010
801.022023         82.546             -52.804
801.027083         82.598             -52.594
801.032098         82.650             -52.382
801.037069         82.703             -52.166
801.041994         82.755             -51.947
801.046875         82.807             -51.726
801.051711         82.859             -51.500
801.056502         82.911             -51.272
801.061248         82.962             -51.040
801.065949         83.014             -50.804
801.070605         83.065             -50.565
801.075216         83.117             -50.323
801.079782         83.168             -50.077
801.084303         83.219             -49.827
801.088779         83.270             -49.573
801.093210         83.321             -49.315
801.097596         83.372             -49.053
801.101936         83.422             -48.787
801.106232         83.472             -48.517
801.110482         83.523             -48.243
801.114688         83.573             -47.964
801.118848         83.623             -47.681
801.122963         83.672             -47.394
801.127033         83.722             -47.102
801.131057         83.771             -46.805
801.135036         83.821             -46.504
801.138970         83.870             -46.197
801.142859         83.919             -45.886
801.146703         83.967             -45.569
801.150501         84.016             -45.248
801.154253         84.064             -44.921
801.157961         84.112             -44.588
801.161623         84.160             -44.250
801.165240         84.208             -43.907
801.168811         84.255             -43.557
801.172337         84.303             -43.202
801.175817         84.350             -42.841
801.179253         84.397             -42.474
801.182642         84.443             -42.100
801.185986         84.489             -41.721
801.189285         84.536             -41.334
801.192538         84.581             -40.942
801.195746         84.627             -40.542
801.198908         84.672             -40.136
801.202025         84.717             -39.722
801.205096         84.762             -39.302
801.208121         84.806             -38.874
801.211101         84.851             -38.438
801.214035         84.894             -37.996
801.216924         84.938             -37.545
801.219767         84.981             -37.087
801.222565         85.024             -36.620
801.225316         85.066             -36.146
801.228023         85.109             -35.663
801.230683         85.150             -35.172
801.233298         85.192             -34.673
801.235867         85.233             -34.164
801.238391         85.274             -33.647
801.240869         85.314             -33.121
801.243301         85.354             -32.585
801.245687         85.393             -32.041
801.248028         85.432             -31.487
801.250323         85.471             -30.923
801.252572         85.509             -30.350
801.254775         85.547             -29.767
801.256933         85.584             -29.174
801.259044         85.621             -28.571
801.261110         85.657             -27.958
801.263131         85.693             -27.334
801.265105         85.728             -26.700
801.267034         85.762             -26.056
801.268916         85.797             -25.401
801.270753         85.830             -24.735
801.272544         85.863             -24.059
801.274289         85.895             -23.371
801.275989         85.927             -22.673
801.277642         85.958             -21.964
801.279250         85.989             -21.244
801.280812         86.019             -20.513
801.282327         86.048             -19.771
801.283797         86.076             -19.019
801.285222         86.104             -18.255
801.286600         86.131             -17.480
801.287932         86.158             -16.694
801.289218         86.183             -15.898
801.290459         86.208             -15.091
801.291653         86.233             -14.274
801.292802         86.256             -13.446
801.293904         86.278             -12.608
801.294961         86.300             -11.759
801.295972         86.321             -10.901
801.296936         86.341             -10.033
801.297855         86.360             -9.156
801.298728         86.379             -8.270
801.299555         86.396             -7.375
801.300336         86.413             -6.471
801.301071         86.429             -5.559
801.301760         86.443             -4.639
801.302403         86.457             -3.712
801.303000         86.470             -2.778
801.303551         86.482             -1.837
801.304056         86.493             -0.890
801.304515         86.503             0.063
801.304928         86.512             1.020
801.305295         86.520             1.983
801.305616         86.527             2.950
801.305892         86.533             3.920
801.306121         86.538             4.894
801.306304         86.542             5.870
801.306441         86.545             6.849
801.306532         86.547             7.828
801.306577         86.548             8.809
801.306576         86.548             9.789
801.306530         86.547             10.770
801.306437         86.545             11.750
801.306298         86.542             12.728
801.306113         86.538             13.704
801.305882         86.533             14.677
801.305605         86.527             15.648
801.305283         86.520             16.614
801.304914         86.512             17.577
801.304499         86.503             18.535
801.304038         86.493             19.487
801.303531         86.482             20.434
801.302979         86.470             21.375
801.302380         86.457             22.308
801.301735         86.443             23.235
801.301045         86.428             24.155
801.300308         86.412             25.066
801.299525         86.396             25.970
801.298697         86.378             26.865
801.297822         86.360             27.751
801.296902         86.341             28.628
801.295935         86.320             29.495
801.294923         86.299             30.353
801.293864         86.278             31.201
801.292760         86.255             32.038
801.291610         86.232             32.866
801.290414         86.207             33.683
801.289171         86.183             34.490
801.287883         86.157             35.286
801.286549         86.130             36.071
801.285170         86.103             36.845
801.283744         86.075             37.608
801.282272         86.047             38.361
801.280755         86.018             39.102
801.279191         85.988             39.833
801.277582         85.957             40.552
801.275927         85.926             41.261
801.274226         85.894             41.959
801.272479         85.862             42.646
801.270686         85.829             43.322
801.268847         85.795             43.987
801.266963         85.761             44.642
801.265033         85.726             45.286
801.263057         85.691             45.919
801.261035         85.656             46.542
801.258967         85.619             47.155
801.256854         85.583             47.758
801.254694         85.545             48.351
801.252489         85.508             48.933
801.250238         85.469             49.506
801.247942         85.431             50.069
801.245600         85.392             50.623
801.243211         85.352             51.167
801.240778         85.312             51.702
801.238298         85.272             52.228
801.235773         85.231             52.745
801.233202         85.190             53.253
801.230586         85.149             53.752
801.227923         85.107             54.243
801.225215         85.065             54.726
801.222462         85.022             55.200
801.219663         84.979             55.666
801.216818         84.936             56.124
801.213928         84.893             56.574
801.210992         84.849             57.016
801.208010         84.805             57.451
801.204983         84.760             57.879
801.201910         84.716             58.299
801.198792         84.671             58.713
801.195628         84.625             59.119
801.192419         84.580             59.518
801.189164         84.534             59.911
801.185863         84.488             60.297
801.182518         84.441             60.676
801.179126         84.395             61.049
801.175689         84.348             61.416
801.172207         84.301             61.777
801.168680         84.254             62.132
801.165107         84.206             62.481
801.161488         84.158             62.825
801.157825         84.111             63.162
801.154115         84.062             63.495
801.150361         84.014             63.821
801.146561         83.966             64.143
801.142716         83.917             64.459
801.138826         83.868             64.770
801.134890         83.819             65.077
801.130909         83.770             65.378
801.126883         83.720             65.675
801.122811         83.671             65.967
801.118695         83.621             66.254
801.114533         83.571             66.537
801.110326         83.521             66.815
801.106074         83.471             67.089
801.101777         83.420             67.359
801.097434         83.370             67.625
801.093047         83.319             67.886
801.088614         83.268             68.144
801.084136         83.217             68.398
801.079614         83.166             68.648
801.075046         83.115             68.894
801.070433         83.064             69.136
801.065776         83.012             69.375
801.061073         82.961             69.610
801.056325         82.909             69.842
801.051533         82.857             70.071
801.046695         82.805             70.296
801.041813         82.753             70.517
801.036886         82.701             70.736
801.031914         82.648             70.952
801.026897         82.596             71.164
801.021835         82.544             71.373
801.016729         82.491             71.580
801.011578         82.438             71.783
801.006382         82.386             71.984
801.001141         82.333             72.181
800.995856         82.280             72.376
800.990526         82.227             72.569
800.985151         82.173             72.758
800.979732         82.120             72.946
800.974268         82.067             73.130
800.968760         82.013             73.312
800.963207         81.960             73.492
800.957609         81.906             73.669
800.951967         81.853             73.844
800.946281         81.799             74.016
800.940550         81.745             74.186
800.934774         81.691             74.354
800.928954         81.637             74.520
800.923090         81.583             74.684
800.917182         81.529             74.845
800.911229         81.475             75.004
800.905232         81.421             75.162
800.899190         81.367             75.317
800.893105         81.312             75.470
800.886975         81.258             75.622
800.880801         81.203             75.771
800.874583         81.149             75.919
800.868320         81.094             76.064
800.862014         81.039             76.208
800.855663         80.985             76.350
800.849268         80.930             76.491
800.842830         80.875             76.629
800.836347         80.820             76.766
800.829820         80.765             76.902
800.823250         80.710             77.035
800.816635         80.655             77.167
800.809976         80.600             77.298
800.803274         80.545             77.427
800.796528         80.490             77.554
800.789738         80.434             77.680
800.782904         80.379             77.804
800.776026         80.324             77.927
800.769105         80.268             78.049
800.762140         80.213             78.169
800.755132         80.157             78.288
800.748079         80.102             78.405
800.740983         80.046             78.521
800.733844         79.991             78.636
800.726661         79.935             78.749
800.719434         79.879             78.861
800.712164         79.823             78.972
800.704851         79.768             79.082
800.697494         79.712             79.190
800.690094         79.656             79.297
800.682650         79.600             79.403
800.675163         79.544             79.508
800.667633         79.488             79.612
800.660060         79.432             79.714
800.652443         79.376             79.816
800.644783         79.320             79.916
800.637080         79.264             80.015
800.629334         79.208             80.114
800.621544         79.151             80.211
800.613712         79.095             80.307
800.605837         79.039             80.402
800.597918         78.983             80.496
800.589957         78.926             80.589
800.581953         78.870             80.681
800.573906         78.814             80.773
800.565816         78.757             80.863
800.557683         78.701             80.952
800.549507         78.644             81.040
800.541289         78.588             81.128
800.533028         78.531             81.215
800.524724         78.475             81.300
800.516377         78.418             81.385
800.507988         78.362             81.469
800.499557         78.305             81.552
800.491082         78.248             81.635
800.482566         78.192             81.716
800.474007         78.135             81.797
800.465405         78.078             81.877
800.456761         78.021             81.956
800.448075         77.965             82.034
800.439346         77.908             82.112
800.430575         77.851             82.189
800.421762         77.794             82.265
800.412907         77.737             82.340
800.404009         77.680             82.415
800.395070         77.623             82.489
800.386088         77.566             82.562
800.377064         77.509             82.634
800.367998         77.452             82.706
800.358890         77.395             82.777
800.349741         77.338             82.848
800.340549         77.281             82.918
800.331315         77.224             82.987
800.322040         77.167             83.056
800.312723         77.110             83.123
800.303364         77.053             83.191
800.293964         76.996             83.257
800.284521         76.939             83.323
800.275038         76.881             83.389
800.265512         76.824             83.454
800.255945         76.767             83.518
800.246337         76.710             83.582
800.236687         76.652             83.645
800.226996         76.595             83.707
800.217263         76.538             83.769
800.207489         76.480             83.831
800.197674         76.423             83.892
800.187817         76.366             83.952
800.177920         76.308             84.012
800.167981         76.251             84.071
800.158001         76.194             84.130
800.147980         76.136             84.188
800.137917         76.079             84.246
800.127814         76.021             84.304
800.117670         75.964             84.360
800.107485         75.906             84.417
800.097259         75.849             84.472
800.086993         75.791             84.528
800.076685         75.734             84.583
800.066337         75.676             84.637
800.055948         75.619             84.691
800.045519         75.561             84.745
800.035049         75.503             84.798
800.024538         75.446             84.850
800.013987         75.388             84.902
800.003396         75.331             84.954
799.992764         75.273             85.005
799.982091         75.215             85.056
799.971379         75.158             85.107
799.960626         75.100             85.157
799.949833         75.042             85.207
799.938999         74.984             85.256
799.928126         74.927             85.305
799.917212         74.869             85.353
799.906259         74.811             85.401
799.895265         74.753             85.449
799.884231         74.696             85.496
799.873158         74.638             85.543
799.862045         74.580             85.590
799.850891         74.522             85.636
799.839698         74.464             85.682
799.828466         74.407             85.727
799.817194         74.349             85.772
799.805882         74.291             85.817
799.794530         74.233             85.861
799.783139         74.175             85.905
799.771709         74.117             85.949
799.760239         74.059             85.992
799.748730         74.001             86.035
799.737181         73.944             86.078
799.725593         73.886             86.120
799.713966         73.828             86.162
799.702300         73.770             86.204
799.690595         73.712             86.245
799.678850         73.654             86.287
799.667067         73.596             86.327
799.655245         73.538             86.368
799.643383         73.480             86.408
799.631483         73.422             86.448
799.619544         73.364             86.487
799.607566         73.306             86.527
799.595550         73.248             86.566
799.583495         73.190             86.604
799.571401         73.132             86.643
799.559269         73.073             86.681
799.547098         73.015             86.719
799.534888         72.957             86.756
799.522641         72.899             86.794
799.510355         72.841             86.831
799.498030         72.783             86.867
799.485668         72.725             86.904
799.473267         72.667             86.940
799.460828         72.609             86.976
799.448351         72.550             87.012
799.435836         72.492             87.047
799.423283         72.434             87.082
799.410692         72.376             87.117
799.398063         72.318             87.152
799.385396         72.260             87.186
799.372692         72.201             87.220
799.359950         72.143             87.254
799.347170         72.085             87.288
799.334353         72.027             87.322
799.321498         71.968             87.355
799.308606         71.910             87.388
799.295676         71.852             87.421
799.282708         71.794             87.453
799.269704         71.736             87.485
799.256662         71.677             87.518
799.243583         71.619             87.549
799.230467         71.561             87.581
799.217314         71.502             87.613
799.204123         71.444             87.644
799.190896         71.386             87.675
799.177632         71.327             87.706
799.164331         71.269             87.736
799.150993         71.211             87.767
799.137618         71.153             87.797
799.124207         71.094             87.827
799.110759         71.036             87.856
799.097274         70.978             87.886
799.083753         70.919             87.915
799.070196         70.861             87.945
799.056602         70.802             87.973
799.042971         70.744             88.002
799.029305         70.686             88.031
799.015602         70.627             88.059
799.001863         70.569             88.087
798.988088         70.510             88.115
798.974277         70.452             88.143
798.960429         70.394             88.171
798.946546         70.335             88.198
798.932627         70.277             88.226
798.918672         70.218             88.253
798.904682         70.160             88.280
798.890655         70.102             88.307
798.876594         70.043             88.333
798.862496         69.985             88.360
798.848363         69.926             88.386
798.834194         69.868             88.412
798.819991         69.809             88.438
798.805751         69.751             88.464
798.791477         69.692             88.489
798.777167         69.634             88.515
798.762822         69.575             88.540
798.748442         69.517             88.565
798.734027         69.458             88.590
798.719577         69.400             88.615
798.705092         69.341             88.639
798.690573         69.283             88.664
798.676018         69.224             88.688
798.661429         69.166             88.712
798.646805         69.107             88.736
798.632147         69.049             88.760
798.617454         68.990             88.784
798.602726         68.932             88.807
798.587965         68.873             88.831
798.573168         68.814             88.854
798.558338         68.756             88.877
798.543473         68.697             88.900
798.528574         68.639             88.923
798.513642         68.580             88.946
798.498675         68.522             88.968
798.483674         68.463             88.991
798.468639         68.404             89.013
798.453570         68.346             89.035
798.438468         68.287             89.057
798.423332         68.229             89.079
798.408162         68.170             89.101
798.392959         68.111             89.122
798.377722         68.053             89.144
798.362452         67.994             89.165
798.347148         67.936             89.186
798.331812         67.877             89.207
798.316441         67.818             89.228
798.301038         67.760             89.249
798.285602         67.701             89.270
798.270132         67.642             89.291
798.254630         67.584             89.311
798.239095         67.525             89.331
798.223526         67.466             89.352
798.207926         67.408             89.372
798.192292         67.349             89.392
798.176626         67.290             89.412
798.160927         67.232             89.431
798.145195         67.173             89.451
798.129432         67.114             89.470
798.113635         67.056             89.490
798.097807         66.997             89.509
798.081946         66.938             89.528
798.066053         66.879             89.547
798.050129         66.821             89.566
798.034172         66.762             89.585
798.018183         66.703             89.604
798.002162         66.645             89.623
797.986109         66.586             89.641
797.970025         66.527             89.660
797.953909         66.468             89.678
797.937761         66.410             89.696
797.921582         66.351             89.714
797.905371         66.292             89.732
797.889129         66.233             89.750
797.872855         66.175             89.768
797.856550         66.116             89.786
797.840215         66.057             89.803
797.823847         65.998             89.821
797.807449         65.940             89.838
797.791020         65.881             89.855
797.774560         65.822             89.872
797.758069         65.763             89.890
797.741548         65.705             89.907
797.724995         65.646             89.923
797.708412         65.587             89.940
797.691799         65.528             89.957
797.675155         65.469             89.974
797.658480         65.411             89.990
797.641776         65.352             90.007
797.625041         65.293             90.023
797.608275         65.234             90.039
797.591480         65.175             90.055
797.574654         65.117             90.071
797.557799         65.058             90.087
797.540914         64.999             90.103
797.523998         64.940             90.119
797.507053         64.881             90.135
797.490079         64.823             90.150
797.473075         64.764             90.166
797.456041         64.705             90.181
797.438977         64.646             90.197
797.421885         64.587             90.212
797.404763         64.528             90.227
797.387611         64.470             90.242
797.370431         64.411             90.257
797.353221         64.352             90.272
797.335983         64.293             90.287
797.318715         64.234             90.302
797.301419         64.175             90.317
797.284094         64.116             90.331
797.266740         64.058             90.346
797.249357         63.999             90.360
797.231946         63.940             90.375
797.214506         63.881             90.389
797.197038         63.822             90.403
797.179541         63.763             90.418
797.162017         63.704             90.432
797.144463         63.645             90.446
797.126882         63.587             90.460
797.109273         63.528             90.473
797.091636         63.469             90.487
797.073971         63.410             90.501
797.056278         63.351             90.515
797.038557         63.292             90.528
797.020809         63.233             90.542
797.003033         63.174             90.555
796.985229         63.115             90.568
796.967398         63.056             90.582
796.949540         62.997             90.595
796.931654         62.939             90.608
796.913741         62.880             90.621
796.895801         62.821             90.634
796.877834         62.762             90.647
796.859840         62.703             90.660
796.841819         62.644             90.673
796.823772         62.585             90.685
796.805697         62.526             90.698
796.787596         62.467             90.711
796.769468         62.408             90.723
796.751314         62.349             90.736
796.733133         62.290             90.748
796.714926         62.231             90.760
796.696692         62.172             90.773
796.678433         62.113             90.785
796.660147         62.054             90.797
796.641835         61.995             90.809
796.623497         61.936             90.821
796.605134         61.878             90.833
796.586744         61.819             90.845
796.568329         61.760             90.857
796.549888         61.701             90.869
796.531422         61.642             90.880
796.512930         61.583             90.892
796.494412         61.524             90.904
796.475870         61.465             90.915
796.457302         61.406             90.927
796.438709         61.347             90.938
796.420090         61.288             90.949
796.401447         61.229             90.961
796.382779         61.170             90.972
796.364086         61.111             90.983
796.345368         61.052             90.994
796.326626         60.993             91.005
796.307858         60.934             91.016
796.289067         60.875             91.027
796.270251         60.816             91.038
796.251410         60.757             91.049
796.232545         60.698             91.060
796.213656         60.639             91.071
796.194743         60.580             91.081
796.175806         60.521             91.092
796.156845         60.462             91.102
796.137860         60.403             91.113
796.118851         60.344             91.123
796.099819         60.284             91.134
796.080762         60.225             91.144
796.061683         60.166             91.155
796.042580         60.107             91.165
796.023453         60.048             91.175
796.004303         59.989             91.185
795.985130         59.930             91.195
795.965934         59.871             91.205
795.946714         59.812             91.215
795.927472         59.753             91.225
795.908207         59.694             91.235
795.888919         59.635             91.245
795.869608         59.576             91.255
795.850275         59.517             91.265
795.830919         59.458             91.274
795.811540         59.399             91.284
795.792140         59.340             91.294
795.772716         59.281             91.303
795.753271         59.222             91.313
795.733804         59.162             91.322
795.714314         59.103             91.332
795.694802         59.044             91.341
795.675269         58.985             91.350
795.655714         58.926             91.360
795.636137         58.867             91.369
795.616538         58.808             91.378
795.596918         58.749             91.387
795.577276         58.690             91.396
795.557613         58.631             91.405
795.537929         58.572             91.414
795.518224         58.513             91.423
795.498497         58.453             91.432
795.478749         58.394             91.441
795.458981         58.335             91.450
795.439191         58.276             91.459
795.419381         58.217             91.467
795.399550         58.158             91.476
795.379698         58.099             91.485
795.359826         58.040             91.493
795.339933         57.981             91.502
795.320020         57.922             91.511
795.300087         57.862             91.519
795.280133         57.803             91.528
795.260160         57.744             91.536
795.240166         57.685             91.544
795.220153         57.626             91.553
795.200119         57.567             91.561
795.180066         57.508             91.569
795.159993         57.449             91.577
795.139901         57.389             91.586
795.119789         57.330             91.594
795.099658         57.271             91.602
795.079507         57.212             91.610
795.059337         57.153             91.618
795.039148         57.094             91.626
795.018940         57.035             91.634
794.998713         56.975             91.642
794.978467         56.916             91.650
794.958202         56.857             91.657
794.937919         56.798             91.665
794.917617         56.739             91.673
794.897296         56.680             91.681
794.876957         56.621             91.688
794.856599         56.561             91.696
794.836224         56.502             91.704
794.815830         56.443             91.711
794.795418         56.384             91.719
794.774988         56.325             91.726
794.754540         56.266             91.734
794.734074         56.206             91.741
794.713590         56.147             91.748
794.693089         56.088             91.756
794.672570         56.029             91.763
794.652034         55.970             91.770
794.631480         55.911             91.778
794.610909         55.851             91.785
794.590321         55.792             91.792
794.569716         55.733             91.799
794.549093         55.674             91.806
794.528454         55.615             91.813
794.507798         55.555             91.820
794.487125         55.496             91.827
794.466435         55.437             91.834
794.445729         55.378             91.841
794.425006         55.319             91.848
794.404267         55.259             91.855
794.383512         55.200             91.862
794.362740         55.141             91.869
794.341952         55.082             91.875
794.321148         55.023             91.882
794.300328         54.963             91.889
794.279492         54.904             91.895
794.258641         54.845             91.902
794.237774         54.786             91.909
794.216891         54.727             91.915
794.195992         54.667             91.922
794.175079         54.608             91.928
794.154149         54.549             91.935
794.133205         54.490             91.941
794.112245         54.431             91.948
794.091271         54.371             91.954
794.070281         54.312             91.960
794.049277         54.253             91.967
794.028257         54.194             91.973
794.007224         54.134             91.979
793.986175         54.075             91.986
793.965112         54.016             91.992
793.944034         53.957             91.998
793.922942         53.898             92.004
793.901836         53.838             92.010
793.880716         53.779             92.016
793.859582         53.720             92.023
793.838433         53.661             92.029
793.817271         53.601             92.035
793.796095         53.542             92.041
793.774905         53.483             92.047
793.753702         53.424             92.052
793.732485         53.364             92.058
793.711255         53.305             92.064
793.690012         53.246             92.070
793.668755         53.187             92.076
793.647485         53.127             92.082
793.626202         53.068             92.087
793.604906         53.009             92.093
793.583597         52.950             92.099
793.562275         52.890             92.105
793.540941         52.831             92.110
793.519594         52.772             92.116
793.498234         52.713             92.121
793.476863         52.653             92.127
793.455478         52.594             92.133
793.434082         52.535             92.138
793.412673         52.476             92.144
793.391253         52.416             92.149
793.369820         52.357             92.154
793.348376         52.298             92.160
793.326920         52.238             92.165
793.305452         52.179             92.171
793.283973         52.120             92.176
793.262482         52.061             92.181
793.240979         52.001             92.187
793.219466         51.942             92.192
793.197941         51.883             92.197
793.176405         51.823             92.202
793.154858         51.764             92.208
793.133300         51.705             92.213
793.111732         51.646             92.218
793.090152         51.586             92.223
793.068562         51.527             92.228
793.046961         51.468             92.233
793.025350         51.408             92.238
793.003729         51.349             92.243
792.982097         51.290             92.248
792.960455         51.231             92.253
792.938803         51.171             92.258
792.917141         51.112             92.263
792.895469         51.053             92.268
792.873787         50.993             92.273
792.852096         50.934             92.278
792.830395         50.875             92.283
792.808684         50.815             92.287
792.786964         50.756             92.292
792.765235         50.697             92.297
792.743496         50.637             92.302
792.721748         50.578             92.306
792.699992         50.519             92.311
792.678226         50.460             92.316
792.656451         50.400             92.320
792.634668         50.341             92.325
792.612876         50.282             92.330
792.591075         50.222             92.334
792.569266         50.163             92.339
792.547448         50.104             92.343
792.525622         50.044             92.348
792.503788         49.985             92.352
792.481946         49.926             92.357
792.460096         49.866             92.361
792.438238         49.807             92.366
792.416372         49.748             92.370
792.394498         49.688             92.375
792.372617         49.629             92.379
792.350728         49.570             92.383
792.328831         49.510             92.388
792.306928         49.451             92.392
792.285017         49.392             92.396
792.263098         49.332             92.401
792.241173         49.273             92.405
792.219241         49.214             92.409
792.197302         49.154             92.413
792.175356         49.095             92.417
792.153404         49.035             92.422
792.131444         48.976             92.426
792.109479         48.917             92.430
792.087507         48.857             92.434
792.065528         48.798             92.438
792.043544         48.739             92.442
792.021553         48.679             92.446
791.999556         48.620             92.450
791.977554         48.561             92.454
791.955545         48.501             92.458
791.933531         48.442             92.462
791.911511         48.383             92.466
791.889486         48.323             92.470
791.867455         48.264             92.474
791.845419         48.204             92.478
791.823377         48.145             92.482
791.801330         48.086             92.486
791.779279         48.026             92.490
791.757222         47.967             92.494
791.735160         47.908             92.497
791.713094         47.848             92.501
791.691023         47.789             92.505
791.668947         47.729             92.509
791.646867         47.670             92.512
791.624782         47.611             92.516
791.602693         47.551             92.520
791.580600         47.492             92.524
791.558503         47.432             92.527
791.536402         47.373             92.531
791.514297         47.314             92.535
791.492188         47.254             92.538
791.470075         47.195             92.542
791.447958         47.136             92.545
791.425839         47.076             92.549
791.403715         47.017             92.552
791.381588         46.957             92.556
791.359458         46.898             92.559
791.337325         46.839             92.563
791.315189         46.779             92.566
791.293050         46.720             92.570
791.270908         46.660             92.573
791.248763         46.601             92.577
791.226616         46.542             92.580
791.204465         46.482             92.584
791.182313         46.423             92.587
791.160158         46.363             92.590
791.138001         46.304             92.594
791.115841         46.245             92.597
791.093680         46.185             92.600
791.071516         46.126             92.604
791.049351         46.066             92.607
791.027183         46.007             92.610
791.005014         45.947             92.613
790.982844         45.888             92.617
790.960672         45.829             92.620
790.938498         45.769             92.623
790.916323         45.710             92.626
790.894147         45.650             92.629
790.871969         45.591             92.633
790.849791         45.531             92.636
790.827612         45.472             92.639
790.805432         45.413             92.642
790.783251         45.353             92.645
790.761069         45.294             92.648
790.738887         45.234             92.651
790.716704         45.175             92.654
790.694521         45.115             92.657
790.672338         45.056             92.660
790.650155         44.997             92.663
790.627971         44.937             92.666
790.605788         44.878             92.669
790.583604         44.818             92.672
790.561421         44.759             92.675
790.539238         44.699             92.678
790.517055         44.640             92.681
790.494873         44.581             92.684
790.472692         44.521             92.687
790.450511         44.462             92.690
790.428331         44.402             92.693
790.406152         44.343             92.695
790.383974         44.283             92.698
790.361797         44.224             92.701
790.339621         44.164             92.704
790.317446         44.105             92.707
790.295273         44.045             92.710
790.273101         43.986             92.712
790.250931         43.927             92.715
790.228762         43.867             92.718
790.206595         43.808             92.720
790.184430         43.748             92.723
790.162267         43.689             92.726
790.140106         43.629             92.729
790.117947         43.570             92.731
790.095791         43.510             92.734
790.073636         43.451             92.737
790.051484         43.391             92.739
790.029335         43.332             92.742
790.007188         43.272             92.744
789.985044         43.213             92.747
789.962902         43.154             92.750
789.940764         43.094             92.752
789.918628         43.035             92.755
789.896496         42.975             92.757
789.874367         42.916             92.760
789.852241         42.856             92.762
789.830118         42.797             92.765
789.807999         42.737             92.767
789.785884         42.678             92.770
789.763772         42.618             92.772
789.741664         42.559             92.775
789.719559         42.499             92.777
789.697459         42.440             92.779
789.675363         42.380             92.782
789.653271         42.321             92.784
789.631183         42.261             92.787
789.609099         42.202             92.789
789.587020         42.142             92.791
789.564946         42.083             92.794
789.542876         42.023             92.796
789.520811         41.964             92.798
789.498750         41.904             92.801
789.476695         41.845             92.803
789.454644         41.785             92.805
789.432599         41.726             92.808
789.410559         41.666             92.810
789.388524         41.607             92.812
789.366494         41.547             92.814
789.344470         41.488             92.816
789.322452         41.428             92.819
789.300439         41.369             92.821
789.278432         41.309             92.823
789.256431         41.250             92.825
789.234436         41.190             92.827
789.212447         41.131             92.830
789.190464         41.071             92.832
789.168487         41.012             92.834
789.146517         40.952             92.836
789.124553         40.893             92.838
789.102595         40.833             92.840
789.080645         40.774             92.842
789.058701         40.714             92.844
789.036763         40.655             92.846
789.014833         40.595             92.849
788.992910         40.536             92.851
788.970994         40.476             92.853
788.949085         40.417             92.855
788.927183         40.357             92.857
788.905289         40.298             92.859
788.883402         40.238             92.861
788.861523         40.178             92.863
788.839651         40.119             92.865
788.817788         40.059             92.867
788.795932         40.000             92.869
788.774084         39.940             92.870
788.752244         39.881             92.872
788.730412         39.821             92.874
788.708589         39.762             92.876
788.686774         39.702             92.878
788.664967         39.643             92.880
788.643169         39.583             92.882
788.621379         39.524             92.884
788.599599         39.464             92.886
788.577827         39.405             92.887
788.556064         39.345             92.889
788.534310         39.285             92.891
788.512565         39.226             92.893
788.490829         39.166             92.895
788.469102         39.107             92.896
788.447385         39.047             92.898
788.425678         38.988             92.900
788.403980         38.928             92.902
788.382291         38.869             92.904
788.360613         38.809             92.905
788.338944         38.750             92.907
788.317285         38.690             92.909
788.295636         38.630             92.910
788.273998         38.571             92.912
788.252369         38.511             92.914
788.230751         38.452             92.916
788.209144         38.392             92.917
788.187547         38.333             92.919
788.165960         38.273             92.921
788.144384         38.214             92.922
788.122819         38.154             92.924
788.101265         38.094             92.925
788.079722         38.035             92.927
788.058190         37.975             92.929
788.036669         37.916             92.930
788.015159         37.856             92.932
787.993661         37.797             92.933
787.972174         37.737             92.935
787.950699         37.677             92.937
787.929235         37.618             92.938
787.907783         37.558             92.940
787.886343         37.499             92.941
787.864915         37.439             92.943
787.843499         37.380             92.944
787.822095         37.320             92.946
787.800703         37.260             92.947
787.779324         37.201             92.949
787.757957         37.141             92.950
787.736602         37.082             92.952
787.715260         37.022             92.953
787.693930         36.962             92.955
787.672614         36.903             92.956
787.651310         36.843             92.958
787.630019         36.784             92.959
787.608741         36.724             92.960
787.587476         36.665             92.962
787.566225         36.605             92.963
787.544986         36.545             92.965
787.523762         36.486             92.966
787.502550         36.426             92.967
787.481353         36.367             92.969
787.460168         36.307             92.970
787.438998         36.247             92.971
787.417842         36.188             92.973
787.396699         36.128             92.974
787.375571         36.069             92.975
787.354457         36.009             92.977
787.333357         35.949             92.978
787.312271         35.890             92.979
787.291200         35.830             92.981
787.270143         35.771             92.982
787.249101         35.711             92.983
787.228073         35.651             92.985
787.207060         35.592             92.986
787.186063         35.532             92.987
787.165080         35.473             92.988
787.144112         35.413             92.990
787.123159         35.353             92.991
787.102222         35.294             92.992
787.081300         35.234             92.993
787.060393         35.175             92.994
787.039502         35.115             92.996
787.018626         35.055             92.997
786.997767         34.996             92.998
786.976922         34.936             92.999
786.956094         34.877             93.000
786.935282         34.817             93.002
786.914486         34.757             93.003
786.893706         34.698             93.004
786.872942         34.638             93.005
786.852195         34.578             93.006
786.831464         34.519             93.007
786.810749         34.459             93.008
786.790051         34.400             93.009
786.769370         34.340             93.011
786.748706         34.280             93.012
786.728058         34.221             93.013
786.707427         34.161             93.014
786.686814         34.101             93.015
786.666217         34.042             93.016
786.645638         33.982             93.017
786.625076         33.923             93.018
786.604532         33.863             93.019
786.584005         33.803             93.020
786.563496         33.744             93.021
786.543004         33.684             93.022
786.522530         33.624             93.023
786.502074         33.565             93.024
786.481636         33.505             93.025
786.461216         33.445             93.026
786.440814         33.386             93.027
786.420430         33.326             93.028
786.400065         33.267             93.029
786.379717         33.207             93.030
786.359389         33.147             93.031
786.339079         33.088             93.032
786.318788         33.028             93.033
786.298515         32.968             93.034
786.278261         32.909             93.035
786.258026         32.849             93.036
786.237810         32.789             93.037
786.217614         32.730             93.038
786.197436         32.670             93.038
786.177278         32.610             93.039
786.157139         32.551             93.040
786.137019         32.491             93.041
786.116919         32.432             93.042
786.096839         32.372             93.043
786.076779         32.312             93.044
786.056738         32.253             93.045
786.036717         32.193             93.045
786.016716         32.133             93.046
785.996735         32.074             93.047
785.976774         32.014             93.048
785.956834         31.954             93.049
785.936914         31.895             93.050
785.917014         31.835             93.050
785.897135         31.775             93.051
785.877276         31.716             93.052
785.857438         31.656             93.053
785.837621         31.596             93.054
785.817824         31.537             93.054
785.798049         31.477             93.055
785.778294         31.417             93.056
785.758561         31.358             93.057
785.738849         31.298             93.057
785.719158         31.238             93.058
785.699488         31.179             93.059
785.679840         31.119             93.060
785.660213         31.059             93.060
785.640608         31.000             93.061
785.621025         30.940             93.062
785.601464         30.880             93.062
785.581924         30.821             93.063
785.562406         30.761             93.064
785.542911         30.701             93.065
785.523437         30.642             93.065
785.503986         30.582             93.066
785.484557         30.522             93.067
785.465151         30.463             93.067
785.445766         30.403             93.068
785.426405         30.343             93.069
785.407066         30.283             93.069
785.387750         30.224             93.070
785.368456         30.164             93.070
785.349186         30.104             93.071
785.329938         30.045             93.072
785.310714         29.985             93.072
785.291512         29.925             93.073
785.272334         29.866             93.074
785.253180         29.806             93.074
785.234048         29.746             93.075
785.214940         29.687             93.075
785.195856         29.627             93.076
785.176795         29.567             93.077
785.157758         29.508             93.077
785.138745         29.448             93.078
785.119756         29.388             93.078
785.100790         29.328             93.079
785.081849         29.269             93.079
785.062932         29.209             93.080
785.044039         29.149             93.080
785.025170         29.090             93.081
785.006326         29.030             93.082
784.987506         28.970             93.082
784.968711         28.911             93.083
784.949940         28.851             93.083
784.931195         28.791             93.084
784.912474         28.731             93.084
784.893777         28.672             93.085
784.875106         28.612             93.085
784.856460         28.552             93.086
784.837839         28.493             93.086
784.819243         28.433             93.087
784.800672         28.373             93.087
784.782127         28.313             93.088
784.763608         28.254             93.088
784.745113         28.194             93.088
784.726645         28.134             93.089
784.708202         28.075             93.089
784.689785         28.015             93.090
784.671393         27.955             93.090
784.653028         27.896             93.091
784.634689         27.836             93.091
784.616375         27.776             93.092
784.598088         27.716             93.092
784.579828         27.657             93.092
784.561593         27.597             93.093
784.543385         27.537             93.093
784.525203         27.477             93.094
784.507048         27.418             93.094
784.488920         27.358             93.094
784.470818         27.298             93.095
784.452743         27.239             93.095
784.434696         27.179             93.095
784.416675         27.119             93.096
784.398681         27.059             93.096
784.380714         27.000             93.097
784.362774         26.940             93.097
784.344862         26.880             93.097
784.326977         26.821             93.098
784.309119         26.761             93.098
784.291289         26.701             93.098
784.273487         26.641             93.099
784.255712         26.582             93.099
784.237965         26.522             93.099
784.220246         26.462             93.100
784.202555         26.402             93.100
784.184891         26.343             93.100
784.167256         26.283             93.101
784.149649         26.223             93.101
784.132070         26.163             93.101
784.114519         26.104             93.101
784.096997         26.044             93.102
784.079503         25.984             93.102
784.062038         25.924             93.102
784.044601         25.865             93.102
784.027193         25.805             93.103
784.009814         25.745             93.103
783.992464         25.686             93.103
783.975142         25.626             93.104
783.957850         25.566             93.104
783.940586         25.506             93.104
783.923352         25.447             93.104
783.906146         25.387             93.105
783.888970         25.327             93.105
783.871824         25.267             93.105
783.854707         25.208             93.105
783.837619         25.148             93.105
783.820561         25.088             93.106
783.803533         25.028             93.106
783.786534         24.969             93.106
783.769565         24.909             93.106
783.752626         24.849             93.106
783.735717         24.789             93.107
783.718838         24.730             93.107
783.701989         24.670             93.107
783.685170         24.610             93.107
783.668381         24.550             93.107
783.651623         24.491             93.108
783.634895         24.431             93.108
783.618198         24.371             93.108
783.601531         24.311             93.108
783.584895         24.252             93.108
783.568289         24.192             93.108
783.551715         24.132             93.108
783.535171         24.072             93.109
783.518657         24.012             93.109
783.502175         23.953             93.109
783.485724         23.893             93.109
783.469304         23.833             93.109
783.452915         23.773             93.109
783.436558         23.714             93.109
783.420232         23.654             93.110
783.403937         23.594             93.110
783.387674         23.534             93.110
783.371442         23.475             93.110
783.355242         23.415             93.110
783.339073         23.355             93.110
783.322937         23.295             93.110
783.306832         23.236             93.110
783.290759         23.176             93.110
783.274718         23.116             93.110
783.258709         23.056             93.110
783.242732         22.996             93.111
783.226787         22.937             93.111
783.210875         22.877             93.111
783.194994         22.817             93.111
783.179147         22.757             93.111
783.163331         22.698             93.111
783.147549         22.638             93.111
783.131798         22.578             93.111
783.116081         22.518             93.111
783.100396         22.458             93.111
783.084744         22.399             93.111
783.069125         22.339             93.111
783.053539         22.279             93.111
783.037986         22.219             93.111
783.022465         22.160             93.111
783.006978         22.100             93.111
782.991525         22.040             93.111
782.976104         21.980             93.111
782.960717         21.920             93.111
782.945363         21.861             93.111
782.930043         21.801             93.111
782.914756         21.741             93.111
782.899503         21.681             93.111
782.884284         21.621             93.111
782.869098         21.562             93.111
782.853946         21.502             93.111
782.838828         21.442             93.111
782.823744         21.382             93.111
782.808694         21.323             93.111
782.793678         21.263             93.111
782.778696         21.203             93.111
782.763749         21.143             93.111
782.748836         21.083             93.111
782.733957         21.024             93.111
782.719112         20.964             93.111
782.704302         20.904             93.111
782.689526         20.844             93.111
782.674785         20.784             93.111
782.660079         20.725             93.111
782.645407         20.665             93.111
782.630771         20.605             93.111
782.616169         20.545             93.111
782.601602         20.485             93.111
782.587070         20.426             93.110
782.572573         20.366             93.110
782.558111         20.306             93.110
782.543684         20.246             93.110
782.529292         20.186             93.110
782.514936         20.127             93.110
782.500615         20.067             93.110
782.486330         20.007             93.110
782.472080         19.947             93.110
782.457866         19.887             93.110
782.443687         19.828             93.110
782.429544         19.768             93.109
782.415437         19.708             93.109
782.401365         19.648             93.109
782.387329         19.588             93.109
782.373330         19.529             93.109
782.359366         19.469             93.109
782.345438         19.409             93.109
782.331547         19.349             93.109
782.317691         19.289             93.108
782.303872         19.229             93.108
782.290089         19.170             93.108
782.276342         19.110             93.108
782.262632         19.050             93.108
782.248958         18.990             93.108
782.235321         18.930             93.108
782.221721         18.871             93.107
782.208157         18.811             93.107
782.194629         18.751             93.107
782.181139         18.691             93.107
782.167685         18.631             93.107
782.154269         18.572             93.107
782.140889         18.512             93.107
782.127546         18.452             93.106
782.114240         18.392             93.106
782.100971         18.332             93.106
782.087740         18.272             93.106
782.074546         18.213             93.106
782.061389         18.153             93.105
782.048269         18.093             93.105
782.035187         18.033             93.105
782.022142         17.973             93.105
782.009135         17.914             93.105
781.996165         17.854             93.104
781.983233         17.794             93.104
781.970339         17.734             93.104
781.957482         17.674             93.104
781.944664         17.614             93.104
781.931883         17.555             93.103
781.919140         17.495             93.103
781.906435         17.435             93.103
781.893768         17.375             93.103
781.881139         17.315             93.103
781.868548         17.255             93.102
781.855996         17.196             93.102
781.843481         17.136             93.102
781.831005         17.076             93.102
781.818568         17.016             93.101
781.806168         16.956             93.101
781.793808         16.896             93.101
781.781485         16.837             93.101
781.769202         16.777             93.100
781.756957         16.717             93.100
781.744750         16.657             93.100
781.732583         16.597             93.100
781.720454         16.537             93.099
781.708364         16.478             93.099
781.696313         16.418             93.099
781.684301         16.358             93.099
781.672327         16.298             93.098
781.660393         16.238             93.098
781.648498         16.178             93.098
781.636642         16.119             93.098
781.624826         16.059             93.097
781.613049         15.999             93.097
781.601310         15.939             93.097
781.589612         15.879             93.097
781.577953         15.819             93.096
781.566333         15.760             93.096
781.554752         15.700             93.096
781.543212         15.640             93.095
781.531711         15.580             93.095
781.520249         15.520             93.095
781.508828         15.460             93.094
781.497446         15.401             93.094
781.486104         15.341             93.094
781.474801         15.281             93.094
781.463539         15.221             93.093
781.452317         15.161             93.093
781.441134         15.101             93.093
781.429992         15.041             93.092
781.418890         14.982             93.092
781.407828         14.922             93.092
781.396806         14.862             93.091
781.385825         14.802             93.091
781.374883         14.742             93.091
781.363983         14.682             93.090
781.353122         14.623             93.090
781.342302         14.563             93.090
781.331523         14.503             93.089
781.320784         14.443             93.089
781.310086         14.383             93.089
781.299428         14.323             93.088
781.288811         14.263             93.088
781.278235         14.204             93.088
781.267699         14.144             93.087
781.257204         14.084             93.087
781.246751         14.024             93.087
781.236338         13.964             93.086
781.225966         13.904             93.086
781.215635         13.844             93.086
781.205345         13.785             93.085
781.195096         13.725             93.085
781.184889         13.665             93.085
781.174723         13.605             93.084
781.164597         13.545             93.084
781.154514         13.485             93.084
781.144471         13.425             93.083
781.134470         13.366             93.083
781.124510         13.306             93.082
781.114592         13.246             93.082
781.104715         13.186             93.082
781.094880         13.126             93.081
781.085086         13.066             93.081
781.075334         13.006             93.081
781.065624         12.947             93.080
781.055955         12.887             93.080
781.046328         12.827             93.079
781.036743         12.767             93.079
781.027200         12.707             93.079
781.017698         12.647             93.078
781.008239         12.587             93.078
780.998821         12.528             93.077
780.989446         12.468             93.077
780.980112         12.408             93.077
780.970821         12.348             93.076
780.961572         12.288             93.076
780.952365         12.228             93.075
780.943200         12.168             93.075
780.934077         12.109             93.075
780.924997         12.049             93.074
780.915959         11.989             93.074
780.906963         11.929             93.073
780.898010         11.869             93.073
780.889100         11.809             93.073
780.880231         11.749             93.072
780.871406         11.689             93.072
780.862622         11.630             93.071
780.853882         11.570             93.071
780.845184         11.510             93.071
780.836529         11.450             93.070
780.827916         11.390             93.070
780.819347         11.330             93.069
780.810820         11.270             93.069
780.802335         11.210             93.068
780.793894         11.151             93.068
780.785496         11.091             93.068
780.777140         11.031             93.067
780.768828         10.971             93.067
780.760559         10.911             93.066
780.752332         10.851             93.066
780.744149         10.791             93.065
780.736009         10.732             93.065
780.727912         10.672             93.064
780.719858         10.612             93.064
780.711848         10.552             93.064
780.703880         10.492             93.063
780.695956         10.432             93.063
780.688076         10.372             93.062
780.680238         10.312             93.062
780.672445         10.253             93.061
780.664694         10.193             93.061
780.656987         10.133             93.060
780.649324         10.073             93.060
780.641704         10.013             93.060
780.634128         9.953              93.059
780.626595         9.893              93.059
780.619106         9.833              93.058
780.611660         9.774              93.058
780.604259         9.714              93.057
780.596901         9.654              93.057
780.589587         9.594              93.056
780.582316         9.534              93.056
780.575090         9.474              93.055
780.567907         9.414              93.055
780.560768         9.354              93.054
780.553673         9.294              93.054
780.546622         9.235              93.053
780.539615         9.175              93.053
780.532653         9.115              93.052
780.525734         9.055              93.052
780.518859         8.995              93.052
780.512028         8.935              93.051
780.505242         8.875              93.051
780.498500         8.815              93.050
780.491801         8.756              93.050
780.485148         8.696              93.049
780.478538         8.636              93.049
780.471973         8.576              93.048
780.465452         8.516              93.048
780.458975         8.456              93.047
780.452543         8.396              93.047
780.446155         8.336              93.046
780.439811         8.276              93.046
780.433512         8.217              93.045
780.427258         8.157              93.045
780.421048         8.097              93.044
780.414882         8.037              93.044
780.408762         7.977              93.043
780.402685         7.917              93.043
780.396654         7.857              93.042
780.390667         7.797              93.042
780.384724         7.737              93.041
780.378827         7.678              93.041
780.372974         7.618              93.040
780.367166         7.558              93.040
780.361402         7.498              93.039
780.355684         7.438              93.039
780.350010         7.378              93.038
780.344381         7.318              93.038
780.338797         7.258              93.037
780.333258         7.199              93.037
780.327764         7.139              93.036
780.322315         7.079              93.036
780.316911         7.019              93.035
780.311551         6.959              93.035
780.306237         6.899              93.034
780.300968         6.839              93.034
780.295744         6.779              93.033
780.290565         6.719              93.032
780.285431         6.659              93.032
780.280342         6.600              93.031
780.275299         6.540              93.031
780.270300         6.480              93.030
780.265347         6.420              93.030
780.260439         6.360              93.029
780.255576         6.300              93.029
780.250759         6.240              93.028
780.245987         6.180              93.028
780.241260         6.120              93.027
780.236578         6.061              93.027
780.231942         6.001              93.026
780.227351         5.941              93.026
780.222806         5.881              93.025
780.218306         5.821              93.025
780.213852         5.761              93.024
780.209442         5.701              93.024
780.205079         5.641              93.023
780.200761         5.581              93.022
780.196488         5.522              93.022
780.192261         5.462              93.021
780.188079         5.402              93.021
780.183943         5.342              93.020
780.179853         5.282              93.020
780.175808         5.222              93.019
780.171809         5.162              93.019
780.167856         5.102              93.018
780.163948         5.042              93.018
780.160085         4.982              93.017
780.156269         4.923              93.017
780.152498         4.863              93.016
780.148773         4.803              93.015
780.145094         4.743              93.015
780.141460         4.683              93.014
780.137872         4.623              93.014
780.134330         4.563              93.013
780.130834         4.503              93.013
780.127384         4.443              93.012
780.123979         4.384              93.012
780.120620         4.324              93.011
780.117307         4.264              93.010
780.114040         4.204              93.010
780.110819         4.144              93.009
780.107644         4.084              93.009
780.104515         4.024              93.008
780.101431         3.964              93.008
780.098394         3.904              93.007
780.095402         3.844              93.007
780.092457         3.785              93.006
780.089557         3.725              93.006
780.086704         3.665              93.005
780.083896         3.605              93.004
780.081135         3.545              93.004
780.078420         3.485              93.003
780.075750         3.425              93.003
780.073127         3.365              93.002
780.070550         3.305              93.002
780.068018         3.245              93.001
780.065533         3.186              93.001
780.063094         3.126              93.000
780.060702         3.066              92.999
780.058355         3.006              92.999
780.056054         2.946              92.998
780.053800         2.886              92.998
780.051592         2.826              92.997
780.049429         2.766              92.997
780.047313         2.706              92.996
780.045244         2.646              92.995
780.043220         2.587              92.995
780.041243         2.527              92.994
780.039312         2.467              92.994
780.037427         2.407              92.993
780.035588         2.347              92.993
780.033795         2.287              92.992
780.032049         2.227              92.992
780.030349         2.167              92.991
780.028695         2.107              92.990
780.027088         2.047              92.990
780.025527         1.988              92.989
780.024012         1.928              92.989
780.022543         1.868              92.988
780.021121         1.808              92.988
780.019745         1.748              92.987
780.018415         1.688              92.986
780.017132         1.628              92.986
780.015895         1.568              92.985
780.014704         1.508              92.985
780.013559         1.448              92.984
780.012461         1.389              92.984
780.011410         1.329              92.983
780.010404         1.269              92.982
780.009445         1.209              92.982
780.008532         1.149              92.981
780.007666         1.089              92.981
780.006846         1.029              92.980
780.006072         0.969              92.980
780.005345         0.909              92.979
780.004664         0.849              92.978
780.004029         0.790              92.978
780.003441         0.730              92.977
780.002899         0.670              92.977
780.002404         0.610              92.976
780.001955         0.550              92.976
780.001552         0.490              92.975
780.001196         0.430              92.974
780.000886         0.370              92.974
780.000622         0.310              92.973
780.000405         0.250              92.973
780.000235         0.191              92.972
780.000110         0.131              92.972
780.000032         0.071              92.971
780.000001         0.011              92.970
780.000016         -0.049             92.970
780.000077         -0.109             92.969
780.000184         -0.169             92.969
780.000338         -0.229             92.968
780.000539         -0.289             92.968
780.000786         -0.349             92.967
780.001079         -0.409             92.967
780.001418         -0.468             92.966
780.001804         -0.528             92.965
780.002237         -0.588             92.965
780.002715         -0.648             92.964
780.003240         -0.708             92.964
780.003812         -0.768             92.963
780.004430         -0.828             92.963
780.005094         -0.888             92.962
780.005805         -0.948             92.961
780.006562         -1.008             92.961
780.007365         -1.067             92.960
780.008215         -1.127             92.960
780.009111         -1.187             92.959
780.010053         -1.247             92.959
780.011042         -1.307             92.958
780.012077         -1.367             92.957
780.013158         -1.427             92.957
780.014286         -1.487             92.956
780.015460         -1.547             92.956
780.016680         -1.607             92.955
780.017947         -1.666             92.955
780.019260         -1.726             92.954
780.020619         -1.786             92.953
780.022025         -1.846             92.953
780.023477         -1.906             92.952
780.024975         -1.966             92.952
780.026520         -2.026             92.951
780.028111         -2.086             92.951
780.029748         -2.146             92.950
780.031431         -2.206             92.949
780.033160         -2.265             92.949
780.034936         -2.325             92.948
780.036758         -2.385             92.948
780.038627         -2.445             92.947
780.040541         -2.505             92.947
780.042502         -2.565             92.946
780.044509         -2.625             92.946
780.046562         -2.685             92.945
780.048661         -2.745             92.944
780.050807         -2.805             92.944
780.052998         -2.864             92.943
780.055236         -2.924             92.943
780.057520         -2.984             92.942
780.059850         -3.044             92.942
780.062226         -3.104             92.941
780.064649         -3.164             92.940
780.067117         -3.224             92.940
780.069632         -3.284             92.939
780.072192         -3.344             92.939
780.074799         -3.404             92.938
780.077452         -3.463             92.938
780.080151         -3.523             92.937
780.082896         -3.583             92.937
780.085686         -3.643             92.936
780.088523         -3.703             92.935
780.091406         -3.763             92.935
780.094335         -3.823             92.934
780.097310         -3.883             92.934
780.100331         -3.943             92.933
780.103398         -4.003             92.933
780.106510         -4.062             92.932
780.109669         -4.122             92.932
780.112874         -4.182             92.931
780.116124         -4.242             92.930
780.119420         -4.302             92.930
780.122763         -4.362             92.929
780.126151         -4.422             92.929
780.129585         -4.482             92.928
780.133064         -4.542             92.928
780.136590         -4.602             92.927
780.140161         -4.661             92.927
780.143778         -4.721             92.926
780.147441         -4.781             92.926
780.151150         -4.841             92.925
780.154904         -4.901             92.924
780.158704         -4.961             92.924
780.162550         -5.021             92.923
780.166441         -5.081             92.923
780.170378         -5.141             92.922
780.174361         -5.200             92.922
780.178389         -5.260             92.921
780.182463         -5.320             92.921
780.186583         -5.380             92.920
780.190748         -5.440             92.920
780.194959         -5.500             92.919
780.199215         -5.560             92.919
780.203517         -5.620             92.918
780.207864         -5.680             92.917
780.212257         -5.740             92.917
780.216695         -5.799             92.916
780.221178         -5.859             92.916
780.225707         -5.919             92.915
780.230282         -5.979             92.915
780.234902         -6.039             92.914
780.239567         -6.099             92.914
780.244277         -6.159             92.913
780.249033         -6.219             92.913
780.253834         -6.279             92.912
780.258681         -6.338             92.912
780.263572         -6.398             92.911
780.268509         -6.458             92.911
780.273491         -6.518             92.910
780.278519         -6.578             92.910
780.283591         -6.638             92.909
780.288709         -6.698             92.908
780.293871         -6.758             92.908
780.299079         -6.818             92.907
780.304332         -6.877             92.907
780.309630         -6.937             92.906
780.314973         -6.997             92.906
780.320361         -7.057             92.905
780.325794         -7.117             92.905
780.331272         -7.177             92.904
780.336795         -7.237             92.904
780.342363         -7.297             92.903
780.347975         -7.357             92.903
780.353633         -7.416             92.902
780.359335         -7.476             92.902
780.365083         -7.536             92.901
780.370875         -7.596             92.901
780.376711         -7.656             92.900
780.382593         -7.716             92.900
780.388519         -7.776             92.899
780.394490         -7.836             92.899
780.400505         -7.896             92.898
780.406566         -7.955             92.898
780.412670         -8.015             92.897
780.418820         -8.075             92.897
780.425014         -8.135             92.896
780.431252         -8.195             92.896
780.437535         -8.255             92.895
780.443863         -8.315             92.895
780.450234         -8.375             92.894
780.456651         -8.435             92.894
780.463111         -8.494             92.893
780.469616         -8.554             92.893
780.476166         -8.614             92.892
780.482759         -8.674             92.892
780.489397         -8.734             92.891
780.496080         -8.794             92.891
780.502806         -8.854             92.890
780.509576         -8.914             92.890
780.516391         -8.973             92.889
780.523250         -9.033             92.889
780.530153         -9.093             92.888
780.537100         -9.153             92.888
780.544091         -9.213             92.888
780.551126         -9.273             92.887
780.558205         -9.333             92.887
780.565328         -9.393             92.886
780.572495         -9.453             92.886
780.579706         -9.512             92.885
780.586960         -9.572             92.885
780.594259         -9.632             92.884
780.601601         -9.692             92.884
780.608987         -9.752             92.883
780.616416         -9.812             92.883
780.623890         -9.872             92.882
780.631407         -9.932             92.882
780.638967         -9.991             92.881
780.646571         -10.051            92.881
780.654219         -10.111            92.881
780.661911         -10.171            92.880
780.669645         -10.231            92.880
780.677423         -10.291            92.879
780.685245         -10.351            92.879
780.693110         -10.411            92.878
780.701018         -10.470            92.878
780.708970         -10.530            92.877
780.716965         -10.590            92.877
780.725003         -10.650            92.876
780.733085         -10.710            92.876
780.741209         -10.770            92.876
780.749377         -10.830            92.875
780.757588         -10.890            92.875
780.765842         -10.949            92.874
780.774139         -11.009            92.874
780.782478         -11.069            92.873
780.790861         -11.129            92.873
780.799287         -11.189            92.873
780.807756         -11.249            92.872
780.816267         -11.309            92.872
780.824822         -11.369            92.871
780.833419         -11.428            92.871
780.842059         -11.488            92.870
780.850741         -11.548            92.870
780.859466         -11.608            92.870
780.868234         -11.668            92.869
780.877044         -11.728            92.869
780.885897         -11.788            92.868
780.894793         -11.847            92.868
780.903731         -11.907            92.867
780.912711         -11.967            92.867
780.921734         -12.027            92.867
780.930799         -12.087            92.866
780.939906         -12.147            92.866
780.949056         -12.207            92.865
780.958247         -12.267            92.865
780.967481         -12.326            92.865
780.976758         -12.386            92.864
780.986076         -12.446            92.864
780.995436         -12.506            92.863
781.004839         -12.566            92.863
781.014283         -12.626            92.863
781.023769         -12.686            92.862
781.033297         -12.745            92.862
781.042867         -12.805            92.862
781.052479         -12.865            92.861
781.062133         -12.925            92.861
781.071828         -12.985            92.860
781.081565         -13.045            92.860
781.091344         -13.105            92.860
781.101164         -13.164            92.859
781.111026         -13.224            92.859
781.120929         -13.284            92.858
781.130874         -13.344            92.858
781.140860         -13.404            92.858
781.150888         -13.464            92.857
781.160957         -13.524            92.857
781.171067         -13.583            92.857
781.181219         -13.643            92.856
781.191411         -13.703            92.856
781.201645         -13.763            92.856
781.211920         -13.823            92.855
781.222236         -13.883            92.855
781.232594         -13.943            92.855
781.242992         -14.002            92.854
781.253431         -14.062            92.854
781.263911         -14.122            92.853
781.274431         -14.182            92.853
781.284993         -14.242            92.853
781.295595         -14.302            92.852
781.306238         -14.362            92.852
781.316922         -14.421            92.852
781.327646         -14.481            92.851
781.338411         -14.541            92.851
781.349217         -14.601            92.851
781.360062         -14.661            92.850
781.370949         -14.721            92.850
781.381875         -14.780            92.850
781.392842         -14.840            92.849
781.403849         -14.900            92.849
781.414897         -14.960            92.849
781.425985         -15.020            92.849
781.437112         -15.080            92.848
781.448280         -15.140            92.848
781.459488         -15.199            92.848
781.470736         -15.259            92.847
781.482024         -15.319            92.847
781.493352         -15.379            92.847
781.504719         -15.439            92.846
781.516127         -15.499            92.846
781.527574         -15.558            92.846
781.539061         -15.618            92.846
781.550587         -15.678            92.845
781.562153         -15.738            92.845
781.573759         -15.798            92.845
781.585404         -15.858            92.844
781.597088         -15.918            92.844
781.608812         -15.977            92.844
781.620575         -16.037            92.844
781.632378         -16.097            92.843
781.644219         -16.157            92.843
781.656100         -16.217            92.843
781.668020         -16.277            92.842
781.679979         -16.336            92.842
781.691977         -16.396            92.842
781.704014         -16.456            92.842
781.716090         -16.516            92.841
781.728205         -16.576            92.841
781.740359         -16.636            92.841
781.752551         -16.695            92.841
781.764782         -16.755            92.840
781.777052         -16.815            92.840
781.789360         -16.875            92.840
781.801707         -16.935            92.840
781.814093         -16.995            92.839
781.826517         -17.054            92.839
781.838979         -17.114            92.839
781.851479         -17.174            92.839
781.864018         -17.234            92.839
781.876595         -17.294            92.838
781.889210         -17.354            92.838
781.901863         -17.413            92.838
781.914555         -17.473            92.838
781.927284         -17.533            92.837
781.940051         -17.593            92.837
781.952856         -17.653            92.837
781.965699         -17.712            92.837
781.978580         -17.772            92.837
781.991499         -17.832            92.836
782.004455         -17.892            92.836
782.017448         -17.952            92.836
782.030479         -18.012            92.836
782.043548         -18.071            92.836
782.056654         -18.131            92.835
782.069798         -18.191            92.835
782.082979         -18.251            92.835
782.096197         -18.311            92.835
782.109452         -18.371            92.835
782.122744         -18.430            92.835
782.136074         -18.490            92.834
782.149440         -18.550            92.834
782.162844         -18.610            92.834
782.176284         -18.670            92.834
782.189761         -18.729            92.834
782.203275         -18.789            92.834
782.216826         -18.849            92.833
782.230414         -18.909            92.833
782.244038         -18.969            92.833
782.257698         -19.028            92.833
782.271395         -19.088            92.833
782.285129         -19.148            92.833
782.298898         -19.208            92.833
782.312705         -19.268            92.832
782.326547         -19.328            92.832
782.340426         -19.387            92.832
782.354340         -19.447            92.832
782.368291         -19.507            92.832
782.382278         -19.567            92.832
782.396301         -19.627            92.832
782.410359         -19.686            92.832
782.424454         -19.746            92.831
782.438584         -19.806            92.831
782.452750         -19.866            92.831
782.466951         -19.926            92.831
782.481188         -19.985            92.831
782.495461         -20.045            92.831
782.509769         -20.105            92.831
782.524112         -20.165            92.831
782.538491         -20.225            92.831
782.552905         -20.284            92.831
782.567354         -20.344            92.830
782.581839         -20.404            92.830
782.596358         -20.464            92.830
782.610913         -20.524            92.830
782.625502         -20.583            92.830
782.640126         -20.643            92.830
782.654785         -20.703            92.830
782.669479         -20.763            92.830
782.684208         -20.823            92.830
782.698971         -20.882            92.830
782.713768         -20.942            92.830
782.728601         -21.002            92.830
782.743467         -21.062            92.830
782.758368         -21.122            92.830
782.773303         -21.181            92.830
782.788273         -21.241            92.830
782.803276         -21.301            92.830
782.818314         -21.361            92.830
782.833386         -21.421            92.830
782.848492         -21.480            92.830
782.863631         -21.540            92.830
782.878805         -21.600            92.830
782.894012         -21.660            92.829
782.909253         -21.719            92.829
782.924528         -21.779            92.829
782.939836         -21.839            92.829
782.955178         -21.899            92.829
782.970553         -21.959            92.830
782.985961         -22.018            92.830
783.001403         -22.078            92.830
783.016878         -22.138            92.830
783.032386         -22.198            92.830
783.047927         -22.258            92.830
783.063502         -22.317            92.830
783.079109         -22.377            92.830
783.094749         -22.437            92.830
783.110422         -22.497            92.830
783.126128         -22.556            92.830
783.141866         -22.616            92.830
783.157637         -22.676            92.830
783.173441         -22.736            92.830
783.189277         -22.796            92.830
783.205145         -22.855            92.830
783.221046         -22.915            92.830
783.236979         -22.975            92.830
783.252945         -23.035            92.830
783.268942         -23.094            92.830
783.284971         -23.154            92.830
783.301033         -23.214            92.831
783.317126         -23.274            92.831
783.333252         -23.334            92.831
783.349409         -23.393            92.831
783.365597         -23.453            92.831
783.381818         -23.513            92.831
783.398070         -23.573            92.831
783.414353         -23.632            92.831
783.430668         -23.692            92.831
783.447014         -23.752            92.831
783.463392         -23.812            92.832
783.479801         -23.871            92.832
783.496240         -23.931            92.832
783.512711         -23.991            92.832
783.529213         -24.051            92.832
783.545746         -24.110            92.832
783.562310         -24.170            92.832
783.578904         -24.230            92.833
783.595530         -24.290            92.833
783.612185         -24.349            92.833
783.628872         -24.409            92.833
783.645589         -24.469            92.833
783.662336         -24.529            92.833
783.679114         -24.589            92.834
783.695921         -24.648            92.834
783.712760         -24.708            92.834
783.729628         -24.768            92.834
783.746526         -24.828            92.834
783.763454         -24.887            92.834
783.780412         -24.947            92.835
783.797400         -25.007            92.835
783.814418         -25.067            92.835
783.831466         -25.126            92.835
783.848543         -25.186            92.836
783.865649         -25.246            92.836
783.882785         -25.306            92.836
783.899950         -25.365            92.836
783.917145         -25.425            92.836
783.934369         -25.485            92.837
783.951622         -25.545            92.837
783.968904         -25.604            92.837
783.986215         -25.664            92.837
784.003555         -25.724            92.838
784.020924         -25.783            92.838
784.038322         -25.843            92.838
784.055748         -25.903            92.838
784.073203         -25.963            92.839
784.090687         -26.022            92.839
784.108199         -26.082            92.839
784.125739         -26.142            92.840
784.143308         -26.202            92.840
784.160905         -26.261            92.840
784.178530         -26.321            92.840
784.196183         -26.381            92.841
784.213864         -26.441            92.841
784.231573         -26.500            92.841
784.249310         -26.560            92.842
784.267075         -26.620            92.842
784.284868         -26.680            92.842
784.302688         -26.739            92.843
784.320535         -26.799            92.843
784.338410         -26.859            92.843
784.356313         -26.918            92.844
784.374243         -26.978            92.844
784.392200         -27.038            92.844
784.410184         -27.098            92.845
784.428195         -27.157            92.845
784.446233         -27.217            92.846
784.464298         -27.277            92.846
784.482390         -27.337            92.846
784.500509         -27.396            92.847
784.518655         -27.456            92.847
784.536827         -27.516            92.847
784.555025         -27.575            92.848
784.573250         -27.635            92.848
784.591502         -27.695            92.849
784.609779         -27.755            92.849
784.628083         -27.814            92.850
784.646413         -27.874            92.850
784.664769         -27.934            92.850
784.683151         -27.993            92.851
784.701559         -28.053            92.851
784.719992         -28.113            92.852
784.738452         -28.173            92.852
784.756937         -28.232            92.853
784.775447         -28.292            92.853
784.793983         -28.352            92.854
784.812545         -28.411            92.854
784.831131         -28.471            92.855
784.849743         -28.531            92.855
784.868381         -28.591            92.855
784.887043         -28.650            92.856
784.905730         -28.710            92.856
784.924442         -28.770            92.857
784.943179         -28.829            92.857
784.961941         -28.889            92.858
784.980727         -28.949            92.859
784.999538         -29.008            92.859
785.018373         -29.068            92.860
785.037233         -29.128            92.860
785.056117         -29.188            92.861
785.075026         -29.247            92.861
785.093958         -29.307            92.862
785.112915         -29.367            92.862
785.131896         -29.426            92.863
785.150900         -29.486            92.863
785.169929         -29.546            92.864
785.188981         -29.605            92.865
785.208057         -29.665            92.865
785.227156         -29.725            92.866
785.246279         -29.784            92.866
785.265426         -29.844            92.867
785.284595         -29.904            92.868
785.303788         -29.964            92.868
785.323004         -30.023            92.869
785.342244         -30.083            92.869
785.361506         -30.143            92.870
785.380791         -30.202            92.871
785.400099         -30.262            92.871
785.419430         -30.322            92.872
785.438783         -30.381            92.873
785.458159         -30.441            92.873
785.477558         -30.501            92.874
785.496979         -30.560            92.875
785.516422         -30.620            92.875
785.535887         -30.680            92.876
785.555375         -30.739            92.877
785.574885         -30.799            92.877
785.594416         -30.859            92.878
785.613970         -30.918            92.879
785.633545         -30.978            92.880
785.653143         -31.038            92.880
785.672761         -31.097            92.881
785.692402         -31.157            92.882
785.712064         -31.217            92.882
785.731747         -31.276            92.883
785.751451         -31.336            92.884
785.771177         -31.396            92.885
785.790924         -31.455            92.885
785.810692         -31.515            92.886
785.830481         -31.575            92.887
785.850290         -31.634            92.888
785.870121         -31.694            92.889
785.889972         -31.754            92.889
785.909844         -31.813            92.890
785.929737         -31.873            92.891
785.949649         -31.933            92.892
785.969583         -31.992            92.893
785.989536         -32.052            92.893
786.009510         -32.112            92.894
786.029503         -32.171            92.895
786.049517         -32.231            92.896
786.069551         -32.291            92.897
786.089604         -32.350            92.898
786.109677         -32.410            92.899
786.129770         -32.470            92.899
786.149883         -32.529            92.900
786.170015         -32.589            92.901
786.190166         -32.649            92.902
786.210337         -32.708            92.903
786.230526         -32.768            92.904
786.250735         -32.828            92.905
786.270963         -32.887            92.906
786.291210         -32.947            92.907
786.311476         -33.007            92.908
786.331761         -33.066            92.908
786.352064         -33.126            92.909
786.372386         -33.185            92.910
786.392726         -33.245            92.911
786.413085         -33.305            92.912
786.433462         -33.364            92.913
786.453858         -33.424            92.914
786.474271         -33.484            92.915
786.494703         -33.543            92.916
786.515153         -33.603            92.917
786.535620         -33.663            92.918
786.556105         -33.722            92.919
786.576608         -33.782            92.920
786.597129         -33.841            92.921
786.617667         -33.901            92.922
786.638223         -33.961            92.923
786.658796         -34.020            92.924
786.679386         -34.080            92.926
786.699993         -34.140            92.927
786.720618         -34.199            92.928
786.741259         -34.259            92.929
786.761918         -34.318            92.930
786.782593         -34.378            92.931
786.803285         -34.438            92.932
786.823993         -34.497            92.933
786.844718         -34.557            92.934
786.865460         -34.617            92.935
786.886218         -34.676            92.937
786.906992         -34.736            92.938
786.927782         -34.795            92.939
786.948589         -34.855            92.940
786.969411         -34.915            92.941
786.990250         -34.974            92.942
787.011104         -35.034            92.944
787.031974         -35.093            92.945
787.052859         -35.153            92.946
787.073760         -35.213            92.947
787.094677         -35.272            92.948
787.115609         -35.332            92.950
787.136556         -35.392            92.951
787.157518         -35.451            92.952
787.178496         -35.511            92.953
787.199488         -35.570            92.955
787.220496         -35.630            92.956
787.241518         -35.690            92.957
787.262555         -35.749            92.958
787.283606         -35.809            92.960
787.304672         -35.868            92.961
787.325753         -35.928            92.962
787.346848         -35.988            92.964
787.367957         -36.047            92.965
787.389080         -36.107            92.966
787.410217         -36.166            92.967
787.431369         -36.226            92.969
787.452534         -36.286            92.970
787.473713         -36.345            92.972
787.494906         -36.405            92.973
787.516112         -36.464            92.974
787.537332         -36.524            92.976
787.558566         -36.584            92.977
787.579813         -36.643            92.978
787.601073         -36.703            92.980
787.622346         -36.762            92.981
787.643632         -36.822            92.983
787.664931         -36.881            92.984
787.686243         -36.941            92.986
787.707568         -37.001            92.987
787.728906         -37.060            92.988
787.750256         -37.120            92.990
787.771619         -37.179            92.991
787.792994         -37.239            92.993
787.814381         -37.298            92.994
787.835781         -37.358            92.996
787.857192         -37.418            92.997
787.878616         -37.477            92.999
787.900052         -37.537            93.001
787.921500         -37.596            93.002
787.942959         -37.656            93.004
787.964430         -37.716            93.005
787.985913         -37.775            93.007
788.007407         -37.835            93.008
788.028913         -37.894            93.010
788.050429         -37.954            93.011
788.071957         -38.013            93.013
788.093497         -38.073            93.015
788.115047         -38.132            93.016
788.136608         -38.192            93.018
788.158180         -38.252            93.020
788.179763         -38.311            93.021
788.201356         -38.371            93.023
788.222960         -38.430            93.025
788.244574         -38.490            93.026
788.266199         -38.549            93.028
788.287834         -38.609            93.030
788.309479         -38.668            93.031
788.331134         -38.728            93.033
788.352799         -38.788            93.035
788.374474         -38.847            93.037
788.396159         -38.907            93.038
788.417854         -38.966            93.040
788.439558         -39.026            93.042
788.461271         -39.085            93.044
788.482994         -39.145            93.045
788.504727         -39.204            93.047
788.526469         -39.264            93.049
788.548219         -39.324            93.051
788.569979         -39.383            93.053
788.591748         -39.443            93.055
788.613525         -39.502            93.056
788.635312         -39.562            93.058
788.657107         -39.621            93.060
788.678911         -39.681            93.062
788.700723         -39.740            93.064
788.722543         -39.800            93.066
788.744372         -39.859            93.068
788.766209         -39.919            93.070
788.788054         -39.978            93.072
788.809907         -40.038            93.074
788.831768         -40.097            93.075
788.853636         -40.157            93.077
788.875513         -40.217            93.079
788.897397         -40.276            93.081
788.919288         -40.336            93.083
788.941187         -40.395            93.085
788.963094         -40.455            93.087
788.985007         -40.514            93.089
789.006928         -40.574            93.092
789.028856         -40.633            93.094
789.050791         -40.693            93.096
789.072732         -40.752            93.098
789.094680         -40.812            93.100
789.116635         -40.871            93.102
789.138597         -40.931            93.104
789.160565         -40.990            93.106
789.182539         -41.050            93.108
789.204520         -41.109            93.110
789.226507         -41.169            93.113
789.248500         -41.228            93.115
789.270499         -41.288            93.117
789.292504         -41.347            93.119
789.314515         -41.407            93.121
789.336531         -41.466            93.123
789.358553         -41.526            93.126
789.380581         -41.585            93.128
789.402614         -41.645            93.130
789.424652         -41.704            93.132
789.446695         -41.764            93.135
789.468744         -41.823            93.137
789.490798         -41.883            93.139
789.512856         -41.942            93.142
789.534920         -42.002            93.144
789.556988         -42.061            93.146
789.579061         -42.121            93.149
789.601138         -42.180            93.151
789.623220         -42.240            93.153
789.645307         -42.299            93.156
789.667397         -42.359            93.158
789.689492         -42.418            93.161
789.711591         -42.478            93.163
789.733694         -42.537            93.165
789.755800         -42.597            93.168
789.777911         -42.656            93.170
789.800025         -42.716            93.173
789.822143         -42.775            93.175
789.844264         -42.835            93.178
789.866389         -42.894            93.180
789.888517         -42.954            93.183
789.910648         -43.013            93.185
789.932783         -43.073            93.188
789.954920         -43.132            93.190
789.977060         -43.192            93.193
789.999204         -43.251            93.195
790.021349         -43.310            93.198
790.043498         -43.370            93.201
790.065649         -43.429            93.203
790.087803         -43.489            93.206
790.109959         -43.548            93.209
790.132117         -43.608            93.211
790.154277         -43.667            93.214
790.176440         -43.727            93.217
790.198604         -43.786            93.219
790.220770         -43.846            93.222
790.242938         -43.905            93.225
790.265108         -43.965            93.228
790.287279         -44.024            93.230
790.309452         -44.083            93.233
790.331626         -44.143            93.236
790.353801         -44.202            93.239
790.375978         -44.262            93.241
790.398156         -44.321            93.244
790.420335         -44.381            93.247
790.442514         -44.440            93.250
790.464695         -44.500            93.253
790.486876         -44.559            93.256
790.509058         -44.619            93.259
790.531240         -44.678            93.262
790.553423         -44.737            93.264
790.575606         -44.797            93.267
790.597789         -44.856            93.270
790.619973         -44.916            93.273
790.642157         -44.975            93.276
790.664340         -45.035            93.279
790.686523         -45.094            93.282
790.708707         -45.153            93.285
790.730889         -45.213            93.288
790.753072         -45.272            93.291
790.775253         -45.332            93.295
790.797435         -45.391            93.298
790.819615         -45.451            93.301
790.841795         -45.510            93.304
790.863973         -45.569            93.307
790.886151         -45.629            93.310
790.908328         -45.688            93.313
790.930503         -45.748            93.317
790.952677         -45.807            93.320
790.974850         -45.867            93.323
790.997021         -45.926            93.326
791.019191         -45.985            93.329
791.041359         -46.045            93.333
791.063525         -46.104            93.336
791.085689         -46.164            93.339
791.107851         -46.223            93.343
791.130012         -46.283            93.346
791.152170         -46.342            93.349
791.174325         -46.401            93.353
791.196479         -46.461            93.356
791.218630         -46.520            93.359
791.240778         -46.580            93.363
791.262924         -46.639            93.366
791.285067         -46.698            93.370
791.307207         -46.758            93.373
791.329345         -46.817            93.377
791.351479         -46.877            93.380
791.373610         -46.936            93.384
791.395738         -46.995            93.387
791.417863         -47.055            93.391
791.439984         -47.114            93.394
791.462101         -47.174            93.398
791.484215         -47.233            93.401
791.506326         -47.292            93.405
791.528432         -47.352            93.409
791.550535         -47.411            93.412
791.572634         -47.470            93.416
791.594728         -47.530            93.420
791.616819         -47.589            93.423
791.638905         -47.649            93.427
791.660987         -47.708            93.431
791.683064         -47.767            93.435
791.705137         -47.827            93.438
791.727205         -47.886            93.442
791.749268         -47.946            93.446
791.771327         -48.005            93.450
791.793380         -48.064            93.454
791.815429         -48.124            93.457
791.837472         -48.183            93.461
791.859510         -48.242            93.465
791.881543         -48.302            93.469
791.903571         -48.361            93.473
791.925593         -48.420            93.477
791.947609         -48.480            93.481
791.969619         -48.539            93.485
791.991624         -48.599            93.489
792.013623         -48.658            93.493
792.035616         -48.717            93.497
792.057603         -48.777            93.501
792.079583         -48.836            93.505
792.101558         -48.895            93.509
792.123526         -48.955            93.513
792.145487         -49.014            93.518
792.167442         -49.073            93.522
792.189390         -49.133            93.526
792.211332         -49.192            93.530
792.233267         -49.251            93.534
792.255194         -49.311            93.539
792.277115         -49.370            93.543
792.299029         -49.429            93.547
792.320935         -49.489            93.552
792.342834         -49.548            93.556
792.364726         -49.608            93.560
792.386610         -49.667            93.565
792.408486         -49.726            93.569
792.430355         -49.786            93.573
792.452216         -49.845            93.578
792.474069         -49.904            93.582
792.495914         -49.964            93.587
792.517751         -50.023            93.591
792.539580         -50.082            93.596
792.561401         -50.142            93.600
792.583213         -50.201            93.605
792.605017         -50.260            93.609
792.626812         -50.319            93.614
792.648598         -50.379            93.619
792.670376         -50.438            93.623
792.692145         -50.497            93.628
792.713905         -50.557            93.633
792.735656         -50.616            93.637
792.757398         -50.675            93.642
792.779131         -50.735            93.647
792.800854         -50.794            93.652
792.822568         -50.853            93.657
792.844273         -50.913            93.661
792.865968         -50.972            93.666
792.887653         -51.031            93.671
792.909328         -51.091            93.676
792.930994         -51.150            93.681
792.952650         -51.209            93.686
792.974295         -51.268            93.691
792.995931         -51.328            93.696
793.017556         -51.387            93.701
793.039171         -51.446            93.706
793.060775         -51.506            93.711
793.082369         -51.565            93.716
793.103952         -51.624            93.721
793.125525         -51.684            93.726
793.147087         -51.743            93.731
793.168638         -51.802            93.737
793.190178         -51.861            93.742
793.211706         -51.921            93.747
793.233224         -51.980            93.752
793.254730         -52.039            93.758
793.276226         -52.099            93.763
793.297709         -52.158            93.768
793.319181         -52.217            93.774
793.340641         -52.276            93.779
793.362090         -52.336            93.784
793.383527         -52.395            93.790
793.404952         -52.454            93.795
793.426365         -52.513            93.801
793.447766         -52.573            93.806
793.469154         -52.632            93.812
793.490530         -52.691            93.817
793.511894         -52.750            93.823
793.533246         -52.810            93.829
793.554585         -52.869            93.834
793.575911         -52.928            93.840
793.597224         -52.988            93.846
793.618525         -53.047            93.851
793.639813         -53.106            93.857
793.661088         -53.165            93.863
793.682349         -53.225            93.869
793.703597         -53.284            93.874
793.724832         -53.343            93.880
793.746054         -53.402            93.886
793.767262         -53.462            93.892
793.788457         -53.521            93.898
793.809638         -53.580            93.904
793.830805         -53.639            93.910
793.851958         -53.698            93.916
793.873098         -53.758            93.922
793.894223         -53.817            93.928
793.915334         -53.876            93.934
793.936431         -53.935            93.941
793.957514         -53.995            93.947
793.978582         -54.054            93.953
793.999636         -54.113            93.959
794.020676         -54.172            93.965
794.041700         -54.232            93.972
794.062710         -54.291            93.978
794.083705         -54.350            93.984
794.104685         -54.409            93.991
794.125650         -54.468            93.997
794.146600         -54.528            94.004
794.167534         -54.587            94.010
794.188454         -54.646            94.017
794.209358         -54.705            94.023
794.230246         -54.765            94.030
794.251119         -54.824            94.036
794.271976         -54.883            94.043
794.292818         -54.942            94.050
794.313643         -55.001            94.056
794.334453         -55.061            94.063
794.355247         -55.120            94.070
794.376024         -55.179            94.077
794.396786         -55.238            94.083
794.417531         -55.297            94.090
794.438260         -55.357            94.097
794.458972         -55.416            94.104
794.479667         -55.475            94.111
794.500346         -55.534            94.118
794.521009         -55.593            94.125
794.541654         -55.652            94.132
794.562283         -55.712            94.139
794.582894         -55.771            94.146
794.603488         -55.830            94.153
794.624066         -55.889            94.161
794.644626         -55.948            94.168
794.665168         -56.008            94.175
794.685693         -56.067            94.182
794.706201         -56.126            94.190
794.726691         -56.185            94.197
794.747163         -56.244            94.205
794.767617         -56.303            94.212
794.788054         -56.363            94.219
794.808472         -56.422            94.227
794.828873         -56.481            94.235
794.849255         -56.540            94.242
794.869619         -56.599            94.250
794.889965         -56.658            94.257
794.910292         -56.718            94.265
794.930601         -56.777            94.273
794.950891         -56.836            94.281
794.971163         -56.895            94.288
794.991416         -56.954            94.296
795.011650         -57.013            94.304
795.031865         -57.072            94.312
795.052060         -57.132            94.320
795.072237         -57.191            94.328
795.092395         -57.250            94.336
795.112533         -57.309            94.344
795.132652         -57.368            94.352
795.152751         -57.427            94.360
795.172831         -57.486            94.369
795.192892         -57.545            94.377
795.212932         -57.605            94.385
795.232953         -57.664            94.393
795.252954         -57.723            94.402
795.272934         -57.782            94.410
795.292895         -57.841            94.419
795.312836         -57.900            94.427
795.332756         -57.959            94.436
795.352656         -58.018            94.444
795.372536         -58.078            94.453
795.392395         -58.137            94.461
795.412233         -58.196            94.470
795.432051         -58.255            94.479
795.451848         -58.314            94.488
795.471624         -58.373            94.497
795.491379         -58.432            94.505
795.511114         -58.491            94.514
795.530827         -58.550            94.523
795.550519         -58.609            94.532
795.570190         -58.669            94.541
795.589839         -58.728            94.550
795.609467         -58.787            94.559
795.629073         -58.846            94.569
795.648658         -58.905            94.578
795.668221         -58.964            94.587
795.687762         -59.023            94.596
795.707282         -59.082            94.606
795.726779         -59.141            94.615
795.746255         -59.200            94.625
795.765708         -59.259            94.634
795.785139         -59.318            94.644
795.804548         -59.377            94.653
795.823935         -59.437            94.663
795.843299         -59.496            94.673
795.862640         -59.555            94.682
795.881959         -59.614            94.692
795.901255         -59.673            94.702
795.920529         -59.732            94.712
795.939779         -59.791            94.722
795.959007         -59.850            94.732
795.978212         -59.909            94.742
795.997393         -59.968            94.752
796.016551         -60.027            94.762
796.035686         -60.086            94.772
796.054798         -60.145            94.783
796.073886         -60.204            94.793
796.092951         -60.263            94.803
796.111992         -60.322            94.814
796.131009         -60.381            94.824
796.150003         -60.440            94.835
796.168973         -60.499            94.845
796.187918         -60.558            94.856
796.206840         -60.617            94.866
796.225738         -60.676            94.877
796.244611         -60.735            94.888
796.263461         -60.794            94.899
796.282286         -60.853            94.910
796.301086         -60.912            94.920
796.319862         -60.971            94.931
796.338613         -61.030            94.943
796.357340         -61.089            94.954
796.376042         -61.148            94.965
796.394719         -61.207            94.976
796.413372         -61.266            94.987
796.431999         -61.325            94.999
796.450601         -61.384            95.010
796.469178         -61.443            95.021
796.487730         -61.502            95.033
796.506256         -61.561            95.045
796.524758         -61.620            95.056
796.543233         -61.679            95.068
796.561683         -61.738            95.080
796.580108         -61.797            95.091
796.598507         -61.856            95.103
796.616880         -61.915            95.115
796.635227         -61.974            95.127
796.653548         -62.033            95.139
796.671843         -62.092            95.151
796.690112         -62.151            95.164
796.708355         -62.210            95.176
796.726572         -62.269            95.188
796.744762         -62.328            95.201
796.762926         -62.387            95.213
796.781063         -62.446            95.226
796.799174         -62.505            95.238
796.817258         -62.564            95.251
796.835316         -62.623            95.263
796.853346         -62.682            95.276
796.871350         -62.741            95.289
796.889327         -62.799            95.302
796.907276         -62.858            95.315
796.925199         -62.917            95.328
796.943095         -62.976            95.341
796.960963         -63.035            95.354
796.978804         -63.094            95.368
796.996617         -63.153            95.381
797.014403         -63.212            95.394
797.032161         -63.271            95.408
797.049892         -63.330            95.421
797.067595         -63.389            95.435
797.085270         -63.447            95.449
797.102917         -63.506            95.462
797.120537         -63.565            95.476
797.138128         -63.624            95.490
797.155691         -63.683            95.504
797.173226         -63.742            95.518
797.190733         -63.801            95.532
797.208211         -63.860            95.547
797.225661         -63.919            95.561
797.243083         -63.977            95.575
797.260476         -64.036            95.590
797.277840         -64.095            95.604
797.295176         -64.154            95.619
797.312483         -64.213            95.633
797.329761         -64.272            95.648
797.347010         -64.331            95.663
797.364230         -64.389            95.678
797.381421         -64.448            95.693
797.398582         -64.507            95.708
797.415715         -64.566            95.723
797.432818         -64.625            95.739
797.449892         -64.684            95.754
797.466937         -64.743            95.769
797.483952         -64.801            95.785
797.500937         -64.860            95.800
797.517893         -64.919            95.816
797.534818         -64.978            95.832
797.551715         -65.037            95.848
797.568581         -65.095            95.864
797.585417         -65.154            95.880
797.602223         -65.213            95.896
797.618999         -65.272            95.912
797.635745         -65.331            95.928
797.652461         -65.389            95.945
797.669146         -65.448            95.961
797.685801         -65.507            95.978
797.702426         -65.566            95.995
797.719020         -65.625            96.011
797.735583         -65.683            96.028
797.752116         -65.742            96.045
797.768618         -65.801            96.062
797.785089         -65.860            96.079
797.801530         -65.919            96.097
797.817939         -65.977            96.114
797.834317         -66.036            96.131
797.850664         -66.095            96.149
797.866980         -66.154            96.167
797.883265         -66.212            96.184
797.899519         -66.271            96.202
797.915741         -66.330            96.220
797.931931         -66.389            96.238
797.948090         -66.447            96.256
797.964218         -66.506            96.275
797.980314         -66.565            96.293
797.996378         -66.623            96.311
798.012410         -66.682            96.330
798.028411         -66.741            96.349
798.044379         -66.800            96.368
798.060316         -66.858            96.387
798.076220         -66.917            96.406
798.092092         -66.976            96.425
798.107932         -67.034            96.444
798.123740         -67.093            96.463
798.139516         -67.152            96.483
798.155259         -67.210            96.502
798.170969         -67.269            96.522
798.186647         -67.328            96.542
798.202293         -67.387            96.562
798.217905         -67.445            96.582
798.233485         -67.504            96.602
798.249033         -67.562            96.622
798.264547         -67.621            96.643
798.280028         -67.680            96.663
798.295477         -67.738            96.684
798.310892         -67.797            96.705
798.326274         -67.856            96.726
798.341623         -67.914            96.747
798.356938         -67.973            96.768
798.372220         -68.032            96.789
798.387469         -68.090            96.811
798.402685         -68.149            96.832
798.417866         -68.207            96.854
798.433015         -68.266            96.876
798.448129         -68.325            96.898
798.463210         -68.383            96.920
798.478257         -68.442            96.942
798.493270         -68.500            96.965
798.508249         -68.559            96.987
798.523194         -68.618            97.010
798.538106         -68.676            97.032
798.552982         -68.735            97.055
798.567825         -68.793            97.078
798.582634         -68.852            97.102
798.597408         -68.910            97.125
798.612148         -68.969            97.149
798.626853         -69.028            97.172
798.641524         -69.086            97.196
798.656161         -69.145            97.220
798.670762         -69.203            97.244
798.685329         -69.262            97.268
798.699862         -69.320            97.293
798.714359         -69.379            97.317
798.728822         -69.437            97.342
798.743249         -69.496            97.367
798.757642         -69.554            97.392
798.771999         -69.613            97.417
798.786322         -69.671            97.442
798.800609         -69.730            97.468
798.814861         -69.788            97.494
798.829077         -69.847            97.520
798.843259         -69.905            97.546
798.857405         -69.964            97.572
798.871515         -70.022            97.598
798.885590         -70.080            97.625
798.899629         -70.139            97.651
798.913632         -70.197            97.678
798.927600         -70.256            97.705
798.941532         -70.314            97.732
798.955428         -70.373            97.760
798.969288         -70.431            97.787
798.983112         -70.489            97.815
798.996901         -70.548            97.843
799.010653         -70.606            97.871
799.024369         -70.665            97.900
799.038048         -70.723            97.928
799.051692         -70.781            97.957
799.065299         -70.840            97.986
799.078869         -70.898            98.015
799.092404         -70.956            98.044
799.105901         -71.015            98.074
799.119363         -71.073            98.103
799.132787         -71.131            98.133
799.146175         -71.190            98.163
799.159526         -71.248            98.194
799.172841         -71.306            98.224
799.186118         -71.365            98.255
799.199359         -71.423            98.286
799.212562         -71.481            98.317
799.225729         -71.540            98.348
799.238859         -71.598            98.380
799.251951         -71.656            98.412
799.265006         -71.714            98.444
799.278024         -71.773            98.476
799.291005         -71.831            98.508
799.303948         -71.889            98.541
799.316854         -71.947            98.574
799.329722         -72.006            98.607
799.342553         -72.064            98.641
799.355347         -72.122            98.674
799.368102         -72.180            98.708
799.380820         -72.239            98.742
799.393501         -72.297            98.777
799.406143         -72.355            98.811
799.418748         -72.413            98.846
799.431314         -72.471            98.881
799.443843         -72.529            98.916
799.456334         -72.588            98.952
799.468787         -72.646            98.988
799.481201         -72.704            99.024
799.493577         -72.762            99.060
799.505916         -72.820            99.097
799.518215         -72.878            99.134
799.530477         -72.936            99.171
799.542700         -72.994            99.209
799.554885         -73.053            99.246
799.567031         -73.111            99.284
799.579139         -73.169            99.323
799.591208         -73.227            99.361
799.603238         -73.285            99.400
799.615230         -73.343            99.439
799.627183         -73.401            99.479
799.639097         -73.459            99.518
799.650973         -73.517            99.558
799.662809         -73.575            99.599
799.674606         -73.633            99.639
799.686365         -73.691            99.680
799.698084         -73.749            99.722
799.709765         -73.807            99.763
799.721406         -73.865            99.805
799.733008         -73.923            99.848
799.744571         -73.981            99.890
799.756094         -74.038            99.933
799.767578         -74.096            99.976
799.779023         -74.154            100.020
799.790428         -74.212            100.064
799.801794         -74.270            100.108
799.813120         -74.328            100.153
799.824406         -74.386            100.198
799.835653         -74.444            100.243
799.846860         -74.501            100.289
799.858028         -74.559            100.335
799.869156         -74.617            100.381
799.880243         -74.675            100.428
799.891291         -74.733            100.475
799.902299         -74.790            100.522
799.913268         -74.848            100.570
799.924196         -74.906            100.619
799.935084         -74.964            100.667
799.945931         -75.021            100.716
799.956739         -75.079            100.766
799.967506         -75.137            100.816
799.978234         -75.194            100.866
799.988921         -75.252            100.917
799.999567         -75.310            100.968
800.010173         -75.367            101.020
800.020739         -75.425            101.072
800.031264         -75.483            101.124
800.041749         -75.540            101.177
800.052193         -75.598            101.230
800.062596         -75.655            101.284
800.072959         -75.713            101.338
800.083281         -75.770            101.393
800.093563         -75.828            101.448
800.103803         -75.885            101.504
800.114003         -75.943            101.560
800.124162         -76.000            101.617
800.134280         -76.058            101.674
800.144356         -76.115            101.731
800.154392         -76.173            101.790
800.164387         -76.230            101.848
800.174341         -76.288            101.907
800.184253         -76.345            101.967
800.194125         -76.402            102.027
800.203955         -76.460            102.088
800.213744         -76.517            102.149
800.223491         -76.574            102.211
800.233198         -76.632            102.273
800.242862         -76.689            102.336
800.252486         -76.746            102.400
800.262068         -76.803            102.464
800.271608         -76.861            102.528
800.281107         -76.918            102.594
800.290564         -76.975            102.660
800.299980         -77.032            102.726
800.309354         -77.089            102.793
800.318686         -77.147            102.861
800.327976         -77.204            102.929
800.337225         -77.261            102.998
800.346431         -77.318            103.068
800.355596         -77.375            103.138
800.364719         -77.432            103.209
800.373800         -77.489            103.280
800.382839         -77.546            103.353
800.391836         -77.603            103.426
800.400791         -77.660            103.499
800.409704         -77.717            103.574
800.418574         -77.774            103.649
800.427403         -77.830            103.725
800.436189         -77.887            103.801
800.444933         -77.944            103.878
800.453634         -78.001            103.957
800.462293         -78.058            104.035
800.470910         -78.114            104.115
800.479485         -78.171            104.195
800.488017         -78.228            104.277
800.496506         -78.285            104.359
800.504953         -78.341            104.442
800.513358         -78.398            104.525
800.521719         -78.454            104.610
800.530039         -78.511            104.695
800.538315         -78.567            104.781
800.546549         -78.624            104.869
800.554740         -78.680            104.957
800.562888         -78.737            105.046
800.570994         -78.793            105.136
800.579056         -78.850            105.226
800.587076         -78.906            105.318
800.595053         -78.962            105.411
800.602987         -79.019            105.505
800.610878         -79.075            105.600
800.618726         -79.131            105.695
800.626530         -79.187            105.792
800.634292         -79.244            105.890
800.642011         -79.300            105.989
800.649686         -79.356            106.089
800.657318         -79.412            106.190
800.664908         -79.468            106.292
800.672453         -79.524            106.395
800.679956         -79.580            106.500
800.687415         -79.636            106.605
800.694831         -79.692            106.712
800.702204         -79.748            106.820
800.709533         -79.803            106.929
800.716818         -79.859            107.039
800.724060         -79.915            107.151
800.731259         -79.970            107.264
800.738414         -80.026            107.378
800.745526         -80.082            107.494
800.752594         -80.137            107.611
800.759618         -80.193            107.729
800.766599         -80.248            107.848
800.773536         -80.304            107.969
800.780429         -80.359            108.092
800.787279         -80.414            108.216
800.794085         -80.470            108.341
800.800847         -80.525            108.468
800.807565         -80.580            108.596
800.814239         -80.635            108.726
800.820870         -80.690            108.858
800.827456         -80.745            108.991
800.833999         -80.800            109.125
800.840497         -80.855            109.262
800.846952         -80.910            109.400
800.853363         -80.965            109.540
800.859729         -81.020            109.681
800.866051         -81.074            109.824
800.872330         -81.129            109.969
800.878564         -81.184            110.116
800.884754         -81.238            110.265
800.890900         -81.293            110.416
800.897001         -81.347            110.568
800.903059         -81.401            110.723
800.909072         -81.456            110.880
800.915041         -81.510            111.038
800.920965         -81.564            111.199
800.926845         -81.618            111.362
800.932681         -81.672            111.527
800.938472         -81.726            111.694
800.944219         -81.780            111.863
800.949922         -81.833            112.035
800.955580         -81.887            112.209
800.961194         -81.941            112.385
800.966763         -81.994            112.564
800.972287         -82.048            112.745
800.977767         -82.101            112.928
800.983202         -82.154            113.115
800.988593         -82.207            113.303
800.993939         -82.261            113.495
800.999241         -82.314            113.689
801.004497         -82.366            113.886
801.009709         -82.419            114.085
801.014877         -82.472            114.288
801.019999         -82.525            114.493
801.025077         -82.577            114.701
801.030110         -82.630            114.912
801.035098         -82.682            115.127
801.040042         -82.734            115.344
801.044940         -82.786            115.565
801.049794         -82.838            115.789
801.054602         -82.890            116.016
801.059366         -82.942            116.247
801.064085         -82.994            116.481
801.068759         -83.045            116.718
801.073388         -83.096            116.959
801.077972         -83.148            117.204
801.082511         -83.199            117.453
801.087005         -83.250            117.705
801.091454         -83.301            117.961
801.095857         -83.351            118.221
801.100216         -83.402            118.486
801.104530         -83.452            118.754
801.108798         -83.503            119.026
801.113021         -83.553            119.303
801.117199         -83.603            119.584
801.121332         -83.653            119.870
801.125420         -83.702            120.160
801.129463         -83.752            120.455
801.133460         -83.801            120.755
801.137412         -83.850            121.059
801.141319         -83.899            121.369
801.145180         -83.948            121.683
801.148996         -83.997            122.003
801.152767         -84.045            122.328
801.156492         -84.093            122.658
801.160173         -84.141            122.994
801.163807         -84.189            123.335
801.167397         -84.237            123.682
801.170941         -84.284            124.035
801.174439         -84.331            124.394
801.177892         -84.378            124.758
801.181300         -84.425            125.129
801.184662         -84.471            125.507
801.187979         -84.517            125.890
801.191250         -84.563            126.280
801.194476         -84.609            126.677
801.197656         -84.654            127.081
801.200791         -84.699            127.492
801.203880         -84.744            127.909
801.206924         -84.789            128.334
801.209922         -84.833            128.767
801.212874         -84.877            129.206
801.215781         -84.921            129.654
801.218642         -84.964            130.109
801.221458         -85.007            130.572
801.224228         -85.050            131.043
801.226952         -85.092            131.523
801.229631         -85.134            132.011
801.232264         -85.175            132.507
801.234851         -85.217            133.012
801.237393         -85.257            133.525
801.239889         -85.298            134.048
801.242339         -85.338            134.580
801.244744         -85.378            135.121
801.247103         -85.417            135.671
801.249416         -85.456            136.231
801.251683         -85.494            136.800
801.253904         -85.532            137.379
801.256080         -85.569            137.968
801.258210         -85.606            138.567
801.260294         -85.643            139.176
801.262333         -85.678            139.796
801.264325         -85.714            140.426
801.266272         -85.749            141.066
801.268173         -85.783            141.717
801.270028         -85.817            142.378
801.271838         -85.850            143.050
801.273601         -85.883            143.733
801.275319         -85.915            144.427
801.276990         -85.946            145.132
801.278616         -85.977            145.847
801.280196         -86.007            146.574
801.281730         -86.036            147.311
801.283219         -86.065            148.060
801.284661         -86.093            148.819
801.286057         -86.121            149.590
801.287408         -86.147            150.371
801.288712         -86.173            151.163
801.289971         -86.199            151.966
801.291184         -86.223            152.779
801.292351         -86.247            153.603
801.293471         -86.270            154.437
801.294546         -86.292            155.281
801.295575         -86.313            156.135
801.296558         -86.333            156.999
801.297495         -86.353            157.873
801.298387         -86.372            158.756
801.299232         -86.389            159.647
801.300031         -86.406            160.548
801.300784         -86.422            161.456
801.301491         -86.438            162.373
801.302153         -86.452            163.297
801.302768         -86.465            164.229
801.303337         -86.477            165.167
801.303861         -86.489            166.112
801.304338         -86.499            167.062
801.304769         -86.509            168.018
801.305155         -86.517            168.979
801.305494         -86.524            169.944
801.305788         -86.531            170.913
801.306035         -86.536            171.886
801.306236         -86.541            172.861
801.306392         -86.544            173.838
801.306501         -86.547            174.818
801.306565         -86.548            175.798
801.306582         -86.548            176.779
801.306554         -86.548            177.759
801.306479         -86.546            178.739
801.306359         -86.544            179.718
801.306192         -86.540            -179.305
801.305979         -86.535            -178.330
801.305721         -86.529            -177.359
801.305416         -86.523            -176.390
801.305066         -86.515            -175.426
801.304669         -86.506            -174.467
801.304227         -86.497            -173.512
801.303738         -86.486            -172.563
801.303204         -86.474            -171.620
801.302623         -86.462            -170.683
801.301997         -86.448            -169.753
801.301325         -86.434            -168.831
801.300606         -86.419            -167.916
801.299842         -86.402            -167.009
801.299032         -86.385            -166.111
801.298175         -86.367            -165.221
801.297273         -86.348            -164.341
801.296325         -86.328            -163.470
801.295331         -86.308            -162.608
801.294291         -86.286            -161.756
801.293204         -86.264            -160.914
801.292072         -86.241            -160.083
801.290895         -86.217            -159.262
801.289671         -86.193            -158.451
801.288401         -86.167            -157.651
801.287085         -86.141            -156.861
801.285724         -86.114            -156.083
801.284316         -86.087            -155.315
801.282863         -86.058            -154.558
801.281363         -86.029            -153.812
801.279818         -86.000            -153.077
801.278227         -85.969            -152.353
801.276590         -85.938            -151.640
801.274907         -85.907            -150.938
801.273179         -85.875            -150.247
801.271404         -85.842            -149.567
801.269584         -85.809            -148.897
801.267718         -85.775            -148.238
801.265806         -85.740            -147.590
801.263848         -85.705            -146.952
801.261844         -85.670            -146.325
801.259794         -85.634            -145.708
801.257699         -85.597            -145.102
801.255558         -85.560            -144.505
801.253371         -85.523            -143.918
801.251139         -85.485            -143.342
801.248860         -85.446            -142.774
801.246536         -85.407            -142.217
801.244166         -85.368            -141.669
801.241751         -85.328            -141.130
801.239289         -85.288            -140.601
801.236782         -85.248            -140.081
801.234230         -85.207            -139.569
801.231631         -85.165            -139.066
801.228987         -85.124            -138.572
801.226297         -85.082            -138.086
801.223562         -85.039            -137.609
801.220781         -84.997            -137.140
801.217954         -84.953            -136.678
801.215082         -84.910            -136.225
801.212164         -84.866            -135.780
801.209201         -84.822            -135.342
801.206192         -84.778            -134.911
801.203137         -84.733            -134.488
801.200037         -84.688            -134.072
801.196891         -84.643            -133.663
801.193700         -84.598            -133.261
801.190463         -84.552            -132.866
801.187181         -84.506            -132.477
801.183853         -84.460            -132.095
801.180480         -84.413            -131.719
801.177061         -84.367            -131.350
801.173597         -84.320            -130.986
801.170088         -84.273            -130.629
801.166533         -84.225            -130.278
801.162932         -84.177            -129.932
801.159286         -84.130            -129.592
801.155595         -84.082            -129.258
801.151859         -84.033            -128.929
801.148077         -83.985            -128.605
801.144250         -83.936            -128.287
801.140378         -83.887            -127.974
801.136460         -83.838            -127.666
801.132497         -83.789            -127.362
801.128489         -83.740            -127.064
801.124435         -83.690            -126.770
801.120337         -83.641            -126.481
801.116193         -83.591            -126.196
801.112004         -83.541            -125.916
801.107770         -83.491            -125.640
801.103490         -83.440            -125.369
801.099166         -83.390            -125.101
801.094796         -83.339            -124.838
801.090382         -83.288            -124.579
801.085922         -83.238            -124.324
801.081417         -83.186            -124.072
801.076867         -83.135            -123.825
801.072272         -83.084            -123.581
801.067633         -83.033            -123.341
801.062948         -82.981            -123.104
801.058218         -82.929            -122.871
801.053443         -82.878            -122.641
801.048624         -82.826            -122.414
801.043759         -82.774            -122.191
801.038850         -82.722            -121.972
801.033896         -82.669            -121.755
801.028897         -82.617            -121.541
801.023853         -82.564            -121.331
801.018764         -82.512            -121.123
801.013631         -82.459            -120.919
801.008453         -82.407            -120.717
801.003230         -82.354            -120.518
800.997962         -82.301            -120.322
800.992650         -82.248            -120.128
800.987293         -82.195            -119.938
800.981892         -82.141            -119.750
800.976445         -82.088            -119.564
800.970955         -82.035            -119.381
800.965419         -81.981            -119.200
800.959840         -81.928            -119.022
800.954215         -81.874            -118.847
800.948547         -81.820            -118.673
800.942833         -81.767            -118.502
800.937076         -81.713            -118.333
800.931273         -81.659            -118.167
800.925427         -81.605            -118.002
800.919536         -81.551            -117.840
800.913601         -81.497            -117.680
800.907621         -81.442            -117.522
800.901598         -81.388            -117.366
800.895529         -81.334            -117.212
800.889417         -81.279            -117.059
800.883261         -81.225            -116.909
800.877060         -81.170            -116.761
800.870815         -81.116            -116.614
800.864526         -81.061            -116.470
800.858193         -81.006            -116.327
800.851816         -80.952            -116.186
800.845395         -80.897            -116.047
800.838929         -80.842            -115.909
800.832420         -80.787            -115.773
800.825867         -80.732            -115.639
800.819270         -80.677            -115.506
800.812629         -80.622            -115.375
800.805944         -80.567            -115.245
800.799215         -80.512            -115.117
800.792442         -80.456            -114.991
800.785626         -80.401            -114.866
800.778766         -80.346            -114.742
800.771862         -80.290            -114.620
800.764914         -80.235            -114.500
800.757923         -80.179            -114.380
800.750888         -80.124            -114.262
800.743810         -80.068            -114.146
800.736687         -80.013            -114.031
800.729522         -79.957            -113.917
800.722313         -79.901            -113.804
800.715060         -79.846            -113.693
800.707764         -79.790            -113.583
800.700424         -79.734            -113.474
800.693041         -79.678            -113.366
800.685615         -79.622            -113.260
800.678145         -79.566            -113.155
800.670632         -79.510            -113.050
800.663076         -79.454            -112.947
800.655476         -79.398            -112.845
800.647833         -79.342            -112.745
800.640147         -79.286            -112.645
800.632418         -79.230            -112.546
800.624646         -79.174            -112.449
800.616831         -79.118            -112.352
800.608973         -79.061            -112.257
800.601071         -79.005            -112.162
800.593127         -78.949            -112.069
800.585140         -78.892            -111.976
800.577110         -78.836            -111.885
800.569037         -78.780            -111.794
800.560921         -78.723            -111.704
800.552762         -78.667            -111.616
800.544561         -78.610            -111.528
800.536317         -78.554            -111.441
800.528030         -78.497            -111.355
800.519701         -78.441            -111.269
800.511328         -78.384            -111.185
800.502914         -78.327            -111.102
800.494456         -78.271            -111.019
800.485957         -78.214            -110.937
800.477414         -78.157            -110.856
800.468830         -78.101            -110.776
800.460203         -78.044            -110.696
800.451533         -77.987            -110.618
800.442821         -77.930            -110.540
800.434067         -77.874            -110.463
800.425271         -77.817            -110.386
800.416432         -77.760            -110.311
800.407551         -77.703            -110.236
800.398629         -77.646            -110.162
800.389663         -77.589            -110.088
800.380656         -77.532            -110.015
800.371607         -77.475            -109.943
800.362516         -77.418            -109.872
800.353383         -77.361            -109.801
800.344208         -77.304            -109.731
800.334991         -77.247            -109.661
800.325733         -77.190            -109.593
800.316432         -77.133            -109.525
800.307090         -77.076            -109.457
800.297706         -77.018            -109.390
800.288280         -76.961            -109.324
800.278813         -76.904            -109.258
800.269304         -76.847            -109.193
800.259754         -76.790            -109.128
800.250162         -76.732            -109.065
800.240528         -76.675            -109.001
800.230853         -76.618            -108.938
800.221137         -76.561            -108.876
800.211380         -76.503            -108.814
800.201581         -76.446            -108.753
800.191741         -76.389            -108.693
800.181859         -76.331            -108.633
800.171937         -76.274            -108.573
800.161973         -76.216            -108.514
800.151968         -76.159            -108.456
800.141922         -76.101            -108.398
800.131836         -76.044            -108.340
800.121708         -75.987            -108.283
800.111539         -75.929            -108.227
800.101330         -75.872            -108.171
800.091079         -75.814            -108.115
800.080788         -75.757            -108.060
800.070456         -75.699            -108.006
800.060083         -75.641            -107.951
800.049670         -75.584            -107.898
800.039216         -75.526            -107.844
800.028722         -75.469            -107.792
800.018187         -75.411            -107.739
800.007611         -75.353            -107.687
799.996995         -75.296            -107.636
799.986339         -75.238            -107.585
799.975642         -75.180            -107.534
799.964905         -75.123            -107.484
799.954128         -75.065            -107.434
799.943311         -75.007            -107.385
799.932453         -74.950            -107.336
799.921556         -74.892            -107.287
799.910618         -74.834            -107.239
799.899640         -74.776            -107.191
799.888622         -74.719            -107.144
799.877565         -74.661            -107.097
799.866467         -74.603            -107.050
799.855330         -74.545            -107.004
799.844153         -74.487            -106.958
799.832936         -74.430            -106.912
799.821680         -74.372            -106.867
799.810383         -74.314            -106.822
799.799048         -74.256            -106.777
799.787672         -74.198            -106.733
799.776258         -74.140            -106.689
799.764804         -74.082            -106.646
799.753310         -74.024            -106.603
799.741777         -73.967            -106.560
799.730205         -73.909            -106.517
799.718593         -73.851            -106.475
799.706943         -73.793            -106.433
799.695253         -73.735            -106.392
799.683524         -73.677            -106.351
799.671756         -73.619            -106.310
799.659949         -73.561            -106.269
799.648103         -73.503            -106.229
799.636219         -73.445            -106.189
799.624295         -73.387            -106.149
799.612333         -73.329            -106.110
799.600332         -73.271            -106.071
799.588292         -73.213            -106.032
799.576213         -73.155            -105.994
799.564096         -73.097            -105.955
799.551941         -73.038            -105.917
799.539747         -72.980            -105.880
799.527514         -72.922            -105.842
799.515243         -72.864            -105.805
799.502934         -72.806            -105.768
799.490587         -72.748            -105.732
799.478201         -72.690            -105.695
799.465778         -72.632            -105.659
799.453316         -72.574            -105.624
799.440816         -72.515            -105.588
799.428278         -72.457            -105.553
799.415702         -72.399            -105.518
799.403088         -72.341            -105.483
799.390437         -72.283            -105.448
799.377747         -72.224            -105.414
799.365020         -72.166            -105.380
799.352255         -72.108            -105.346
799.339453         -72.050            -105.313
799.326613         -71.992            -105.279
799.313735         -71.933            -105.246
799.300820         -71.875            -105.213
799.287868         -71.817            -105.181
799.274878         -71.759            -105.148
799.261851         -71.700            -105.116
799.248787         -71.642            -105.084
799.235686         -71.584            -105.052
799.222547         -71.526            -105.021
799.209372         -71.467            -104.990
799.196159         -71.409            -104.959
799.182910         -71.351            -104.928
799.169623         -71.292            -104.897
799.156300         -71.234            -104.867
799.142940         -71.176            -104.836
799.129543         -71.117            -104.806
799.116110         -71.059            -104.776
799.102640         -71.001            -104.747
799.089133         -70.942            -104.717
799.075590         -70.884            -104.688
799.062010         -70.826            -104.659
799.048395         -70.767            -104.630
799.034742         -70.709            -104.602
799.021054         -70.650            -104.573
799.007329         -70.592            -104.545
798.993568         -70.534            -104.517
798.979771         -70.475            -104.489
798.965939         -70.417            -104.461
798.952070         -70.358            -104.433
798.938165         -70.300            -104.406
798.924224         -70.242            -104.379
798.910248         -70.183            -104.352
798.896236         -70.125            -104.325
798.882188         -70.066            -104.298
798.868105         -70.008            -104.272
798.853986         -69.949            -104.246
798.839831         -69.891            -104.219
798.825642         -69.832            -104.193
798.811416         -69.774            -104.168
798.797156         -69.716            -104.142
798.782860         -69.657            -104.117
798.768529         -69.599            -104.091
798.754163         -69.540            -104.066
798.739762         -69.482            -104.041
798.725326         -69.423            -104.016
798.710855         -69.365            -103.992
798.696349         -69.306            -103.967
798.681809         -69.248            -103.943
798.667233         -69.189            -103.918
798.652623         -69.130            -103.894
798.637978         -69.072            -103.870
798.623299         -69.013            -103.847
798.608585         -68.955            -103.823
798.593837         -68.896            -103.800
798.579055         -68.838            -103.776
798.564238         -68.779            -103.753
798.549387         -68.721            -103.730
798.534501         -68.662            -103.707
798.519582         -68.603            -103.684
798.504629         -68.545            -103.662
798.489641         -68.486            -103.639
798.474620         -68.428            -103.617
798.459565         -68.369            -103.595
798.444476         -68.311            -103.573
798.429353         -68.252            -103.551
798.414197         -68.193            -103.529
798.399007         -68.135            -103.507
798.383784         -68.076            -103.486
798.368527         -68.017            -103.464
798.353236         -67.959            -103.443
798.337913         -67.900            -103.422
798.322556         -67.842            -103.401
798.307166         -67.783            -103.380
798.291742         -67.724            -103.359
798.276286         -67.666            -103.339
798.260797         -67.607            -103.318
798.245275         -67.548            -103.298
798.229719         -67.490            -103.277
798.214132         -67.431            -103.257
798.198511         -67.372            -103.237
798.182858         -67.314            -103.217
798.167172         -67.255            -103.198
798.151453         -67.196            -103.178
798.135702         -67.138            -103.158
798.119919         -67.079            -103.139
798.104103         -67.020            -103.119
798.088256         -66.962            -103.100
798.072375         -66.903            -103.081
798.056463         -66.844            -103.062
798.040519         -66.785            -103.043
798.024543         -66.727            -103.024
798.008535         -66.668            -103.006
797.992495         -66.609            -102.987
797.976423         -66.551            -102.969
797.960319         -66.492            -102.950
797.944184         -66.433            -102.932
797.928017         -66.374            -102.914
797.911819         -66.316            -102.896
797.895589         -66.257            -102.878
797.879328         -66.198            -102.860
797.863036         -66.139            -102.843
797.846713         -66.081            -102.825
797.830358         -66.022            -102.807
797.813972         -65.963            -102.790
797.797555         -65.904            -102.773
797.781108         -65.846            -102.755
797.764629         -65.787            -102.738
797.748120         -65.728            -102.721
797.731579         -65.669            -102.704
797.715009         -65.610            -102.687
797.698407         -65.552            -102.671
797.681775         -65.493            -102.654
797.665113         -65.434            -102.637
797.648420         -65.375            -102.621
797.631697         -65.316            -102.605
797.614944         -65.258            -102.588
797.598160         -65.199            -102.572
797.581347         -65.140            -102.556
797.564503         -65.081            -102.540
797.547630         -65.022            -102.524
797.530727         -64.964            -102.508
797.513793         -64.905            -102.493
797.496831         -64.846            -102.477
797.479838         -64.787            -102.461
797.462816         -64.728            -102.446
797.445764         -64.669            -102.430
797.428683         -64.611            -102.415
797.411573         -64.552            -102.400
797.394433         -64.493            -102.385
797.377265         -64.434            -102.370
797.360067         -64.375            -102.355
797.342840         -64.316            -102.340
797.325583         -64.258            -102.325
797.308298         -64.199            -102.310
797.290985         -64.140            -102.295
797.273642         -64.081            -102.281
797.256271         -64.022            -102.266
797.238871         -63.963            -102.252
797.221443         -63.904            -102.238
797.203986         -63.845            -102.223
797.186500         -63.787            -102.209
797.168987         -63.728            -102.195
797.151445         -63.669            -102.181
797.133875         -63.610            -102.167
797.116277         -63.551            -102.153
797.098651         -63.492            -102.139
797.080997         -63.433            -102.126
797.063315         -63.374            -102.112
797.045605         -63.315            -102.098
797.027868         -63.257            -102.085
797.010103         -63.198            -102.071
796.992310         -63.139            -102.058
796.974490         -63.080            -102.045
796.956643         -63.021            -102.031
796.938768         -62.962            -102.018
796.920866         -62.903            -102.005
796.902937         -62.844            -101.992
796.884980         -62.785            -101.979
796.866997         -62.726            -101.966
796.848987         -62.667            -101.953
796.830950         -62.608            -101.941
796.812886         -62.549            -101.928
796.794795         -62.490            -101.915
796.776678         -62.432            -101.903
796.758534         -62.373            -101.890
796.740364         -62.314            -101.878
796.722167         -62.255            -101.865
796.703944         -62.196            -101.853
796.685695         -62.137            -101.841
796.667420         -62.078            -101.829
796.649118         -62.019            -101.817
796.630791         -61.960            -101.805
796.612437         -61.901            -101.793
796.594058         -61.842            -101.781
796.575653         -61.783            -101.769
796.557222         -61.724            -101.757
796.538766         -61.665            -101.745
796.520284         -61.606            -101.734
796.501777         -61.547            -101.722
796.483244         -61.488            -101.710
796.464686         -61.429            -101.699
796.446103         -61.370            -101.687
796.427495         -61.311            -101.676
796.408862         -61.252            -101.665
796.390203         -61.193            -101.654
796.371520         -61.134            -101.642
796.352812         -61.075            -101.631
796.334080         -61.016            -101.620
796.315322         -60.957            -101.609
796.296540         -60.898            -101.598
796.277734         -60.839            -101.587
796.258903         -60.780            -101.576
796.240048         -60.721            -101.565
796.221169         -60.662            -101.555
796.202265         -60.603            -101.544
796.183337         -60.544            -101.533
796.164386         -60.485            -101.523
796.145410         -60.426            -101.512
796.126411         -60.367            -101.502
796.107388         -60.308            -101.491
796.088341         -60.249            -101.481
796.069271         -60.190            -101.471
796.050177         -60.131            -101.460
796.031060         -60.072            -101.450
796.011919         -60.013            -101.440
795.992755         -59.954            -101.430
795.973568         -59.895            -101.420
795.954358         -59.836            -101.410
795.935125         -59.777            -101.400
795.915868         -59.718            -101.390
795.896590         -59.658            -101.380
795.877288         -59.599            -101.370
795.857963         -59.540            -101.360
795.838616         -59.481            -101.351
795.819247         -59.422            -101.341
795.799855         -59.363            -101.331
795.780441         -59.304            -101.322
795.761004         -59.245            -101.312
795.741546         -59.186            -101.303
795.722065         -59.127            -101.293
795.702562         -59.068            -101.284
795.683037         -59.009            -101.274
795.663491         -58.950            -101.265
795.643922         -58.891            -101.256
795.624332         -58.831            -101.247
795.604721         -58.772            -101.238
795.585088         -58.713            -101.228
795.565433         -58.654            -101.219
795.545757         -58.595            -101.210
795.526060         -58.536            -101.201
795.506342         -58.477            -101.192
795.486602         -58.418            -101.183
795.466842         -58.359            -101.175
795.447061         -58.300            -101.166
795.427259         -58.241            -101.157
795.407436         -58.181            -101.148
795.387592         -58.122            -101.140
795.367728         -58.063            -101.131
795.347844         -58.004            -101.122
795.327939         -57.945            -101.114
795.308014         -57.886            -101.105
795.288068         -57.827            -101.097
795.268103         -57.768            -101.088
795.248117         -57.709            -101.080
795.228111         -57.649            -101.072
795.208086         -57.590            -101.063
795.188041         -57.531            -101.055
795.167976         -57.472            -101.047
795.147891         -57.413            -101.039
795.127787         -57.354            -101.031
795.107663         -57.295            -101.022
795.087520         -57.236            -101.014
795.067358         -57.176            -101.006
795.047177         -57.117            -100.998
795.026976         -57.058            -100.990
795.006757         -56.999            -100.982
794.986518         -56.940            -100.975
794.966261         -56.881            -100.967
794.945985         -56.822            -100.959
794.925690         -56.762            -100.951
794.905377         -56.703            -100.943
794.885045         -56.644            -100.936
794.864695         -56.585            -100.928
794.844326         -56.526            -100.921
794.823940         -56.467            -100.913
794.803535         -56.407            -100.905
794.783112         -56.348            -100.898
794.762671         -56.289            -100.890
794.742212         -56.230            -100.883
794.721736         -56.171            -100.876
794.701241         -56.112            -100.868
794.680730         -56.052            -100.861
794.660200         -55.993            -100.854
794.639653         -55.934            -100.846
794.619089         -55.875            -100.839
794.598508         -55.816            -100.832
794.577909         -55.757            -100.825
794.557294         -55.697            -100.818
794.536661         -55.638            -100.811
794.516012         -55.579            -100.804
794.495345         -55.520            -100.797
794.474662         -55.461            -100.790
794.453963         -55.401            -100.783
794.433247         -55.342            -100.776
794.412514         -55.283            -100.769
794.391765         -55.224            -100.762
794.371000         -55.165            -100.755
794.350218         -55.105            -100.748
794.329421         -55.046            -100.742
794.308607         -54.987            -100.735
794.287778         -54.928            -100.728
794.266932         -54.869            -100.722
794.246071         -54.809            -100.715
794.225195         -54.750            -100.708
794.204302         -54.691            -100.702
794.183395         -54.632            -100.695
794.162472         -54.573            -100.689
794.141533         -54.513            -100.682
794.120580         -54.454            -100.676
794.099611         -54.395            -100.669
794.078627         -54.336            -100.663
794.057629         -54.276            -100.657
794.036615         -54.217            -100.650
794.015587         -54.158            -100.644
793.994544         -54.099            -100.638
793.973487         -54.040            -100.632
793.952415         -53.980            -100.625
793.931329         -53.921            -100.619
793.910229         -53.862            -100.613
793.889114         -53.803            -100.607
793.867985         -53.743            -100.601
793.846842         -53.684            -100.595
793.825686         -53.625            -100.589
793.804515         -53.566            -100.583
793.783331         -53.506            -100.577
793.762133         -53.447            -100.571
793.740922         -53.388            -100.565
793.719697         -53.329            -100.559
793.698458         -53.269            -100.553
793.677207         -53.210            -100.547
793.655942         -53.151            -100.542
793.634664         -53.092            -100.536
793.613373         -53.032            -100.530
793.592070         -52.973            -100.524
793.570753         -52.914            -100.519
793.549424         -52.855            -100.513
793.528082         -52.795            -100.507
793.506727         -52.736            -100.502
793.485360         -52.677            -100.496
793.463981         -52.618            -100.491
793.442590         -52.558            -100.485
793.421186         -52.499            -100.480
793.399770         -52.440            -100.474
793.378342         -52.381            -100.469
793.356903         -52.321            -100.463
793.335451         -52.262            -100.458
793.313988         -52.203            -100.452
793.292513         -52.143            -100.447
793.271027         -52.084            -100.442
793.249529         -52.025            -100.437
793.228020         -51.966            -100.431
793.206499         -51.906            -100.426
793.184968         -51.847            -100.421
793.163425         -51.788            -100.416
793.141872         -51.728            -100.410
793.120307         -51.669            -100.405
793.098732         -51.610            -100.400
793.077146         -51.551            -100.395
793.055550         -51.491            -100.390
793.033943         -51.432            -100.385
793.012326         -51.373            -100.380
792.990698         -51.313            -100.375
792.969060         -51.254            -100.370
792.947412         -51.195            -100.365
792.925754         -51.136            -100.360
792.904086         -51.076            -100.355
792.882408         -51.017            -100.350
792.860720         -50.958            -100.345
792.839023         -50.898            -100.340
792.817316         -50.839            -100.336
792.795600         -50.780            -100.331
792.773874         -50.720            -100.326
792.752139         -50.661            -100.321
792.730395         -50.602            -100.317
792.708642         -50.542            -100.312
792.686880         -50.483            -100.307
792.665109         -50.424            -100.302
792.643329         -50.364            -100.298
792.621540         -50.305            -100.293
792.599743         -50.246            -100.289
792.577937         -50.186            -100.284
792.556123         -50.127            -100.279
792.534300         -50.068            -100.275
792.512469         -50.008            -100.270
792.490630         -49.949            -100.266
792.468783         -49.890            -100.261
792.446928         -49.831            -100.257
792.425065         -49.771            -100.253
792.403195         -49.712            -100.248
792.381316         -49.652            -100.244
792.359430         -49.593            -100.239
792.337537         -49.534            -100.235
792.315636         -49.474            -100.231
792.293728         -49.415            -100.226
792.271813         -49.356            -100.222
792.249890         -49.296            -100.218
792.227961         -49.237            -100.214
792.206025         -49.178            -100.209
792.184082         -49.118            -100.205
792.162132         -49.059            -100.201
792.140175         -49.000            -100.197
792.118212         -48.940            -100.193
792.096242         -48.881            -100.189
792.074267         -48.822            -100.184
792.052285         -48.762            -100.180
792.030296         -48.703            -100.176
792.008302         -48.644            -100.172
791.986302         -48.584            -100.168
791.964295         -48.525            -100.164
791.942283         -48.465            -100.160
791.920266         -48.406            -100.156
791.898243         -48.347            -100.152
791.876214         -48.287            -100.148
791.854180         -48.228            -100.144
791.832140         -48.169            -100.141
791.810096         -48.109            -100.137
791.788046         -48.050            -100.133
791.765991         -47.991            -100.129
791.743931         -47.931            -100.125
791.721867         -47.872            -100.121
791.699798         -47.812            -100.118
791.677724         -47.753            -100.114
791.655645         -47.694            -100.110
791.633562         -47.634            -100.106
791.611475         -47.575            -100.103
791.589384         -47.515            -100.099
791.567288         -47.456            -100.095
791.545189         -47.397            -100.092
791.523085         -47.337            -100.088
791.500977         -47.278            -100.084
791.478866         -47.219            -100.081
791.456751         -47.159            -100.077
791.434633         -47.100            -100.074
791.412511         -47.040            -100.070
791.390385         -46.981            -100.066
791.368257         -46.922            -100.063
791.346125         -46.862            -100.059
791.323990         -46.803            -100.056
791.301852         -46.743            -100.052
791.279711         -46.684            -100.049
791.257567         -46.625            -100.046
791.235421         -46.565            -100.042
791.213272         -46.506            -100.039
791.191120         -46.446            -100.035
791.168966         -46.387            -100.032
791.146810         -46.328            -100.029
791.124651         -46.268            -100.025
791.102490         -46.209            -100.022
791.080327         -46.149            -100.019
791.058163         -46.090            -100.015
791.035996         -46.030            -100.012
791.013828         -45.971            -100.009
790.991658         -45.912            -100.006
790.969486         -45.852            -100.002
790.947313         -45.793            -99.999
790.925139         -45.733            -99.996
790.902963         -45.674            -99.993
790.880786         -45.615            -99.990
790.858608         -45.555            -99.986
790.836429         -45.496            -99.983
790.814249         -45.436            -99.980
790.792069         -45.377            -99.977
790.769887         -45.317            -99.974
790.747706         -45.258            -99.971
790.725523         -45.199            -99.968
790.703340         -45.139            -99.965
790.681157         -45.080            -99.962
790.658974         -45.020            -99.959
790.636790         -44.961            -99.956
790.614607         -44.901            -99.953
790.592423         -44.842            -99.950
790.570240         -44.782            -99.947
790.548057         -44.723            -99.944
790.525874         -44.664            -99.941
790.503692         -44.604            -99.938
790.481510         -44.545            -99.935
790.459329         -44.485            -99.932
790.437149         -44.426            -99.930
790.414969         -44.366            -99.927
790.392791         -44.307            -99.924
790.370613         -44.247            -99.921
790.348437         -44.188            -99.918
790.326262         -44.129            -99.915
790.304088         -44.069            -99.913
790.281915         -44.010            -99.910
790.259745         -43.950            -99.907
790.237575         -43.891            -99.904
790.215408         -43.831            -99.902
790.193242         -43.772            -99.899
790.171078         -43.712            -99.896
790.148916         -43.653            -99.894
790.126756         -43.593            -99.891
790.104599         -43.534            -99.888
790.082443         -43.474            -99.886
790.060290         -43.415            -99.883
790.038140         -43.356            -99.880
790.015992         -43.296            -99.878
789.993847         -43.237            -99.875
789.971704         -43.177            -99.873
789.949565         -43.118            -99.870
789.927428         -43.058            -99.867
789.905294         -42.999            -99.865
789.883164         -42.939            -99.862
789.861036         -42.880            -99.860
789.838913         -42.820            -99.857
789.816792         -42.761            -99.855
789.794675         -42.701            -99.852
789.772562         -42.642            -99.850
789.750452         -42.582            -99.847
789.728346         -42.523            -99.845
789.706245         -42.463            -99.843
789.684147         -42.404            -99.840
789.662053         -42.344            -99.838
789.639963         -42.285            -99.835
789.617878         -42.225            -99.833
789.595797         -42.166            -99.831
789.573721         -42.106            -99.828
789.551649         -42.047            -99.826
789.529582         -41.987            -99.824
789.507520         -41.928            -99.821
789.485462         -41.868            -99.819
789.463410         -41.809            -99.817
789.441362         -41.749            -99.814
789.419320         -41.690            -99.812
789.397283         -41.630            -99.810
789.375251         -41.571            -99.808
789.353225         -41.511            -99.805
789.331204         -41.452            -99.803
789.309189         -41.392            -99.801
789.287180         -41.333            -99.799
789.265177         -41.273            -99.797
789.243179         -41.214            -99.794
789.221188         -41.154            -99.792
789.199202         -41.095            -99.790
789.177223         -41.035            -99.788
789.155250         -40.976            -99.786
789.133284         -40.916            -99.784
789.111324         -40.857            -99.782
789.089370         -40.797            -99.780
789.067424         -40.738            -99.777
789.045484         -40.678            -99.775
789.023551         -40.619            -99.773
789.001625         -40.559            -99.771
788.979706         -40.500            -99.769
788.957794         -40.440            -99.767
788.935889         -40.381            -99.765
788.913992         -40.321            -99.763
788.892102         -40.262            -99.761
788.870220         -40.202            -99.759
788.848345         -40.143            -99.757
788.826479         -40.083            -99.755
788.804620         -40.024            -99.753
788.782768         -39.964            -99.751
788.760925         -39.904            -99.749
788.739090         -39.845            -99.747
788.717264         -39.785            -99.746
788.695445         -39.726            -99.744
788.673635         -39.666            -99.742
788.651834         -39.607            -99.740
788.630041         -39.547            -99.738
788.608256         -39.488            -99.736
788.586481         -39.428            -99.734
788.564714         -39.369            -99.732
788.542957         -39.309            -99.731
788.521208         -39.250            -99.729
788.499469         -39.190            -99.727
788.477739         -39.130            -99.725
788.456018         -39.071            -99.723
788.434306         -39.011            -99.722
788.412604         -38.952            -99.720
788.390912         -38.892            -99.718
788.369230         -38.833            -99.716
788.347557         -38.773            -99.715
788.325894         -38.714            -99.713
788.304242         -38.654            -99.711
788.282599         -38.595            -99.710
788.260966         -38.535            -99.708
788.239344         -38.475            -99.706
788.217733         -38.416            -99.704
788.196131         -38.356            -99.703
788.174540         -38.297            -99.701
788.152960         -38.237            -99.699
788.131391         -38.178            -99.698
788.109833         -38.118            -99.696
788.088285         -38.058            -99.695
788.066749         -37.999            -99.693
788.045223         -37.939            -99.691
788.023709         -37.880            -99.690
788.002206         -37.820            -99.688
787.980715         -37.761            -99.687
787.959235         -37.701            -99.685
787.937767         -37.642            -99.683
787.916310         -37.582            -99.682
787.894865         -37.522            -99.680
787.873433         -37.463            -99.679
787.852012         -37.403            -99.677
787.830603         -37.344            -99.676
787.809206         -37.284            -99.674
787.787822         -37.225            -99.673
787.766450         -37.165            -99.671
787.745090         -37.105            -99.670
787.723743         -37.046            -99.668
787.702408         -36.986            -99.667
787.681086         -36.927            -99.665
787.659777         -36.867            -99.664
787.638481         -36.807            -99.663
787.617198         -36.748            -99.661
787.595928         -36.688            -99.660
787.574672         -36.629            -99.658
787.553428         -36.569            -99.657
787.532198         -36.509            -99.656
787.510981         -36.450            -99.654
787.489778         -36.390            -99.653
787.468589         -36.331            -99.651
787.447413         -36.271            -99.650
787.426251         -36.212            -99.649
787.405103         -36.152            -99.647
787.383969         -36.092            -99.646
787.362849         -36.033            -99.645
787.341743         -35.973            -99.643
787.320652         -35.914            -99.642
787.299575         -35.854            -99.641
787.278512         -35.794            -99.640
787.257464         -35.735            -99.638
787.236431         -35.675            -99.637
787.215412         -35.616            -99.636
787.194408         -35.556            -99.634
787.173420         -35.496            -99.633
787.152446         -35.437            -99.632
787.131487         -35.377            -99.631
787.110544         -35.318            -99.629
787.089615         -35.258            -99.628
787.068703         -35.198            -99.627
787.047805         -35.139            -99.626
787.026924         -35.079            -99.625
787.006057         -35.019            -99.623
786.985207         -34.960            -99.622
786.964373         -34.900            -99.621
786.943554         -34.841            -99.620
786.922751         -34.781            -99.619
786.901965         -34.721            -99.618
786.881195         -34.662            -99.617
786.860441         -34.602            -99.615
786.839703         -34.543            -99.614
786.818982         -34.483            -99.613
786.798278         -34.423            -99.612
786.777590         -34.364            -99.611
786.756919         -34.304            -99.610
786.736264         -34.244            -99.609
786.715627         -34.185            -99.608
786.695007         -34.125            -99.607
786.674403         -34.066            -99.606
786.653817         -34.006            -99.604
786.633249         -33.946            -99.603
786.612697         -33.887            -99.602
786.592163         -33.827            -99.601
786.571647         -33.767            -99.600
786.551148         -33.708            -99.599
786.530667         -33.648            -99.598
786.510204         -33.588            -99.597
786.489759         -33.529            -99.596
786.469332         -33.469            -99.595
786.448922         -33.410            -99.594
786.428531         -33.350            -99.593
786.408159         -33.290            -99.592
786.387804         -33.231            -99.591
786.367468         -33.171            -99.590
786.347151         -33.111            -99.589
786.326852         -33.052            -99.588
786.306572         -32.992            -99.588
786.286311         -32.932            -99.587
786.266068         -32.873            -99.586
786.245845         -32.813            -99.585
786.225641         -32.753            -99.584
786.205455         -32.694            -99.583
786.185289         -32.634            -99.582
786.165143         -32.575            -99.581
786.145016         -32.515            -99.580
786.124908         -32.455            -99.579
786.104820         -32.396            -99.579
786.084751         -32.336            -99.578
786.064703         -32.276            -99.577
786.044674         -32.217            -99.576
786.024665         -32.157            -99.575
786.004676         -32.097            -99.574
785.984707         -32.038            -99.573
785.964759         -31.978            -99.573
785.944830         -31.918            -99.572
785.924922         -31.859            -99.571
785.905035         -31.799            -99.570
785.885168         -31.739            -99.569
785.865322         -31.680            -99.569
785.845496         -31.620            -99.568
785.825692         -31.560            -99.567
785.805908         -31.501            -99.566
785.786145         -31.441            -99.566
785.766403         -31.381            -99.565
785.746683         -31.322            -99.564
785.726983         -31.262            -99.563
785.707305         -31.202            -99.562
785.687649         -31.143            -99.562
785.668013         -31.083            -99.561
785.648400         -31.023            -99.560
785.628808         -30.964            -99.560
785.609238         -30.904            -99.559
785.589689         -30.844            -99.558
785.570163         -30.785            -99.557
785.550659         -30.725            -99.557
785.531176         -30.665            -99.556
