Altitude Latitude Longitude
801.269846         -85.813            80.859
801.268306         -85.785            81.568
801.266721         -85.757            82.268
801.265090         -85.728            82.959
801.263413         -85.698            83.639
801.261691         -85.667            84.311
801.259922         -85.636            84.973
801.258108         -85.604            85.625
801.256248         -85.572            86.268
801.254342         -85.539            86.901
801.252390         -85.506            87.525
801.250392         -85.472            88.140
801.248349         -85.438            88.745
801.246260         -85.403            89.341
801.244125         -85.367            89.929
801.241944         -85.332            90.507
801.239718         -85.295            91.076
801.237446         -85.258            91.637
801.235128         -85.221            92.188
801.232765         -85.183            92.731
801.230355         -85.145            93.266
801.227900         -85.107            93.792
801.225400         -85.068            94.310
801.222853         -85.028            94.820
801.220261         -84.989            95.321
801.217624         -84.948            95.815
801.214941         -84.908            96.300
801.212212         -84.867            96.778
801.209437         -84.826            97.249
801.206617         -84.784            97.711
801.203751         -84.742            98.167
801.200840         -84.700            98.615
801.197883         -84.657            99.056
801.194881         -84.615            99.490
801.191833         -84.571            99.917
801.188739         -84.528            100.337
801.185600         -84.484            100.751
801.182416         -84.440            101.157
801.179186         -84.396            101.558
801.175910         -84.351            101.952
801.172589         -84.306            102.340
801.169223         -84.261            102.722
801.165811         -84.216            103.097
801.162354         -84.170            103.467
801.158851         -84.124            103.831
801.155303         -84.078            104.189
801.151710         -84.031            104.542
801.148071         -83.985            104.889
801.144387         -83.938            105.231
801.140658         -83.891            105.567
801.136883         -83.844            105.899
801.133063         -83.796            106.225
801.129198         -83.749            106.546
801.125287         -83.701            106.862
801.121331         -83.653            107.174
801.117330         -83.604            107.480
801.113284         -83.556            107.782
801.109192         -83.507            108.080
801.105056         -83.459            108.373
801.100874         -83.410            108.662
801.096647         -83.361            108.946
801.092375         -83.311            109.226
801.088058         -83.262            109.502
801.083696         -83.212            109.774
801.079288         -83.162            110.042
801.074836         -83.113            110.306
801.070338         -83.063            110.566
801.065796         -83.012            110.822
801.061209         -82.962            111.075
801.056576         -82.912            111.324
801.051899         -82.861            111.570
801.047177         -82.810            111.812
801.042410         -82.759            112.050
801.037598         -82.708            112.285
801.032741         -82.657            112.517
801.027839         -82.606            112.746
801.022892         -82.555            112.971
801.017901         -82.503            113.193
801.012865         -82.451            113.413
801.007784         -82.400            113.629
801.002658         -82.348            113.842
800.997488         -82.296            114.052
800.992273         -82.244            114.260
800.987013         -82.192            114.464
800.981708         -82.140            114.666
800.976359         -82.087            114.866
800.970966         -82.035            115.062
800.965527         -81.982            115.256
800.960044         -81.930            115.447
800.954517         -81.877            115.636
800.948945         -81.824            115.823
800.943329         -81.771            116.007
800.937668         -81.718            116.188
800.931963         -81.665            116.367
800.926213         -81.612            116.544
800.920419         -81.559            116.719
800.914580         -81.506            116.891
800.908698         -81.452            117.061
800.902771         -81.399            117.229
800.896799         -81.345            117.395
800.890784         -81.292            117.559
800.884724         -81.238            117.721
800.878619         -81.184            117.881
800.872471         -81.130            118.039
800.866279         -81.076            118.195
800.860042         -81.022            118.349
800.853761         -80.968            118.501
800.847437         -80.914            118.651
800.841068         -80.860            118.800
800.834655         -80.806            118.946
800.828198         -80.752            119.091
800.821697         -80.697            119.234
800.815152         -80.643            119.376
800.808563         -80.588            119.516
800.801931         -80.534            119.654
800.795254         -80.479            119.791
800.788534         -80.425            119.926
800.781770         -80.370            120.059
800.774962         -80.315            120.191
800.768110         -80.260            120.321
800.761215         -80.205            120.450
800.754276         -80.151            120.578
800.747293         -80.096            120.704
800.740267         -80.041            120.828
800.733197         -79.986            120.951
800.726084         -79.930            121.073
800.718927         -79.875            121.193
800.711726         -79.820            121.312
800.704482         -79.765            121.430
800.697195         -79.710            121.547
800.689864         -79.654            121.662
800.682490         -79.599            121.776
800.675072         -79.543            121.888
800.667611         -79.488            122.000
800.660107         -79.432            122.110
800.652559         -79.377            122.219
800.644969         -79.321            122.327
800.637335         -79.266            122.434
800.629658         -79.210            122.540
800.621938         -79.154            122.644
800.614175         -79.099            122.748
800.606368         -79.043            122.850
800.598519         -78.987            122.951
800.590627         -78.931            123.052
800.582692         -78.875            123.151
800.574713         -78.819            123.249
800.566692         -78.763            123.346
800.558628         -78.707            123.442
800.550522         -78.651            123.537
800.542372         -78.595            123.632
800.534180         -78.539            123.725
800.525945         -78.483            123.817
800.517667         -78.427            123.909
800.509347         -78.371            123.999
800.500984         -78.315            124.089
800.492579         -78.258            124.178
800.484131         -78.202            124.266
800.475640         -78.146            124.353
800.467107         -78.089            124.439
800.458532         -78.033            124.524
800.449914         -77.977            124.609
800.441254         -77.920            124.692
800.432552         -77.864            124.775
800.423807         -77.807            124.857
800.415020         -77.751            124.938
800.406191         -77.694            125.019
800.397319         -77.638            125.099
800.388406         -77.581            125.178
800.379450         -77.524            125.256
800.370453         -77.468            125.333
800.361413         -77.411            125.410
800.352332         -77.354            125.486
800.343208         -77.298            125.562
800.334043         -77.241            125.636
800.324836         -77.184            125.710
800.315586         -77.128            125.784
800.306296         -77.071            125.856
800.296963         -77.014            125.928
800.287589         -76.957            126.000
800.278173         -76.900            126.070
800.268715         -76.843            126.141
800.259216         -76.786            126.210
800.249675         -76.729            126.279
800.240093         -76.673            126.347
800.230470         -76.616            126.415
800.220805         -76.559            126.482
800.211098         -76.502            126.548
800.201350         -76.445            126.614
800.191561         -76.387            126.679
800.181731         -76.330            126.744
800.171860         -76.273            126.808
800.161947         -76.216            126.872
800.151993         -76.159            126.935
800.141998         -76.102            126.997
800.131963         -76.045            127.059
800.121886         -75.988            127.120
800.111768         -75.930            127.181
800.101609         -75.873            127.242
800.091410         -75.816            127.302
800.081169         -75.759            127.361
800.070888         -75.701            127.420
800.060566         -75.644            127.478
800.050204         -75.587            127.536
800.039801         -75.529            127.593
800.029357         -75.472            127.650
800.018872         -75.415            127.707
800.008348         -75.357            127.763
799.997782         -75.300            127.818
799.987177         -75.243            127.873
799.976531         -75.185            127.928
799.965844         -75.128            127.982
799.955117         -75.070            128.036
799.944351         -75.013            128.089
799.933543         -74.955            128.142
799.922696         -74.898            128.195
799.911809         -74.840            128.247
799.900881         -74.783            128.298
799.889914         -74.725            128.350
799.878907         -74.668            128.400
799.867860         -74.610            128.451
799.856772         -74.553            128.501
799.845646         -74.495            128.551
799.834479         -74.438            128.600
799.823272         -74.380            128.649
799.812026         -74.322            128.697
799.800741         -74.265            128.745
799.789416         -74.207            128.793
799.778051         -74.149            128.840
799.766647         -74.092            128.887
799.755203         -74.034            128.934
799.743720         -73.976            128.980
799.732198         -73.919            129.026
799.720636         -73.861            129.072
799.709035         -73.803            129.117
799.697395         -73.745            129.162
799.685716         -73.688            129.206
799.673998         -73.630            129.251
799.662240         -73.572            129.294
799.650444         -73.514            129.338
799.638609         -73.456            129.381
799.626735         -73.399            129.424
799.614822         -73.341            129.467
799.602871         -73.283            129.509
799.590880         -73.225            129.551
799.578851         -73.167            129.593
799.566784         -73.109            129.634
799.554677         -73.052            129.675
799.542533         -72.994            129.716
799.530350         -72.936            129.756
799.518128         -72.878            129.797
799.505868         -72.820            129.836
799.493570         -72.762            129.876
799.481233         -72.704            129.915
799.468859         -72.646            129.954
799.456446         -72.588            129.993
799.443995         -72.530            130.032
799.431506         -72.472            130.070
799.418979         -72.414            130.108
799.406414         -72.356            130.145
799.393811         -72.298            130.183
799.381171         -72.240            130.220
799.368492         -72.182            130.257
799.355776         -72.124            130.293
799.343022         -72.066            130.330
799.330231         -72.008            130.366
799.317402         -71.950            130.402
799.304536         -71.892            130.437
799.291632         -71.834            130.473
799.278691         -71.776            130.508
799.265712         -71.718            130.543
799.252696         -71.660            130.577
799.239643         -71.601            130.612
799.226553         -71.543            130.646
799.213426         -71.485            130.680
799.200261         -71.427            130.714
799.187060         -71.369            130.747
799.173822         -71.311            130.780
799.160547         -71.253            130.813
799.147235         -71.194            130.846
799.133886         -71.136            130.879
799.120500         -71.078            130.911
799.107078         -71.020            130.943
799.093620         -70.962            130.975
799.080124         -70.904            131.007
799.066593         -70.845            131.039
799.053025         -70.787            131.070
799.039420         -70.729            131.101
799.025779         -70.671            131.132
799.012102         -70.612            131.163
798.998389         -70.554            131.193
798.984640         -70.496            131.223
798.970854         -70.438            131.253
798.957033         -70.379            131.283
798.943175         -70.321            131.313
798.929282         -70.263            131.343
798.915353         -70.205            131.372
798.901388         -70.146            131.401
798.887387         -70.088            131.430
798.873351         -70.030            131.459
798.859279         -69.971            131.487
798.845172         -69.913            131.516
798.831029         -69.855            131.544
798.816851         -69.796            131.572
798.802637         -69.738            131.600
798.788389         -69.680            131.628
798.774104         -69.621            131.655
798.759785         -69.563            131.682
798.745431         -69.505            131.710
798.731041         -69.446            131.737
798.716617         -69.388            131.764
798.702158         -69.329            131.790
798.687664         -69.271            131.817
798.673135         -69.213            131.843
798.658571         -69.154            131.869
798.643973         -69.096            131.895
798.629340         -69.037            131.921
798.614672         -68.979            131.947
798.599970         -68.921            131.972
798.585234         -68.862            131.998
798.570463         -68.804            132.023
798.555658         -68.745            132.048
798.540819         -68.687            132.073
798.525945         -68.628            132.098
798.511038         -68.570            132.122
798.496096         -68.512            132.147
798.481121         -68.453            132.171
798.466111         -68.395            132.195
798.451068         -68.336            132.219
798.435991         -68.278            132.243
798.420880         -68.219            132.267
798.405736         -68.161            132.290
798.390558         -68.102            132.314
798.375346         -68.044            132.337
798.360101         -67.985            132.360
798.344823         -67.927            132.383
798.329511         -67.868            132.406
798.314166         -67.810            132.429
798.298788         -67.751            132.452
798.283377         -67.693            132.474
798.267933         -67.634            132.497
798.252456         -67.575            132.519
798.236945         -67.517            132.541
798.221402         -67.458            132.563
798.205826         -67.400            132.585
798.190218         -67.341            132.606
798.174577         -67.283            132.628
798.158903         -67.224            132.650
798.143197         -67.166            132.671
798.127458         -67.107            132.692
798.111687         -67.048            132.713
798.095883         -66.990            132.734
798.080047         -66.931            132.755
798.064179         -66.873            132.776
798.048279         -66.814            132.796
798.032347         -66.755            132.817
798.016383         -66.697            132.837
798.000387         -66.638            132.858
797.984359         -66.580            132.878
797.968300         -66.521            132.898
797.952209         -66.462            132.918
797.936086         -66.404            132.937
797.919931         -66.345            132.957
797.903745         -66.286            132.977
797.887528         -66.228            132.996
797.871279         -66.169            133.016
797.854999         -66.110            133.035
797.838688         -66.052            133.054
797.822345         -65.993            133.073
797.805972         -65.934            133.092
797.789567         -65.876            133.111
797.773132         -65.817            133.129
797.756666         -65.758            133.148
797.740169         -65.700            133.167
797.723641         -65.641            133.185
797.707082         -65.582            133.203
797.690493         -65.524            133.222
797.673874         -65.465            133.240
797.657224         -65.406            133.258
797.640543         -65.348            133.276
797.623833         -65.289            133.293
797.607092         -65.230            133.311
797.590321         -65.171            133.329
797.573520         -65.113            133.346
797.556689         -65.054            133.364
797.539828         -64.995            133.381
797.522937         -64.937            133.398
797.506016         -64.878            133.415
797.489066         -64.819            133.433
797.472086         -64.760            133.449
797.455076         -64.702            133.466
797.438037         -64.643            133.483
797.420969         -64.584            133.500
797.403871         -64.525            133.516
797.386744         -64.467            133.533
797.369587         -64.408            133.549
797.352402         -64.349            133.566
797.335187         -64.290            133.582
797.317944         -64.232            133.598
797.300672         -64.173            133.614
797.283370         -64.114            133.630
797.266040         -64.055            133.646
797.248682         -63.996            133.662
797.231294         -63.938            133.678
797.213879         -63.879            133.693
797.196434         -63.820            133.709
797.178962         -63.761            133.724
797.161461         -63.702            133.740
797.143931         -63.644            133.755
797.126374         -63.585            133.770
797.108789         -63.526            133.785
797.091175         -63.467            133.801
797.073534         -63.408            133.816
797.055865         -63.350            133.830
797.038168         -63.291            133.845
797.020443         -63.232            133.860
797.002691         -63.173            133.875
796.984911         -63.114            133.889
796.967103         -63.055            133.904
796.949269         -62.997            133.918
796.931407         -62.938            133.933
796.913517         -62.879            133.947
796.895601         -62.820            133.961
796.877657         -62.761            133.976
796.859687         -62.702            133.990
796.841689         -62.643            134.004
796.823665         -62.585            134.018
796.805614         -62.526            134.032
796.787536         -62.467            134.045
796.769431         -62.408            134.059
796.751300         -62.349            134.073
796.733143         -62.290            134.086
796.714959         -62.231            134.100
796.696749         -62.172            134.113
796.678512         -62.114            134.127
796.660250         -62.055            134.140
796.641961         -61.996            134.153
796.623646         -61.937            134.167
796.605306         -61.878            134.180
796.586939         -61.819            134.193
796.568547         -61.760            134.206
796.550129         -61.701            134.219
796.531686         -61.642            134.232
796.513217         -61.584            134.244
796.494722         -61.525            134.257
796.476203         -61.466            134.270
796.457658         -61.407            134.282
796.439087         -61.348            134.295
796.420492         -61.289            134.307
796.401871         -61.230            134.320
796.383226         -61.171            134.332
796.364556         -61.112            134.344
796.345861         -61.053            134.357
796.327141         -60.994            134.369
796.308396         -60.935            134.381
796.289627         -60.876            134.393
796.270834         -60.818            134.405
796.252016         -60.759            134.417
796.233174         -60.700            134.429
796.214307         -60.641            134.441
796.195417         -60.582            134.452
796.176502         -60.523            134.464
796.157563         -60.464            134.476
796.138601         -60.405            134.487
796.119614         -60.346            134.499
796.100604         -60.287            134.510
796.081570         -60.228            134.522
796.062513         -60.169            134.533
796.043432         -60.110            134.544
796.024328         -60.051            134.556
796.005200         -59.992            134.567
795.986049         -59.933            134.578
795.966875         -59.874            134.589
795.947678         -59.815            134.600
795.928458         -59.756            134.611
795.909215         -59.697            134.622
795.889949         -59.638            134.633
795.870660         -59.579            134.644
795.851348         -59.520            134.654
795.832014         -59.461            134.665
795.812658         -59.402            134.676
795.793279         -59.343            134.686
795.773878         -59.284            134.697
795.754454         -59.225            134.708
795.735009         -59.166            134.718
795.715541         -59.107            134.728
795.696051         -59.048            134.739
795.676539         -58.989            134.749
795.657006         -58.930            134.759
795.637450         -58.871            134.770
795.617873         -58.812            134.780
795.598275         -58.753            134.790
795.578655         -58.694            134.800
795.559013         -58.635            134.810
795.539350         -58.576            134.820
795.519666         -58.517            134.830
795.499961         -58.458            134.840
795.480235         -58.399            134.849
795.460488         -58.340            134.859
795.440719         -58.281            134.869
795.420930         -58.222            134.879
795.401121         -58.163            134.888
795.381290         -58.104            134.898
795.361439         -58.045            134.907
795.341568         -57.985            134.917
795.321676         -57.926            134.926
795.301764         -57.867            134.936
795.281831         -57.808            134.945
795.261879         -57.749            134.955
795.241906         -57.690            134.964
795.221914         -57.631            134.973
795.201901         -57.572            134.982
795.181869         -57.513            134.991
795.161817         -57.454            135.001
795.141746         -57.395            135.010
795.121654         -57.336            135.019
795.101544         -57.277            135.028
795.081414         -57.218            135.037
795.061265         -57.159            135.045
795.041097         -57.099            135.054
795.020909         -57.040            135.063
795.000703         -56.981            135.072
794.980477         -56.922            135.081
794.960233         -56.863            135.089
794.939970         -56.804            135.098
794.919689         -56.745            135.107
794.899388         -56.686            135.115
794.879070         -56.627            135.124
794.858733         -56.568            135.132
794.838377         -56.508            135.141
794.818003         -56.449            135.149
794.797612         -56.390            135.157
794.777202         -56.331            135.166
794.756774         -56.272            135.174
794.736328         -56.213            135.182
794.715865         -56.154            135.191
794.695384         -56.095            135.199
794.674885         -56.036            135.207
794.654369         -55.976            135.215
794.633835         -55.917            135.223
794.613284         -55.858            135.231
794.592716         -55.799            135.239
794.572130         -55.740            135.247
794.551528         -55.681            135.255
794.530908         -55.622            135.263
794.510272         -55.563            135.271
794.489619         -55.503            135.279
794.468949         -55.444            135.286
794.448262         -55.385            135.294
794.427559         -55.326            135.302
794.406840         -55.267            135.309
794.386104         -55.208            135.317
794.365352         -55.149            135.325
794.344583         -55.089            135.332
794.323799         -55.030            135.340
794.302998         -54.971            135.347
794.282182         -54.912            135.355
794.261350         -54.853            135.362
794.240502         -54.794            135.370
794.219638         -54.734            135.377
794.198759         -54.675            135.384
794.177864         -54.616            135.392
794.156954         -54.557            135.399
794.136029         -54.498            135.406
794.115089         -54.439            135.413
794.094133         -54.379            135.420
794.073162         -54.320            135.428
794.052177         -54.261            135.435
794.031177         -54.202            135.442
794.010162         -54.143            135.449
793.989132         -54.084            135.456
793.968088         -54.024            135.463
793.947029         -53.965            135.470
793.925956         -53.906            135.477
793.904868         -53.847            135.483
793.883767         -53.788            135.490
793.862651         -53.728            135.497
793.841521         -53.669            135.504
793.820378         -53.610            135.511
793.799220         -53.551            135.517
793.778049         -53.492            135.524
793.756864         -53.432            135.531
793.735666         -53.373            135.537
793.714454         -53.314            135.544
793.693228         -53.255            135.551
793.671990         -53.196            135.557
793.650738         -53.136            135.564
793.629473         -53.077            135.570
793.608196         -53.018            135.577
793.586905         -52.959            135.583
793.565601         -52.900            135.589
793.544285         -52.840            135.596
793.522956         -52.781            135.602
793.501615         -52.722            135.608
793.480261         -52.663            135.615
793.458894         -52.604            135.621
793.437516         -52.544            135.627
793.416125         -52.485            135.633
793.394722         -52.426            135.640
793.373307         -52.367            135.646
793.351881         -52.307            135.652
793.330442         -52.248            135.658
793.308992         -52.189            135.664
793.287530         -52.130            135.670
793.266057         -52.070            135.676
793.244572         -52.011            135.682
793.223076         -51.952            135.688
793.201568         -51.893            135.694
793.180050         -51.833            135.700
793.158520         -51.774            135.706
793.136980         -51.715            135.711
793.115428         -51.656            135.717
793.093866         -51.597            135.723
793.072293         -51.537            135.729
793.050709         -51.478            135.735
793.029115         -51.419            135.740
793.007511         -51.360            135.746
792.985896         -51.300            135.752
792.964271         -51.241            135.757
792.942636         -51.182            135.763
792.920991         -51.122            135.769
792.899336         -51.063            135.774
792.877671         -51.004            135.780
792.855996         -50.945            135.785
792.834312         -50.885            135.791
792.812618         -50.826            135.796
792.790914         -50.767            135.802
792.769201         -50.708            135.807
792.747479         -50.648            135.812
792.725748         -50.589            135.818
792.704008         -50.530            135.823
792.682258         -50.470            135.828
792.660500         -50.411            135.834
792.638733         -50.352            135.839
792.616957         -50.293            135.844
792.595173         -50.233            135.849
792.573380         -50.174            135.855
792.551578         -50.115            135.860
792.529768         -50.056            135.865
792.507950         -49.996            135.870
792.486124         -49.937            135.875
792.464290         -49.878            135.880
792.442448         -49.818            135.885
792.420598         -49.759            135.890
792.398740         -49.700            135.896
792.376874         -49.640            135.901
792.355001         -49.581            135.906
792.333120         -49.522            135.910
792.311232         -49.463            135.915
792.289337         -49.403            135.920
792.267434         -49.344            135.925
792.245525         -49.285            135.930
792.223608         -49.225            135.935
792.201684         -49.166            135.940
792.179754         -49.107            135.945
792.157817         -49.047            135.949
792.135873         -48.988            135.954
792.113923         -48.929            135.959
792.091966         -48.869            135.964
792.070003         -48.810            135.968
792.048033         -48.751            135.973
792.026057         -48.691            135.978
792.004076         -48.632            135.982
791.982088         -48.573            135.987
791.960095         -48.514            135.991
791.938095         -48.454            135.996
791.916090         -48.395            136.001
791.894080         -48.336            136.005
791.872064         -48.276            136.010
791.850042         -48.217            136.014
791.828015         -48.158            136.019
791.805983         -48.098            136.023
791.783946         -48.039            136.027
791.761904         -47.980            136.032
791.739857         -47.920            136.036
791.717805         -47.861            136.041
791.695748         -47.802            136.045
791.673687         -47.742            136.049
791.651621         -47.683            136.054
791.629551         -47.623            136.058
791.607476         -47.564            136.062
791.585397         -47.505            136.067
791.563314         -47.445            136.071
791.541227         -47.386            136.075
791.519136         -47.327            136.079
791.497040         -47.267            136.083
791.474942         -47.208            136.088
791.452839         -47.149            136.092
791.430733         -47.089            136.096
791.408624         -47.030            136.100
791.386511         -46.971            136.104
791.364394         -46.911            136.108
791.342275         -46.852            136.112
791.320152         -46.792            136.116
791.298027         -46.733            136.120
791.275898         -46.674            136.124
791.253767         -46.614            136.128
791.231633         -46.555            136.132
791.209496         -46.496            136.136
791.187357         -46.436            136.140
791.165215         -46.377            136.144
791.143071         -46.318            136.148
791.120925         -46.258            136.152
791.098777         -46.199            136.156
791.076626         -46.139            136.159
791.054474         -46.080            136.163
791.032319         -46.021            136.167
791.010163         -45.961            136.171
790.988006         -45.902            136.175
790.965846         -45.842            136.178
790.943686         -45.783            136.182
790.921523         -45.724            136.186
790.899360         -45.664            136.190
790.877195         -45.605            136.193
790.855030         -45.546            136.197
790.832863         -45.486            136.201
790.810695         -45.427            136.204
790.788527         -45.367            136.208
790.766358         -45.308            136.212
790.744188         -45.249            136.215
790.722018         -45.189            136.219
790.699847         -45.130            136.222
790.677676         -45.070            136.226
790.655505         -45.011            136.229
790.633333         -44.952            136.233
790.611162         -44.892            136.236
790.588990         -44.833            136.240
790.566819         -44.773            136.243
790.544648         -44.714            136.247
790.522478         -44.654            136.250
790.500307         -44.595            136.254
790.478138         -44.536            136.257
790.455969         -44.476            136.260
790.433800         -44.417            136.264
790.411633         -44.357            136.267
790.389467         -44.298            136.270
790.367301         -44.239            136.274
790.345137         -44.179            136.277
790.322973         -44.120            136.280
790.300812         -44.060            136.284
790.278651         -44.001            136.287
790.256492         -43.941            136.290
790.234335         -43.882            136.293
790.212179         -43.823            136.297
790.190025         -43.763            136.300
790.167873         -43.704            136.303
790.145723         -43.644            136.306
790.123575         -43.585            136.309
790.101430         -43.525            136.313
790.079286         -43.466            136.316
790.057145         -43.407            136.319
790.035006         -43.347            136.322
790.012870         -43.288            136.325
789.990737         -43.228            136.328
789.968606         -43.169            136.331
789.946478         -43.109            136.334
789.924353         -43.050            136.337
789.902231         -42.990            136.340
789.880113         -42.931            136.343
789.857997         -42.872            136.346
789.835885         -42.812            136.349
789.813776         -42.753            136.352
789.791671         -42.693            136.355
789.769569         -42.634            136.358
789.747471         -42.574            136.361
789.725377         -42.515            136.364
789.703287         -42.455            136.367
789.681201         -42.396            136.370
789.659119         -42.337            136.373
789.637041         -42.277            136.376
789.614967         -42.218            136.378
789.592898         -42.158            136.381
789.570833         -42.099            136.384
789.548773         -42.039            136.387
789.526717         -41.980            136.390
789.504666         -41.920            136.392
789.482620         -41.861            136.395
789.460579         -41.801            136.398
789.438544         -41.742            136.401
789.416513         -41.682            136.403
789.394487         -41.623            136.406
789.372467         -41.563            136.409
789.350452         -41.504            136.412
789.328443         -41.445            136.414
789.306439         -41.385            136.417
789.284442         -41.326            136.420
789.262449         -41.266            136.422
789.240463         -41.207            136.425
789.218483         -41.147            136.427
789.196509         -41.088            136.430
789.174541         -41.028            136.433
789.152580         -40.969            136.435
789.130625         -40.909            136.438
789.108676         -40.850            136.440
789.086734         -40.790            136.443
789.064798         -40.731            136.445
789.042870         -40.671            136.448
789.020948         -40.612            136.450
788.999033         -40.552            136.453
788.977125         -40.493            136.455
788.955225         -40.433            136.458
788.933331         -40.374            136.460
788.911445         -40.314            136.463
788.889567         -40.255            136.465
788.867695         -40.195            136.468
788.845832         -40.136            136.470
788.823976         -40.076            136.473
788.802128         -40.017            136.475
788.780288         -39.957            136.477
788.758456         -39.898            136.480
788.736632         -39.838            136.482
788.714817         -39.779            136.484
788.693009         -39.719            136.487
788.671210         -39.660            136.489
788.649420         -39.600            136.491
788.627638         -39.541            136.494
788.605865         -39.481            136.496
788.584100         -39.422            136.498
788.562344         -39.362            136.501
788.540598         -39.303            136.503
788.518860         -39.243            136.505
788.497131         -39.184            136.507
788.475412         -39.124            136.510
788.453702         -39.065            136.512
788.432002         -39.005            136.514
788.410311         -38.946            136.516
788.388629         -38.886            136.518
788.366958         -38.827            136.521
788.345296         -38.767            136.523
788.323644         -38.707            136.525
788.302002         -38.648            136.527
788.280370         -38.588            136.529
788.258748         -38.529            136.531
788.237137         -38.469            136.533
788.215535         -38.410            136.535
788.193945         -38.350            136.538
788.172365         -38.291            136.540
788.150795         -38.231            136.542
788.129237         -38.172            136.544
788.107689         -38.112            136.546
788.086152         -38.053            136.548
788.064626         -37.993            136.550
788.043111         -37.934            136.552
788.021608         -37.874            136.554
788.000115         -37.814            136.556
787.978635         -37.755            136.558
787.957165         -37.695            136.560
787.935707         -37.636            136.562
787.914261         -37.576            136.564
787.892827         -37.517            136.566
787.871404         -37.457            136.568
787.849994         -37.398            136.570
787.828595         -37.338            136.572
787.807209         -37.279            136.573
787.785835         -37.219            136.575
787.764473         -37.159            136.577
787.743124         -37.100            136.579
787.721787         -37.040            136.581
787.700463         -36.981            136.583
787.679152         -36.921            136.585
787.657853         -36.862            136.587
787.636567         -36.802            136.588
787.615294         -36.743            136.590
787.594034         -36.683            136.592
787.572788         -36.623            136.594
787.551554         -36.564            136.596
787.530334         -36.504            136.598
787.509128         -36.445            136.599
787.487935         -36.385            136.601
787.466756         -36.326            136.603
787.445590         -36.266            136.605
787.424438         -36.206            136.606
787.403300         -36.147            136.608
787.382176         -36.087            136.610
787.361066         -36.028            136.612
787.339971         -35.968            136.613
787.318889         -35.909            136.615
787.297822         -35.849            136.617
787.276769         -35.789            136.618
787.255731         -35.730            136.620
787.234708         -35.670            136.622
787.213699         -35.611            136.623
787.192705         -35.551            136.625
787.171726         -35.492            136.627
787.150763         -35.432            136.628
787.129814         -35.372            136.630
787.108880         -35.313            136.631
787.087962         -35.253            136.633
787.067059         -35.194            136.635
787.046171         -35.134            136.636
787.025299         -35.074            136.638
787.004443         -35.015            136.639
786.983602         -34.955            136.641
786.962777         -34.896            136.643
786.941968         -34.836            136.644
786.921175         -34.776            136.646
786.900399         -34.717            136.647
786.879638         -34.657            136.649
786.858894         -34.598            136.650
786.838166         -34.538            136.652
786.817454         -34.479            136.653
786.796759         -34.419            136.655
786.776081         -34.359            136.656
786.755419         -34.300            136.658
786.734774         -34.240            136.659
786.714146         -34.181            136.661
786.693536         -34.121            136.662
786.672942         -34.061            136.664
786.652365         -34.002            136.665
786.631806         -33.942            136.666
786.611264         -33.882            136.668
786.590739         -33.823            136.669
786.570232         -33.763            136.671
786.549743         -33.704            136.672
786.529271         -33.644            136.673
786.508817         -33.584            136.675
786.488381         -33.525            136.676
786.467963         -33.465            136.678
786.447563         -33.406            136.679
786.427181         -33.346            136.680
786.406818         -33.286            136.682
786.386472         -33.227            136.683
786.366146         -33.167            136.684
786.345837         -33.108            136.686
786.325548         -33.048            136.687
786.305277         -32.988            136.688
786.285025         -32.929            136.689
786.264791         -32.869            136.691
786.244577         -32.809            136.692
786.224381         -32.750            136.693
786.204205         -32.690            136.695
786.184048         -32.631            136.696
786.163911         -32.571            136.697
786.143792         -32.511            136.698
786.123693         -32.452            136.700
786.103614         -32.392            136.701
786.083555         -32.332            136.702
786.063515         -32.273            136.703
786.043495         -32.213            136.705
786.023495         -32.153            136.706
786.003515         -32.094            136.707
785.983555         -32.034            136.708
785.963615         -31.975            136.709
785.943695         -31.915            136.710
785.923796         -31.855            136.712
785.903917         -31.796            136.713
785.884059         -31.736            136.714
785.864221         -31.676            136.715
785.844405         -31.617            136.716
785.824608         -31.557            136.717
785.804833         -31.497            136.719
785.785079         -31.438            136.720
785.765346         -31.378            136.721
785.745634         -31.319            136.722
785.725943         -31.259            136.723
785.706273         -31.199            136.724
785.686625         -31.140            136.725
785.666998         -31.080            136.726
785.647393         -31.020            136.727
785.627809         -30.961            136.728
785.608248         -30.901            136.730
785.588708         -30.841            136.731
785.569190         -30.782            136.732
785.549694         -30.722            136.733
785.530220         -30.662            136.734
785.510768         -30.603            136.735
785.491338         -30.543            136.736
785.471931         -30.483            136.737
785.452546         -30.424            136.738
785.433184         -30.364            136.739
785.413844         -30.304            136.740
785.394527         -30.245            136.741
785.375232         -30.185            136.742
785.355961         -30.125            136.743
785.336712         -30.066            136.744
785.317487         -30.006            136.745
785.298284         -29.946            136.746
785.279105         -29.887            136.747
785.259949         -29.827            136.748
785.240816         -29.767            136.749
785.221707         -29.708            136.749
785.202621         -29.648            136.750
785.183559         -29.588            136.751
785.164520         -29.529            136.752
785.145505         -29.469            136.753
785.126514         -29.409            136.754
785.107547         -29.350            136.755
785.088604         -29.290            136.756
785.069685         -29.230            136.757
785.050790         -29.171            136.758
785.031920         -29.111            136.759
785.013073         -29.051            136.759
784.994252         -28.992            136.760
784.975454         -28.932            136.761
784.956682         -28.872            136.762
784.937934         -28.813            136.763
784.919210         -28.753            136.764
784.900512         -28.693            136.765
784.881838         -28.634            136.765
784.863189         -28.574            136.766
784.844566         -28.514            136.767
784.825968         -28.455            136.768
784.807394         -28.395            136.769
784.788847         -28.335            136.769
784.770324         -28.275            136.770
784.751827         -28.216            136.771
784.733356         -28.156            136.772
784.714910         -28.096            136.773
784.696490         -28.037            136.773
784.678096         -27.977            136.774
784.659727         -27.917            136.775
784.641385         -27.858            136.776
784.623068         -27.798            136.777
784.604778         -27.738            136.777
784.586514         -27.679            136.778
784.568276         -27.619            136.779
784.550065         -27.559            136.779
784.531880         -27.499            136.780
784.513721         -27.440            136.781
784.495589         -27.380            136.782
784.477484         -27.320            136.782
784.459406         -27.261            136.783
784.441354         -27.201            136.784
784.423329         -27.141            136.784
784.405331         -27.082            136.785
784.387361         -27.022            136.786
784.369417         -26.962            136.787
784.351501         -26.902            136.787
784.333612         -26.843            136.788
784.315750         -26.783            136.789
784.297916         -26.723            136.789
784.280110         -26.664            136.790
784.262331         -26.604            136.791
784.244579         -26.544            136.791
784.226856         -26.484            136.792
784.209160         -26.425            136.792
784.191492         -26.365            136.793
784.173853         -26.305            136.794
784.156241         -26.246            136.794
784.138657         -26.186            136.795
784.121102         -26.126            136.796
784.103575         -26.066            136.796
784.086077         -26.007            136.797
784.068606         -25.947            136.797
784.051165         -25.887            136.798
784.033752         -25.828            136.799
784.016368         -25.768            136.799
783.999012         -25.708            136.800
783.981686         -25.648            136.800
783.964388         -25.589            136.801
783.947119         -25.529            136.801
783.929879         -25.469            136.802
783.912669         -25.409            136.803
783.895488         -25.350            136.803
783.878336         -25.290            136.804
783.861213         -25.230            136.804
783.844120         -25.171            136.805
783.827056         -25.111            136.805
783.810022         -25.051            136.806
783.793018         -24.991            136.806
783.776043         -24.932            136.807
783.759098         -24.872            136.807
783.742183         -24.812            136.808
783.725298         -24.752            136.808
783.708443         -24.693            136.809
783.691619         -24.633            136.809
783.674824         -24.573            136.810
783.658060         -24.514            136.810
783.641326         -24.454            136.811
783.624622         -24.394            136.811
783.607949         -24.334            136.812
783.591306         -24.275            136.812
783.574694         -24.215            136.813
783.558113         -24.155            136.813
783.541563         -24.095            136.814
783.525043         -24.036            136.814
783.508554         -23.976            136.815
783.492096         -23.916            136.815
783.475670         -23.856            136.815
783.459274         -23.797            136.816
783.442910         -23.737            136.816
783.426577         -23.677            136.817
783.410275         -23.617            136.817
783.394005         -23.558            136.818
783.377766         -23.498            136.818
783.361559         -23.438            136.818
783.345383         -23.378            136.819
783.329239         -23.319            136.819
783.313127         -23.259            136.820
783.297047         -23.199            136.820
783.280998         -23.139            136.820
783.264982         -23.080            136.821
783.248998         -23.020            136.821
783.233046         -22.960            136.822
783.217126         -22.900            136.822
783.201238         -22.841            136.822
783.185382         -22.781            136.823
783.169559         -22.721            136.823
783.153769         -22.661            136.823
783.138011         -22.602            136.824
783.122285         -22.542            136.824
783.106593         -22.482            136.825
783.090933         -22.422            136.825
783.075306         -22.363            136.825
783.059711         -22.303            136.826
783.044150         -22.243            136.826
783.028622         -22.183            136.826
783.013126         -22.124            136.827
782.997664         -22.064            136.827
782.982236         -22.004            136.827
782.966840         -21.944            136.827
782.951478         -21.884            136.828
782.936149         -21.825            136.828
782.920854         -21.765            136.828
782.905592         -21.705            136.829
782.890364         -21.645            136.829
782.875170         -21.586            136.829
782.860009         -21.526            136.830
782.844882         -21.466            136.830
782.829789         -21.406            136.830
782.814731         -21.347            136.830
782.799706         -21.287            136.831
782.784715         -21.227            136.831
782.769758         -21.167            136.831
782.754836         -21.107            136.831
782.739948         -21.048            136.832
782.725094         -20.988            136.832
782.710274         -20.928            136.832
782.695489         -20.868            136.833
782.680739         -20.809            136.833
782.666023         -20.749            136.833
782.651342         -20.689            136.833
782.636696         -20.629            136.833
782.622084         -20.569            136.834
782.607508         -20.510            136.834
782.592966         -20.450            136.834
782.578459         -20.390            136.834
782.563988         -20.330            136.835
782.549551         -20.271            136.835
782.535150         -20.211            136.835
782.520784         -20.151            136.835
782.506453         -20.091            136.835
782.492157         -20.031            136.836
782.477897         -19.972            136.836
782.463673         -19.912            136.836
782.449484         -19.852            136.836
782.435331         -19.792            136.836
782.421213         -19.732            136.837
782.407131         -19.673            136.837
782.393085         -19.613            136.837
782.379075         -19.553            136.837
782.365101         -19.493            136.837
782.351162         -19.434            136.837
782.337260         -19.374            136.838
782.323394         -19.314            136.838
782.309564         -19.254            136.838
782.295770         -19.194            136.838
782.282013         -19.135            136.838
782.268292         -19.075            136.838
782.254607         -19.015            136.839
782.240959         -18.955            136.839
782.227348         -18.895            136.839
782.213773         -18.836            136.839
782.200234         -18.776            136.839
782.186733         -18.716            136.839
782.173268         -18.656            136.839
782.159840         -18.596            136.840
782.146449         -18.537            136.840
782.133094         -18.477            136.840
782.119777         -18.417            136.840
782.106497         -18.357            136.840
782.093254         -18.297            136.840
782.080048         -18.238            136.840
782.066880         -18.178            136.840
782.053749         -18.118            136.840
782.040655         -18.058            136.841
782.027598         -17.998            136.841
782.014579         -17.939            136.841
782.001598         -17.879            136.841
781.988654         -17.819            136.841
781.975748         -17.759            136.841
781.962879         -17.699            136.841
781.950048         -17.640            136.841
781.937255         -17.580            136.841
781.924500         -17.520            136.841
781.911783         -17.460            136.841
781.899104         -17.400            136.841
781.886463         -17.340            136.841
781.873859         -17.281            136.842
781.861294         -17.221            136.842
781.848768         -17.161            136.842
781.836279         -17.101            136.842
781.823829         -17.041            136.842
781.811417         -16.982            136.842
781.799044         -16.922            136.842
781.786709         -16.862            136.842
781.774413         -16.802            136.842
781.762155         -16.742            136.842
781.749936         -16.683            136.842
781.737755         -16.623            136.842
781.725613         -16.563            136.842
781.713510         -16.503            136.842
781.701446         -16.443            136.842
781.689421         -16.383            136.842
781.677435         -16.324            136.842
781.665488         -16.264            136.842
781.653579         -16.204            136.842
781.641710         -16.144            136.842
781.629880         -16.084            136.842
781.618090         -16.025            136.842
781.606338         -15.965            136.842
781.594626         -15.905            136.842
781.582953         -15.845            136.842
781.571320         -15.785            136.842
781.559726         -15.725            136.842
781.548172         -15.666            136.842
781.536657         -15.606            136.842
781.525182         -15.546            136.842
781.513747         -15.486            136.842
781.502351         -15.426            136.842
781.490995         -15.367            136.842
781.479679         -15.307            136.842
781.468403         -15.247            136.842
781.457166         -15.187            136.842
781.445970         -15.127            136.842
781.434813         -15.067            136.842
781.423697         -15.008            136.842
781.412621         -14.948            136.842
781.401585         -14.888            136.842
781.390589         -14.828            136.842
781.379634         -14.768            136.842
781.368719         -14.708            136.842
781.357844         -14.649            136.842
781.347009         -14.589            136.842
781.336215         -14.529            136.842
781.325462         -14.469            136.842
781.314749         -14.409            136.842
781.304077         -14.349            136.842
781.293445         -14.290            136.841
781.282854         -14.230            136.841
781.272304         -14.170            136.841
781.261794         -14.110            136.841
781.251326         -14.050            136.841
781.240898         -13.990            136.841
781.230511         -13.931            136.841
781.220165         -13.871            136.841
781.209860         -13.811            136.841
781.199596         -13.751            136.841
781.189374         -13.691            136.841
781.179192         -13.631            136.841
781.169052         -13.572            136.841
781.158953         -13.512            136.840
781.148895         -13.452            136.840
781.138878         -13.392            136.840
781.128903         -13.332            136.840
781.118969         -13.272            136.840
781.109077         -13.212            136.840
781.099226         -13.153            136.840
781.089417         -13.093            136.840
781.079649         -13.033            136.840
781.069923         -12.973            136.840
781.060239         -12.913            136.839
781.050596         -12.853            136.839
781.040995         -12.794            136.839
781.031436         -12.734            136.839
781.021919         -12.674            136.839
781.012443         -12.614            136.839
781.003010         -12.554            136.839
780.993618         -12.494            136.839
780.984269         -12.435            136.839
780.974961         -12.375            136.838
780.965696         -12.315            136.838
780.956473         -12.255            136.838
780.947292         -12.195            136.838
780.938153         -12.135            136.838
780.929056         -12.075            136.838
780.920002         -12.016            136.838
780.910990         -11.956            136.838
780.902020         -11.896            136.837
780.893093         -11.836            136.837
780.884208         -11.776            136.837
780.875366         -11.716            136.837
780.866566         -11.656            136.837
780.857809         -11.597            136.837
780.849094         -11.537            136.837
780.840422         -11.477            136.836
780.831793         -11.417            136.836
780.823206         -11.357            136.836
780.814663         -11.297            136.836
780.806161         -11.238            136.836
780.797703         -11.178            136.836
780.789288         -11.118            136.835
780.780915         -11.058            136.835
780.772586         -10.998            136.835
780.764299         -10.938            136.835
780.756056         -10.878            136.835
780.747855         -10.819            136.835
780.739698         -10.759            136.834
780.731584         -10.699            136.834
780.723513         -10.639            136.834
780.715485         -10.579            136.834
780.707500         -10.519            136.834
780.699559         -10.459            136.834
780.691660         -10.400            136.833
780.683806         -10.340            136.833
780.675994         -10.280            136.833
780.668226         -10.220            136.833
780.660501         -10.160            136.833
780.652820         -10.100            136.832
780.645183         -10.040            136.832
780.637589         -9.981             136.832
780.630038         -9.921             136.832
780.622531         -9.861             136.832
780.615068         -9.801             136.832
780.607648         -9.741             136.831
780.600272         -9.681             136.831
780.592940         -9.621             136.831
780.585651         -9.562             136.831
780.578407         -9.502             136.831
780.571206         -9.442             136.830
780.564049         -9.382             136.830
780.556936         -9.322             136.830
780.549867         -9.262             136.830
780.542841         -9.202             136.829
780.535860         -9.142             136.829
780.528923         -9.083             136.829
780.522030         -9.023             136.829
780.515181         -8.963             136.829
780.508376         -8.903             136.828
780.501615         -8.843             136.828
780.494898         -8.783             136.828
780.488226         -8.723             136.828
780.481597         -8.664             136.828
780.475013         -8.604             136.827
780.468473         -8.544             136.827
780.461978         -8.484             136.827
780.455527         -8.424             136.827
780.449120         -8.364             136.826
780.442758         -8.304             136.826
780.436440         -8.244             136.826
780.430166         -8.185             136.826
780.423937         -8.125             136.826
780.417753         -8.065             136.825
780.411613         -8.005             136.825
780.405518         -7.945             136.825
780.399467         -7.885             136.825
780.393461         -7.825             136.824
780.387499         -7.766             136.824
780.381582         -7.706             136.824
780.375710         -7.646             136.824
780.369882         -7.586             136.823
780.364100         -7.526             136.823
780.358362         -7.466             136.823
780.352668         -7.406             136.823
780.347020         -7.346             136.822
780.341417         -7.287             136.822
780.335858         -7.227             136.822
780.330344         -7.167             136.822
780.324875         -7.107             136.821
780.319451         -7.047             136.821
780.314072         -6.987             136.821
780.308738         -6.927             136.821
780.303450         -6.867             136.820
780.298206         -6.808             136.820
780.293007         -6.748             136.820
780.287853         -6.688             136.820
780.282744         -6.628             136.819
780.277681         -6.568             136.819
780.272662         -6.508             136.819
780.267689         -6.448             136.819
780.262761         -6.388             136.818
780.257878         -6.329             136.818
780.253041         -6.269             136.818
780.248248         -6.209             136.818
780.243501         -6.149             136.817
780.238799         -6.089             136.817
780.234143         -6.029             136.817
780.229532         -5.969             136.817
780.224966         -5.909             136.816
780.220446         -5.850             136.816
780.215971         -5.790             136.816
780.211541         -5.730             136.815
780.207157         -5.670             136.815
780.202818         -5.610             136.815
780.198525         -5.550             136.815
780.194277         -5.490             136.814
780.190075         -5.430             136.814
780.185919         -5.371             136.814
780.181808         -5.311             136.814
780.177742         -5.251             136.813
780.173722         -5.191             136.813
780.169748         -5.131             136.813
780.165819         -5.071             136.812
780.161936         -5.011             136.812
780.158098         -4.951             136.812
780.154307         -4.892             136.812
780.150561         -4.832             136.811
780.146860         -4.772             136.811
780.143206         -4.712             136.811
780.139597         -4.652             136.810
780.136034         -4.592             136.810
780.132516         -4.532             136.810
780.129045         -4.472             136.810
780.125619         -4.412             136.809
780.122239         -4.353             136.809
780.118905         -4.293             136.809
780.115616         -4.233             136.808
780.112374         -4.173             136.808
780.109177         -4.113             136.808
780.106027         -4.053             136.808
780.102922         -3.993             136.807
780.099863         -3.933             136.807
780.096850         -3.874             136.807
780.093883         -3.814             136.806
780.090962         -3.754             136.806
780.088087         -3.694             136.806
780.085258         -3.634             136.806
780.082475         -3.574             136.805
780.079737         -3.514             136.805
780.077046         -3.454             136.805
780.074401         -3.394             136.804
780.071802         -3.335             136.804
780.069249         -3.275             136.804
780.066742         -3.215             136.803
780.064282         -3.155             136.803
780.061867         -3.095             136.803
780.059498         -3.035             136.803
780.057176         -2.975             136.802
780.054899         -2.915             136.802
780.052669         -2.856             136.802
780.050485         -2.796             136.801
780.048347         -2.736             136.801
780.046255         -2.676             136.801
780.044209         -2.616             136.800
780.042209         -2.556             136.800
780.040256         -2.496             136.800
780.038349         -2.436             136.800
780.036488         -2.376             136.799
780.034673         -2.317             136.799
780.032905         -2.257             136.799
780.031182         -2.197             136.798
780.029506         -2.137             136.798
780.027876         -2.077             136.798
780.026293         -2.017             136.797
780.024755         -1.957             136.797
780.023264         -1.897             136.797
780.021819         -1.838             136.797
780.020421         -1.778             136.796
780.019068         -1.718             136.796
780.017762         -1.658             136.796
780.016503         -1.598             136.795
780.015289         -1.538             136.795
780.014122         -1.478             136.795
780.013001         -1.418             136.794
780.011927         -1.358             136.794
780.010899         -1.299             136.794
780.009917         -1.239             136.793
780.008981         -1.179             136.793
780.008092         -1.119             136.793
780.007249         -1.059             136.793
780.006452         -0.999             136.792
780.005702         -0.939             136.792
780.004998         -0.879             136.792
780.004341         -0.819             136.791
780.003729         -0.760             136.791
780.003165         -0.700             136.791
780.002646         -0.640             136.790
780.002174         -0.580             136.790
780.001748         -0.520             136.790
780.001369         -0.460             136.789
780.001036         -0.400             136.789
780.000749         -0.340             136.789
780.000509         -0.280             136.789
780.000315         -0.221             136.788
780.000167         -0.161             136.788
780.000066         -0.101             136.788
780.000011         -0.041             136.787
780.000002         0.019              136.787
780.000040         0.079              136.787
780.000124         0.139              136.786
780.000255         0.199              136.786
780.000432         0.258              136.786
780.000655         0.318              136.785
780.000925         0.378              136.785
780.001241         0.438              136.785
780.001603         0.498              136.785
780.002012         0.558              136.784
780.002467         0.618              136.784
780.002969         0.678              136.784
780.003516         0.738              136.783
780.004111         0.797              136.783
780.004751         0.857              136.783
780.005438         0.917              136.782
780.006171         0.977              136.782
780.006951         1.037              136.782
780.007777         1.097              136.781
780.008649         1.157              136.781
780.009567         1.217              136.781
780.010532         1.277              136.781
780.011543         1.336              136.780
780.012601         1.396              136.780
780.013705         1.456              136.780
780.014855         1.516              136.779
780.016051         1.576              136.779
780.017294         1.636              136.779
780.018583         1.696              136.778
780.019918         1.756              136.778
780.021300         1.815              136.778
780.022728         1.875              136.777
780.024202         1.935              136.777
780.025722         1.995              136.777
780.027289         2.055              136.777
780.028902         2.115              136.776
780.030561         2.175              136.776
780.032266         2.235              136.776
780.034018         2.295              136.775
780.035816         2.354              136.775
780.037660         2.414              136.775
780.039550         2.474              136.774
780.041486         2.534              136.774
780.043469         2.594              136.774
780.045498         2.654              136.774
780.047572         2.714              136.773
780.049694         2.774              136.773
780.051861         2.834              136.773
780.054074         2.893              136.772
780.056334         2.953              136.772
780.058639         3.013              136.772
780.060991         3.073              136.771
780.063389         3.133              136.771
780.065833         3.193              136.771
780.068323         3.253              136.771
780.070859         3.313              136.770
780.073441         3.372              136.770
780.076069         3.432              136.770
780.078743         3.492              136.769
780.081463         3.552              136.769
780.084230         3.612              136.769
780.087042         3.672              136.768
780.089900         3.732              136.768
780.092804         3.792              136.768
780.095754         3.852              136.768
780.098750         3.911              136.767
780.101792         3.971              136.767
780.104880         4.031              136.767
780.108014         4.091              136.766
780.111194         4.151              136.766
780.114419         4.211              136.766
780.117691         4.271              136.766
780.121008         4.331              136.765
780.124371         4.390              136.765
780.127780         4.450              136.765
780.131235         4.510              136.764
780.134736         4.570              136.764
780.138282         4.630              136.764
780.141874         4.690              136.764
780.145512         4.750              136.763
780.149195         4.810              136.763
780.152925         4.870              136.763
780.156700         4.929              136.762
780.160520         4.989              136.762
780.164387         5.049              136.762
780.168299         5.109              136.762
780.172256         5.169              136.761
780.176259         5.229              136.761
780.180308         5.289              136.761
780.184402         5.349              136.760
780.188542         5.408              136.760
780.192728         5.468              136.760
780.196959         5.528              136.760
780.201235         5.588              136.759
780.205557         5.648              136.759
780.209925         5.708              136.759
780.214338         5.768              136.759
780.218796         5.828              136.758
780.223300         5.887              136.758
780.227849         5.947              136.758
780.232443         6.007              136.758
780.237083         6.067              136.757
780.241768         6.127              136.757
780.246498         6.187              136.757
780.251274         6.247              136.756
780.256095         6.307              136.756
780.260961         6.366              136.756
780.265873         6.426              136.756
780.270829         6.486              136.755
780.275831         6.546              136.755
780.280878         6.606              136.755
780.285970         6.666              136.755
780.291107         6.726              136.754
780.296290         6.786              136.754
780.301517         6.845              136.754
780.306790         6.905              136.754
780.312107         6.965              136.753
780.317469         7.025              136.753
780.322877         7.085              136.753
780.328329         7.145              136.753
780.333826         7.205              136.752
780.339369         7.265              136.752
780.344956         7.324              136.752
780.350587         7.384              136.752
780.356264         7.444              136.751
780.361986         7.504              136.751
780.367752         7.564              136.751
780.373563         7.624              136.751
780.379419         7.684              136.750
780.385319         7.744              136.750
780.391264         7.803              136.750
780.397254         7.863              136.750
780.403289         7.923              136.749
780.409368         7.983              136.749
780.415491         8.043              136.749
780.421659         8.103              136.749
780.427872         8.163              136.749
780.434129         8.222              136.748
780.440431         8.282              136.748
780.446777         8.342              136.748
780.453167         8.402              136.748
780.459602         8.462              136.747
780.466081         8.522              136.747
780.472605         8.582              136.747
780.479172         8.642              136.747
780.485784         8.701              136.747
780.492441         8.761              136.746
780.499141         8.821              136.746
780.505886         8.881              136.746
780.512675         8.941              136.746
780.519508         9.001              136.745
780.526385         9.061              136.745
780.533306         9.120              136.745
780.540271         9.180              136.745
780.547280         9.240              136.745
780.554333         9.300              136.744
780.561430         9.360              136.744
780.568571         9.420              136.744
780.575755         9.480              136.744
780.582984         9.540              136.744
780.590256         9.599              136.743
780.597572         9.659              136.743
780.604932         9.719              136.743
780.612336         9.779              136.743
780.619783         9.839              136.743
780.627274         9.899              136.742
780.634809         9.959              136.742
780.642387         10.018             136.742
780.650008         10.078             136.742
780.657674         10.138             136.742
780.665382         10.198             136.741
780.673134         10.258             136.741
780.680930         10.318             136.741
780.688769         10.378             136.741
780.696651         10.437             136.741
780.704576         10.497             136.741
780.712545         10.557             136.740
780.720557         10.617             136.740
780.728613         10.677             136.740
780.736711         10.737             136.740
780.744853         10.797             136.740
780.753037         10.856             136.739
780.761265         10.916             136.739
780.769536         10.976             136.739
780.777849         11.036             136.739
780.786206         11.096             136.739
780.794606         11.156             136.739
780.803048         11.216             136.739
780.811533         11.275             136.738
780.820062         11.335             136.738
780.828632         11.395             136.738
780.837246         11.455             136.738
780.845902         11.515             136.738
780.854601         11.575             136.738
780.863343         11.634             136.737
780.872127         11.694             136.737
780.880954         11.754             136.737
780.889823         11.814             136.737
780.898734         11.874             136.737
780.907689         11.934             136.737
780.916685         11.994             136.737
780.925724         12.053             136.736
780.934805         12.113             136.736
780.943928         12.173             136.736
780.953094         12.233             136.736
780.962302         12.293             136.736
780.971551         12.353             136.736
780.980843         12.413             136.736
780.990177         12.472             136.736
780.999554         12.532             136.735
781.008972         12.592             136.735
781.018432         12.652             136.735
781.027934         12.712             136.735
781.037477         12.772             136.735
781.047063         12.831             136.735
781.056690         12.891             136.735
781.066359         12.951             136.735
781.076070         13.011             136.735
781.085822         13.071             136.734
781.095616         13.131             136.734
781.105452         13.190             136.734
781.115329         13.250             136.734
781.125247         13.310             136.734
781.135207         13.370             136.734
781.145209         13.430             136.734
781.155251         13.490             136.734
781.165335         13.550             136.734
781.175461         13.609             136.734
781.185627         13.669             136.734
781.195835         13.729             136.733
781.206083         13.789             136.733
781.216373         13.849             136.733
781.226704         13.909             136.733
781.237076         13.968             136.733
781.247489         14.028             136.733
781.257942         14.088             136.733
781.268437         14.148             136.733
781.278972         14.208             136.733
781.289548         14.268             136.733
781.300165         14.327             136.733
781.310822         14.387             136.733
781.321520         14.447             136.733
781.332259         14.507             136.733
781.343038         14.567             136.733
781.353857         14.627             136.732
781.364717         14.686             136.732
781.375618         14.746             136.732
781.386558         14.806             136.732
781.397539         14.866             136.732
781.408561         14.926             136.732
781.419622         14.986             136.732
781.430724         15.045             136.732
781.441865         15.105             136.732
781.453047         15.165             136.732
781.464269         15.225             136.732
781.475530         15.285             136.732
781.486832         15.345             136.732
781.498173         15.404             136.732
781.509554         15.464             136.732
781.520975         15.524             136.732
781.532435         15.584             136.732
781.543936         15.644             136.732
781.555475         15.703             136.732
781.567055         15.763             136.732
781.578674         15.823             136.732
781.590332         15.883             136.732
781.602030         15.943             136.732
781.613766         16.003             136.732
781.625543         16.062             136.732
781.637358         16.122             136.732
781.649213         16.182             136.732
781.661107         16.242             136.732
781.673040         16.302             136.732
781.685012         16.361             136.732
781.697022         16.421             136.732
781.709072         16.481             136.732
781.721161         16.541             136.732
781.733288         16.601             136.732
781.745455         16.661             136.732
781.757660         16.720             136.732
781.769903         16.780             136.732
781.782186         16.840             136.732
781.794506         16.900             136.732
781.806866         16.960             136.732
781.819263         17.019             136.732
781.831699         17.079             136.732
781.844174         17.139             136.733
781.856686         17.199             136.733
781.869237         17.259             136.733
781.881826         17.319             136.733
781.894454         17.378             136.733
781.907119         17.438             136.733
781.919822         17.498             136.733
781.932563         17.558             136.733
781.945342         17.618             136.733
781.958159         17.677             136.733
781.971014         17.737             136.733
781.983906         17.797             136.733
781.996836         17.857             136.733
782.009804         17.917             136.733
782.022809         17.976             136.734
782.035852         18.036             136.734
782.048932         18.096             136.734
782.062050         18.156             136.734
782.075205         18.216             136.734
782.088397         18.275             136.734
782.101626         18.335             136.734
782.114892         18.395             136.734
782.128196         18.455             136.734
782.141537         18.515             136.735
782.154914         18.574             136.735
782.168329         18.634             136.735
782.181780         18.694             136.735
782.195268         18.754             136.735
782.208793         18.814             136.735
782.222354         18.873             136.735
782.235953         18.933             136.735
782.249587         18.993             136.736
782.263259         19.053             136.736
782.276966         19.113             136.736
782.290710         19.172             136.736
782.304491         19.232             136.736
782.318307         19.292             136.736
782.332160         19.352             136.737
782.346049         19.412             136.737
782.359974         19.471             136.737
782.373935         19.531             136.737
782.387932         19.591             136.737
782.401965         19.651             136.737
782.416034         19.710             136.738
782.430138         19.770             136.738
782.444278         19.830             136.738
782.458454         19.890             136.738
782.472666         19.950             136.738
782.486913         20.009             136.738
782.501195         20.069             136.739
782.515513         20.129             136.739
782.529866         20.189             136.739
782.544254         20.249             136.739
782.558678         20.308             136.740
782.573137         20.368             136.740
782.587631         20.428             136.740
782.602160         20.488             136.740
782.616723         20.547             136.740
782.631322         20.607             136.741
782.645956         20.667             136.741
782.660624         20.727             136.741
782.675327         20.787             136.741
782.690065         20.846             136.742
782.704837         20.906             136.742
782.719644         20.966             136.742
782.734485         21.026             136.742
782.749360         21.085             136.743
782.764270         21.145             136.743
782.779214         21.205             136.743
782.794192         21.265             136.743
782.809205         21.325             136.744
782.824251         21.384             136.744
782.839332         21.444             136.744
782.854446         21.504             136.745
782.869594         21.564             136.745
782.884776         21.623             136.745
782.899992         21.683             136.745
782.915241         21.743             136.746
782.930524         21.803             136.746
782.945841         21.862             136.746
782.961191         21.922             136.747
782.976574         21.982             136.747
782.991990         22.042             136.747
783.007440         22.102             136.748
783.022923         22.161             136.748
783.038439         22.221             136.748
783.053989         22.281             136.749
783.069571         22.341             136.749
783.085186         22.400             136.749
783.100834         22.460             136.750
783.116514         22.520             136.750
783.132228         22.580             136.750
783.147974         22.639             136.751
783.163752         22.699             136.751
783.179564         22.759             136.751
783.195407         22.819             136.752
783.211283         22.878             136.752
783.227191         22.938             136.752
783.243132         22.998             136.753
783.259104         23.058             136.753
783.275109         23.117             136.754
783.291145         23.177             136.754
783.307214         23.237             136.754
783.323314         23.297             136.755
783.339447         23.356             136.755
783.355611         23.416             136.756
783.371806         23.476             136.756
783.388033         23.536             136.756
783.404292         23.595             136.757
783.420582         23.655             136.757
783.436904         23.715             136.758
783.453257         23.775             136.758
783.469641         23.834             136.759
783.486056         23.894             136.759
783.502502         23.954             136.759
783.518980         24.014             136.760
783.535488         24.073             136.760
783.552027         24.133             136.761
783.568597         24.193             136.761
783.585198         24.253             136.762
783.601829         24.312             136.762
783.618491         24.372             136.763
783.635183         24.432             136.763
783.651906         24.492             136.764
783.668659         24.551             136.764
783.685443         24.611             136.765
783.702257         24.671             136.765
783.719101         24.730             136.766
783.735974         24.790             136.766
783.752878         24.850             136.767
783.769812         24.910             136.767
783.786776         24.969             136.768
783.803769         25.029             136.768
783.820793         25.089             136.769
783.837845         25.149             136.769
783.854928         25.208             136.770
783.872040         25.268             136.770
783.889181         25.328             136.771
783.906351         25.388             136.771
783.923551         25.447             136.772
783.940780         25.507             136.773
783.958038         25.567             136.773
783.975325         25.626             136.774
783.992641         25.686             136.774
784.009986         25.746             136.775
784.027360         25.806             136.775
784.044762         25.865             136.776
784.062193         25.925             136.777
784.079653         25.985             136.777
784.097141         26.044             136.778
784.114658         26.104             136.778
784.132203         26.164             136.779
784.149776         26.224             136.780
784.167377         26.283             136.780
784.185006         26.343             136.781
784.202664         26.403             136.781
784.220349         26.462             136.782
784.238063         26.522             136.783
784.255804         26.582             136.783
784.273573         26.642             136.784
784.291369         26.701             136.785
784.309193         26.761             136.785
784.327045         26.821             136.786
784.344924         26.880             136.787
784.362830         26.940             136.787
784.380763         27.000             136.788
784.398724         27.060             136.789
784.416712         27.119             136.789
784.434727         27.179             136.790
784.452768         27.239             136.791
784.470837         27.298             136.792
784.488932         27.358             136.792
784.507055         27.418             136.793
784.525203         27.477             136.794
784.543379         27.537             136.794
784.561580         27.597             136.795
784.579808         27.657             136.796
784.598063         27.716             136.797
784.616344         27.776             136.797
784.634650         27.836             136.798
784.652983         27.895             136.799
784.671342         27.955             136.800
784.689727         28.015             136.800
784.708137         28.074             136.801
784.726574         28.134             136.802
784.745036         28.194             136.803
784.763523         28.254             136.804
784.782037         28.313             136.804
784.800575         28.373             136.805
784.819139         28.433             136.806
784.837728         28.492             136.807
784.856342         28.552             136.808
784.874982         28.612             136.808
784.893646         28.671             136.809
784.912336         28.731             136.810
784.931050         28.791             136.811
784.949789         28.850             136.812
784.968552         28.910             136.813
784.987341         28.970             136.814
785.006154         29.029             136.814
785.024991         29.089             136.815
785.043852         29.149             136.816
785.062738         29.208             136.817
785.081648         29.268             136.818
785.100583         29.328             136.819
785.119541         29.387             136.820
785.138523         29.447             136.821
785.157529         29.507             136.822
785.176559         29.566             136.823
785.195613         29.626             136.823
785.214690         29.686             136.824
785.233791         29.745             136.825
785.252915         29.805             136.826
785.272062         29.865             136.827
785.291233         29.924             136.828
785.310427         29.984             136.829
785.329644         30.044             136.830
785.348884         30.103             136.831
785.368147         30.163             136.832
785.387433         30.223             136.833
785.406742         30.282             136.834
785.426074         30.342             136.835
785.445428         30.402             136.836
785.464804         30.461             136.837
785.484203         30.521             136.838
785.503625         30.581             136.839
785.523068         30.640             136.840
785.542534         30.700             136.841
785.562022         30.760             136.842
785.581532         30.819             136.843
785.601064         30.879             136.844
785.620618         30.939             136.845
785.640193         30.998             136.846
785.659791         31.058             136.848
785.679409         31.118             136.849
785.699050         31.177             136.850
785.718712         31.237             136.851
785.738395         31.297             136.852
785.758099         31.356             136.853
785.777824         31.416             136.854
785.797571         31.476             136.855
785.817339         31.535             136.856
785.837127         31.595             136.857
785.856936         31.654             136.859
785.876766         31.714             136.860
785.896617         31.774             136.861
785.916488         31.833             136.862
785.936380         31.893             136.863
785.956292         31.953             136.864
785.976224         32.012             136.866
785.996177         32.072             136.867
786.016150         32.132             136.868
786.036142         32.191             136.869
786.056155         32.251             136.870
786.076188         32.310             136.872
786.096240         32.370             136.873
786.116312         32.430             136.874
786.136404         32.489             136.875
786.156515         32.549             136.877
786.176645         32.609             136.878
786.196795         32.668             136.879
786.216964         32.728             136.880
786.237153         32.787             136.882
786.257360         32.847             136.883
786.277587         32.907             136.884
786.297832         32.966             136.886
786.318096         33.026             136.887
786.338379         33.086             136.888
786.358680         33.145             136.889
786.379000         33.205             136.891
786.399339         33.264             136.892
786.419695         33.324             136.893
786.440071         33.384             136.895
786.460464         33.443             136.896
786.480875         33.503             136.898
786.501305         33.563             136.899
786.521752         33.622             136.900
786.542217         33.682             136.902
786.562700         33.741             136.903
786.583201         33.801             136.904
786.603719         33.861             136.906
786.624254         33.920             136.907
786.644807         33.980             136.909
786.665378         34.039             136.910
786.685965         34.099             136.912
786.706570         34.159             136.913
786.727192         34.218             136.915
786.747830         34.278             136.916
786.768486         34.337             136.917
786.789158         34.397             136.919
786.809847         34.457             136.920
786.830552         34.516             136.922
786.851274         34.576             136.923
786.872012         34.635             136.925
786.892767         34.695             136.926
786.913538         34.755             136.928
786.934325         34.814             136.930
786.955128         34.874             136.931
786.975947         34.933             136.933
786.996782         34.993             136.934
787.017632         35.053             136.936
787.038499         35.112             136.937
787.059381         35.172             136.939
787.080278         35.231             136.941
787.101191         35.291             136.942
787.122119         35.350             136.944
787.143062         35.410             136.945
787.164020         35.470             136.947
787.184994         35.529             136.949
787.205982         35.589             136.950
787.226986         35.648             136.952
787.248004         35.708             136.954
787.269036         35.768             136.955
787.290083         35.827             136.957
787.311145         35.887             136.959
787.332221         35.946             136.960
787.353312         36.006             136.962
787.374417         36.065             136.964
787.395535         36.125             136.965
787.416668         36.185             136.967
787.437815         36.244             136.969
787.458975         36.304             136.971
787.480150         36.363             136.972
787.501338         36.423             136.974
787.522539         36.482             136.976
787.543755         36.542             136.978
787.564983         36.602             136.980
787.586225         36.661             136.981
787.607480         36.721             136.983
787.628748         36.780             136.985
787.650029         36.840             136.987
787.671323         36.899             136.989
787.692629         36.959             136.991
787.713949         37.018             136.992
787.735281         37.078             136.994
787.756626         37.138             136.996
787.777983         37.197             136.998
787.799353         37.257             137.000
787.820735         37.316             137.002
787.842129         37.376             137.004
787.863535         37.435             137.006
787.884953         37.495             137.008
787.906383         37.554             137.010
787.927825         37.614             137.012
787.949278         37.673             137.014
787.970743         37.733             137.016
787.992220         37.793             137.018
788.013708         37.852             137.020
788.035207         37.912             137.022
788.056718         37.971             137.024
788.078240         38.031             137.026
788.099773         38.090             137.028
788.121316         38.150             137.030
788.142871         38.209             137.032
788.164437         38.269             137.034
788.186013         38.328             137.036
788.207600         38.388             137.038
788.229197         38.447             137.040
788.250805         38.507             137.042
788.272423         38.567             137.044
788.294051         38.626             137.046
788.315689         38.686             137.049
788.337337         38.745             137.051
788.358996         38.805             137.053
788.380664         38.864             137.055
788.402342         38.924             137.057
788.424029         38.983             137.059
788.445726         39.043             137.062
788.467433         39.102             137.064
788.489148         39.162             137.066
788.510874         39.221             137.068
788.532608         39.281             137.071
788.554351         39.340             137.073
788.576104         39.400             137.075
788.597865         39.459             137.077
788.619635         39.519             137.080
788.641414         39.578             137.082
788.663201         39.638             137.084
788.684997         39.697             137.087
788.706802         39.757             137.089
788.728614         39.816             137.091
788.750435         39.876             137.094
788.772264         39.935             137.096
788.794101         39.995             137.098
788.815946         40.054             137.101
788.837799         40.114             137.103
788.859660         40.173             137.106
788.881528         40.233             137.108
788.903404         40.292             137.110
788.925287         40.352             137.113
788.947178         40.411             137.115
788.969076         40.471             137.118
788.990981         40.530             137.120
789.012893         40.590             137.123
789.034813         40.649             137.125
789.056739         40.709             137.128
789.078672         40.768             137.130
789.100611         40.828             137.133
789.122558         40.887             137.135
789.144510         40.947             137.138
789.166470         41.006             137.141
789.188435         41.066             137.143
789.210407         41.125             137.146
789.232385         41.185             137.148
789.254369         41.244             137.151
789.276359         41.304             137.154
789.298354         41.363             137.156
789.320356         41.423             137.159
789.342363         41.482             137.162
789.364376         41.542             137.164
789.386394         41.601             137.167
789.408418         41.661             137.170
789.430447         41.720             137.173
789.452481         41.779             137.175
789.474520         41.839             137.178
789.496564         41.898             137.181
789.518613         41.958             137.184
789.540667         42.017             137.186
789.562725         42.077             137.189
789.584788         42.136             137.192
789.606856         42.196             137.195
789.628928         42.255             137.198
789.651004         42.315             137.200
789.673085         42.374             137.203
789.695170         42.434             137.206
789.717259         42.493             137.209
789.739351         42.552             137.212
789.761448         42.612             137.215
789.783548         42.671             137.218
789.805652         42.731             137.221
789.827759         42.790             137.224
789.849870         42.850             137.227
789.871985         42.909             137.230
789.894102         42.969             137.233
789.916223         43.028             137.236
789.938347         43.088             137.239
789.960474         43.147             137.242
789.982603         43.206             137.245
790.004736         43.266             137.248
790.026871         43.325             137.251
790.049009         43.385             137.254
790.071149         43.444             137.257
790.093291         43.504             137.260
790.115436         43.563             137.264
790.137584         43.622             137.267
790.159733         43.682             137.270
790.181884         43.741             137.273
790.204037         43.801             137.276
790.226192         43.860             137.280
790.248349         43.920             137.283
790.270507         43.979             137.286
790.292667         44.038             137.289
790.314829         44.098             137.293
790.336991         44.157             137.296
790.359155         44.217             137.299
790.381321         44.276             137.303
790.403487         44.336             137.306
790.425654         44.395             137.309
790.447822         44.454             137.313
790.469990         44.514             137.316
790.492160         44.573             137.319
790.514330         44.633             137.323
790.536500         44.692             137.326
790.558671         44.751             137.330
790.580842         44.811             137.333
790.603014         44.870             137.337
790.625185         44.930             137.340
790.647357         44.989             137.344
790.669528         45.049             137.347
790.691699         45.108             137.351
790.713870         45.167             137.354
790.736040         45.227             137.358
790.758210         45.286             137.361
790.780380         45.346             137.365
790.802548         45.405             137.369
790.824716         45.464             137.372
790.846883         45.524             137.376
790.869049         45.583             137.380
790.891215         45.642             137.383
790.913378         45.702             137.387
790.935541         45.761             137.391
790.957702         45.821             137.394
790.979862         45.880             137.398
791.002021         45.939             137.402
791.024177         45.999             137.406
791.046332         46.058             137.410
791.068485         46.118             137.413
791.090636         46.177             137.417
791.112786         46.236             137.421
791.134933         46.296             137.425
791.157078         46.355             137.429
791.179220         46.414             137.433
791.201360         46.474             137.437
791.223498         46.533             137.441
791.245633         46.593             137.445
791.267765         46.652             137.449
791.289895         46.711             137.453
791.312021         46.771             137.457
791.334145         46.830             137.461
791.356266         46.889             137.465
791.378383         46.949             137.469
791.400497         47.008             137.473
791.422608         47.067             137.477
791.444716         47.127             137.481
791.466819         47.186             137.485
791.488920         47.246             137.489
791.511016         47.305             137.493
791.533109         47.364             137.498
791.555197         47.424             137.502
791.577282         47.483             137.506
791.599362         47.542             137.510
791.621439         47.602             137.515
791.643510         47.661             137.519
791.665578         47.720             137.523
791.687641         47.780             137.528
791.709699         47.839             137.532
791.731753         47.898             137.536
791.753802         47.958             137.541
791.775846         48.017             137.545
791.797885         48.076             137.550
791.819919         48.136             137.554
791.841948         48.195             137.558
791.863971         48.254             137.563
791.885989         48.314             137.567
791.908002         48.373             137.572
791.930009         48.432             137.577
791.952010         48.492             137.581
791.974006         48.551             137.586
791.995996         48.610             137.590
792.017980         48.670             137.595
792.039958         48.729             137.600
792.061929         48.788             137.604
792.083895         48.848             137.609
792.105854         48.907             137.614
792.127807         48.966             137.618
792.149753         49.026             137.623
792.171693         49.085             137.628
792.193626         49.144             137.633
792.215552         49.204             137.638
792.237471         49.263             137.642
792.259383         49.322             137.647
792.281289         49.381             137.652
792.303187         49.441             137.657
792.325077         49.500             137.662
792.346961         49.559             137.667
792.368837         49.619             137.672
792.390705         49.678             137.677
792.412566         49.737             137.682
792.434419         49.797             137.687
792.456264         49.856             137.692
792.478101         49.915             137.697
792.499930         49.974             137.702
792.521751         50.034             137.707
792.543564         50.093             137.712
792.565368         50.152             137.718
792.587165         50.212             137.723
792.608952         50.271             137.728
792.630731         50.330             137.733
792.652502         50.389             137.739
792.674263         50.449             137.744
792.696016         50.508             137.749
792.717759         50.567             137.754
792.739494         50.627             137.760
792.761220         50.686             137.765
792.782936         50.745             137.771
792.804643         50.804             137.776
792.826340         50.864             137.782
792.848028         50.923             137.787
792.869706         50.982             137.793
792.891375         51.041             137.798
792.913034         51.101             137.804
792.934682         51.160             137.809
792.956321         51.219             137.815
792.977950         51.278             137.820
792.999569         51.338             137.826
793.021177         51.397             137.832
793.042775         51.456             137.838
793.064362         51.515             137.843
793.085939         51.575             137.849
793.107505         51.634             137.855
793.129061         51.693             137.861
793.150605         51.752             137.866
793.172139         51.812             137.872
793.193661         51.871             137.878
793.215173         51.930             137.884
793.236673         51.989             137.890
793.258162         52.049             137.896
793.279640         52.108             137.902
793.301106         52.167             137.908
793.322560         52.226             137.914
793.344003         52.286             137.920
793.365434         52.345             137.926
793.386854         52.404             137.932
793.408261         52.463             137.939
793.429656         52.523             137.945
793.451039         52.582             137.951
793.472410         52.641             137.957
793.493768         52.700             137.964
793.515114         52.759             137.970
793.536448         52.819             137.976
793.557769         52.878             137.982
793.579077         52.937             137.989
793.600373         52.996             137.995
793.621655         53.055             138.002
793.642925         53.115             138.008
793.664181         53.174             138.015
793.685425         53.233             138.021
793.706655         53.292             138.028
793.727872         53.352             138.034
793.749075         53.411             138.041
793.770265         53.470             138.048
793.791441         53.529             138.054
793.812604         53.588             138.061
793.833752         53.648             138.068
793.854887         53.707             138.075
793.876008         53.766             138.081
793.897115         53.825             138.088
793.918208         53.884             138.095
793.939286         53.943             138.102
793.960350         54.003             138.109
793.981400         54.062             138.116
794.002435         54.121             138.123
794.023455         54.180             138.130
794.044461         54.239             138.137
794.065452         54.299             138.144
794.086428         54.358             138.151
794.107389         54.417             138.158
794.128335         54.476             138.165
794.149266         54.535             138.173
794.170182         54.594             138.180
794.191082         54.654             138.187
794.211967         54.713             138.195
794.232836         54.772             138.202
794.253690         54.831             138.209
794.274528         54.890             138.217
794.295350         54.949             138.224
794.316156         55.008             138.232
794.336947         55.068             138.239
794.357721         55.127             138.247
794.378479         55.186             138.254
794.399221         55.245             138.262
794.419947         55.304             138.270
794.440656         55.363             138.277
794.461348         55.423             138.285
794.482025         55.482             138.293
794.502684         55.541             138.301
794.523326         55.600             138.308
794.543952         55.659             138.316
794.564561         55.718             138.324
794.585153         55.777             138.332
794.605727         55.836             138.340
794.626285         55.896             138.348
794.646825         55.955             138.356
794.667347         56.014             138.364
794.687853         56.073             138.372
794.708340         56.132             138.381
794.728810         56.191             138.389
794.749262         56.250             138.397
794.769697         56.309             138.405
794.790113         56.369             138.414
794.810512         56.428             138.422
794.830892         56.487             138.430
794.851254         56.546             138.439
794.871598         56.605             138.447
794.891923         56.664             138.456
794.912230         56.723             138.464
794.932519         56.782             138.473
794.952789         56.841             138.482
794.973040         56.900             138.490
794.993272         56.960             138.499
795.013485         57.019             138.508
795.033680         57.078             138.517
795.053855         57.137             138.525
795.074011         57.196             138.534
795.094148         57.255             138.543
795.114266         57.314             138.552
795.134364         57.373             138.561
795.154443         57.432             138.570
795.174502         57.491             138.579
795.194542         57.550             138.589
795.214561         57.609             138.598
795.234561         57.668             138.607
795.254541         57.728             138.616
795.274501         57.787             138.626
795.294441         57.846             138.635
795.314360         57.905             138.644
795.334260         57.964             138.654
795.354139         58.023             138.663
795.373997         58.082             138.673
795.393835         58.141             138.682
795.413653         58.200             138.692
795.433449         58.259             138.702
795.453225         58.318             138.711
795.472980         58.377             138.721
795.492714         58.436             138.731
795.512427         58.495             138.741
795.532119         58.554             138.751
795.551790         58.613             138.761
795.571439         58.672             138.771
795.591067         58.731             138.781
795.610673         58.790             138.791
795.630258         58.849             138.801
795.649822         58.908             138.811
795.669363         58.967             138.821
795.688883         59.026             138.832
795.708381         59.085             138.842
795.727857         59.144             138.852
795.747310         59.203             138.863
795.766742         59.262             138.873
795.786152         59.321             138.884
795.805539         59.380             138.894
795.824904         59.439             138.905
795.844246         59.498             138.916
795.863565         59.557             138.927
795.882863         59.616             138.937
795.902137         59.675             138.948
795.921388         59.734             138.959
795.940617         59.793             138.970
795.959823         59.852             138.981
795.979005         59.911             138.992
795.998165         59.970             139.003
796.017301         60.029             139.014
796.036414         60.088             139.026
796.055503         60.147             139.037
796.074569         60.206             139.048
796.093612         60.265             139.060
796.112631         60.324             139.071
796.131626         60.383             139.083
796.150597         60.442             139.094
796.169545         60.501             139.106
796.188468         60.560             139.118
796.207368         60.619             139.129
796.226243         60.678             139.141
796.245094         60.737             139.153
796.263921         60.796             139.165
796.282724         60.855             139.177
796.301502         60.914             139.189
796.320255         60.973             139.201
796.338984         61.032             139.213
796.357688         61.091             139.225
796.376368         61.149             139.238
796.395022         61.208             139.250
796.413652         61.267             139.262
796.432256         61.326             139.275
796.450836         61.385             139.287
796.469390         61.444             139.300
796.487919         61.503             139.312
796.506423         61.562             139.325
796.524901         61.621             139.338
796.543354         61.680             139.351
796.561781         61.739             139.364
796.580183         61.798             139.377
796.598559         61.856             139.390
796.616909         61.915             139.403
796.635233         61.974             139.416
796.653531         62.033             139.429
796.671804         62.092             139.443
796.690050         62.151             139.456
796.708270         62.210             139.469
796.726463         62.269             139.483
796.744630         62.327             139.496
796.762771         62.386             139.510
796.780885         62.445             139.524
796.798973         62.504             139.538
796.817034         62.563             139.551
796.835068         62.622             139.565
796.853076         62.681             139.579
796.871056         62.740             139.593
796.889010         62.798             139.608
796.906936         62.857             139.622
796.924835         62.916             139.636
796.942707         62.975             139.650
796.960552         63.034             139.665
796.978370         63.093             139.679
796.996160         63.151             139.694
797.013922         63.210             139.709
797.031657         63.269             139.723
797.049364         63.328             139.738
797.067044         63.387             139.753
797.084695         63.446             139.768
797.102319         63.504             139.783
797.119915         63.563             139.798
797.137482         63.622             139.814
797.155022         63.681             139.829
797.172533         63.740             139.844
797.190016         63.798             139.860
797.207471         63.857             139.875
797.224897         63.916             139.891
797.242295         63.975             139.907
797.259664         64.034             139.922
797.277005         64.092             139.938
797.294317         64.151             139.954
797.311600         64.210             139.970
797.328854         64.269             139.986
797.346079         64.327             140.003
797.363275         64.386             140.019
797.380442         64.445             140.035
797.397580         64.504             140.052
797.414689         64.562             140.068
797.431768         64.621             140.085
797.448818         64.680             140.102
797.465838         64.739             140.119
797.482829         64.797             140.135
797.499790         64.856             140.152
797.516722         64.915             140.170
797.533624         64.974             140.187
797.550496         65.032             140.204
797.567338         65.091             140.221
797.584150         65.150             140.239
797.600932         65.209             140.257
797.617684         65.267             140.274
797.634406         65.326             140.292
797.651097         65.385             140.310
797.667758         65.443             140.328
797.684389         65.502             140.346
797.700989         65.561             140.364
797.717559         65.619             140.382
797.734098         65.678             140.401
797.750607         65.737             140.419
797.767084         65.796             140.438
797.783531         65.854             140.457
797.799947         65.913             140.475
797.816332         65.972             140.494
797.832685         66.030             140.513
797.849008         66.089             140.532
797.865300         66.148             140.552
797.881560         66.206             140.571
797.897789         66.265             140.590
797.913986         66.323             140.610
797.930152         66.382             140.630
797.946287         66.441             140.649
797.962390         66.499             140.669
797.978461         66.558             140.689
797.994501         66.617             140.709
798.010508         66.675             140.729
798.026484         66.734             140.750
798.042428         66.792             140.770
798.058340         66.851             140.791
798.074220         66.910             140.812
798.090067         66.968             140.832
798.105882         67.027             140.853
798.121666         67.085             140.874
798.137416         67.144             140.896
798.153135         67.203             140.917
798.168820         67.261             140.938
798.184473         67.320             140.960
798.200094         67.378             140.981
798.215682         67.437             141.003
798.231237         67.495             141.025
798.246759         67.554             141.047
798.262249         67.612             141.069
798.277705         67.671             141.092
798.293129         67.730             141.114
798.308519         67.788             141.137
798.323876         67.847             141.160
798.339200         67.905             141.182
798.354490         67.964             141.205
798.369748         68.022             141.228
798.384971         68.081             141.252
798.400162         68.139             141.275
798.415319         68.198             141.299
798.430442         68.256             141.322
798.445531         68.315             141.346
798.460587         68.373             141.370
798.475609         68.432             141.394
798.490597         68.490             141.419
798.505551         68.548             141.443
798.520471         68.607             141.468
798.535357         68.665             141.492
798.550208         68.724             141.517
798.565026         68.782             141.542
798.579809         68.841             141.567
798.594558         68.899             141.593
798.609273         68.958             141.618
798.623953         69.016             141.644
798.638599         69.074             141.669
798.653210         69.133             141.695
798.667786         69.191             141.722
798.682328         69.250             141.748
798.696835         69.308             141.774
798.711307         69.366             141.801
798.725744         69.425             141.828
798.740147         69.483             141.855
798.754514         69.541             141.882
798.768846         69.600             141.909
798.783143         69.658             141.936
798.797405         69.717             141.964
798.811632         69.775             141.992
798.825823         69.833             142.020
798.839979         69.892             142.048
798.854099         69.950             142.076
798.868184         70.008             142.105
798.882233         70.067             142.134
798.896247         70.125             142.162
798.910225         70.183             142.192
798.924167         70.241             142.221
798.938074         70.300             142.250
798.951944         70.358             142.280
798.965779         70.416             142.310
798.979578         70.474             142.340
798.993340         70.533             142.370
799.007067         70.591             142.400
799.020757         70.649             142.431
799.034411         70.707             142.462
799.048029         70.766             142.493
799.061611         70.824             142.524
799.075156         70.882             142.556
799.088664         70.940             142.587
799.102137         70.999             142.619
799.115572         71.057             142.651
799.128971         71.115             142.684
799.142333         71.173             142.716
799.155659         71.231             142.749
799.168947         71.289             142.782
799.182199         71.348             142.815
799.195414         71.406             142.848
799.208592         71.464             142.882
799.221733         71.522             142.916
799.234837         71.580             142.950
799.247904         71.638             142.984
799.260933         71.696             143.019
799.273925         71.754             143.054
799.286880         71.812             143.089
799.299798         71.871             143.124
799.312678         71.929             143.159
799.325521         71.987             143.195
799.338326         72.045             143.231
799.351094         72.103             143.267
799.363823         72.161             143.304
799.376516         72.219             143.341
799.389170         72.277             143.378
799.401787         72.335             143.415
799.414366         72.393             143.453
799.426907         72.451             143.490
799.439409         72.509             143.529
799.451874         72.567             143.567
799.464301         72.625             143.606
799.476690         72.683             143.645
799.489041         72.741             143.684
799.501353         72.799             143.723
799.513627         72.857             143.763
799.525863         72.914             143.803
799.538060         72.972             143.843
799.550219         73.030             143.884
799.562339         73.088             143.925
799.574421         73.146             143.966
799.586464         73.204             144.008
799.598469         73.262             144.050
799.610434         73.320             144.092
799.622362         73.377             144.134
799.634250         73.435             144.177
799.646099         73.493             144.220
799.657910         73.551             144.264
799.669681         73.609             144.307
799.681414         73.666             144.352
799.693108         73.724             144.396
799.704762         73.782             144.441
799.716377         73.840             144.486
799.727953         73.897             144.531
799.739490         73.955             144.577
799.750987         74.013             144.623
799.762446         74.070             144.670
799.773864         74.128             144.717
799.785244         74.186             144.764
799.796583         74.243             144.811
799.807884         74.301             144.859
799.819144         74.359             144.908
799.830365         74.416             144.956
799.841546         74.474             145.006
799.852688         74.532             145.055
799.863790         74.589             145.105
799.874852         74.647             145.155
799.885874         74.704             145.206
799.896856         74.762             145.257
799.907798         74.819             145.308
799.918700         74.877             145.360
799.929562         74.934             145.413
799.940384         74.992             145.465
799.951165         75.049             145.519
799.961907         75.107             145.572
799.972608         75.164             145.626
799.983269         75.222             145.681
799.993889         75.279             145.736
800.004470         75.336             145.791
800.015009         75.394             145.847
800.025509         75.451             145.903
800.035967         75.508             145.960
800.046385         75.566             146.017
800.056763         75.623             146.075
800.067100         75.680             146.133
800.077396         75.738             146.192
800.087651         75.795             146.251
800.097866         75.852             146.310
800.108039         75.909             146.371
800.118172         75.967             146.431
800.128264         76.024             146.493
800.138315         76.081             146.554
800.148325         76.138             146.617
800.158294         76.195             146.679
800.168222         76.252             146.743
800.178108         76.309             146.807
800.187954         76.366             146.871
800.197758         76.424             146.936
800.207521         76.481             147.002
800.217242         76.538             147.068
800.226922         76.595             147.135
800.236561         76.652             147.202
800.246159         76.709             147.270
800.255715         76.765             147.339
800.265229         76.822             147.408
800.274702         76.879             147.478
800.284133         76.936             147.548
800.293523         76.993             147.619
800.302871         77.050             147.691
800.312177         77.107             147.764
800.321441         77.163             147.837
800.330664         77.220             147.910
800.339845         77.277             147.985
800.348984         77.334             148.060
800.358081         77.390             148.136
800.367136         77.447             148.212
800.376149         77.504             148.290
800.385120         77.560             148.368
800.394049         77.617             148.446
800.402935         77.673             148.526
800.411780         77.730             148.606
800.420583         77.786             148.687
800.429343         77.843             148.769
800.438061         77.899             148.851
800.446737         77.956             148.935
800.455370         78.012             149.019
800.463961         78.069             149.104
800.472509         78.125             149.190
800.481015         78.181             149.277
800.489479         78.238             149.364
800.497900         78.294             149.453
800.506279         78.350             149.542
800.514615         78.406             149.632
800.522908         78.462             149.723
800.531159         78.519             149.815
800.539367         78.575             149.908
800.547532         78.631             150.002
800.555654         78.687             150.097
800.563734         78.743             150.193
800.571771         78.799             150.289
800.579765         78.855             150.387
800.587716         78.911             150.486
800.595624         78.966             150.586
800.603489         79.022             150.687
800.611311         79.078             150.789
800.619090         79.134             150.892
800.626826         79.190             150.996
800.634519         79.245             151.101
800.642168         79.301             151.208
800.649775         79.356             151.315
800.657338         79.412             151.424
800.664858         79.468             151.534
800.672335         79.523             151.645
800.679769         79.578             151.757
800.687159         79.634             151.870
800.694506         79.689             151.985
800.701809         79.745             152.101
800.709069         79.800             152.218
800.716285         79.855             152.337
800.723458         79.910             152.457
800.730588         79.965             152.578
800.737674         80.020             152.701
800.744716         80.075             152.825
800.751715         80.130             152.950
800.758670         80.185             153.077
800.765581         80.240             153.205
800.772449         80.295             153.335
800.779273         80.350             153.467
800.786053         80.404             153.599
800.792790         80.459             153.734
800.799482         80.514             153.870
800.806131         80.568             154.007
800.812736         80.623             154.147
800.819297         80.677             154.288
800.825814         80.732             154.430
800.832287         80.786             154.574
800.838716         80.840             154.720
800.845101         80.894             154.868
800.851442         80.948             155.018
800.857739         81.003             155.169
800.863992         81.057             155.323
800.870201         81.110             155.478
800.876365         81.164             155.635
800.882485         81.218             155.794
800.888562         81.272             155.955
800.894594         81.325             156.118
800.900581         81.379             156.284
800.906525         81.432             156.451
800.912424         81.486             156.620
800.918278         81.539             156.792
800.924089         81.593             156.966
800.929855         81.646             157.142
800.935576         81.699             157.320
800.941254         81.752             157.501
800.946886         81.805             157.684
800.952475         81.858             157.869
800.958018         81.910             158.057
800.963518         81.963             158.248
800.968972         82.016             158.441
800.974382         82.068             158.636
800.979748         82.120             158.834
800.985069         82.173             159.035
800.990345         82.225             159.239
800.995576         82.277             159.445
801.000763         82.329             159.655
801.005905         82.381             159.867
801.011003         82.432             160.082
801.016055         82.484             160.300
801.021063         82.536             160.521
801.026026         82.587             160.745
801.030944         82.638             160.973
801.035818         82.690             161.203
801.040646         82.741             161.437
801.045430         82.791             161.675
801.050169         82.842             161.915
801.054863         82.893             162.159
801.059512         82.943             162.407
801.064115         82.994             162.658
801.068674         83.044             162.913
801.073188         83.094             163.172
801.077657         83.144             163.435
801.082081         83.194             163.701
801.086460         83.244             163.972
801.090794         83.293             164.246
801.095082         83.342             164.525
801.099326         83.392             164.808
801.103524         83.441             165.095
801.107677         83.490             165.386
801.111785         83.538             165.682
801.115848         83.587             165.982
801.119866         83.635             166.287
801.123838         83.683             166.597
801.127766         83.731             166.911
801.131648         83.779             167.231
801.135484         83.826             167.555
801.139276         83.874             167.885
801.143022         83.921             168.219
801.146723         83.968             168.559
801.150378         84.014             168.904
801.153988         84.061             169.255
801.157553         84.107             169.611
801.161072         84.153             169.973
801.164546         84.199             170.340
801.167974         84.244             170.714
801.171358         84.290             171.093
801.174695         84.335             171.479
801.177987         84.379             171.871
801.181234         84.424             172.269
801.184435         84.468             172.673
801.187591         84.512             173.084
801.190701         84.555             173.502
801.193766         84.599             173.927
801.196785         84.642             174.358
801.199759         84.684             174.796
801.202687         84.727             175.242
801.205569         84.769             175.695
801.208406         84.811             176.155
801.211197         84.852             176.622
801.213943         84.893             177.097
801.216643         84.934             177.580
801.219297         84.974             178.071
801.221906         85.014             178.569
801.224469         85.053             179.076
801.226987         85.092             179.591
801.229458         85.131             -179.886
801.231884         85.169             -179.355
801.234265         85.207             -178.815
801.236599         85.245             -178.266
801.238888         85.282             -177.709
801.241132         85.318             -177.143
801.243329         85.354             -176.568
801.245481         85.390             -175.984
801.247587         85.425             -175.391
801.249647         85.459             -174.789
801.251661         85.494             -174.178
801.253630         85.527             -173.557
801.255553         85.560             -172.927
801.257430         85.593             -172.288
801.259261         85.624             -171.639
801.261046         85.656             -170.981
801.262786         85.686             -170.313
801.264479         85.717             -169.636
801.266127         85.746             -168.949
801.267729         85.775             -168.253
801.269285         85.803             -167.547
801.270796         85.831             -166.831
801.272260         85.858             -166.106
801.273679         85.884             -165.372
801.275051         85.910             -164.629
801.276378         85.935             -163.876
801.277659         85.959             -163.114
801.278894         85.982             -162.343
801.280083         86.005             -161.563
801.281226         86.027             -160.774
801.282324         86.048             -159.976
801.283375         86.068             -159.170
801.284380         86.088             -158.356
801.285340         86.107             -157.534
801.286253         86.125             -156.704
801.287121         86.142             -155.866
801.287943         86.158             -155.022
801.288718         86.173             -154.170
801.289448         86.188             -153.311
801.290132         86.202             -152.446
801.290770         86.215             -151.574
801.291362         86.227             -150.697
801.291908         86.238             -149.815
801.292408         86.248             -148.928
801.292862         86.257             -148.036
801.293270         86.265             -147.139
801.293632         86.273             -146.239
801.293949         86.279             -145.336
801.294219         86.285             -144.430
801.294443         86.290             -143.521
801.294621         86.293             -142.610
801.294754         86.296             -141.698
801.294840         86.298             -140.784
801.294880         86.299             -139.870
801.294875         86.298             -138.955
801.294823         86.297             -138.041
801.294726         86.295             -137.128
801.294582         86.292             -136.216
801.294393         86.289             -135.305
801.294157         86.284             -134.397
801.293876         86.278             -133.492
801.293549         86.271             -132.589
801.293175         86.264             -131.690
801.292756         86.255             -130.795
801.292291         86.245             -129.904
801.291779         86.235             -129.017
801.291222         86.224             -128.136
801.290619         86.212             -127.261
801.289970         86.199             -126.391
801.289275         86.185             -125.527
801.288534         86.170             -124.670
801.287747         86.154             -123.820
801.286914         86.138             -122.977
801.286035         86.120             -122.141
801.285110         86.102             -121.313
801.284140         86.083             -120.492
801.283123         86.063             -119.680
801.282061         86.043             -118.876
801.280952         86.021             -118.081
801.279798         85.999             -117.294
801.278597         85.976             -116.517
801.277351         85.953             -115.748
801.276059         85.929             -114.988
801.274721         85.903             -114.237
801.273337         85.878             -113.496
801.271908         85.851             -112.764
801.270432         85.824             -112.041
801.268911         85.796             -111.328
801.267343         85.768             -110.625
801.265730         85.739             -109.931
801.264071         85.709             -109.246
801.262366         85.679             -108.571
801.260616         85.648             -107.906
801.258819         85.617             -107.250
801.256977         85.585             -106.603
801.255089         85.552             -105.966
801.253155         85.519             -105.339
801.251175         85.485             -104.720
801.249149         85.451             -104.111
801.247078         85.416             -103.511
801.244961         85.381             -102.921
801.242798         85.346             -102.339
801.240590         85.309             -101.766
801.238335         85.273             -101.202
801.236035         85.236             -100.647
801.233689         85.198             -100.101
801.231298         85.160             -99.563
801.228861         85.122             -99.033
801.226378         85.083             -98.512
801.223849         85.044             -98.000
801.221275         85.004             -97.495
801.218655         84.964             -96.998
801.215990         84.924             -96.510
801.213279         84.883             -96.029
801.210522         84.842             -95.555
801.207720         84.800             -95.090
801.204872         84.759             -94.631
801.201978         84.717             -94.180
801.199039         84.674             -93.737
801.196054         84.631             -93.300
801.193024         84.588             -92.870
801.189948         84.545             -92.448
801.186827         84.501             -92.032
801.183660         84.457             -91.622
801.180448         84.413             -91.219
801.177190         84.368             -90.823
801.173887         84.324             -90.432
801.170538         84.279             -90.048
801.167144         84.233             -89.670
801.163704         84.188             -89.298
801.160219         84.142             -88.932
801.156689         84.096             -88.571
801.153113         84.050             -88.217
801.149492         84.003             -87.867
801.145826         83.956             -87.523
801.142114         83.909             -87.185
801.138357         83.862             -86.852
801.134554         83.815             -86.523
801.130707         83.767             -86.200
801.126814         83.719             -85.882
801.122875         83.671             -85.569
801.118892         83.623             -85.260
801.114863         83.575             -84.956
801.110789         83.526             -84.657
801.106670         83.478             -84.362
801.102506         83.429             -84.072
801.098297         83.380             -83.786
801.094042         83.330             -83.504
801.089743         83.281             -83.227
801.085398         83.232             -82.953
801.081008         83.182             -82.684
801.076573         83.132             -82.418
801.072093         83.082             -82.157
801.067569         83.032             -81.899
801.062999         82.982             -81.645
801.058384         82.931             -81.394
801.053724         82.881             -81.147
801.049019         82.830             -80.904
801.044269         82.779             -80.664
801.039475         82.728             -80.428
801.034635         82.677             -80.195
801.029751         82.626             -79.965
801.024822         82.575             -79.738
801.019848         82.523             -79.515
801.014829         82.472             -79.294
801.009766         82.420             -79.077
801.004657         82.368             -78.863
800.999504         82.316             -78.651
800.994307         82.264             -78.443
800.989064         82.212             -78.237
800.983777         82.160             -78.034
800.978445         82.108             -77.834
800.973069         82.055             -77.636
800.967648         82.003             -77.441
800.962183         81.950             -77.249
800.956673         81.897             -77.059
800.951118         81.845             -76.872
800.945519         81.792             -76.687
800.939875         81.739             -76.504
800.934187         81.686             -76.324
800.928455         81.633             -76.146
800.922678         81.580             -75.971
800.916857         81.526             -75.798
800.910992         81.473             -75.627
800.905082         81.419             -75.458
800.899127         81.366             -75.291
800.893129         81.312             -75.126
800.887086         81.259             -74.964
800.880999         81.205             -74.803
800.874868         81.151             -74.644
800.868693         81.097             -74.488
800.862473         81.043             -74.333
800.856210         80.989             -74.180
800.849902         80.935             -74.029
800.843551         80.881             -73.880
800.837155         80.827             -73.733
800.830715         80.773             -73.587
800.824231         80.718             -73.443
800.817703         80.664             -73.301
800.811132         80.610             -73.160
800.804516         80.555             -73.022
800.797857         80.500             -72.884
800.791154         80.446             -72.749
800.784407         80.391             -72.615
800.777616         80.336             -72.482
800.770781         80.282             -72.351
800.763903         80.227             -72.222
800.756981         80.172             -72.094
800.750015         80.117             -71.967
800.743006         80.062             -71.842
800.735953         80.007             -71.719
800.728856         79.952             -71.596
800.721716         79.897             -71.475
800.714532         79.842             -71.356
800.707305         79.786             -71.237
800.700035         79.731             -71.120
800.692721         79.676             -71.005
800.685363         79.620             -70.890
800.677963         79.565             -70.777
800.670519         79.510             -70.665
800.663031         79.454             -70.555
800.655501         79.399             -70.445
800.647927         79.343             -70.337
800.640310         79.287             -70.229
800.632650         79.232             -70.123
800.624946         79.176             -70.018
800.617200         79.120             -69.914
800.609410         79.065             -69.812
800.601578         79.009             -69.710
800.593702         78.953             -69.609
800.585784         78.897             -69.510
800.577822         78.841             -69.411
800.569818         78.785             -69.314
800.561771         78.729             -69.217
800.553681         78.673             -69.121
800.545548         78.617             -69.027
800.537372         78.561             -68.933
800.529154         78.505             -68.840
800.520893         78.449             -68.749
800.512589         78.393             -68.658
800.504243         78.336             -68.568
800.495854         78.280             -68.479
800.487422         78.224             -68.391
800.478948         78.168             -68.303
800.470432         78.111             -68.217
800.461873         78.055             -68.131
800.453272         77.999             -68.046
800.444628         77.942             -67.962
800.435942         77.886             -67.879
800.427214         77.829             -67.797
800.418443         77.773             -67.715
800.409631         77.716             -67.634
800.400776         77.660             -67.554
800.391879         77.603             -67.475
800.382939         77.546             -67.396
800.373958         77.490             -67.319
800.364935         77.433             -67.242
800.355870         77.377             -67.165
800.346762         77.320             -67.089
800.337613         77.263             -67.015
800.328422         77.206             -66.940
800.319189         77.150             -66.867
800.309915         77.093             -66.794
800.300598         77.036             -66.721
800.291240         76.979             -66.650
800.281841         76.922             -66.579
800.272399         76.865             -66.509
800.262916         76.809             -66.439
800.253392         76.752             -66.370
800.243826         76.695             -66.301
800.234218         76.638             -66.234
800.224569         76.581             -66.166
800.214879         76.524             -66.100
800.205147         76.467             -66.034
800.195374         76.410             -65.968
800.185560         76.353             -65.903
800.175705         76.296             -65.839
800.165808         76.238             -65.775
800.155870         76.181             -65.712
800.145892         76.124             -65.649
800.135872         76.067             -65.587
800.125811         76.010             -65.525
800.115709         75.953             -65.464
800.105566         75.895             -65.404
800.095382         75.838             -65.344
800.085158         75.781             -65.284
800.074893         75.724             -65.225
800.064587         75.666             -65.167
800.054240         75.609             -65.108
800.043852         75.552             -65.051
800.033424         75.494             -64.994
800.022956         75.437             -64.937
800.012447         75.380             -64.881
800.001897         75.322             -64.825
799.991307         75.265             -64.770
799.980677         75.208             -64.715
799.970006         75.150             -64.661
799.959295         75.093             -64.607
799.948544         75.035             -64.553
799.937752         74.978             -64.500
799.926921         74.920             -64.448
799.916049         74.863             -64.395
799.905137         74.805             -64.344
799.894185         74.748             -64.292
799.883194         74.690             -64.241
799.872162         74.633             -64.191
799.861090         74.575             -64.141
799.849979         74.518             -64.091
799.838828         74.460             -64.041
799.827637         74.402             -63.992
799.816406         74.345             -63.944
799.805136         74.287             -63.895
799.793826         74.229             -63.848
799.782477         74.172             -63.800
799.771088         74.114             -63.753
799.759659         74.056             -63.706
799.748192         73.999             -63.660
799.736685         73.941             -63.614
799.725138         73.883             -63.568
799.713553         73.826             -63.523
799.701928         73.768             -63.478
799.690264         73.710             -63.433
799.678561         73.652             -63.389
799.666819         73.595             -63.345
799.655038         73.537             -63.301
799.643218         73.479             -63.258
799.631359         73.421             -63.214
799.619461         73.363             -63.172
799.607525         73.305             -63.129
799.595549         73.248             -63.087
799.583535         73.190             -63.045
799.571483         73.132             -63.004
799.559392         73.074             -62.963
799.547262         73.016             -62.922
799.535094         72.958             -62.881
799.522887         72.900             -62.841
799.510642         72.842             -62.801
799.498359         72.785             -62.761
799.486037         72.727             -62.722
799.473677         72.669             -62.683
799.461279         72.611             -62.644
799.448843         72.553             -62.605
799.436369         72.495             -62.567
799.423857         72.437             -62.529
799.411306         72.379             -62.491
799.398718         72.321             -62.454
799.386093         72.263             -62.417
799.373429         72.205             -62.380
799.360727         72.147             -62.343
799.347988         72.089             -62.306
799.335212         72.031             -62.270
799.322397         71.973             -62.234
799.309546         71.914             -62.198
799.296656         71.856             -62.163
799.283730         71.798             -62.128
799.270766         71.740             -62.093
799.257764         71.682             -62.058
799.244726         71.624             -62.024
799.231650         71.566             -61.989
799.218537         71.508             -61.955
799.205387         71.450             -61.921
799.192200         71.392             -61.888
799.178976         71.333             -61.855
799.165715         71.275             -61.821
799.152418         71.217             -61.789
799.139083         71.159             -61.756
799.125712         71.101             -61.723
799.112304         71.043             -61.691
799.098860         70.984             -61.659
799.085379         70.926             -61.627
799.071861         70.868             -61.596
799.058307         70.810             -61.564
799.044717         70.752             -61.533
799.031090         70.693             -61.502
799.017427         70.635             -61.471
799.003728         70.577             -61.441
798.989993         70.519             -61.410
798.976221         70.460             -61.380
798.962414         70.402             -61.350
798.948570         70.344             -61.320
798.934691         70.285             -61.291
798.920776         70.227             -61.261
798.906825         70.169             -61.232
798.892838         70.111             -61.203
798.878816         70.052             -61.174
798.864758         69.994             -61.146
798.850664         69.936             -61.117
798.836535         69.877             -61.089
798.822371         69.819             -61.061
798.808171         69.761             -61.033
798.793936         69.702             -61.005
798.779665         69.644             -60.978
798.765360         69.586             -60.950
798.751019         69.527             -60.923
798.736643         69.469             -60.896
798.722232         69.411             -60.869
798.707787         69.352             -60.842
798.693306         69.294             -60.816
798.678791         69.235             -60.789
798.664241         69.177             -60.763
798.649656         69.119             -60.737
798.635036         69.060             -60.711
798.620382         69.002             -60.685
798.605694         68.943             -60.660
798.590971         68.885             -60.634
798.576213         68.826             -60.609
798.561421         68.768             -60.584
798.546596         68.710             -60.559
798.531735         68.651             -60.534
798.516841         68.593             -60.509
798.501913         68.534             -60.485
798.486950         68.476             -60.460
798.471954         68.417             -60.436
798.456924         68.359             -60.412
798.441860         68.300             -60.388
798.426763         68.242             -60.364
798.411631         68.183             -60.341
798.396466         68.125             -60.317
798.381268         68.066             -60.294
798.366036         68.008             -60.271
798.350771         67.949             -60.248
798.335472         67.891             -60.225
798.320140         67.832             -60.202
798.304775         67.774             -60.179
798.289376         67.715             -60.157
798.273945         67.657             -60.134
798.258480         67.598             -60.112
798.242983         67.540             -60.090
798.227453         67.481             -60.068
798.211890         67.423             -60.046
798.196294         67.364             -60.024
798.180665         67.305             -60.002
798.165004         67.247             -59.981
798.149310         67.188             -59.959
798.133584         67.130             -59.938
798.117826         67.071             -59.917
798.102035         67.013             -59.896
798.086212         66.954             -59.875
798.070356         66.895             -59.854
798.054469         66.837             -59.834
798.038549         66.778             -59.813
798.022597         66.720             -59.793
798.006614         66.661             -59.772
797.990598         66.602             -59.752
797.974551         66.544             -59.732
797.958472         66.485             -59.712
797.942361         66.426             -59.692
797.926219         66.368             -59.673
797.910046         66.309             -59.653
797.893840         66.251             -59.633
797.877604         66.192             -59.614
797.861336         66.133             -59.595
797.845037         66.075             -59.575
797.828706         66.016             -59.556
797.812345         65.957             -59.537
797.795953         65.899             -59.519
797.779529         65.840             -59.500
797.763075         65.781             -59.481
797.746590         65.723             -59.463
797.730074         65.664             -59.444
797.713528         65.605             -59.426
797.696950         65.546             -59.407
797.680343         65.488             -59.389
797.663705         65.429             -59.371
797.647036         65.370             -59.353
797.630337         65.312             -59.335
797.613608         65.253             -59.318
797.596849         65.194             -59.300
797.580059         65.136             -59.283
797.563240         65.077             -59.265
797.546391         65.018             -59.248
797.529511         64.959             -59.230
797.512602         64.901             -59.213
797.495663         64.842             -59.196
797.478695         64.783             -59.179
797.461697         64.724             -59.162
797.444669         64.666             -59.145
797.427612         64.607             -59.129
797.410526         64.548             -59.112
797.393410         64.489             -59.095
797.376265         64.431             -59.079
797.359091         64.372             -59.063
797.341888         64.313             -59.046
797.324655         64.254             -59.030
797.307394         64.196             -59.014
797.290104         64.137             -58.998
797.272785         64.078             -58.982
797.255438         64.019             -58.966
797.238062         63.960             -58.951
797.220657         63.902             -58.935
797.203224         63.843             -58.919
797.185762         63.784             -58.904
797.168272         63.725             -58.888
797.150754         63.666             -58.873
797.133208         63.608             -58.858
797.115633         63.549             -58.842
797.098031         63.490             -58.827
797.080400         63.431             -58.812
797.062742         63.372             -58.797
797.045055         63.314             -58.782
797.027341         63.255             -58.768
797.009600         63.196             -58.753
796.991831         63.137             -58.738
796.974034         63.078             -58.724
796.956210         63.019             -58.709
796.938358         62.961             -58.695
796.920480         62.902             -58.680
796.902574         62.843             -58.666
796.884641         62.784             -58.652
796.866681         62.725             -58.638
796.848694         62.666             -58.624
796.830680         62.607             -58.610
796.812639         62.549             -58.596
796.794571         62.490             -58.582
796.776477         62.431             -58.568
796.758357         62.372             -58.555
796.740209         62.313             -58.541
796.722036         62.254             -58.527
796.703836         62.195             -58.514
796.685610         62.137             -58.500
796.667357         62.078             -58.487
796.649079         62.019             -58.474
796.630774         61.960             -58.461
796.612444         61.901             -58.447
796.594087         61.842             -58.434
796.575705         61.783             -58.421
796.557297         61.724             -58.408
796.538864         61.665             -58.395
796.520405         61.606             -58.383
796.501920         61.548             -58.370
796.483410         61.489             -58.357
796.464875         61.430             -58.345
796.446314         61.371             -58.332
796.427729         61.312             -58.320
796.409118         61.253             -58.307
796.390482         61.194             -58.295
796.371822         61.135             -58.282
796.353136         61.076             -58.270
796.334426         61.017             -58.258
796.315691         60.958             -58.246
796.296932         60.899             -58.234
796.278148         60.840             -58.222
796.259339         60.781             -58.210
796.240507         60.723             -58.198
796.221650         60.664             -58.186
796.202768         60.605             -58.174
796.183863         60.546             -58.162
796.164934         60.487             -58.151
796.145980         60.428             -58.139
796.127003         60.369             -58.128
796.108002         60.310             -58.116
796.088978         60.251             -58.105
796.069929         60.192             -58.093
796.050858         60.133             -58.082
796.031762         60.074             -58.071
796.012644         60.015             -58.060
795.993502         59.956             -58.048
795.974337         59.897             -58.037
795.955149         59.838             -58.026
795.935937         59.779             -58.015
795.916703         59.720             -58.004
795.897446         59.661             -57.993
795.878166         59.602             -57.983
795.858864         59.543             -57.972
795.839538         59.484             -57.961
795.820191         59.425             -57.950
795.800820         59.366             -57.940
795.781428         59.307             -57.929
795.762013         59.248             -57.919
795.742576         59.189             -57.908
795.723117         59.130             -57.898
795.703635         59.071             -57.887
795.684132         59.012             -57.877
795.664607         58.953             -57.867
795.645060         58.894             -57.856
795.625492         58.835             -57.846
795.605902         58.776             -57.836
795.586290         58.717             -57.826
795.566657         58.658             -57.816
795.547002         58.599             -57.806
795.527326         58.540             -57.796
795.507629         58.481             -57.786
795.487911         58.422             -57.776
795.468172         58.363             -57.767
795.448412         58.304             -57.757
795.428631         58.245             -57.747
795.408829         58.186             -57.737
795.389007         58.127             -57.728
795.369164         58.068             -57.718
795.349301         58.008             -57.709
795.329417         57.949             -57.699
795.309512         57.890             -57.690
795.289588         57.831             -57.680
795.269643         57.772             -57.671
795.249678         57.713             -57.662
795.229693         57.654             -57.653
795.209689         57.595             -57.643
795.189664         57.536             -57.634
795.169620         57.477             -57.625
795.149556         57.418             -57.616
795.129473         57.359             -57.607
795.109370         57.300             -57.598
795.089247         57.241             -57.589
795.069106         57.181             -57.580
795.048945         57.122             -57.571
795.028765         57.063             -57.562
795.008566         57.004             -57.554
794.988348         56.945             -57.545
794.968111         56.886             -57.536
794.947855         56.827             -57.527
794.927581         56.768             -57.519
794.907288         56.709             -57.510
794.886976         56.650             -57.502
794.866646         56.591             -57.493
794.846298         56.531             -57.485
794.825931         56.472             -57.476
794.805547         56.413             -57.468
794.785144         56.354             -57.459
794.764723         56.295             -57.451
794.744284         56.236             -57.443
794.723828         56.177             -57.435
794.703354         56.118             -57.426
794.682862         56.059             -57.418
794.662352         55.999             -57.410
794.641825         55.940             -57.402
794.621281         55.881             -57.394
794.600719         55.822             -57.386
794.580141         55.763             -57.378
794.559545         55.704             -57.370
794.538932         55.645             -57.362
794.518302         55.586             -57.354
794.497655         55.526             -57.346
794.476992         55.467             -57.339
794.456312         55.408             -57.331
794.435615         55.349             -57.323
794.414902         55.290             -57.316
794.394172         55.231             -57.308
794.373426         55.172             -57.300
794.352664         55.112             -57.293
794.331886         55.053             -57.285
794.311092         54.994             -57.278
794.290282         54.935             -57.270
794.269456         54.876             -57.263
794.248614         54.817             -57.255
794.227756         54.757             -57.248
794.206883         54.698             -57.241
794.185995         54.639             -57.233
794.165090         54.580             -57.226
794.144171         54.521             -57.219
794.123237         54.462             -57.212
794.102287         54.402             -57.204
794.081322         54.343             -57.197
794.060342         54.284             -57.190
794.039348         54.225             -57.183
794.018339         54.166             -57.176
793.997314         54.107             -57.169
793.976276         54.047             -57.162
793.955223         53.988             -57.155
793.934155         53.929             -57.148
793.913073         53.870             -57.141
793.891977         53.811             -57.134
793.870867         53.751             -57.128
793.849743         53.692             -57.121
793.828604         53.633             -57.114
793.807452         53.574             -57.107
793.786286         53.515             -57.101
793.765107         53.456             -57.094
793.743914         53.396             -57.087
793.722707         53.337             -57.081
793.701487         53.278             -57.074
793.680254         53.219             -57.067
793.659007         53.159             -57.061
793.637747         53.100             -57.054
793.616475         53.041             -57.048
793.595189         52.982             -57.042
793.573890         52.923             -57.035
793.552579         52.863             -57.029
793.531255         52.804             -57.022
793.509918         52.745             -57.016
793.488569         52.686             -57.010
793.467208         52.627             -57.004
793.445834         52.567             -56.997
793.424448         52.508             -56.991
793.403050         52.449             -56.985
793.381640         52.390             -56.979
793.360217         52.330             -56.973
793.338783         52.271             -56.966
793.317338         52.212             -56.960
793.295880         52.153             -56.954
793.274412         52.094             -56.948
793.252931         52.034             -56.942
793.231439         51.975             -56.936
793.209936         51.916             -56.930
793.188422         51.857             -56.925
793.166897         51.797             -56.919
793.145361         51.738             -56.913
793.123813         51.679             -56.907
793.102255         51.620             -56.901
793.080686         51.560             -56.895
793.059107         51.501             -56.890
793.037517         51.442             -56.884
793.015917         51.383             -56.878
792.994306         51.323             -56.873
792.972685         51.264             -56.867
792.951054         51.205             -56.861
792.929412         51.146             -56.856
792.907761         51.086             -56.850
792.886100         51.027             -56.845
792.864429         50.968             -56.839
792.842748         50.908             -56.833
792.821058         50.849             -56.828
792.799358         50.790             -56.823
792.777649         50.731             -56.817
792.755931         50.671             -56.812
792.734203         50.612             -56.806
792.712466         50.553             -56.801
792.690720         50.494             -56.796
792.668965         50.434             -56.790
792.647202         50.375             -56.785
792.625429         50.316             -56.780
792.603648         50.256             -56.775
792.581858         50.197             -56.769
792.560060         50.138             -56.764
792.538254         50.079             -56.759
792.516439         50.019             -56.754
792.494616         49.960             -56.749
792.472785         49.901             -56.744
792.450946         49.841             -56.739
792.429099         49.782             -56.733
792.407244         49.723             -56.728
792.385381         49.664             -56.723
792.363511         49.604             -56.718
792.341633         49.545             -56.713
792.319748         49.486             -56.709
792.297856         49.426             -56.704
792.275956         49.367             -56.699
792.254049         49.308             -56.694
792.232135         49.248             -56.689
792.210214         49.189             -56.684
792.188286         49.130             -56.679
792.166352         49.070             -56.675
792.144410         49.011             -56.670
792.122462         48.952             -56.665
792.100508         48.893             -56.660
792.078547         48.833             -56.656
792.056580         48.774             -56.651
792.034607         48.715             -56.646
792.012628         48.655             -56.642
791.990642         48.596             -56.637
791.968651         48.537             -56.632
791.946654         48.477             -56.628
791.924651         48.418             -56.623
791.902643         48.359             -56.619
791.880629         48.299             -56.614
791.858609         48.240             -56.610
791.836585         48.181             -56.605
791.814555         48.121             -56.601
791.792519         48.062             -56.596
791.770479         48.003             -56.592
791.748434         47.943             -56.587
791.726384         47.884             -56.583
791.704329         47.825             -56.579
791.682269         47.765             -56.574
791.660205         47.706             -56.570
791.638137         47.647             -56.566
791.616064         47.587             -56.561
791.593986         47.528             -56.557
791.571905         47.469             -56.553
791.549819         47.409             -56.549
791.527730         47.350             -56.544
791.505636         47.290             -56.540
791.483539         47.231             -56.536
791.461438         47.172             -56.532
791.439333         47.112             -56.528
791.417225         47.053             -56.524
791.395113         46.994             -56.520
791.372998         46.934             -56.515
791.350880         46.875             -56.511
791.328759         46.816             -56.507
791.306634         46.756             -56.503
791.284507         46.697             -56.499
791.262377         46.637             -56.495
791.240244         46.578             -56.491
791.218108         46.519             -56.487
791.195970         46.459             -56.483
791.173829         46.400             -56.480
791.151686         46.341             -56.476
791.129541         46.281             -56.472
791.107393         46.222             -56.468
791.085243         46.162             -56.464
791.063092         46.103             -56.460
791.040938         46.044             -56.456
791.018783         45.984             -56.453
790.996626         45.925             -56.449
790.974467         45.866             -56.445
790.952307         45.806             -56.441
790.930145         45.747             -56.438
790.907982         45.687             -56.434
790.885818         45.628             -56.430
790.863653         45.569             -56.426
790.841486         45.509             -56.423
790.819319         45.450             -56.419
790.797151         45.390             -56.416
790.774982         45.331             -56.412
790.752812         45.272             -56.408
790.730642         45.212             -56.405
790.708472         45.153             -56.401
790.686301         45.093             -56.398
790.664130         45.034             -56.394
790.641958         44.975             -56.391
790.619787         44.915             -56.387
790.597615         44.856             -56.384
790.575444         44.796             -56.380
790.553273         44.737             -56.377
790.531102         44.678             -56.373
790.508932         44.618             -56.370
790.486762         44.559             -56.366
790.464593         44.499             -56.363
790.442424         44.440             -56.360
790.420256         44.381             -56.356
790.398090         44.321             -56.353
790.375924         44.262             -56.350
790.353759         44.202             -56.346
790.331595         44.143             -56.343
790.309433         44.083             -56.340
790.287272         44.024             -56.336
790.265112         43.965             -56.333
790.242954         43.905             -56.330
790.220798         43.846             -56.327
790.198643         43.786             -56.323
790.176491         43.727             -56.320
790.154340         43.667             -56.317
790.132191         43.608             -56.314
790.110044         43.549             -56.311
790.087900         43.489             -56.308
790.065758         43.430             -56.304
790.043618         43.370             -56.301
790.021481         43.311             -56.298
789.999347         43.251             -56.295
789.977215         43.192             -56.292
789.955086         43.133             -56.289
789.932960         43.073             -56.286
789.910837         43.014             -56.283
789.888717         42.954             -56.280
789.866600         42.895             -56.277
789.844487         42.835             -56.274
789.822376         42.776             -56.271
789.800270         42.716             -56.268
789.778167         42.657             -56.265
789.756067         42.597             -56.262
789.733972         42.538             -56.259
789.711880         42.479             -56.256
789.689792         42.419             -56.253
789.667708         42.360             -56.250
789.645629         42.300             -56.248
789.623554         42.241             -56.245
789.601483         42.181             -56.242
789.579416         42.122             -56.239
789.557354         42.062             -56.236
789.535297         42.003             -56.233
789.513244         41.943             -56.231
789.491196         41.884             -56.228
789.469153         41.824             -56.225
789.447115         41.765             -56.222
789.425083         41.706             -56.220
789.403055         41.646             -56.217
789.381033         41.587             -56.214
789.359016         41.527             -56.212
789.337004         41.468             -56.209
789.314999         41.408             -56.206
789.292998         41.349             -56.203
789.271004         41.289             -56.201
789.249016         41.230             -56.198
789.227033         41.170             -56.196
789.205057         41.111             -56.193
789.183086         41.051             -56.190
789.161122         40.992             -56.188
789.139165         40.932             -56.185
789.117213         40.873             -56.183
789.095269         40.813             -56.180
789.073331         40.754             -56.178
789.051399         40.694             -56.175
789.029475         40.635             -56.173
789.007557         40.575             -56.170
788.985647         40.516             -56.168
788.963743         40.456             -56.165
788.941847         40.397             -56.163
788.919958         40.337             -56.160
788.898077         40.278             -56.158
788.876203         40.218             -56.155
788.854336         40.159             -56.153
788.832478         40.099             -56.150
788.810627         40.040             -56.148
788.788784         39.980             -56.146
788.766948         39.921             -56.143
788.745121         39.861             -56.141
788.723302         39.802             -56.139
788.701492         39.742             -56.136
788.679690         39.683             -56.134
788.657896         39.623             -56.132
788.636110         39.564             -56.129
788.614334         39.504             -56.127
788.592566         39.445             -56.125
788.570807         39.385             -56.122
788.549056         39.326             -56.120
788.527315         39.266             -56.118
788.505583         39.207             -56.116
788.483860         39.147             -56.113
788.462147         39.088             -56.111
788.440442         39.028             -56.109
788.418748         38.969             -56.107
788.397063         38.909             -56.105
788.375387         38.850             -56.102
788.353721         38.790             -56.100
788.332065         38.731             -56.098
788.310420         38.671             -56.096
788.288784         38.612             -56.094
788.267158         38.552             -56.092
788.245543         38.492             -56.089
788.223937         38.433             -56.087
788.202343         38.373             -56.085
788.180759         38.314             -56.083
788.159185         38.254             -56.081
788.137622         38.195             -56.079
788.116070         38.135             -56.077
788.094529         38.076             -56.075
788.072999         38.016             -56.073
788.051479         37.957             -56.071
788.029972         37.897             -56.069
788.008475         37.838             -56.067
787.986990         37.778             -56.065
787.965516         37.719             -56.063
787.944053         37.659             -56.061
787.922603         37.599             -56.059
787.901164         37.540             -56.057
787.879737         37.480             -56.055
787.858322         37.421             -56.053
787.836918         37.361             -56.051
787.815527         37.302             -56.049
787.794149         37.242             -56.047
787.772782         37.183             -56.045
787.751428         37.123             -56.044
787.730086         37.063             -56.042
787.708757         37.004             -56.040
787.687441         36.944             -56.038
787.666137         36.885             -56.036
787.644846         36.825             -56.034
787.623568         36.766             -56.032
787.602303         36.706             -56.031
787.581052         36.647             -56.029
787.559813         36.587             -56.027
787.538588         36.527             -56.025
787.517376         36.468             -56.023
787.496178         36.408             -56.022
787.474993         36.349             -56.020
787.453822         36.289             -56.018
787.432665         36.230             -56.016
787.411521         36.170             -56.015
787.390392         36.110             -56.013
787.369277         36.051             -56.011
787.348175         35.991             -56.009
787.327088         35.932             -56.008
787.306016         35.872             -56.006
787.284958         35.813             -56.004
787.263914         35.753             -56.003
787.242885         35.693             -56.001
787.221870         35.634             -55.999
787.200871         35.574             -55.998
787.179886         35.515             -55.996
787.158916         35.455             -55.994
787.137961         35.396             -55.993
787.117022         35.336             -55.991
787.096097         35.276             -55.990
787.075188         35.217             -55.988
787.054295         35.157             -55.986
787.033417         35.098             -55.985
787.012554         35.038             -55.983
786.991707         34.978             -55.982
786.970876         34.919             -55.980
786.950061         34.859             -55.978
786.929262         34.800             -55.977
786.908479         34.740             -55.975
786.887712         34.680             -55.974
786.866962         34.621             -55.972
786.846227         34.561             -55.971
786.825509         34.502             -55.969
786.804808         34.442             -55.968
786.784123         34.382             -55.966
786.763455         34.323             -55.965
786.742803         34.263             -55.963
786.722169         34.204             -55.962
786.701551         34.144             -55.961
786.680951         34.084             -55.959
786.660368         34.025             -55.958
786.639802         33.965             -55.956
786.619253         33.906             -55.955
786.598721         33.846             -55.953
786.578208         33.786             -55.952
786.557711         33.727             -55.951
786.537233         33.667             -55.949
786.516772         33.608             -55.948
786.496329         33.548             -55.946
786.475904         33.488             -55.945
786.455497         33.429             -55.944
786.435108         33.369             -55.942
786.414737         33.310             -55.941
786.394385         33.250             -55.940
786.374051         33.190             -55.938
786.353735         33.131             -55.937
786.333439         33.071             -55.936
786.313160         33.011             -55.934
786.292901         32.952             -55.933
786.272660         32.892             -55.932
786.252438         32.833             -55.930
786.232235         32.773             -55.929
786.212052         32.713             -55.928
786.191887         32.654             -55.927
786.171742         32.594             -55.925
786.151616         32.534             -55.924
786.131510         32.475             -55.923
786.111423         32.415             -55.922
786.091356         32.356             -55.920
786.071308         32.296             -55.919
786.051280         32.236             -55.918
786.031273         32.177             -55.917
786.011285         32.117             -55.916
785.991317         32.057             -55.914
785.971369         31.998             -55.913
785.951442         31.938             -55.912
785.931535         31.878             -55.911
785.911648         31.819             -55.910
785.891782         31.759             -55.908
785.871936         31.700             -55.907
785.852111         31.640             -55.906
785.832307         31.580             -55.905
785.812524         31.521             -55.904
785.792761         31.461             -55.903
785.773020         31.401             -55.902
785.753299         31.342             -55.901
785.733600         31.282             -55.899
785.713922         31.222             -55.898
785.694266         31.163             -55.897
785.674631         31.103             -55.896
785.655017         31.043             -55.895
785.635425         30.984             -55.894
785.615855         30.924             -55.893
785.596307         30.865             -55.892
785.576780         30.805             -55.891
785.557275         30.745             -55.890
785.537793         30.686             -55.889
785.518332         30.626             -55.888
785.498894         30.566             -55.887
785.479478         30.507             -55.886
785.460084         30.447             -55.885
785.440713         30.387             -55.884
785.421365         30.328             -55.883
785.402039         30.268             -55.882
785.382736         30.208             -55.881
785.363455         30.149             -55.880
785.344198         30.089             -55.879
785.324963         30.029             -55.878
785.305752         29.970             -55.877
785.286563         29.910             -55.876
785.267398         29.850             -55.875
785.248256         29.791             -55.874
785.229138         29.731             -55.873
785.210043         29.671             -55.872
785.190971         29.612             -55.871
785.171923         29.552             -55.870
785.152899         29.492             -55.869
785.133899         29.433             -55.868
785.114923         29.373             -55.867
785.095970         29.313             -55.866
785.077042         29.254             -55.866
785.058138         29.194             -55.865
785.039258         29.134             -55.864
785.020402         29.075             -55.863
785.001571         29.015             -55.862
784.982764         28.955             -55.861
784.963982         28.896             -55.860
784.945224         28.836             -55.859
784.926491         28.776             -55.859
784.907783         28.716             -55.858
784.889099         28.657             -55.857
784.870441         28.597             -55.856
784.851808         28.537             -55.855
784.833200         28.478             -55.854
784.814617         28.418             -55.854
784.796059         28.358             -55.853
784.777527         28.299             -55.852
784.759020         28.239             -55.851
784.740538         28.179             -55.850
784.722083         28.120             -55.850
784.703652         28.060             -55.849
784.685248         28.000             -55.848
784.666870         27.941             -55.847
784.648517         27.881             -55.847
784.630191         27.821             -55.846
784.611890         27.761             -55.845
784.593616         27.702             -55.844
784.575368         27.642             -55.844
784.557146         27.582             -55.843
784.538951         27.523             -55.842
784.520782         27.463             -55.841
784.502640         27.403             -55.841
784.484524         27.344             -55.840
784.466435         27.284             -55.839
784.448373         27.224             -55.838
784.430338         27.164             -55.838
784.412330         27.105             -55.837
784.394348         27.045             -55.836
784.376394         26.985             -55.836
784.358467         26.926             -55.835
784.340568         26.866             -55.834
784.322696         26.806             -55.834
784.304851         26.746             -55.833
784.287033         26.687             -55.832
784.269244         26.627             -55.832
784.251482         26.567             -55.831
784.233747         26.508             -55.830
784.216041         26.448             -55.830
784.198362         26.388             -55.829
784.180711         26.329             -55.829
784.163089         26.269             -55.828
784.145494         26.209             -55.827
784.127928         26.149             -55.827
784.110390         26.090             -55.826
784.092880         26.030             -55.825
784.075399         25.970             -55.825
784.057947         25.910             -55.824
784.040522         25.851             -55.824
784.023127         25.791             -55.823
784.005760         25.731             -55.822
783.988422         25.672             -55.822
783.971113         25.612             -55.821
783.953833         25.552             -55.821
783.936582         25.492             -55.820
783.919361         25.433             -55.820
783.902168         25.373             -55.819
783.885005         25.313             -55.819
783.867870         25.254             -55.818
783.850766         25.194             -55.817
783.833691         25.134             -55.817
783.816645         25.074             -55.816
783.799629         25.015             -55.816
783.782643         24.955             -55.815
783.765686         24.895             -55.815
783.748760         24.835             -55.814
783.731863         24.776             -55.814
783.714997         24.716             -55.813
783.698160         24.656             -55.813
783.681354         24.596             -55.812
783.664578         24.537             -55.812
783.647832         24.477             -55.811
783.631116         24.417             -55.811
783.614431         24.358             -55.810
783.597777         24.298             -55.810
783.581153         24.238             -55.809
783.564560         24.178             -55.809
783.547997         24.119             -55.808
783.531466         24.059             -55.808
783.514965         23.999             -55.808
783.498495         23.939             -55.807
783.482056         23.880             -55.807
783.465649         23.820             -55.806
783.449272         23.760             -55.806
783.432927         23.700             -55.805
783.416613         23.641             -55.805
783.400331         23.581             -55.805
783.384079         23.521             -55.804
783.367860         23.461             -55.804
783.351672         23.402             -55.803
783.335516         23.342             -55.803
783.319391         23.282             -55.802
783.303299         23.222             -55.802
783.287238         23.163             -55.802
783.271209         23.103             -55.801
783.255212         23.043             -55.801
783.239247         22.983             -55.801
783.223315         22.924             -55.800
783.207415         22.864             -55.800
783.191547         22.804             -55.799
783.175711         22.744             -55.799
783.159908         22.685             -55.799
783.144137         22.625             -55.798
783.128399         22.565             -55.798
783.112694         22.505             -55.798
783.097021         22.446             -55.797
783.081381         22.386             -55.797
783.065774         22.326             -55.797
783.050200         22.266             -55.796
783.034659         22.207             -55.796
783.019150         22.147             -55.796
783.003675         22.087             -55.795
782.988234         22.027             -55.795
782.972825         21.967             -55.795
782.957450         21.908             -55.794
782.942108         21.848             -55.794
782.926800         21.788             -55.794
782.911525         21.728             -55.793
782.896284         21.669             -55.793
782.881077         21.609             -55.793
782.865903         21.549             -55.793
782.850763         21.489             -55.792
782.835657         21.430             -55.792
782.820585         21.370             -55.792
782.805546         21.310             -55.791
782.790542         21.250             -55.791
782.775572         21.190             -55.791
782.760637         21.131             -55.791
782.745735         21.071             -55.790
782.730868         21.011             -55.790
782.716035         20.951             -55.790
782.701237         20.892             -55.790
782.686473         20.832             -55.789
782.671744         20.772             -55.789
782.657049         20.712             -55.789
782.642389         20.652             -55.789
782.627764         20.593             -55.788
782.613174         20.533             -55.788
782.598619         20.473             -55.788
782.584098         20.413             -55.788
782.569613         20.354             -55.787
782.555163         20.294             -55.787
782.540748         20.234             -55.787
782.526368         20.174             -55.787
782.512023         20.114             -55.787
782.497714         20.055             -55.786
782.483440         19.995             -55.786
782.469202         19.935             -55.786
782.454999         19.875             -55.786
782.440832         19.816             -55.786
782.426701         19.756             -55.785
782.412605         19.696             -55.785
782.398545         19.636             -55.785
782.384521         19.576             -55.785
782.370533         19.517             -55.785
782.356580         19.457             -55.785
782.342664         19.397             -55.784
782.328784         19.337             -55.784
782.314940         19.277             -55.784
782.301132         19.218             -55.784
782.287361         19.158             -55.784
782.273625         19.098             -55.784
782.259927         19.038             -55.783
782.246264         18.978             -55.783
782.232638         18.919             -55.783
782.219049         18.859             -55.783
782.205497         18.799             -55.783
782.191981         18.739             -55.783
782.178501         18.679             -55.783
782.165059         18.620             -55.783
782.151654         18.560             -55.782
782.138285         18.500             -55.782
782.124953         18.440             -55.782
782.111659         18.380             -55.782
782.098401         18.321             -55.782
782.085181         18.261             -55.782
782.071998         18.201             -55.782
782.058852         18.141             -55.782
782.045744         18.081             -55.782
782.032673         18.022             -55.781
782.019639         17.962             -55.781
782.006643         17.902             -55.781
781.993685         17.842             -55.781
781.980764         17.782             -55.781
781.967881         17.723             -55.781
781.955035         17.663             -55.781
781.942227         17.603             -55.781
781.929458         17.543             -55.781
781.916726         17.483             -55.781
781.904032         17.424             -55.781
781.891376         17.364             -55.781
781.878758         17.304             -55.780
781.866178         17.244             -55.780
781.853636         17.184             -55.780
781.841133         17.125             -55.780
781.828668         17.065             -55.780
781.816241         17.005             -55.780
781.803853         16.945             -55.780
781.791503         16.885             -55.780
781.779191         16.825             -55.780
781.766919         16.766             -55.780
781.754684         16.706             -55.780
781.742489         16.646             -55.780
781.730332         16.586             -55.780
781.718214         16.526             -55.780
781.706135         16.467             -55.780
781.694094         16.407             -55.780
781.682093         16.347             -55.780
781.670131         16.287             -55.780
781.658207         16.227             -55.780
781.646323         16.167             -55.780
781.634478         16.108             -55.780
781.622672         16.048             -55.780
781.610905         15.988             -55.780
781.599178         15.928             -55.780
781.587490         15.868             -55.780
781.575841         15.809             -55.780
781.564232         15.749             -55.780
781.552662         15.689             -55.780
781.541132         15.629             -55.780
781.529641         15.569             -55.780
781.518190         15.509             -55.780
781.506779         15.450             -55.780
781.495408         15.390             -55.780
781.484076         15.330             -55.780
781.472784         15.270             -55.780
781.461533         15.210             -55.780
781.450321         15.150             -55.780
781.439149         15.091             -55.780
781.428017         15.031             -55.780
781.416925         14.971             -55.780
781.405873         14.911             -55.780
781.394862         14.851             -55.780
781.383891         14.791             -55.780
781.372960         14.732             -55.780
781.362069         14.672             -55.780
781.351219         14.612             -55.780
781.340410         14.552             -55.780
781.329640         14.492             -55.780
781.318912         14.433             -55.780
781.308224         14.373             -55.780
781.297576         14.313             -55.781
781.286969         14.253             -55.781
781.276403         14.193             -55.781
781.265878         14.133             -55.781
781.255393         14.074             -55.781
781.244950         14.014             -55.781
781.234547         13.954             -55.781
781.224185         13.894             -55.781
781.213864         13.834             -55.781
781.203584         13.774             -55.781
781.193346         13.714             -55.781
781.183148         13.655             -55.781
781.172992         13.595             -55.781
781.162876         13.535             -55.781
781.152802         13.475             -55.782
781.142770         13.415             -55.782
781.132779         13.355             -55.782
781.122829         13.296             -55.782
781.112920         13.236             -55.782
781.103053         13.176             -55.782
781.093228         13.116             -55.782
781.083444         13.056             -55.782
781.073702         12.996             -55.782
781.064001         12.937             -55.782
781.054342         12.877             -55.783
781.044725         12.817             -55.783
781.035150         12.757             -55.783
781.025616         12.697             -55.783
781.016124         12.637             -55.783
781.006675         12.577             -55.783
780.997267         12.518             -55.783
780.987901         12.458             -55.783
780.978577         12.398             -55.784
780.969295         12.338             -55.784
780.960056         12.278             -55.784
780.950858         12.218             -55.784
780.941703         12.159             -55.784
780.932590         12.099             -55.784
780.923519         12.039             -55.784
780.914491         11.979             -55.784
780.905504         11.919             -55.785
780.896561         11.859             -55.785
780.887659         11.799             -55.785
780.878801         11.740             -55.785
780.869984         11.680             -55.785
780.861210         11.620             -55.785
780.852479         11.560             -55.785
780.843791         11.500             -55.786
780.835145         11.440             -55.786
780.826542         11.381             -55.786
780.817981         11.321             -55.786
780.809463         11.261             -55.786
780.800989         11.201             -55.786
780.792557         11.141             -55.787
780.784167         11.081             -55.787
780.775821         11.021             -55.787
780.767518         10.962             -55.787
780.759258         10.902             -55.787
780.751040         10.842             -55.787
780.742866         10.782             -55.787
780.734735         10.722             -55.788
780.726647         10.662             -55.788
780.718603         10.602             -55.788
780.710601         10.543             -55.788
780.702643         10.483             -55.788
780.694728         10.423             -55.789
780.686856         10.363             -55.789
780.679028         10.303             -55.789
780.671243         10.243             -55.789
780.663501         10.183             -55.789
780.655803         10.124             -55.789
780.648149         10.064             -55.790
780.640538         10.004             -55.790
780.632970         9.944              -55.790
780.625446         9.884              -55.790
780.617966         9.824              -55.790
780.610529         9.764              -55.791
780.603136         9.705              -55.791
780.595787         9.645              -55.791
780.588481         9.585              -55.791
780.581220         9.525              -55.791
780.574002         9.465              -55.792
780.566828         9.405              -55.792
780.559698         9.345              -55.792
780.552611         9.285              -55.792
780.545569         9.226              -55.792
780.538571         9.166              -55.793
780.531616         9.106              -55.793
780.524706         9.046              -55.793
780.517840         8.986              -55.793
780.511018         8.926              -55.793
780.504240         8.866              -55.794
780.497506         8.807              -55.794
780.490816         8.747              -55.794
780.484171         8.687              -55.794
780.477569         8.627              -55.795
780.471012         8.567              -55.795
780.464500         8.507              -55.795
780.458031         8.447              -55.795
780.451607         8.387              -55.795
780.445228         8.328              -55.796
780.438892         8.268              -55.796
780.432602         8.208              -55.796
780.426355         8.148              -55.796
780.420154         8.088              -55.797
780.413996         8.028              -55.797
780.407883         7.968              -55.797
780.401815         7.909              -55.797
780.395792         7.849              -55.798
780.389813         7.789              -55.798
780.383879         7.729              -55.798
780.377989         7.669              -55.798
780.372144         7.609              -55.799
780.366344         7.549              -55.799
780.360589         7.489              -55.799
780.354878         7.430              -55.799
780.349212         7.370              -55.799
780.343591         7.310              -55.800
780.338015         7.250              -55.800
780.332484         7.190              -55.800
780.326997         7.130              -55.800
780.321556         7.070              -55.801
780.316160         7.010              -55.801
780.310808         6.951              -55.801
780.305502         6.891              -55.801
780.300240         6.831              -55.802
780.295024         6.771              -55.802
780.289852         6.711              -55.802
780.284726         6.651              -55.802
780.279645         6.591              -55.803
780.274609         6.531              -55.803
780.269618         6.472              -55.803
780.264673         6.412              -55.804
780.259772         6.352              -55.804
780.254917         6.292              -55.804
780.250107         6.232              -55.804
780.245342         6.172              -55.805
780.240623         6.112              -55.805
780.235949         6.052              -55.805
780.231320         5.993              -55.805
780.226737         5.933              -55.806
780.222199         5.873              -55.806
780.217706         5.813              -55.806
780.213259         5.753              -55.806
780.208857         5.693              -55.807
780.204501         5.633              -55.807
780.200190         5.573              -55.807
780.195924         5.514              -55.808
780.191705         5.454              -55.808
780.187530         5.394              -55.808
780.183401         5.334              -55.808
780.179318         5.274              -55.809
780.175280         5.214              -55.809
780.171288         5.154              -55.809
780.167342         5.094              -55.809
780.163441         5.035              -55.810
780.159586         4.975              -55.810
780.155776         4.915              -55.810
780.152012         4.855              -55.811
780.148294         4.795              -55.811
780.144622         4.735              -55.811
780.140995         4.675              -55.811
780.137414         4.615              -55.812
780.133879         4.556              -55.812
780.130390         4.496              -55.812
780.126946         4.436              -55.813
780.123548         4.376              -55.813
780.120196         4.316              -55.813
780.116890         4.256              -55.813
780.113630         4.196              -55.814
780.110415         4.136              -55.814
780.107247         4.076              -55.814
780.104124         4.017              -55.815
780.101047         3.957              -55.815
780.098017         3.897              -55.815
780.095032         3.837              -55.815
780.092093         3.777              -55.816
780.089200         3.717              -55.816
780.086353         3.657              -55.816
780.083552         3.597              -55.817
780.080797         3.538              -55.817
780.078088         3.478              -55.817
780.075425         3.418              -55.818
780.072808         3.358              -55.818
780.070237         3.298              -55.818
780.067712         3.238              -55.818
780.065233         3.178              -55.819
780.062801         3.118              -55.819
780.060414         3.058              -55.819
780.058074         2.999              -55.820
780.055779         2.939              -55.820
780.053531         2.879              -55.820
780.051329         2.819              -55.820
780.049173         2.759              -55.821
780.047063         2.699              -55.821
780.044999         2.639              -55.821
780.042982         2.579              -55.822
780.041010         2.520              -55.822
780.039085         2.460              -55.822
780.037206         2.400              -55.823
780.035374         2.340              -55.823
780.033587         2.280              -55.823
780.031847         2.220              -55.824
780.030153         2.160              -55.824
780.028505         2.100              -55.824
780.026903         2.040              -55.824
780.025348         1.981              -55.825
780.023839         1.921              -55.825
780.022376         1.861              -55.825
780.020959         1.801              -55.826
780.019589         1.741              -55.826
780.018265         1.681              -55.826
780.016987         1.621              -55.827
780.015756         1.561              -55.827
780.014571         1.501              -55.827
780.013432         1.442              -55.827
780.012339         1.382              -55.828
780.011293         1.322              -55.828
780.010293         1.262              -55.828
780.009340         1.202              -55.829
780.008432         1.142              -55.829
780.007571         1.082              -55.829
780.006757         1.022              -55.830
780.005988         0.963              -55.830
780.005267         0.903              -55.830
780.004591         0.843              -55.831
780.003962         0.783              -55.831
780.003379         0.723              -55.831
780.002842         0.663              -55.831
780.002352         0.603              -55.832
780.001908         0.543              -55.832
780.001511         0.483              -55.832
780.001160         0.424              -55.833
780.000855         0.364              -55.833
780.000597         0.304              -55.833
780.000385         0.244              -55.834
780.000219         0.184              -55.834
780.000100         0.124              -55.834
780.000027         0.064              -55.835
780.000000         0.004              -55.835
780.000020         -0.056             -55.835
780.000086         -0.115             -55.835
780.000199         -0.175             -55.836
780.000358         -0.235             -55.836
780.000563         -0.295             -55.836
780.000814         -0.355             -55.837
780.001112         -0.415             -55.837
780.001457         -0.475             -55.837
780.001848         -0.535             -55.838
780.002285         -0.594             -55.838
780.002768         -0.654             -55.838
780.003298         -0.714             -55.839
780.003874         -0.774             -55.839
780.004496         -0.834             -55.839
780.005165         -0.894             -55.840
780.005881         -0.954             -55.840
780.006642         -1.014             -55.840
780.007450         -1.074             -55.840
780.008304         -1.133             -55.841
780.009205         -1.193             -55.841
780.010151         -1.253             -55.841
780.011145         -1.313             -55.842
780.012184         -1.373             -55.842
780.013270         -1.433             -55.842
780.014402         -1.493             -55.843
780.015580         -1.553             -55.843
780.016805         -1.613             -55.843
780.018076         -1.672             -55.844
780.019393         -1.732             -55.844
780.020757         -1.792             -55.844
780.022167         -1.852             -55.844
780.023623         -1.912             -55.845
780.025125         -1.972             -55.845
780.026674         -2.032             -55.845
780.028269         -2.092             -55.846
780.029910         -2.152             -55.846
780.031597         -2.211             -55.846
780.033331         -2.271             -55.847
780.035111         -2.331             -55.847
780.036937         -2.391             -55.847
780.038809         -2.451             -55.847
780.040727         -2.511             -55.848
780.042692         -2.571             -55.848
780.044703         -2.631             -55.848
780.046760         -2.690             -55.849
780.048863         -2.750             -55.849
780.051012         -2.810             -55.849
780.053208         -2.870             -55.850
780.055449         -2.930             -55.850
780.057737         -2.990             -55.850
780.060071         -3.050             -55.850
780.062450         -3.110             -55.851
780.064876         -3.170             -55.851
780.067349         -3.229             -55.851
780.069867         -3.289             -55.852
780.072431         -3.349             -55.852
780.075041         -3.409             -55.852
780.077697         -3.469             -55.853
780.080400         -3.529             -55.853
780.083148         -3.589             -55.853
780.085942         -3.649             -55.853
780.088783         -3.708             -55.854
780.091669         -3.768             -55.854
780.094601         -3.828             -55.854
780.097579         -3.888             -55.855
780.100603         -3.948             -55.855
780.103674         -4.008             -55.855
780.106789         -4.068             -55.855
780.109951         -4.128             -55.856
780.113159         -4.188             -55.856
780.116413         -4.247             -55.856
780.119712         -4.307             -55.857
780.123058         -4.367             -55.857
780.126449         -4.427             -55.857
780.129886         -4.487             -55.857
780.133368         -4.547             -55.858
780.136897         -4.607             -55.858
780.140471         -4.667             -55.858
780.144091         -4.726             -55.859
780.147757         -4.786             -55.859
780.151468         -4.846             -55.859
780.155226         -4.906             -55.859
780.159029         -4.966             -55.860
780.162877         -5.026             -55.860
780.166771         -5.086             -55.860
780.170711         -5.146             -55.861
780.174697         -5.205             -55.861
780.178728         -5.265             -55.861
780.182804         -5.325             -55.861
780.186926         -5.385             -55.862
780.191094         -5.445             -55.862
780.195307         -5.505             -55.862
780.199566         -5.565             -55.863
780.203871         -5.625             -55.863
780.208220         -5.685             -55.863
780.212615         -5.744             -55.863
780.217056         -5.804             -55.864
780.221542         -5.864             -55.864
780.226074         -5.924             -55.864
780.230650         -5.984             -55.864
780.235273         -6.044             -55.865
780.239940         -6.104             -55.865
780.244653         -6.164             -55.865
780.249411         -6.223             -55.865
780.254214         -6.283             -55.866
780.259063         -6.343             -55.866
780.263957         -6.403             -55.866
780.268896         -6.463             -55.867
780.273880         -6.523             -55.867
780.278909         -6.583             -55.867
780.283984         -6.643             -55.867
780.289104         -6.702             -55.868
780.294268         -6.762             -55.868
780.299478         -6.822             -55.868
780.304733         -6.882             -55.868
780.310033         -6.942             -55.869
780.315378         -7.002             -55.869
780.320768         -7.062             -55.869
780.326203         -7.122             -55.869
780.331683         -7.181             -55.870
780.337207         -7.241             -55.870
780.342777         -7.301             -55.870
780.348391         -7.361             -55.870
780.354051         -7.421             -55.871
780.359755         -7.481             -55.871
780.365504         -7.541             -55.871
780.371297         -7.600             -55.871
780.377136         -7.660             -55.872
780.383019         -7.720             -55.872
780.388946         -7.780             -55.872
780.394919         -7.840             -55.872
780.400936         -7.900             -55.872
780.406998         -7.960             -55.873
780.413104         -8.020             -55.873
780.419255         -8.079             -55.873
780.425450         -8.139             -55.873
780.431690         -8.199             -55.874
780.437974         -8.259             -55.874
780.444303         -8.319             -55.874
780.450676         -8.379             -55.874
780.457094         -8.439             -55.875
780.463555         -8.499             -55.875
780.470062         -8.558             -55.875
780.476612         -8.618             -55.875
780.483207         -8.678             -55.875
780.489846         -8.738             -55.876
780.496529         -8.798             -55.876
780.503257         -8.858             -55.876
780.510028         -8.918             -55.876
780.516844         -8.977             -55.877
780.523704         -9.037             -55.877
780.530608         -9.097             -55.877
780.537556         -9.157             -55.877
780.544548         -9.217             -55.877
780.551584         -9.277             -55.878
780.558664         -9.337             -55.878
780.565787         -9.396             -55.878
780.572955         -9.456             -55.878
780.580167         -9.516             -55.878
780.587422         -9.576             -55.879
780.594721         -9.636             -55.879
780.602064         -9.696             -55.879
780.609451         -9.756             -55.879
780.616881         -9.816             -55.879
780.624355         -9.875             -55.880
780.631872         -9.935             -55.880
780.639434         -9.995             -55.880
780.647038         -10.055            -55.880
780.654687         -10.115            -55.880
780.662378         -10.175            -55.880
780.670113         -10.235            -55.881
780.677892         -10.294            -55.881
780.685714         -10.354            -55.881
780.693579         -10.414            -55.881
780.701488         -10.474            -55.881
780.709440         -10.534            -55.882
780.717435         -10.594            -55.882
780.725474         -10.654            -55.882
780.733555         -10.713            -55.882
780.741680         -10.773            -55.882
780.749848         -10.833            -55.882
780.758059         -10.893            -55.883
780.766313         -10.953            -55.883
780.774610         -11.013            -55.883
780.782950         -11.073            -55.883
780.791333         -11.132            -55.883
780.799759         -11.192            -55.883
780.808227         -11.252            -55.884
780.816739         -11.312            -55.884
780.825293         -11.372            -55.884
780.833890         -11.432            -55.884
780.842530         -11.492            -55.884
780.851212         -11.551            -55.884
780.859937         -11.611            -55.885
780.868705         -11.671            -55.885
780.877515         -11.731            -55.885
780.886368         -11.791            -55.885
780.895263         -11.851            -55.885
780.904200         -11.910            -55.885
780.913180         -11.970            -55.885
780.922202         -12.030            -55.885
780.931267         -12.090            -55.886
780.940374         -12.150            -55.886
780.949523         -12.210            -55.886
780.958715         -12.270            -55.886
780.967948         -12.329            -55.886
780.977224         -12.389            -55.886
780.986541         -12.449            -55.886
780.995901         -12.509            -55.887
781.005303         -12.569            -55.887
781.014747         -12.629            -55.887
781.024232         -12.688            -55.887
781.033760         -12.748            -55.887
781.043329         -12.808            -55.887
781.052940         -12.868            -55.887
781.062593         -12.928            -55.887
781.072287         -12.988            -55.887
781.082024         -13.048            -55.888
781.091801         -13.107            -55.888
781.101621         -13.167            -55.888
781.111482         -13.227            -55.888
781.121384         -13.287            -55.888
781.131328         -13.347            -55.888
781.141313         -13.407            -55.888
781.151340         -13.466            -55.888
781.161408         -13.526            -55.888
781.171517         -13.586            -55.888
781.181667         -13.646            -55.888
781.191859         -13.706            -55.889
781.202092         -13.766            -55.889
781.212365         -13.825            -55.889
781.222680         -13.885            -55.889
781.233036         -13.945            -55.889
781.243433         -14.005            -55.889
781.253871         -14.065            -55.889
781.264349         -14.125            -55.889
781.274869         -14.184            -55.889
781.285429         -14.244            -55.889
781.296030         -14.304            -55.889
781.306671         -14.364            -55.889
781.317354         -14.424            -55.889
781.328076         -14.484            -55.889
781.338840         -14.543            -55.889
781.349644         -14.603            -55.890
781.360488         -14.663            -55.890
781.371373         -14.723            -55.890
781.382298         -14.783            -55.890
781.393263         -14.843            -55.890
781.404268         -14.902            -55.890
781.415314         -14.962            -55.890
781.426400         -15.022            -55.890
781.437526         -15.082            -55.890
781.448692         -15.142            -55.890
781.459898         -15.202            -55.890
781.471144         -15.261            -55.890
781.482430         -15.321            -55.890
781.493756         -15.381            -55.890
781.505122         -15.441            -55.890
781.516527         -15.501            -55.890
781.527972         -15.561            -55.890
781.539457         -15.620            -55.890
781.550982         -15.680            -55.890
781.562546         -15.740            -55.890
781.574149         -15.800            -55.890
781.585792         -15.860            -55.890
781.597474         -15.919            -55.890
781.609196         -15.979            -55.890
781.620957         -16.039            -55.890
781.632757         -16.099            -55.890
781.644597         -16.159            -55.890
781.656475         -16.219            -55.890
781.668393         -16.278            -55.890
781.680350         -16.338            -55.890
781.692345         -16.398            -55.890
781.704380         -16.458            -55.890
781.716454         -16.518            -55.890
781.728566         -16.577            -55.890
781.740717         -16.637            -55.890
781.752907         -16.697            -55.890
781.765136         -16.757            -55.890
781.777403         -16.817            -55.890
781.789709         -16.877            -55.890
781.802053         -16.936            -55.890
781.814436         -16.996            -55.890
781.826857         -17.056            -55.890
781.839316         -17.116            -55.890
781.851814         -17.176            -55.889
781.864350         -17.235            -55.889
781.876925         -17.295            -55.889
781.889537         -17.355            -55.889
781.902187         -17.415            -55.889
781.914876         -17.475            -55.889
781.927602         -17.534            -55.889
781.940367         -17.594            -55.889
781.953169         -17.654            -55.889
781.966009         -17.714            -55.889
781.978887         -17.774            -55.889
781.991802         -17.834            -55.889
782.004755         -17.893            -55.889
782.017746         -17.953            -55.888
782.030774         -18.013            -55.888
782.043839         -18.073            -55.888
782.056942         -18.133            -55.888
782.070083         -18.192            -55.888
782.083260         -18.252            -55.888
782.096475         -18.312            -55.888
782.109727         -18.372            -55.888
782.123016         -18.432            -55.888
782.136342         -18.491            -55.888
782.149706         -18.551            -55.887
782.163106         -18.611            -55.887
782.176543         -18.671            -55.887
782.190017         -18.731            -55.887
782.203527         -18.790            -55.887
782.217074         -18.850            -55.887
782.230658         -18.910            -55.887
782.244279         -18.970            -55.886
782.257936         -19.030            -55.886
782.271629         -19.089            -55.886
782.285359         -19.149            -55.886
782.299126         -19.209            -55.886
782.312928         -19.269            -55.886
782.326767         -19.328            -55.886
782.340642         -19.388            -55.885
782.354553         -19.448            -55.885
782.368500         -19.508            -55.885
782.382483         -19.568            -55.885
782.396502         -19.627            -55.885
782.410556         -19.687            -55.885
782.424647         -19.747            -55.884
782.438773         -19.807            -55.884
782.452935         -19.867            -55.884
782.467133         -19.926            -55.884
782.481366         -19.986            -55.884
782.495635         -20.046            -55.883
782.509939         -20.106            -55.883
782.524278         -20.166            -55.883
782.538653         -20.225            -55.883
782.553063         -20.285            -55.883
782.567508         -20.345            -55.882
782.581988         -20.405            -55.882
782.596503         -20.464            -55.882
782.611054         -20.524            -55.882
782.625639         -20.584            -55.881
782.640259         -20.644            -55.881
782.654914         -20.704            -55.881
782.669603         -20.763            -55.881
782.684327         -20.823            -55.881
782.699086         -20.883            -55.880
782.713879         -20.943            -55.880
782.728707         -21.002            -55.880
782.743569         -21.062            -55.879
782.758466         -21.122            -55.879
782.773397         -21.182            -55.879
782.788362         -21.242            -55.879
782.803361         -21.301            -55.878
782.818394         -21.361            -55.878
782.833461         -21.421            -55.878
782.848562         -21.481            -55.878
782.863697         -21.540            -55.877
782.878866         -21.600            -55.877
782.894069         -21.660            -55.877
782.909305         -21.720            -55.876
782.924575         -21.779            -55.876
782.939878         -21.839            -55.876
782.955215         -21.899            -55.876
782.970586         -21.959            -55.875
782.985989         -22.019            -55.875
783.001426         -22.078            -55.875
783.016896         -22.138            -55.874
783.032399         -22.198            -55.874
783.047936         -22.258            -55.874
783.063505         -22.317            -55.873
783.079107         -22.377            -55.873
783.094743         -22.437            -55.873
783.110411         -22.497            -55.872
783.126111         -22.556            -55.872
783.141845         -22.616            -55.872
783.157611         -22.676            -55.871
783.173409         -22.736            -55.871
783.189240         -22.795            -55.870
783.205103         -22.855            -55.870
783.220999         -22.915            -55.870
783.236927         -22.975            -55.869
783.252887         -23.034            -55.869
783.268879         -23.094            -55.869
783.284903         -23.154            -55.868
783.300959         -23.214            -55.868
783.317047         -23.273            -55.867
783.333167         -23.333            -55.867
783.349319         -23.393            -55.867
783.365502         -23.453            -55.866
783.381717         -23.512            -55.866
783.397963         -23.572            -55.865
783.414241         -23.632            -55.865
783.430551         -23.692            -55.864
783.446891         -23.751            -55.864
783.463263         -23.811            -55.864
783.479666         -23.871            -55.863
783.496101         -23.931            -55.863
783.512566         -23.990            -55.862
783.529062         -24.050            -55.862
783.545589         -24.110            -55.861
783.562147         -24.170            -55.861
783.578736         -24.229            -55.860
783.595356         -24.289            -55.860
783.612006         -24.349            -55.860
783.628686         -24.409            -55.859
783.645397         -24.468            -55.859
783.662139         -24.528            -55.858
783.678910         -24.588            -55.858
783.695712         -24.648            -55.857
783.712544         -24.707            -55.857
783.729407         -24.767            -55.856
783.746299         -24.827            -55.856
783.763221         -24.886            -55.855
783.780173         -24.946            -55.855
783.797155         -25.006            -55.854
783.814167         -25.066            -55.854
783.831208         -25.125            -55.853
783.848279         -25.185            -55.852
783.865379         -25.245            -55.852
783.882509         -25.305            -55.851
783.899668         -25.364            -55.851
783.916857         -25.424            -55.850
783.934074         -25.484            -55.850
783.951321         -25.543            -55.849
783.968597         -25.603            -55.849
783.985902         -25.663            -55.848
784.003235         -25.723            -55.847
784.020598         -25.782            -55.847
784.037989         -25.842            -55.846
784.055409         -25.902            -55.846
784.072858         -25.962            -55.845
784.090335         -26.021            -55.844
784.107840         -26.081            -55.844
784.125374         -26.141            -55.843
784.142936         -26.200            -55.843
784.160526         -26.260            -55.842
784.178145         -26.320            -55.841
784.195792         -26.380            -55.841
784.213466         -26.439            -55.840
784.231169         -26.499            -55.839
784.248899         -26.559            -55.839
784.266657         -26.618            -55.838
784.284443         -26.678            -55.838
784.302256         -26.738            -55.837
784.320097         -26.798            -55.836
784.337965         -26.857            -55.836
784.355861         -26.917            -55.835
784.373784         -26.977            -55.834
784.391734         -27.036            -55.834
784.409711         -27.096            -55.833
784.427715         -27.156            -55.832
784.445747         -27.215            -55.831
784.463805         -27.275            -55.831
784.481890         -27.335            -55.830
784.500002         -27.395            -55.829
784.518140         -27.454            -55.829
784.536305         -27.514            -55.828
784.554496         -27.574            -55.827
784.572714         -27.633            -55.826
784.590958         -27.693            -55.826
784.609229         -27.753            -55.825
784.627526         -27.812            -55.824
784.645848         -27.872            -55.823
784.664197         -27.932            -55.823
784.682572         -27.992            -55.822
784.700972         -28.051            -55.821
784.719399         -28.111            -55.820
784.737851         -28.171            -55.819
784.756328         -28.230            -55.819
784.774832         -28.290            -55.818
784.793360         -28.350            -55.817
784.811914         -28.409            -55.816
784.830494         -28.469            -55.815
784.849098         -28.529            -55.815
784.867728         -28.588            -55.814
784.886382         -28.648            -55.813
784.905062         -28.708            -55.812
784.923767         -28.767            -55.811
784.942496         -28.827            -55.810
784.961250         -28.887            -55.810
784.980029         -28.947            -55.809
784.998832         -29.006            -55.808
785.017660         -29.066            -55.807
785.036512         -29.126            -55.806
785.055389         -29.185            -55.805
785.074289         -29.245            -55.804
785.093214         -29.305            -55.803
785.112163         -29.364            -55.803
785.131136         -29.424            -55.802
785.150133         -29.484            -55.801
785.169153         -29.543            -55.800
785.188198         -29.603            -55.799
785.207266         -29.663            -55.798
785.226357         -29.722            -55.797
785.245472         -29.782            -55.796
785.264611         -29.842            -55.795
785.283773         -29.901            -55.794
785.302958         -29.961            -55.793
785.322166         -30.021            -55.792
785.341397         -30.080            -55.791
785.360651         -30.140            -55.790
785.379928         -30.200            -55.789
785.399228         -30.259            -55.788
785.418551         -30.319            -55.787
785.437896         -30.379            -55.786
785.457264         -30.438            -55.785
785.476654         -30.498            -55.784
785.496067         -30.558            -55.783
785.515502         -30.617            -55.782
785.534959         -30.677            -55.781
785.554439         -30.737            -55.780
785.573940         -30.796            -55.779
785.593463         -30.856            -55.778
785.613009         -30.915            -55.777
785.632576         -30.975            -55.776
785.652164         -31.035            -55.775
785.671775         -31.094            -55.774
785.691407         -31.154            -55.773
785.711060         -31.214            -55.772
785.730735         -31.273            -55.771
785.750431         -31.333            -55.769
785.770148         -31.393            -55.768
785.789887         -31.452            -55.767
785.809646         -31.512            -55.766
785.829426         -31.572            -55.765
785.849228         -31.631            -55.764
785.869050         -31.691            -55.763
785.888892         -31.751            -55.762
785.908755         -31.810            -55.760
785.928639         -31.870            -55.759
785.948543         -31.929            -55.758
785.968468         -31.989            -55.757
785.988413         -32.049            -55.756
786.008377         -32.108            -55.754
786.028362         -32.168            -55.753
786.048367         -32.228            -55.752
786.068392         -32.287            -55.751
786.088437         -32.347            -55.750
786.108501         -32.407            -55.748
786.128585         -32.466            -55.747
786.148689         -32.526            -55.746
786.168812         -32.585            -55.745
786.188954         -32.645            -55.743
786.209116         -32.705            -55.742
786.229297         -32.764            -55.741
786.249497         -32.824            -55.740
786.269716         -32.884            -55.738
786.289954         -32.943            -55.737
786.310211         -33.003            -55.736
786.330486         -33.062            -55.734
786.350780         -33.122            -55.733
786.371093         -33.182            -55.732
786.391424         -33.241            -55.730
786.411774         -33.301            -55.729
786.432142         -33.360            -55.728
786.452528         -33.420            -55.726
786.472933         -33.480            -55.725
786.493355         -33.539            -55.724
786.513796         -33.599            -55.722
786.534254         -33.659            -55.721
786.554730         -33.718            -55.719
786.575224         -33.778            -55.718
786.595735         -33.837            -55.717
786.616264         -33.897            -55.715
786.636810         -33.957            -55.714
786.657373         -34.016            -55.712
786.677954         -34.076            -55.711
786.698552         -34.135            -55.710
786.719167         -34.195            -55.708
786.739799         -34.255            -55.707
786.760448         -34.314            -55.705
786.781114         -34.374            -55.704
786.801796         -34.433            -55.702
786.822495         -34.493            -55.701
786.843211         -34.553            -55.699
786.863943         -34.612            -55.698
786.884691         -34.672            -55.696
786.905456         -34.731            -55.695
786.926237         -34.791            -55.693
786.947033         -34.851            -55.692
786.967846         -34.910            -55.690
786.988675         -34.970            -55.688
787.009519         -35.029            -55.687
787.030379         -35.089            -55.685
787.051255         -35.149            -55.684
787.072147         -35.208            -55.682
787.093053         -35.268            -55.681
787.113976         -35.327            -55.679
787.134913         -35.387            -55.677
787.155865         -35.446            -55.676
787.176833         -35.506            -55.674
787.197816         -35.566            -55.672
787.218813         -35.625            -55.671
787.239825         -35.685            -55.669
787.260852         -35.744            -55.667
787.281894         -35.804            -55.666
787.302950         -35.864            -55.664
787.324021         -35.923            -55.662
787.345106         -35.983            -55.661
787.366205         -36.042            -55.659
787.387318         -36.102            -55.657
787.408445         -36.161            -55.655
787.429587         -36.221            -55.654
787.450742         -36.281            -55.652
787.471911         -36.340            -55.650
787.493094         -36.400            -55.648
787.514290         -36.459            -55.647
787.535500         -36.519            -55.645
787.556723         -36.578            -55.643
787.577960         -36.638            -55.641
787.599210         -36.697            -55.639
787.620473         -36.757            -55.638
787.641749         -36.817            -55.636
787.663037         -36.876            -55.634
787.684339         -36.936            -55.632
787.705654         -36.995            -55.630
787.726981         -37.055            -55.628
787.748321         -37.114            -55.627
787.769673         -37.174            -55.625
787.791038         -37.233            -55.623
787.812415         -37.293            -55.621
787.833805         -37.353            -55.619
787.855206         -37.412            -55.617
787.876619         -37.472            -55.615
787.898045         -37.531            -55.613
787.919482         -37.591            -55.611
787.940931         -37.650            -55.609
787.962391         -37.710            -55.607
787.983864         -37.769            -55.605
788.005347         -37.829            -55.603
788.026842         -37.888            -55.601
788.048349         -37.948            -55.599
788.069866         -38.008            -55.597
788.091395         -38.067            -55.595
788.112934         -38.127            -55.593
788.134485         -38.186            -55.591
788.156046         -38.246            -55.589
788.177618         -38.305            -55.587
788.199201         -38.365            -55.585
788.220794         -38.424            -55.583
788.242398         -38.484            -55.581
788.264012         -38.543            -55.579
788.285636         -38.603            -55.576
788.307270         -38.662            -55.574
788.328915         -38.722            -55.572
788.350569         -38.781            -55.570
788.372233         -38.841            -55.568
788.393907         -38.901            -55.566
788.415591         -38.960            -55.563
788.437284         -39.020            -55.561
788.458987         -39.079            -55.559
788.480700         -39.139            -55.557
788.502421         -39.198            -55.555
788.524152         -39.258            -55.552
788.545892         -39.317            -55.550
788.567641         -39.377            -55.548
788.589398         -39.436            -55.546
788.611165         -39.496            -55.543
788.632941         -39.555            -55.541
788.654725         -39.615            -55.539
788.676517         -39.674            -55.536
788.698318         -39.734            -55.534
788.720128         -39.793            -55.532
788.741945         -39.853            -55.529
788.763771         -39.912            -55.527
788.785605         -39.972            -55.525
788.807447         -40.031            -55.522
788.829297         -40.091            -55.520
788.851155         -40.150            -55.517
788.873020         -40.210            -55.515
788.894893         -40.269            -55.513
788.916773         -40.329            -55.510
788.938661         -40.388            -55.508
788.960556         -40.448            -55.505
788.982459         -40.507            -55.503
789.004368         -40.567            -55.500
789.026285         -40.626            -55.498
789.048208         -40.686            -55.495
789.070139         -40.745            -55.493
789.092076         -40.805            -55.490
789.114019         -40.864            -55.488
789.135970         -40.924            -55.485
789.157926         -40.983            -55.482
789.179889         -41.043            -55.480
789.201859         -41.102            -55.477
789.223834         -41.162            -55.475
789.245816         -41.221            -55.472
789.267804         -41.281            -55.469
789.289797         -41.340            -55.467
789.311796         -41.400            -55.464
789.333801         -41.459            -55.461
789.355812         -41.518            -55.459
789.377828         -41.578            -55.456
789.399850         -41.637            -55.453
789.421876         -41.697            -55.451
789.443908         -41.756            -55.448
789.465946         -41.816            -55.445
789.487988         -41.875            -55.442
789.510035         -41.935            -55.440
789.532087         -41.994            -55.437
789.554144         -42.054            -55.434
789.576205         -42.113            -55.431
789.598271         -42.173            -55.428
789.620341         -42.232            -55.425
789.642416         -42.292            -55.423
789.664495         -42.351            -55.420
789.686578         -42.410            -55.417
789.708665         -42.470            -55.414
789.730756         -42.529            -55.411
789.752851         -42.589            -55.408
789.774950         -42.648            -55.405
789.797053         -42.708            -55.402
789.819159         -42.767            -55.399
789.841269         -42.827            -55.396
789.863382         -42.886            -55.393
789.885498         -42.946            -55.390
789.907617         -43.005            -55.387
789.929740         -43.064            -55.384
789.951866         -43.124            -55.381
789.973994         -43.183            -55.378
789.996126         -43.243            -55.375
790.018260         -43.302            -55.372
790.040396         -43.362            -55.369
790.062536         -43.421            -55.366
790.084677         -43.480            -55.363
790.106821         -43.540            -55.360
790.128968         -43.599            -55.356
790.151116         -43.659            -55.353
790.173267         -43.718            -55.350
790.195419         -43.778            -55.347
790.217573         -43.837            -55.344
790.239730         -43.897            -55.340
790.261887         -43.956            -55.337
790.284047         -44.015            -55.334
790.306207         -44.075            -55.331
790.328370         -44.134            -55.327
790.350533         -44.194            -55.324
790.372698         -44.253            -55.321
790.394864         -44.312            -55.317
790.417030         -44.372            -55.314
790.439198         -44.431            -55.311
790.461366         -44.491            -55.307
790.483536         -44.550            -55.304
790.505705         -44.610            -55.301
790.527876         -44.669            -55.297
790.550046         -44.728            -55.294
790.572217         -44.788            -55.290
790.594389         -44.847            -55.287
790.616560         -44.907            -55.283
790.638732         -44.966            -55.280
790.660903         -45.025            -55.276
790.683074         -45.085            -55.273
790.705245         -45.144            -55.269
790.727416         -45.204            -55.266
790.749586         -45.263            -55.262
790.771755         -45.322            -55.258
790.793924         -45.382            -55.255
790.816093         -45.441            -55.251
790.838260         -45.501            -55.248
790.860427         -45.560            -55.244
790.882592         -45.619            -55.240
790.904756         -45.679            -55.237
790.926920         -45.738            -55.233
790.949081         -45.798            -55.229
790.971242         -45.857            -55.225
790.993401         -45.916            -55.222
791.015558         -45.976            -55.218
791.037714         -46.035            -55.214
791.059868         -46.094            -55.210
791.082020         -46.154            -55.206
791.104169         -46.213            -55.202
791.126317         -46.273            -55.199
791.148463         -46.332            -55.195
791.170607         -46.391            -55.191
791.192748         -46.451            -55.187
791.214886         -46.510            -55.183
791.237022         -46.569            -55.179
791.259156         -46.629            -55.175
791.281286         -46.688            -55.171
791.303414         -46.748            -55.167
791.325539         -46.807            -55.163
791.347661         -46.866            -55.159
791.369780         -46.926            -55.155
791.391895         -46.985            -55.151
791.414007         -47.044            -55.147
791.436116         -47.104            -55.143
791.458221         -47.163            -55.138
791.480323         -47.222            -55.134
791.502421         -47.282            -55.130
791.524515         -47.341            -55.126
791.546605         -47.401            -55.122
791.568691         -47.460            -55.118
791.590773         -47.519            -55.113
791.612851         -47.579            -55.109
791.634925         -47.638            -55.105
791.656994         -47.697            -55.100
791.679059         -47.757            -55.096
791.701119         -47.816            -55.092
791.723174         -47.875            -55.087
791.745225         -47.935            -55.083
791.767271         -47.994            -55.079
791.789312         -48.053            -55.074
791.811348         -48.113            -55.070
791.833379         -48.172            -55.065
791.855404         -48.231            -55.061
791.877425         -48.291            -55.056
791.899439         -48.350            -55.052
791.921449         -48.409            -55.047
791.943452         -48.469            -55.043
791.965450         -48.528            -55.038
791.987442         -48.587            -55.034
792.009429         -48.647            -55.029
792.031409         -48.706            -55.024
792.053383         -48.765            -55.020
792.075351         -48.825            -55.015
792.097312         -48.884            -55.010
792.119268         -48.943            -55.005
792.141216         -49.003            -55.001
792.163159         -49.062            -54.996
792.185094         -49.121            -54.991
792.207023         -49.180            -54.986
792.228945         -49.240            -54.982
792.250860         -49.299            -54.977
792.272768         -49.358            -54.972
792.294669         -49.418            -54.967
792.316562         -49.477            -54.962
792.338449         -49.536            -54.957
792.360327         -49.596            -54.952
792.382199         -49.655            -54.947
792.404062         -49.714            -54.942
792.425918         -49.773            -54.937
792.447767         -49.833            -54.932
792.469607         -49.892            -54.927
792.491439         -49.951            -54.922
792.513263         -50.011            -54.917
792.535079         -50.070            -54.912
792.556887         -50.129            -54.906
792.578687         -50.189            -54.901
792.600478         -50.248            -54.896
792.622260         -50.307            -54.891
792.644034         -50.366            -54.886
792.665799         -50.426            -54.880
792.687555         -50.485            -54.875
792.709302         -50.544            -54.870
792.731040         -50.603            -54.864
792.752769         -50.663            -54.859
792.774489         -50.722            -54.853
792.796199         -50.781            -54.848
792.817901         -50.841            -54.843
792.839592         -50.900            -54.837
792.861274         -50.959            -54.832
792.882947         -51.018            -54.826
792.904609         -51.078            -54.821
792.926262         -51.137            -54.815
792.947905         -51.196            -54.809
792.969537         -51.255            -54.804
792.991160         -51.315            -54.798
793.012772         -51.374            -54.792
793.034374         -51.433            -54.787
793.055966         -51.492            -54.781
793.077546         -51.552            -54.775
793.099117         -51.611            -54.769
793.120676         -51.670            -54.764
793.142225         -51.729            -54.758
793.163763         -51.789            -54.752
793.185290         -51.848            -54.746
793.206806         -51.907            -54.740
793.228311         -51.966            -54.734
793.249804         -52.026            -54.728
793.271286         -52.085            -54.722
793.292757         -52.144            -54.716
793.314216         -52.203            -54.710
793.335663         -52.263            -54.704
793.357099         -52.322            -54.698
793.378523         -52.381            -54.692
793.399934         -52.440            -54.686
793.421334         -52.499            -54.680
793.442722         -52.559            -54.673
793.464098         -52.618            -54.667
793.485461         -52.677            -54.661
793.506812         -52.736            -54.655
793.528150         -52.796            -54.648
793.549476         -52.855            -54.642
793.570789         -52.914            -54.636
793.592090         -52.973            -54.629
793.613377         -53.032            -54.623
793.634652         -53.092            -54.616
793.655914         -53.151            -54.610
793.677162         -53.210            -54.603
793.698398         -53.269            -54.597
793.719620         -53.328            -54.590
793.740828         -53.388            -54.584
793.762023         -53.447            -54.577
793.783205         -53.506            -54.570
793.804373         -53.565            -54.564
793.825527         -53.624            -54.557
793.846667         -53.684            -54.550
793.867794         -53.743            -54.543
793.888906         -53.802            -54.536
793.910004         -53.861            -54.530
793.931088         -53.920            -54.523
793.952158         -53.980            -54.516
793.973213         -54.039            -54.509
793.994254         -54.098            -54.502
794.015280         -54.157            -54.495
794.036291         -54.216            -54.488
794.057288         -54.276            -54.481
794.078270         -54.335            -54.474
794.099237         -54.394            -54.466
794.120189         -54.453            -54.459
794.141125         -54.512            -54.452
794.162047         -54.571            -54.445
794.182953         -54.631            -54.438
794.203844         -54.690            -54.430
794.224719         -54.749            -54.423
794.245579         -54.808            -54.416
794.266423         -54.867            -54.408
794.287252         -54.926            -54.401
794.308064         -54.985            -54.393
794.328861         -55.045            -54.386
794.349641         -55.104            -54.378
794.370406         -55.163            -54.371
794.391154         -55.222            -54.363
794.411886         -55.281            -54.355
794.432602         -55.340            -54.348
794.453301         -55.400            -54.340
794.473983         -55.459            -54.332
794.494649         -55.518            -54.324
794.515298         -55.577            -54.317
794.535931         -55.636            -54.309
794.556546         -55.695            -54.301
794.577144         -55.754            -54.293
794.597726         -55.813            -54.285
794.618290         -55.873            -54.277
794.638836         -55.932            -54.269
794.659366         -55.991            -54.261
794.679878         -56.050            -54.253
794.700372         -56.109            -54.245
794.720849         -56.168            -54.236
794.741308         -56.227            -54.228
794.761750         -56.286            -54.220
794.782173         -56.346            -54.212
794.802578         -56.405            -54.203
794.822966         -56.464            -54.195
794.843335         -56.523            -54.186
794.863686         -56.582            -54.178
794.884019         -56.641            -54.169
794.904333         -56.700            -54.161
794.924628         -56.759            -54.152
794.944906         -56.818            -54.144
794.965164         -56.877            -54.135
794.985404         -56.937            -54.126
795.005624         -56.996            -54.118
795.025826         -57.055            -54.109
795.046009         -57.114            -54.100
795.066173         -57.173            -54.091
795.086317         -57.232            -54.082
795.106442         -57.291            -54.073
795.126548         -57.350            -54.064
795.146634         -57.409            -54.055
795.166701         -57.468            -54.046
795.186748         -57.527            -54.037
795.206776         -57.586            -54.028
795.226783         -57.645            -54.019
795.246771         -57.705            -54.009
795.266739         -57.764            -54.000
795.286686         -57.823            -53.991
795.306614         -57.882            -53.981
795.326521         -57.941            -53.972
795.346408         -58.000            -53.962
795.366274         -58.059            -53.953
795.386120         -58.118            -53.943
795.405946         -58.177            -53.934
795.425751         -58.236            -53.924
795.445535         -58.295            -53.914
795.465298         -58.354            -53.905
795.485040         -58.413            -53.895
795.504761         -58.472            -53.885
795.524461         -58.531            -53.875
795.544140         -58.590            -53.865
795.563798         -58.649            -53.855
795.583434         -58.708            -53.845
795.603049         -58.767            -53.835
795.622642         -58.826            -53.825
795.642214         -58.885            -53.815
795.661764         -58.944            -53.805
795.681292         -59.003            -53.794
795.700798         -59.062            -53.784
795.720283         -59.121            -53.774
795.739745         -59.181            -53.763
795.759186         -59.240            -53.753
795.778604         -59.299            -53.742
795.798000         -59.358            -53.732
795.817373         -59.417            -53.721
795.836724         -59.476            -53.710
795.856053         -59.535            -53.700
795.875358         -59.594            -53.689
795.894642         -59.653            -53.678
795.913902         -59.711            -53.667
795.933140         -59.770            -53.656
795.952354         -59.829            -53.645
795.971546         -59.888            -53.634
795.990714         -59.947            -53.623
796.009859         -60.006            -53.612
796.028981         -60.065            -53.601
796.048080         -60.124            -53.589
796.067155         -60.183            -53.578
796.086207         -60.242            -53.567
796.105235         -60.301            -53.555
796.124239         -60.360            -53.544
796.143220         -60.419            -53.532
796.162177         -60.478            -53.521
796.181110         -60.537            -53.509
796.200018         -60.596            -53.497
796.218903         -60.655            -53.486
796.237764         -60.714            -53.474
796.256600         -60.773            -53.462
796.275412         -60.832            -53.450
796.294200         -60.891            -53.438
796.312963         -60.950            -53.426
796.331701         -61.009            -53.414
796.350415         -61.068            -53.401
796.369104         -61.127            -53.389
796.387768         -61.185            -53.377
796.406407         -61.244            -53.365
796.425022         -61.303            -53.352
796.443611         -61.362            -53.340
796.462175         -61.421            -53.327
796.480714         -61.480            -53.314
796.499228         -61.539            -53.302
796.517716         -61.598            -53.289
796.536179         -61.657            -53.276
796.554616         -61.716            -53.263
796.573028         -61.775            -53.250
796.591414         -61.834            -53.237
796.609774         -61.892            -53.224
796.628108         -61.951            -53.211
796.646416         -62.010            -53.198
796.664699         -62.069            -53.185
796.682955         -62.128            -53.171
796.701185         -62.187            -53.158
796.719389         -62.246            -53.144
796.737566         -62.305            -53.131
796.755717         -62.363            -53.117
796.773842         -62.422            -53.104
796.791940         -62.481            -53.090
796.810011         -62.540            -53.076
796.828056         -62.599            -53.062
796.846074         -62.658            -53.048
796.864065         -62.717            -53.034
796.882029         -62.775            -53.020
796.899966         -62.834            -53.006
796.917875         -62.893            -52.991
796.935758         -62.952            -52.977
796.953614         -63.011            -52.963
796.971442         -63.070            -52.948
796.989242         -63.129            -52.934
797.007016         -63.187            -52.919
797.024761         -63.246            -52.904
797.042479         -63.305            -52.890
797.060169         -63.364            -52.875
797.077832         -63.423            -52.860
797.095466         -63.481            -52.845
797.113073         -63.540            -52.830
797.130652         -63.599            -52.814
797.148202         -63.658            -52.799
797.165724         -63.717            -52.784
797.183219         -63.776            -52.768
797.200684         -63.834            -52.753
797.218122         -63.893            -52.737
797.235531         -63.952            -52.722
797.252911         -64.011            -52.706
797.270263         -64.069            -52.690
797.287586         -64.128            -52.674
797.304880         -64.187            -52.658
797.322145         -64.246            -52.642
797.339382         -64.305            -52.626
797.356589         -64.363            -52.610
797.373767         -64.422            -52.593
797.390917         -64.481            -52.577
797.408037         -64.540            -52.560
797.425127         -64.598            -52.544
797.442189         -64.657            -52.527
797.459221         -64.716            -52.510
797.476223         -64.775            -52.493
797.493196         -64.833            -52.476
797.510139         -64.892            -52.459
797.527052         -64.951            -52.442
797.543936         -65.010            -52.425
797.560790         -65.068            -52.407
797.577613         -65.127            -52.390
797.594407         -65.186            -52.372
797.611171         -65.244            -52.355
797.627904         -65.303            -52.337
797.644608         -65.362            -52.319
797.661281         -65.421            -52.301
797.677923         -65.479            -52.283
797.694535         -65.538            -52.265
797.711117         -65.597            -52.247
797.727668         -65.655            -52.228
797.744188         -65.714            -52.210
797.760678         -65.773            -52.191
797.777137         -65.831            -52.173
797.793564         -65.890            -52.154
797.809961         -65.949            -52.135
797.826327         -66.007            -52.116
797.842662         -66.066            -52.097
797.858966         -66.125            -52.078
797.875238         -66.183            -52.059
797.891479         -66.242            -52.039
797.907689         -66.301            -52.020
797.923867         -66.359            -52.000
797.940014         -66.418            -51.980
797.956129         -66.477            -51.961
797.972213         -66.535            -51.941
797.988265         -66.594            -51.921
798.004285         -66.652            -51.900
798.020273         -66.711            -51.880
798.036229         -66.770            -51.860
798.052154         -66.828            -51.839
798.068046         -66.887            -51.819
798.083906         -66.945            -51.798
798.099734         -67.004            -51.777
798.115530         -67.063            -51.756
798.131293         -67.121            -51.735
798.147024         -67.180            -51.713
798.162722         -67.238            -51.692
798.178388         -67.297            -51.671
798.194021         -67.355            -51.649
798.209622         -67.414            -51.627
798.225190         -67.473            -51.605
798.240725         -67.531            -51.583
798.256227         -67.590            -51.561
798.271696         -67.648            -51.539
798.287133         -67.707            -51.517
798.302536         -67.765            -51.494
798.317906         -67.824            -51.471
798.333243         -67.882            -51.449
798.348546         -67.941            -51.426
798.363816         -67.999            -51.403
798.379053         -68.058            -51.379
798.394256         -68.116            -51.356
798.409426         -68.175            -51.333
798.424563         -68.233            -51.309
798.439665         -68.292            -51.285
798.454734         -68.350            -51.261
798.469769         -68.409            -51.237
798.484770         -68.467            -51.213
798.499737         -68.526            -51.189
798.514671         -68.584            -51.164
798.529570         -68.643            -51.139
798.544435         -68.701            -51.115
798.559266         -68.760            -51.090
798.574063         -68.818            -51.065
798.588825         -68.876            -51.039
798.603553         -68.935            -51.014
798.618247         -68.993            -50.988
798.632906         -69.052            -50.963
798.647530         -69.110            -50.937
798.662120         -69.168            -50.911
798.676675         -69.227            -50.884
798.691196         -69.285            -50.858
798.705682         -69.344            -50.832
798.720132         -69.402            -50.805
798.734548         -69.460            -50.778
798.748929         -69.519            -50.751
798.763275         -69.577            -50.724
798.777586         -69.636            -50.696
798.791861         -69.694            -50.669
798.806101         -69.752            -50.641
798.820306         -69.811            -50.613
798.834476         -69.869            -50.585
798.848610         -69.927            -50.557
798.862709         -69.986            -50.528
798.876772         -70.044            -50.500
798.890800         -70.102            -50.471
798.904792         -70.160            -50.442
798.918748         -70.219            -50.413
798.932668         -70.277            -50.383
798.946553         -70.335            -50.354
798.960401         -70.394            -50.324
798.974214         -70.452            -50.294
798.987991         -70.510            -50.264
799.001731         -70.568            -50.233
799.015436         -70.627            -50.203
799.029104         -70.685            -50.172
799.042736         -70.743            -50.141
799.056332         -70.801            -50.110
799.069891         -70.859            -50.079
799.083414         -70.918            -50.047
799.096900         -70.976            -50.015
799.110350         -71.034            -49.983
799.123763         -71.092            -49.951
799.137140         -71.150            -49.919
799.150479         -71.209            -49.886
799.163782         -71.267            -49.853
799.177049         -71.325            -49.820
799.190278         -71.383            -49.787
799.203470         -71.441            -49.753
799.216626         -71.499            -49.719
799.229744         -71.557            -49.685
799.242825         -71.616            -49.651
799.255869         -71.674            -49.617
799.268876         -71.732            -49.582
799.281845         -71.790            -49.547
799.294777         -71.848            -49.512
799.307672         -71.906            -49.477
799.320529         -71.964            -49.441
799.333349         -72.022            -49.405
799.346131         -72.080            -49.369
799.358876         -72.138            -49.332
799.371583         -72.196            -49.296
799.384252         -72.254            -49.259
799.396883         -72.312            -49.221
799.409477         -72.370            -49.184
799.422032         -72.428            -49.146
799.434550         -72.486            -49.108
799.447030         -72.544            -49.070
799.459472         -72.602            -49.031
799.471875         -72.660            -48.993
799.484241         -72.718            -48.954
799.496568         -72.776            -48.914
799.508857         -72.834            -48.875
799.521107         -72.892            -48.835
799.533319         -72.950            -48.794
799.545493         -73.008            -48.754
799.557629         -73.066            -48.713
799.569725         -73.123            -48.672
799.581784         -73.181            -48.630
799.593803         -73.239            -48.589
799.605784         -73.297            -48.547
799.617726         -73.355            -48.504
799.629630         -73.413            -48.462
799.641494         -73.471            -48.419
799.653320         -73.528            -48.375
799.665107         -73.586            -48.332
799.676855         -73.644            -48.288
799.688563         -73.702            -48.243
799.700233         -73.759            -48.199
799.711863         -73.817            -48.154
799.723455         -73.875            -48.108
799.735007         -73.933            -48.063
799.746519         -73.990            -48.017
799.757993         -74.048            -47.970
799.769427         -74.106            -47.924
799.780822         -74.163            -47.877
799.792177         -74.221            -47.829
799.803492         -74.279            -47.781
799.814768         -74.336            -47.733
799.826005         -74.394            -47.685
799.837201         -74.452            -47.636
799.848358         -74.509            -47.586
799.859476         -74.567            -47.537
799.870553         -74.624            -47.486
799.881591         -74.682            -47.436
799.892588         -74.739            -47.385
799.903546         -74.797            -47.334
799.914463         -74.854            -47.282
799.925341         -74.912            -47.230
799.936179         -74.969            -47.177
799.946976         -75.027            -47.124
799.957733         -75.084            -47.071
799.968450         -75.142            -47.017
799.979126         -75.199            -46.963
799.989763         -75.257            -46.908
800.000359         -75.314            -46.853
800.010914         -75.371            -46.797
800.021429         -75.429            -46.741
800.031903         -75.486            -46.684
800.042337         -75.543            -46.627
800.052731         -75.601            -46.570
800.063083         -75.658            -46.512
800.073395         -75.715            -46.453
800.083666         -75.773            -46.394
800.093897         -75.830            -46.335
800.104087         -75.887            -46.275
800.114235         -75.944            -46.214
800.124343         -76.002            -46.153
800.134410         -76.059            -46.092
800.144436         -76.116            -46.030
800.154421         -76.173            -45.967
800.164364         -76.230            -45.904
800.174267         -76.287            -45.840
800.184128         -76.344            -45.776
800.193949         -76.401            -45.711
800.203728         -76.458            -45.646
800.213465         -76.515            -45.580
800.223162         -76.572            -45.513
800.232817         -76.629            -45.446
800.242430         -76.686            -45.378
800.252002         -76.743            -45.310
800.261533         -76.800            -45.241
800.271022         -76.857            -45.171
800.280469         -76.914            -45.101
800.289875         -76.971            -45.030
800.299239         -77.028            -44.959
800.308562         -77.085            -44.887
800.317842         -77.141            -44.814
800.327081         -77.198            -44.740
800.336278         -77.255            -44.666
800.345433         -77.312            -44.591
800.354547         -77.368            -44.516
800.363618         -77.425            -44.439
800.372648         -77.482            -44.362
800.381635         -77.538            -44.285
800.390580         -77.595            -44.206
800.399483         -77.651            -44.127
800.408344         -77.708            -44.047
800.417163         -77.765            -43.966
800.425940         -77.821            -43.885
800.434674         -77.877            -43.803
800.443367         -77.934            -43.720
800.452016         -77.990            -43.636
800.460624         -78.047            -43.551
800.469189         -78.103            -43.466
800.477712         -78.159            -43.379
800.486192         -78.216            -43.292
800.494629         -78.272            -43.204
800.503024         -78.328            -43.115
800.511377         -78.384            -43.025
800.519687         -78.441            -42.934
800.527954         -78.497            -42.843
800.536179         -78.553            -42.750
800.544361         -78.609            -42.657
800.552500         -78.665            -42.562
800.560596         -78.721            -42.467
800.568649         -78.777            -42.370
800.576660         -78.833            -42.273
800.584628         -78.889            -42.174
800.592552         -78.945            -42.075
800.600434         -79.001            -41.975
800.608273         -79.056            -41.873
800.616069         -79.112            -41.770
800.623822         -79.168            -41.667
800.631531         -79.224            -41.562
800.639198         -79.279            -41.456
800.646821         -79.335            -41.349
800.654401         -79.390            -41.241
800.661938         -79.446            -41.131
800.669432         -79.501            -41.021
800.676882         -79.557            -40.909
800.684289         -79.612            -40.796
800.691653         -79.668            -40.682
800.698973         -79.723            -40.566
800.706250         -79.778            -40.449
800.713483         -79.834            -40.331
800.720673         -79.889            -40.212
800.727820         -79.944            -40.091
800.734923         -79.999            -39.969
800.741982         -80.054            -39.846
800.748998         -80.109            -39.721
800.755970         -80.164            -39.594
800.762898         -80.219            -39.467
800.769783         -80.274            -39.337
800.776624         -80.328            -39.207
800.783421         -80.383            -39.074
800.790174         -80.438            -38.941
800.796884         -80.493            -38.805
800.803550         -80.547            -38.668
800.810172         -80.602            -38.530
800.816750         -80.656            -38.389
800.823284         -80.710            -38.248
800.829774         -80.765            -38.104
800.836220         -80.819            -37.959
800.842622         -80.873            -37.811
800.848981         -80.927            -37.663
800.855295         -80.981            -37.512
800.861565         -81.036            -37.359
800.867791         -81.089            -37.205
800.873972         -81.143            -37.048
800.880110         -81.197            -36.890
800.886203         -81.251            -36.730
800.892252         -81.305            -36.567
800.898257         -81.358            -36.403
800.904218         -81.412            -36.237
800.910134         -81.465            -36.068
800.916006         -81.519            -35.897
800.921834         -81.572            -35.724
800.927617         -81.625            -35.549
800.933356         -81.678            -35.372
800.939050         -81.731            -35.192
800.944700         -81.784            -35.010
800.950306         -81.837            -34.825
800.955867         -81.890            -34.638
800.961384         -81.942            -34.449
800.966856         -81.995            -34.257
800.972283         -82.048            -34.062
800.977666         -82.100            -33.865
800.983004         -82.152            -33.665
800.988298         -82.205            -33.463
800.993546         -82.257            -33.257
800.998751         -82.309            -33.049
801.003910         -82.361            -32.838
801.009025         -82.412            -32.624
801.014095         -82.464            -32.407
801.019120         -82.516            -32.187
801.024101         -82.567            -31.964
801.029037         -82.618            -31.738
801.033927         -82.670            -31.509
801.038773         -82.721            -31.276
801.043574         -82.772            -31.040
801.048331         -82.823            -30.801
801.053042         -82.873            -30.558
801.057708         -82.924            -30.312
801.062330         -82.974            -30.062
801.066906         -83.025            -29.808
801.071438         -83.075            -29.551
801.075924         -83.125            -29.290
801.080366         -83.175            -29.025
801.084762         -83.224            -28.756
801.089113         -83.274            -28.483
801.093419         -83.323            -28.206
801.097680         -83.373            -27.925
801.101896         -83.422            -27.640
801.106067         -83.471            -27.350
801.110193         -83.519            -27.056
801.114273         -83.568            -26.757
801.118308         -83.616            -26.454
801.122299         -83.664            -26.146
801.126243         -83.712            -25.834
801.130143         -83.760            -25.516
801.133997         -83.808            -25.194
801.137806         -83.855            -24.866
801.141570         -83.902            -24.534
801.145288         -83.949            -24.196
801.148961         -83.996            -23.853
801.152589         -84.043            -23.504
801.156171         -84.089            -23.150
801.159708         -84.135            -22.791
801.163200         -84.181            -22.425
801.166646         -84.227            -22.054
801.170047         -84.272            -21.677
801.173402         -84.317            -21.294
801.176712         -84.362            -20.904
801.179977         -84.406            -20.509
801.183195         -84.451            -20.107
801.186369         -84.495            -19.698
801.189497         -84.539            -19.283
801.192579         -84.582            -18.861
801.195616         -84.625            -18.433
801.198607         -84.668            -17.997
801.201553         -84.710            -17.554
801.204453         -84.753            -17.104
801.207308         -84.794            -16.647
801.210117         -84.836            -16.183
801.212880         -84.877            -15.711
801.215598         -84.918            -15.231
801.218270         -84.958            -14.743
801.220897         -84.998            -14.248
801.223478         -85.038            -13.744
801.226013         -85.077            -13.233
801.228502         -85.116            -12.713
801.230946         -85.155            -12.184
801.233344         -85.193            -11.648
801.235697         -85.230            -11.103
801.238003         -85.267            -10.549
801.240264         -85.304            -9.986
801.242480         -85.340            -9.415
801.244649         -85.376            -8.834
801.246773         -85.411            -8.245
801.248851         -85.446            -7.646
801.250883         -85.480            -7.039
801.252869         -85.514            -6.422
801.254810         -85.547            -5.795
801.256705         -85.580            -5.160
801.258554         -85.612            -4.515
801.260357         -85.644            -3.860
801.262114         -85.675            -3.196
801.263826         -85.705            -2.522
801.265492         -85.735            -1.839
801.267111         -85.764            -1.147
801.268685         -85.792            -0.444
801.270214         -85.820            0.267
801.271696         -85.847            0.988
801.273132         -85.874            1.719
801.274523         -85.900            2.459
801.275867         -85.925            3.208
801.277166         -85.949            3.967
801.278419         -85.973            4.734
801.279626         -85.996            5.511
801.280787         -86.018            6.296
801.281902         -86.040            7.090
801.282971         -86.060            7.893
801.283995         -86.080            8.704
801.284972         -86.099            9.523
801.285903         -86.118            10.350
801.286789         -86.135            11.185
801.287629         -86.152            12.027
801.288422         -86.168            12.876
801.289170         -86.183            13.732
801.289872         -86.197            14.595
801.290527         -86.210            15.464
801.291137         -86.222            16.339
801.291701         -86.234            17.219
801.292219         -86.244            18.105
801.292691         -86.254            18.995
801.293117         -86.262            19.889
801.293497         -86.270            20.788
801.293831         -86.277            21.690
801.294119         -86.283            22.595
801.294361         -86.288            23.503
801.294558         -86.292            24.413
801.294708         -86.295            25.325
801.294812         -86.297            26.239
801.294870         -86.298            27.153
801.294883         -86.299            28.067
801.294849         -86.298            28.981
801.294769         -86.296            29.895
801.294644         -86.294            30.807
801.294472         -86.290            31.719
801.294254         -86.286            32.628
801.293991         -86.280            33.534
801.293681         -86.274            34.438
801.293326         -86.267            35.339
801.292924         -86.258            36.236
801.292477         -86.249            37.128
801.291984         -86.239            38.016
801.291444         -86.228            38.900
801.290859         -86.216            39.777
801.290228         -86.204            40.649
801.289551         -86.190            41.516
801.288828         -86.176            42.375
801.288059         -86.160            43.228
801.287243         -86.144            44.074
801.286383         -86.127            44.913
801.285476         -86.109            45.744
801.284523         -86.091            46.567
801.283524         -86.071            47.383
801.282479         -86.051            48.190
801.281389         -86.030            48.988
801.280252         -86.008            49.779
801.279070         -85.985            50.560
801.277842         -85.962            51.332
801.276567         -85.938            52.096
801.275247         -85.913            52.850
801.273881         -85.888            53.595
801.272469         -85.862            54.330
801.271012         -85.835            55.057
801.269508         -85.807            55.773
801.267959         -85.779            56.481
801.266363         -85.750            57.178
801.264722         -85.721            57.867
801.263035         -85.691            58.545
801.261302         -85.660            59.214
801.259523         -85.629            59.874
801.257699         -85.597            60.524
801.255829         -85.565            61.165
801.253912         -85.532            61.796
801.251951         -85.498            62.418
801.249943         -85.464            63.031
801.247889         -85.430            63.634
801.245790         -85.395            64.229
801.243645         -85.359            64.814
801.241454         -85.323            65.390
801.239218         -85.287            65.957
801.236935         -85.250            66.516
801.234607         -85.213            67.066
801.232234         -85.175            67.607
801.229814         -85.137            68.140
801.227349         -85.098            68.664
801.224839         -85.059            69.180
801.222282         -85.020            69.688
801.219680         -84.980            70.187
801.217032         -84.939            70.679
801.214339         -84.899            71.163
801.211600         -84.858            71.639
801.208815         -84.817            72.108
801.205985         -84.775            72.569
801.203109         -84.733            73.023
801.200188         -84.691            73.469
801.197221         -84.648            73.909
801.194208         -84.605            74.341
801.191150         -84.562            74.767
801.188047         -84.518            75.185
801.184897         -84.474            75.597
801.181703         -84.430            76.003
801.178463         -84.386            76.402
801.175177         -84.341            76.795
801.171846         -84.296            77.181
801.168470         -84.251            77.561
801.165048         -84.205            77.936
801.161581         -84.160            78.304
801.158068         -84.114            78.667
801.154510         -84.068            79.024
801.150906         -84.021            79.375
801.147257         -83.974            79.721
801.143563         -83.928            80.062
801.139824         -83.880            80.397
801.136039         -83.833            80.727
801.132209         -83.786            81.053
801.128333         -83.738            81.373
801.124413         -83.690            81.688
801.120447         -83.642            81.998
801.116436         -83.594            82.304
801.112380         -83.545            82.605
801.108278         -83.497            82.901
801.104131         -83.448            83.193
801.099940         -83.399            83.481
801.095703         -83.350            83.765
801.091421         -83.300            84.044
801.087093         -83.251            84.319
801.082721         -83.201            84.590
801.078304         -83.151            84.857
801.073842         -83.101            85.120
801.069334         -83.051            85.379
801.064782         -83.001            85.635
801.060184         -82.951            85.887
801.055542         -82.900            86.135
801.050855         -82.850            86.380
801.046123         -82.799            86.621
801.041345         -82.748            86.859
801.036523         -82.697            87.093
801.031657         -82.646            87.324
801.026745         -82.595            87.552
801.021788         -82.543            87.777
801.016787         -82.492            87.998
801.011741         -82.440            88.217
801.006650         -82.388            88.432
801.001514         -82.336            88.645
800.996334         -82.284            88.855
800.991109         -82.232            89.061
800.985839         -82.180            89.266
800.980525         -82.128            89.467
800.975166         -82.076            89.665
800.969762         -82.023            89.861
800.964314         -81.971            90.055
800.958821         -81.918            90.245
800.953284         -81.865            90.434
800.947702         -81.812            90.620
800.942076         -81.760            90.803
800.936406         -81.707            90.984
800.930690         -81.653            91.163
800.924931         -81.600            91.339
800.919127         -81.547            91.513
800.913279         -81.494            91.685
800.907386         -81.440            91.855
800.901449         -81.387            92.022
800.895468         -81.333            92.188
800.889442         -81.280            92.351
800.883373         -81.226            92.513
800.877259         -81.172            92.672
800.871100         -81.118            92.830
800.864898         -81.064            92.985
800.858652         -81.010            93.139
800.852361         -80.956            93.290
800.846027         -80.902            93.440
800.839648         -80.848            93.588
800.833225         -80.794            93.735
800.826759         -80.739            93.879
800.820248         -80.685            94.022
800.813694         -80.631            94.163
800.807095         -80.576            94.303
800.800453         -80.522            94.440
800.793767         -80.467            94.577
800.787036         -80.412            94.711
800.780263         -80.358            94.844
800.773445         -80.303            94.976
800.766584         -80.248            95.106
800.759679         -80.193            95.235
800.752730         -80.138            95.362
800.745738         -80.083            95.487
800.738702         -80.028            95.612
800.731622         -79.973            95.734
800.724499         -79.918            95.856
800.717332         -79.863            95.976
800.710122         -79.808            96.095
800.702868         -79.753            96.212
800.695571         -79.697            96.328
800.688231         -79.642            96.443
800.680847         -79.587            96.557
800.673420         -79.531            96.669
800.665949         -79.476            96.781
800.658435         -79.420            96.891
800.650878         -79.365            96.999
800.643278         -79.309            97.107
800.635635         -79.253            97.214
800.627948         -79.198            97.319
800.620218         -79.142            97.423
800.612446         -79.086            97.526
800.604630         -79.030            97.629
800.596771         -78.975            97.730
800.588869         -78.919            97.830
800.580924         -78.863            97.929
800.572937         -78.807            98.027
800.564906         -78.751            98.124
800.556833         -78.695            98.219
800.548717         -78.639            98.314
800.540558         -78.583            98.408
800.532356         -78.527            98.502
800.524111         -78.471            98.594
800.515824         -78.414            98.685
800.507495         -78.358            98.775
800.499122         -78.302            98.865
800.490707         -78.246            98.953
800.482250         -78.189            99.041
800.473750         -78.133            99.128
800.465208         -78.077            99.214
800.456623         -78.020            99.299
800.447996         -77.964            99.383
800.439326         -77.908            99.467
800.430614         -77.851            99.549
800.421860         -77.795            99.631
800.413064         -77.738            99.712
800.404225         -77.682            99.793
800.395345         -77.625            99.872
800.386422         -77.569            99.951
800.377457         -77.512            100.029
800.368450         -77.455            100.107
800.359401         -77.399            100.183
800.350310         -77.342            100.259
800.341177         -77.285            100.334
800.332003         -77.228            100.409
800.322786         -77.172            100.483
800.313528         -77.115            100.556
800.304228         -77.058            100.628
800.294886         -77.001            100.700
800.285502         -76.944            100.772
800.276077         -76.888            100.842
800.266610         -76.831            100.912
800.257102         -76.774            100.981
800.247552         -76.717            101.050
800.237961         -76.660            101.118
800.228328         -76.603            101.186
800.218654         -76.546            101.252
800.208938         -76.489            101.319
800.199181         -76.432            101.384
800.189383         -76.375            101.450
800.179544         -76.318            101.514
800.169663         -76.261            101.578
800.159741         -76.204            101.642
800.149778         -76.146            101.704
800.139774         -76.089            101.767
800.129729         -76.032            101.829
800.119644         -75.975            101.890
800.109517         -75.918            101.951
800.099349         -75.860            102.011
800.089140         -75.803            102.071
800.078891         -75.746            102.130
800.068601         -75.689            102.189
800.058270         -75.631            102.247
800.047898         -75.574            102.305
800.037486         -75.517            102.362
800.027033         -75.459            102.419
800.016540         -75.402            102.475
800.006006         -75.345            102.531
799.995432         -75.287            102.587
799.984817         -75.230            102.642
799.974162         -75.172            102.696
799.963467         -75.115            102.750
799.952731         -75.058            102.804
799.941955         -75.000            102.857
799.931139         -74.943            102.910
799.920283         -74.885            102.962
799.909387         -74.828            103.014
799.898451         -74.770            103.066
799.887474         -74.713            103.117
799.876458         -74.655            103.168
799.865402         -74.598            103.218
799.854306         -74.540            103.268
799.843170         -74.482            103.317
799.831995         -74.425            103.367
799.820780         -74.367            103.415
799.809525         -74.310            103.464
799.798230         -74.252            103.512
799.786896         -74.194            103.559
799.775523         -74.137            103.607
799.764110         -74.079            103.654
799.752658         -74.021            103.700
799.741166         -73.963            103.746
799.729635         -73.906            103.792
799.718064         -73.848            103.838
799.706455         -73.790            103.883
799.694806         -73.733            103.928
799.683118         -73.675            103.972
799.671391         -73.617            104.016
799.659626         -73.559            104.060
799.647821         -73.501            104.104
799.635977         -73.444            104.147
799.624094         -73.386            104.190
799.612173         -73.328            104.232
799.600213         -73.270            104.274
799.588214         -73.212            104.316
799.576176         -73.154            104.358
799.564100         -73.097            104.399
799.551985         -73.039            104.440
799.539832         -72.981            104.481
799.527640         -72.923            104.521
799.515410         -72.865            104.561
799.503142         -72.807            104.601
799.490835         -72.749            104.641
799.478490         -72.691            104.680
799.466107         -72.633            104.719
799.453685         -72.575            104.758
799.441226         -72.517            104.796
799.428729         -72.459            104.834
799.416193         -72.401            104.872
799.403620         -72.343            104.910
799.391009         -72.285            104.947
799.378360         -72.227            104.984
799.365673         -72.169            105.021
799.352949         -72.111            105.057
799.340186         -72.053            105.094
799.327387         -71.995            105.130
799.314550         -71.937            105.166
799.301675         -71.879            105.201
799.288763         -71.821            105.237
799.275813         -71.763            105.272
799.262826         -71.705            105.306
799.249802         -71.647            105.341
799.236741         -71.589            105.375
799.223643         -71.530            105.409
799.210507         -71.472            105.443
799.197334         -71.414            105.477
799.184125         -71.356            105.510
799.170878         -71.298            105.544
799.157595         -71.240            105.577
799.144275         -71.182            105.609
799.130918         -71.123            105.642
799.117524         -71.065            105.674
799.104094         -71.007            105.706
799.090627         -70.949            105.738
799.077124         -70.891            105.770
799.063584         -70.832            105.801
799.050008         -70.774            105.833
799.036395         -70.716            105.864
799.022747         -70.658            105.895
799.009061         -70.599            105.925
798.995340         -70.541            105.956
798.981583         -70.483            105.986
798.967789         -70.425            106.016
798.953960         -70.366            106.046
798.940095         -70.308            106.076
798.926193         -70.250            106.105
798.912256         -70.192            106.134
798.898284         -70.133            106.164
798.884275         -70.075            106.192
798.870231         -70.017            106.221
798.856151         -69.958            106.250
798.842036         -69.900            106.278
798.827885         -69.842            106.306
798.813699         -69.783            106.334
798.799478         -69.725            106.362
798.785221         -69.667            106.390
798.770929         -69.608            106.417
798.756602         -69.550            106.445
798.742240         -69.492            106.472
798.727843         -69.433            106.499
798.713411         -69.375            106.525
798.698944         -69.316            106.552
798.684442         -69.258            106.579
798.669905         -69.200            106.605
798.655334         -69.141            106.631
798.640728         -69.083            106.657
798.626087         -69.024            106.683
798.611412         -68.966            106.708
798.596702         -68.908            106.734
798.581958         -68.849            106.759
798.567180         -68.791            106.784
798.552367         -68.732            106.809
798.537520         -68.674            106.834
798.522639         -68.615            106.859
798.507724         -68.557            106.884
798.492775         -68.499            106.908
798.477792         -68.440            106.932
798.462775         -68.382            106.957
798.447724         -68.323            106.981
798.432640         -68.265            107.004
798.417522         -68.206            107.028
798.402370         -68.148            107.052
798.387184         -68.089            107.075
798.371965         -68.031            107.098
798.356713         -67.972            107.121
798.341427         -67.914            107.145
798.326108         -67.855            107.167
798.310756         -67.797            107.190
798.295370         -67.738            107.213
798.279952         -67.680            107.235
798.264500         -67.621            107.258
798.249016         -67.562            107.280
798.233498         -67.504            107.302
798.217948         -67.445            107.324
798.202365         -67.387            107.346
798.186749         -67.328            107.367
798.171100         -67.270            107.389
798.155419         -67.211            107.410
798.139706         -67.152            107.432
798.123960         -67.094            107.453
798.108182         -67.035            107.474
798.092371         -66.977            107.495
798.076528         -66.918            107.516
798.060653         -66.860            107.536
798.044746         -66.801            107.557
798.028807         -66.742            107.577
798.012835         -66.684            107.598
797.996832         -66.625            107.618
797.980798         -66.566            107.638
797.964731         -66.508            107.658
797.948633         -66.449            107.678
797.932503         -66.391            107.698
797.916341         -66.332            107.717
797.900148         -66.273            107.737
797.883924         -66.215            107.756
797.867668         -66.156            107.776
797.851381         -66.097            107.795
797.835063         -66.039            107.814
797.818714         -65.980            107.833
797.802333         -65.921            107.852
797.785922         -65.863            107.871
797.769480         -65.804            107.890
797.753007         -65.745            107.908
797.736503         -65.687            107.927
797.719968         -65.628            107.945
797.703403         -65.569            107.963
797.686807         -65.511            107.982
797.670181         -65.452            108.000
797.653524         -65.393            108.018
797.636837         -65.335            108.036
797.620120         -65.276            108.053
797.603372         -65.217            108.071
797.586594         -65.158            108.089
797.569787         -65.100            108.106
797.552949         -65.041            108.124
797.536081         -64.982            108.141
797.519184         -64.923            108.158
797.502256         -64.865            108.175
797.485300         -64.806            108.192
797.468313         -64.747            108.209
797.451297         -64.689            108.226
797.434251         -64.630            108.243
797.417176         -64.571            108.260
797.400072         -64.512            108.276
797.382938         -64.454            108.293
797.365775         -64.395            108.309
797.348583         -64.336            108.325
797.331363         -64.277            108.342
797.314113         -64.218            108.358
797.296834         -64.160            108.374
797.279526         -64.101            108.390
797.262190         -64.042            108.406
797.244825         -63.983            108.421
797.227431         -63.925            108.437
797.210009         -63.866            108.453
797.192558         -63.807            108.468
797.175079         -63.748            108.484
797.157572         -63.689            108.499
797.140037         -63.631            108.514
797.122473         -63.572            108.530
797.104882         -63.513            108.545
797.087262         -63.454            108.560
797.069614         -63.395            108.575
797.051939         -63.336            108.590
797.034236         -63.278            108.605
797.016505         -63.219            108.619
796.998746         -63.160            108.634
796.980960         -63.101            108.649
796.963147         -63.042            108.663
796.945306         -62.983            108.678
796.927438         -62.925            108.692
796.909543         -62.866            108.706
796.891620         -62.807            108.721
796.873671         -62.748            108.735
796.855694         -62.689            108.749
796.837691         -62.630            108.763
796.819660         -62.572            108.777
796.801603         -62.513            108.791
796.783519         -62.454            108.804
796.765409         -62.395            108.818
796.747272         -62.336            108.832
796.729109         -62.277            108.845
796.710919         -62.218            108.859
796.692703         -62.159            108.872
796.674461         -62.101            108.886
796.656192         -62.042            108.899
796.637898         -61.983            108.912
796.619578         -61.924            108.925
796.601231         -61.865            108.939
796.582859         -61.806            108.952
796.564461         -61.747            108.965
796.546038         -61.688            108.978
796.527589         -61.629            108.990
796.509114         -61.570            109.003
796.490614         -61.512            109.016
796.472088         -61.453            109.029
796.453538         -61.394            109.041
796.434962         -61.335            109.054
796.416361         -61.276            109.066
796.397735         -61.217            109.079
796.379084         -61.158            109.091
796.360408         -61.099            109.103
796.341708         -61.040            109.115
796.322982         -60.981            109.128
796.304232         -60.922            109.140
796.285458         -60.863            109.152
796.266659         -60.804            109.164
796.247836         -60.745            109.176
796.228988         -60.687            109.187
796.210116         -60.628            109.199
796.191220         -60.569            109.211
796.172300         -60.510            109.223
796.153356         -60.451            109.234
796.134389         -60.392            109.246
796.115397         -60.333            109.257
796.096381         -60.274            109.269
796.077342         -60.215            109.280
796.058280         -60.156            109.292
796.039194         -60.097            109.303
796.020084         -60.038            109.314
796.000951         -59.979            109.325
795.981795         -59.920            109.336
795.962616         -59.861            109.348
795.943414         -59.802            109.359
795.924188         -59.743            109.369
795.904940         -59.684            109.380
795.885669         -59.625            109.391
795.866375         -59.566            109.402
795.847059         -59.507            109.413
795.827720         -59.448            109.424
795.808358         -59.389            109.434
795.788975         -59.330            109.445
795.769568         -59.271            109.455
795.750140         -59.212            109.466
795.730689         -59.153            109.476
795.711217         -59.094            109.487
795.691722         -59.035            109.497
795.672205         -58.976            109.507
795.652667         -58.917            109.518
795.633107         -58.858            109.528
795.613525         -58.799            109.538
795.593922         -58.740            109.548
795.574297         -58.681            109.558
795.554651         -58.622            109.568
795.534983         -58.563            109.578
795.515294         -58.504            109.588
795.495584         -58.445            109.598
795.475853         -58.386            109.608
795.456102         -58.327            109.617
795.436329         -58.268            109.627
795.416535         -58.209            109.637
795.396721         -58.150            109.646
795.376886         -58.090            109.656
795.357030         -58.031            109.666
795.337154         -57.972            109.675
795.317258         -57.913            109.685
795.297341         -57.854            109.694
795.277404         -57.795            109.703
795.257447         -57.736            109.713
795.237470         -57.677            109.722
795.217473         -57.618            109.731
795.197456         -57.559            109.740
795.177420         -57.500            109.749
795.157364         -57.441            109.759
795.137288         -57.382            109.768
795.117192         -57.323            109.777
795.097078         -57.264            109.786
795.076943         -57.204            109.795
795.056790         -57.145            109.803
795.036617         -57.086            109.812
795.016426         -57.027            109.821
794.996215         -56.968            109.830
794.975985         -56.909            109.839
794.955737         -56.850            109.847
794.935470         -56.791            109.856
794.915184         -56.732            109.865
794.894880         -56.673            109.873
794.874557         -56.614            109.882
794.854216         -56.554            109.890
794.833856         -56.495            109.899
794.813479         -56.436            109.907
794.793083         -56.377            109.915
794.772669         -56.318            109.924
794.752237         -56.259            109.932
794.731788         -56.200            109.940
794.711320         -56.141            109.948
794.690835         -56.082            109.957
794.670333         -56.022            109.965
794.649813         -55.963            109.973
794.629275         -55.904            109.981
794.608720         -55.845            109.989
794.588148         -55.786            109.997
794.567559         -55.727            110.005
794.546953         -55.668            110.013
794.526329         -55.609            110.021
794.505689         -55.549            110.028
794.485032         -55.490            110.036
794.464359         -55.431            110.044
794.443668         -55.372            110.052
794.422962         -55.313            110.059
794.402238         -55.254            110.067
794.381499         -55.195            110.075
794.360743         -55.135            110.082
794.339971         -55.076            110.090
794.319183         -55.017            110.097
794.298379         -54.958            110.105
794.277559         -54.899            110.112
794.256723         -54.840            110.120
794.235872         -54.780            110.127
794.215005         -54.721            110.135
794.194122         -54.662            110.142
794.173224         -54.603            110.149
794.152311         -54.544            110.156
794.131382         -54.485            110.164
794.110438         -54.425            110.171
794.089480         -54.366            110.178
794.068506         -54.307            110.185
794.047517         -54.248            110.192
794.026513         -54.189            110.199
794.005495         -54.130            110.206
793.984462         -54.070            110.213
793.963414         -54.011            110.220
793.942353         -53.952            110.227
793.921276         -53.893            110.234
793.900186         -53.834            110.241
793.879081         -53.775            110.248
793.857962         -53.715            110.255
793.836829         -53.656            110.261
793.815683         -53.597            110.268
793.794522         -53.538            110.275
793.773348         -53.479            110.282
793.752160         -53.419            110.288
793.730958         -53.360            110.295
793.709744         -53.301            110.301
793.688515         -53.242            110.308
793.667274         -53.183            110.315
793.646019         -53.123            110.321
793.624752         -53.064            110.328
793.603471         -53.005            110.334
793.582177         -52.946            110.340
793.560871         -52.886            110.347
793.539552         -52.827            110.353
793.518220         -52.768            110.359
793.496876         -52.709            110.366
793.475519         -52.650            110.372
793.454150         -52.590            110.378
793.432769         -52.531            110.385
793.411375         -52.472            110.391
793.389970         -52.413            110.397
793.368552         -52.353            110.403
793.347123         -52.294            110.409
793.325682         -52.235            110.415
793.304229         -52.176            110.421
793.282765         -52.117            110.427
793.261289         -52.057            110.433
793.239801         -51.998            110.439
793.218303         -51.939            110.445
793.196793         -51.880            110.451
793.175272         -51.820            110.457
793.153740         -51.761            110.463
793.132197         -51.702            110.469
793.110643         -51.643            110.475
793.089078         -51.583            110.480
793.067503         -51.524            110.486
793.045917         -51.465            110.492
793.024321         -51.406            110.498
793.002714         -51.346            110.503
792.981097         -51.287            110.509
792.959470         -51.228            110.515
792.937832         -51.169            110.520
792.916185         -51.109            110.526
792.894528         -51.050            110.531
792.872860         -50.991            110.537
792.851184         -50.932            110.542
792.829497         -50.872            110.548
792.807801         -50.813            110.553
792.786096         -50.754            110.559
792.764381         -50.694            110.564
792.742657         -50.635            110.570
792.720923         -50.576            110.575
792.699181         -50.517            110.580
792.677429         -50.457            110.586
792.655669         -50.398            110.591
792.633900         -50.339            110.596
792.612122         -50.279            110.601
792.590336         -50.220            110.607
792.568541         -50.161            110.612
792.546738         -50.102            110.617
792.524926         -50.042            110.622
792.503106         -49.983            110.627
792.481278         -49.924            110.632
792.459442         -49.864            110.637
792.437598         -49.805            110.643
792.415747         -49.746            110.648
792.393887         -49.687            110.653
792.372020         -49.627            110.658
792.350145         -49.568            110.663
792.328263         -49.509            110.668
792.306373         -49.449            110.672
792.284476         -49.390            110.677
792.262572         -49.331            110.682
792.240661         -49.271            110.687
792.218742         -49.212            110.692
792.196817         -49.153            110.697
792.174885         -49.094            110.702
792.152947         -49.034            110.706
792.131001         -48.975            110.711
792.109049         -48.916            110.716
792.087091         -48.856            110.721
792.065127         -48.797            110.725
792.043156         -48.738            110.730
792.021179         -48.678            110.735
791.999196         -48.619            110.739
791.977207         -48.560            110.744
791.955212         -48.500            110.748
791.933211         -48.441            110.753
791.911205         -48.382            110.758
791.889193         -48.322            110.762
791.867176         -48.263            110.767
791.845153         -48.204            110.771
791.823125         -48.144            110.776
791.801092         -48.085            110.780
791.779054         -48.026            110.784
791.757010         -47.966            110.789
791.734962         -47.907            110.793
791.712909         -47.848            110.798
791.690852         -47.788            110.802
791.668789         -47.729            110.806
791.646722         -47.670            110.811
791.624651         -47.610            110.815
791.602575         -47.551            110.819
791.580496         -47.492            110.823
791.558412         -47.432            110.828
791.536324         -47.373            110.832
791.514231         -47.314            110.836
791.492136         -47.254            110.840
791.470036         -47.195            110.844
791.447933         -47.135            110.849
791.425826         -47.076            110.853
791.403716         -47.017            110.857
791.381602         -46.957            110.861
791.359485         -46.898            110.865
791.337365         -46.839            110.869
791.315241         -46.779            110.873
791.293115         -46.720            110.877
791.270986         -46.661            110.881
791.248854         -46.601            110.885
791.226719         -46.542            110.889
791.204582         -46.482            110.893
791.182442         -46.423            110.897
791.160300         -46.364            110.901
791.138156         -46.304            110.905
791.116009         -46.245            110.909
791.093860         -46.186            110.912
791.071709         -46.126            110.916
791.049556         -46.067            110.920
791.027402         -46.007            110.924
791.005245         -45.948            110.928
790.983087         -45.889            110.931
790.960928         -45.829            110.935
790.938766         -45.770            110.939
790.916604         -45.711            110.943
790.894440         -45.651            110.946
790.872275         -45.592            110.950
790.850109         -45.532            110.954
790.827942         -45.473            110.957
790.805775         -45.414            110.961
790.783606         -45.354            110.965
790.761437         -45.295            110.968
790.739267         -45.235            110.972
790.717096         -45.176            110.975
790.694926         -45.117            110.979
790.672755         -45.057            110.983
790.650583         -44.998            110.986
790.628412         -44.938            110.990
790.606240         -44.879            110.993
790.584069         -44.820            110.997
790.561898         -44.760            111.000
790.539727         -44.701            111.003
790.517557         -44.641            111.007
790.495386         -44.582            111.010
790.473217         -44.522            111.014
790.451048         -44.463            111.017
790.428880         -44.404            111.020
790.406713         -44.344            111.024
790.384546         -44.285            111.027
790.362381         -44.225            111.031
790.340217         -44.166            111.034
790.318054         -44.107            111.037
790.295893         -44.047            111.040
790.273732         -43.988            111.044
790.251574         -43.928            111.047
790.229417         -43.869            111.050
790.207262         -43.809            111.053
790.185108         -43.750            111.057
790.162957         -43.691            111.060
790.140807         -43.631            111.063
790.118660         -43.572            111.066
790.096514         -43.512            111.069
790.074371         -43.453            111.072
790.052231         -43.393            111.076
790.030093         -43.334            111.079
790.007957         -43.275            111.082
789.985824         -43.215            111.085
789.963694         -43.156            111.088
789.941567         -43.096            111.091
789.919443         -43.037            111.094
789.897321         -42.977            111.097
789.875203         -42.918            111.100
789.853089         -42.858            111.103
789.830977         -42.799            111.106
789.808869         -42.740            111.109
789.786765         -42.680            111.112
789.764664         -42.621            111.115
789.742567         -42.561            111.118
789.720474         -42.502            111.121
789.698384         -42.442            111.124
789.676299         -42.383            111.126
789.654218         -42.323            111.129
789.632141         -42.264            111.132
789.610068         -42.204            111.135
789.588000         -42.145            111.138
789.565936         -42.085            111.141
789.543877         -42.026            111.143
789.521822         -41.967            111.146
789.499773         -41.907            111.149
789.477728         -41.848            111.152
789.455688         -41.788            111.155
789.433653         -41.729            111.157
789.411623         -41.669            111.160
789.389599         -41.610            111.163
789.367580         -41.550            111.165
789.345567         -41.491            111.168
789.323559         -41.431            111.171
789.301556         -41.372            111.173
789.279560         -41.312            111.176
789.257569         -41.253            111.179
789.235584         -41.193            111.181
789.213605         -41.134            111.184
789.191632         -41.074            111.187
789.169666         -41.015            111.189
789.147706         -40.955            111.192
789.125752         -40.896            111.194
789.103805         -40.836            111.197
789.081864         -40.777            111.199
789.059930         -40.718            111.202
789.038003         -40.658            111.205
789.016083         -40.599            111.207
788.994170         -40.539            111.210
788.972263         -40.480            111.212
788.950364         -40.420            111.214
788.928473         -40.361            111.217
788.906588         -40.301            111.219
788.884711         -40.242            111.222
788.862842         -40.182            111.224
788.840980         -40.123            111.227
788.819126         -40.063            111.229
788.797280         -40.004            111.231
788.775442         -39.944            111.234
788.753612         -39.885            111.236
788.731789         -39.825            111.239
788.709976         -39.766            111.241
788.688170         -39.706            111.243
788.666373         -39.647            111.246
788.644584         -39.587            111.248
788.622804         -39.528            111.250
788.601033         -39.468            111.252
788.579270         -39.408            111.255
788.557517         -39.349            111.257
788.535772         -39.289            111.259
788.514036         -39.230            111.262
788.492310         -39.170            111.264
788.470592         -39.111            111.266
788.448885         -39.051            111.268
788.427186         -38.992            111.270
788.405497         -38.932            111.273
788.383818         -38.873            111.275
788.362148         -38.813            111.277
788.340489         -38.754            111.279
788.318839         -38.694            111.281
788.297199         -38.635            111.283
788.275570         -38.575            111.286
788.253950         -38.516            111.288
788.232341         -38.456            111.290
788.210742         -38.397            111.292
788.189154         -38.337            111.294
788.167576         -38.278            111.296
788.146009         -38.218            111.298
788.124453         -38.158            111.300
788.102907         -38.099            111.302
788.081373         -38.039            111.304
788.059849         -37.980            111.306
788.038337         -37.920            111.308
788.016836         -37.861            111.310
787.995346         -37.801            111.312
787.973868         -37.742            111.314
787.952401         -37.682            111.316
787.930946         -37.623            111.318
787.909503         -37.563            111.320
787.888071         -37.504            111.322
787.866651         -37.444            111.324
787.845243         -37.384            111.326
787.823847         -37.325            111.328
787.802464         -37.265            111.330
787.781092         -37.206            111.332
787.759733         -37.146            111.334
787.738387         -37.087            111.336
787.717053         -37.027            111.337
787.695731         -36.968            111.339
787.674423         -36.908            111.341
787.653127         -36.848            111.343
787.631844         -36.789            111.345
787.610574         -36.729            111.347
787.589317         -36.670            111.349
787.568074         -36.610            111.350
787.546843         -36.551            111.352
787.525626         -36.491            111.354
787.504423         -36.431            111.356
787.483233         -36.372            111.357
787.462056         -36.312            111.359
787.440894         -36.253            111.361
787.419745         -36.193            111.363
787.398610         -36.134            111.364
787.377489         -36.074            111.366
787.356382         -36.014            111.368
787.335290         -35.955            111.370
787.314212         -35.895            111.371
787.293148         -35.836            111.373
787.272098         -35.776            111.375
787.251064         -35.717            111.376
787.230043         -35.657            111.378
787.209038         -35.597            111.380
787.188048         -35.538            111.381
787.167072         -35.478            111.383
787.146111         -35.419            111.385
787.125166         -35.359            111.386
787.104235         -35.300            111.388
787.083321         -35.240            111.389
787.062421         -35.180            111.391
787.041537         -35.121            111.393
787.020668         -35.061            111.394
786.999815         -35.002            111.396
786.978978         -34.942            111.397
786.958157         -34.882            111.399
786.937352         -34.823            111.400
786.916562         -34.763            111.402
786.895789         -34.704            111.404
786.875032         -34.644            111.405
786.854291         -34.584            111.407
786.833567         -34.525            111.408
786.812859         -34.465            111.410
786.792168         -34.406            111.411
786.771493         -34.346            111.413
786.750835         -34.286            111.414
786.730194         -34.227            111.415
786.709570         -34.167            111.417
786.688963         -34.108            111.418
786.668373         -34.048            111.420
786.647800         -33.988            111.421
786.627245         -33.929            111.423
786.606706         -33.869            111.424
786.586186         -33.810            111.426
786.565683         -33.750            111.427
786.545197         -33.690            111.428
786.524729         -33.631            111.430
786.504279         -33.571            111.431
786.483847         -33.512            111.432
786.463433         -33.452            111.434
786.443037         -33.392            111.435
786.422660         -33.333            111.437
786.402300         -33.273            111.438
786.381959         -33.214            111.439
786.361636         -33.154            111.441
786.341332         -33.094            111.442
786.321047         -33.035            111.443
786.300780         -32.975            111.444
786.280532         -32.915            111.446
786.260303         -32.856            111.447
786.240092         -32.796            111.448
786.219901         -32.737            111.450
786.199729         -32.677            111.451
786.179577         -32.617            111.452
786.159443         -32.558            111.453
786.139329         -32.498            111.455
786.119235         -32.438            111.456
786.099160         -32.379            111.457
786.079105         -32.319            111.458
786.059069         -32.260            111.460
786.039054         -32.200            111.461
786.019058         -32.140            111.462
785.999082         -32.081            111.463
785.979127         -32.021            111.464
785.959192         -31.961            111.466
785.939276         -31.902            111.467
785.919382         -31.842            111.468
785.899508         -31.782            111.469
785.879654         -31.723            111.470
785.859821         -31.663            111.471
785.840009         -31.603            111.473
785.820217         -31.544            111.474
785.800447         -31.484            111.475
785.780697         -31.425            111.476
785.760968         -31.365            111.477
785.741261         -31.305            111.478
785.721575         -31.246            111.479
785.701910         -31.186            111.480
785.682267         -31.126            111.481
785.662645         -31.067            111.483
785.643044         -31.007            111.484
785.623466         -30.947            111.485
785.603909         -30.888            111.486
785.584373         -30.828            111.487
785.564860         -30.768            111.488
785.545369         -30.709            111.489
785.525900         -30.649            111.490
785.506453         -30.589            111.491
785.487028         -30.530            111.492
785.467626         -30.470            111.493
785.448246         -30.410            111.494
785.428889         -30.351            111.495
785.409554         -30.291            111.496
785.390242         -30.231            111.497
785.370953         -30.172            111.498
785.351686         -30.112            111.499
785.332443         -30.053            111.500
785.313222         -29.993            111.501
785.294025         -29.933            111.502
785.274851         -29.874            111.503
785.255700         -29.814            111.504
785.236572         -29.754            111.505
785.217468         -29.695            111.506
785.198388         -29.635            111.507
785.179331         -29.575            111.508
785.160297         -29.515            111.508
785.141288         -29.456            111.509
785.122302         -29.396            111.510
785.103340         -29.336            111.511
785.084403         -29.277            111.512
785.065489         -29.217            111.513
785.046600         -29.157            111.514
785.027734         -29.098            111.515
785.008894         -29.038            111.516
784.990077         -28.978            111.516
784.971285         -28.919            111.517
784.952518         -28.859            111.518
784.933775         -28.799            111.519
784.915058         -28.740            111.520
784.896365         -28.680            111.521
784.877697         -28.620            111.522
784.859054         -28.561            111.522
784.840436         -28.501            111.523
784.821843         -28.441            111.524
784.803275         -28.382            111.525
784.784733         -28.322            111.526
784.766216         -28.262            111.526
784.747725         -28.203            111.527
784.729259         -28.143            111.528
784.710819         -28.083            111.529
784.692405         -28.023            111.530
784.674016         -27.964            111.530
784.655654         -27.904            111.531
784.637317         -27.844            111.532
784.619006         -27.785            111.533
784.600722         -27.725            111.533
784.582463         -27.665            111.534
784.564232         -27.606            111.535
784.546026         -27.546            111.536
784.527847         -27.486            111.536
784.509694         -27.426            111.537
784.491568         -27.367            111.538
784.473469         -27.307            111.539
784.455396         -27.247            111.539
784.437351         -27.188            111.540
784.419332         -27.128            111.541
784.401340         -27.068            111.541
784.383376         -27.009            111.542
784.365438         -26.949            111.543
784.347528         -26.889            111.543
784.329645         -26.829            111.544
784.311789         -26.770            111.545
784.293961         -26.710            111.545
784.276161         -26.650            111.546
784.258388         -26.591            111.547
784.240643         -26.531            111.547
784.222926         -26.471            111.548
784.205236         -26.411            111.549
784.187575         -26.352            111.549
784.169941         -26.292            111.550
784.152336         -26.232            111.550
784.134758         -26.173            111.551
784.117209         -26.113            111.552
784.099689         -26.053            111.552
784.082196         -25.993            111.553
784.064733         -25.934            111.554
784.047297         -25.874            111.554
784.029891         -25.814            111.555
784.012513         -25.755            111.555
783.995164         -25.695            111.556
783.977844         -25.635            111.556
783.960552         -25.575            111.557
783.943290         -25.516            111.558
783.926057         -25.456            111.558
783.908853         -25.396            111.559
783.891678         -25.336            111.559
783.874532         -25.277            111.560
783.857416         -25.217            111.560
783.840330         -25.157            111.561
783.823273         -25.098            111.561
783.806245         -25.038            111.562
783.789247         -24.978            111.562
783.772279         -24.918            111.563
783.755341         -24.859            111.564
783.738433         -24.799            111.564
783.721554         -24.739            111.565
783.704706         -24.679            111.565
783.687888         -24.620            111.566
783.671100         -24.560            111.566
783.654343         -24.500            111.567
783.637615         -24.441            111.567
783.620918         -24.381            111.567
783.604252         -24.321            111.568
783.587616         -24.261            111.568
783.571011         -24.202            111.569
783.554437         -24.142            111.569
783.537893         -24.082            111.570
783.521380         -24.022            111.570
783.504898         -23.963            111.571
783.488448         -23.903            111.571
783.472028         -23.843            111.572
783.455639         -23.783            111.572
783.439282         -23.724            111.572
783.422956         -23.664            111.573
783.406661         -23.604            111.573
783.390398         -23.544            111.574
783.374166         -23.485            111.574
783.357966         -23.425            111.575
783.341797         -23.365            111.575
783.325660         -23.305            111.575
783.309555         -23.246            111.576
783.293482         -23.186            111.576
783.277441         -23.126            111.577
783.261431         -23.066            111.577
783.245454         -23.007            111.577
783.229509         -22.947            111.578
783.213596         -22.887            111.578
783.197716         -22.827            111.578
783.181867         -22.768            111.579
783.166052         -22.708            111.579
783.150268         -22.648            111.580
783.134517         -22.588            111.580
783.118799         -22.529            111.580
783.103114         -22.469            111.581
783.087461         -22.409            111.581
783.071841         -22.349            111.581
783.056254         -22.290            111.582
783.040700         -22.230            111.582
783.025179         -22.170            111.582
783.009692         -22.110            111.583
782.994237         -22.050            111.583
782.978815         -21.991            111.583
782.963427         -21.931            111.584
782.948073         -21.871            111.584
782.932751         -21.811            111.584
782.917463         -21.752            111.584
782.902209         -21.692            111.585
782.886989         -21.632            111.585
782.871802         -21.572            111.585
782.856649         -21.513            111.586
782.841529         -21.453            111.586
782.826444         -21.393            111.586
782.811393         -21.333            111.586
782.796375         -21.273            111.587
782.781392         -21.214            111.587
782.766443         -21.154            111.587
782.751528         -21.094            111.588
782.736647         -21.034            111.588
782.721801         -20.975            111.588
782.706990         -20.915            111.588
782.692212         -20.855            111.589
782.677470         -20.795            111.589
782.662762         -20.736            111.589
782.648088         -20.676            111.589
782.633450         -20.616            111.590
782.618846         -20.556            111.590
782.604277         -20.496            111.590
782.589743         -20.437            111.590
782.575244         -20.377            111.590
782.560780         -20.317            111.591
782.546351         -20.257            111.591
782.531958         -20.197            111.591
782.517600         -20.138            111.591
782.503277         -20.078            111.591
782.488989         -20.018            111.592
782.474737         -19.958            111.592
782.460520         -19.899            111.592
782.446339         -19.839            111.592
782.432194         -19.779            111.592
782.418084         -19.719            111.593
782.404010         -19.659            111.593
782.389972         -19.600            111.593
782.375970         -19.540            111.593
782.362004         -19.480            111.593
782.348073         -19.420            111.594
782.334179         -19.360            111.594
782.320321         -19.301            111.594
782.306499         -19.241            111.594
782.292714         -19.181            111.594
782.278964         -19.121            111.594
782.265251         -19.061            111.594
782.251575         -19.002            111.595
782.237935         -18.942            111.595
782.224331         -18.882            111.595
782.210764         -18.822            111.595
782.197234         -18.763            111.595
782.183741         -18.703            111.595
782.170284         -18.643            111.595
782.156864         -18.583            111.596
782.143481         -18.523            111.596
782.130135         -18.464            111.596
782.116826         -18.404            111.596
782.103554         -18.344            111.596
782.090320         -18.284            111.596
782.077122         -18.224            111.596
782.063962         -18.165            111.596
782.050839         -18.105            111.596
782.037753         -18.045            111.597
782.024705         -17.985            111.597
782.011694         -17.925            111.597
781.998721         -17.865            111.597
781.985786         -17.806            111.597
781.972888         -17.746            111.597
781.960028         -17.686            111.597
781.947205         -17.626            111.597
781.934421         -17.566            111.597
781.921674         -17.507            111.597
781.908965         -17.447            111.597
781.896294         -17.387            111.597
781.883662         -17.327            111.597
781.871067         -17.267            111.598
781.858511         -17.208            111.598
781.845992         -17.148            111.598
781.833512         -17.088            111.598
781.821071         -17.028            111.598
781.808667         -16.968            111.598
781.796303         -16.909            111.598
781.783976         -16.849            111.598
781.771688         -16.789            111.598
781.759439         -16.729            111.598
781.747229         -16.669            111.598
781.735057         -16.609            111.598
781.722924         -16.550            111.598
781.710829         -16.490            111.598
781.698774         -16.430            111.598
781.686757         -16.370            111.598
781.674780         -16.310            111.598
781.662841         -16.251            111.598
781.650941         -16.191            111.598
781.639081         -16.131            111.598
781.627260         -16.071            111.598
781.615478         -16.011            111.598
781.603735         -15.951            111.598
781.592032         -15.892            111.598
781.580368         -15.832            111.598
781.568743         -15.772            111.598
781.557158         -15.712            111.598
781.545613         -15.652            111.598
781.534107         -15.593            111.598
781.522640         -15.533            111.598
781.511214         -15.473            111.598
781.499827         -15.413            111.598
781.488480         -15.353            111.598
781.477172         -15.293            111.598
781.465905         -15.234            111.598
781.454678         -15.174            111.598
781.443490         -15.114            111.598
781.432343         -15.054            111.598
781.421235         -14.994            111.598
781.410168         -14.934            111.598
781.399141         -14.875            111.598
781.388154         -14.815            111.598
781.377207         -14.755            111.598
781.366301         -14.695            111.598
781.355435         -14.635            111.598
781.344610         -14.575            111.598
781.333825         -14.516            111.598
781.323080         -14.456            111.598
781.312377         -14.396            111.598
781.301713         -14.336            111.597
781.291091         -14.276            111.597
781.280509         -14.216            111.597
781.269967         -14.157            111.597
781.259467         -14.097            111.597
781.249007         -14.037            111.597
781.238589         -13.977            111.597
781.228211         -13.917            111.597
781.217874         -13.857            111.597
781.207578         -13.798            111.597
781.197324         -13.738            111.597
781.187110         -13.678            111.597
781.176938         -13.618            111.597
781.166806         -13.558            111.597
781.156716         -13.498            111.596
781.146668         -13.439            111.596
781.136660         -13.379            111.596
781.126694         -13.319            111.596
781.116770         -13.259            111.596
781.106887         -13.199            111.596
781.097045         -13.139            111.596
781.087245         -13.080            111.596
781.077487         -13.020            111.596
781.067770         -12.960            111.596
781.058095         -12.900            111.595
781.048461         -12.840            111.595
781.038870         -12.780            111.595
781.029320         -12.720            111.595
781.019812         -12.661            111.595
781.010346         -12.601            111.595
781.000922         -12.541            111.595
780.991539         -12.481            111.595
780.982199         -12.421            111.595
780.972901         -12.361            111.594
780.963645         -12.302            111.594
780.954431         -12.242            111.594
780.945259         -12.182            111.594
780.936130         -12.122            111.594
780.927043         -12.062            111.594
780.917998         -12.002            111.594
780.908995         -11.942            111.593
780.900035         -11.883            111.593
780.891117         -11.823            111.593
780.882242         -11.763            111.593
780.873409         -11.703            111.593
780.864619         -11.643            111.593
780.855871         -11.583            111.593
780.847166         -11.524            111.592
780.838503         -11.464            111.592
780.829883         -11.404            111.592
780.821306         -11.344            111.592
780.812772         -11.284            111.592
780.804280         -11.224            111.592
780.795832         -11.164            111.592
780.787426         -11.105            111.591
780.779063         -11.045            111.591
780.770743         -10.985            111.591
780.762466         -10.925            111.591
780.754232         -10.865            111.591
780.746041         -10.805            111.591
780.737893         -10.745            111.590
780.729789         -10.686            111.590
780.721727         -10.626            111.590
780.713709         -10.566            111.590
780.705734         -10.506            111.590
780.697802         -10.446            111.590
780.689913         -10.386            111.589
780.682068         -10.326            111.589
780.674266         -10.267            111.589
780.666508         -10.207            111.589
780.658793         -10.147            111.589
780.651121         -10.087            111.588
780.643493         -10.027            111.588
780.635909         -9.967             111.588
780.628368         -9.907             111.588
780.620871         -9.848             111.588
780.613417         -9.788             111.587
780.606007         -9.728             111.587
780.598641         -9.668             111.587
780.591318         -9.608             111.587
780.584040         -9.548             111.587
780.576805         -9.488             111.586
780.569613         -9.428             111.586
780.562466         -9.369             111.586
780.555363         -9.309             111.586
780.548303         -9.249             111.586
780.541288         -9.189             111.585
780.534317         -9.129             111.585
780.527389         -9.069             111.585
780.520506         -9.009             111.585
780.513666         -8.950             111.585
780.506871         -8.890             111.584
780.500120         -8.830             111.584
780.493413         -8.770             111.584
780.486750         -8.710             111.584
780.480132         -8.650             111.584
780.473558         -8.590             111.583
780.467028         -8.531             111.583
780.460542         -8.471             111.583
780.454101         -8.411             111.583
780.447704         -8.351             111.582
780.441352         -8.291             111.582
780.435044         -8.231             111.582
780.428780         -8.171             111.582
780.422561         -8.111             111.581
780.416386         -8.052             111.581
780.410256         -7.992             111.581
780.404171         -7.932             111.581
780.398130         -7.872             111.581
780.392133         -7.812             111.580
780.386182         -7.752             111.580
780.380275         -7.692             111.580
780.374413         -7.632             111.580
780.368595         -7.573             111.579
780.362822         -7.513             111.579
780.357094         -7.453             111.579
780.351411         -7.393             111.579
780.345772         -7.333             111.578
780.340179         -7.273             111.578
780.334630         -7.213             111.578
780.329126         -7.154             111.578
780.323667         -7.094             111.577
780.318254         -7.034             111.577
780.312885         -6.974             111.577
780.307561         -6.914             111.577
780.302282         -6.854             111.576
780.297048         -6.794             111.576
780.291859         -6.734             111.576
780.286715         -6.675             111.576
780.281616         -6.615             111.575
780.276563         -6.555             111.575
780.271555         -6.495             111.575
780.266591         -6.435             111.575
780.261673         -6.375             111.574
780.256800         -6.315             111.574
780.251973         -6.255             111.574
780.247191         -6.196             111.574
780.242454         -6.136             111.573
780.237762         -6.076             111.573
780.233116         -6.016             111.573
780.228514         -5.956             111.572
780.223959         -5.896             111.572
780.219448         -5.836             111.572
780.214984         -5.776             111.572
780.210564         -5.717             111.571
780.206190         -5.657             111.571
780.201861         -5.597             111.571
780.197578         -5.537             111.571
780.193341         -5.477             111.570
780.189149         -5.417             111.570
780.185002         -5.357             111.570
780.180901         -5.297             111.569
780.176846         -5.237             111.569
780.172836         -5.178             111.569
780.168872         -5.118             111.569
780.164953         -5.058             111.568
780.161080         -4.998             111.568
780.157253         -4.938             111.568
780.153471         -4.878             111.568
780.149735         -4.818             111.567
780.146045         -4.758             111.567
780.142401         -4.699             111.567
780.138802         -4.639             111.566
780.135249         -4.579             111.566
780.131742         -4.519             111.566
780.128280         -4.459             111.566
780.124865         -4.399             111.565
780.121495         -4.339             111.565
780.118171         -4.279             111.565
780.114893         -4.220             111.564
780.111660         -4.160             111.564
780.108474         -4.100             111.564
780.105333         -4.040             111.564
780.102239         -3.980             111.563
780.099190         -3.920             111.563
780.096187         -3.860             111.563
780.093231         -3.800             111.562
780.090320         -3.740             111.562
780.087455         -3.681             111.562
780.084636         -3.621             111.561
780.081863         -3.561             111.561
780.079136         -3.501             111.561
780.076455         -3.441             111.561
780.073820         -3.381             111.560
780.071232         -3.321             111.560
780.068689         -3.261             111.560
780.066192         -3.202             111.559
780.063742         -3.142             111.559
780.061337         -3.082             111.559
780.058979         -3.022             111.559
780.056666         -2.962             111.558
780.054400         -2.902             111.558
780.052180         -2.842             111.558
780.050006         -2.782             111.557
780.047878         -2.722             111.557
780.045797         -2.663             111.557
780.043761         -2.603             111.556
780.041772         -2.543             111.556
780.039829         -2.483             111.556
780.037932         -2.423             111.556
780.036081         -2.363             111.555
780.034277         -2.303             111.555
780.032518         -2.243             111.555
780.030806         -2.184             111.554
780.029140         -2.124             111.554
780.027521         -2.064             111.554
780.025947         -2.004             111.553
780.024420         -1.944             111.553
780.022939         -1.884             111.553
780.021505         -1.824             111.552
780.020117         -1.764             111.552
780.018775         -1.704             111.552
780.017479         -1.645             111.552
780.016229         -1.585             111.551
780.015026         -1.525             111.551
780.013869         -1.465             111.551
780.012759         -1.405             111.550
780.011695         -1.345             111.550
780.010677         -1.285             111.550
780.009705         -1.225             111.549
780.008780         -1.165             111.549
780.007901         -1.106             111.549
780.007068         -1.046             111.548
780.006282         -0.986             111.548
780.005542         -0.926             111.548
780.004848         -0.866             111.548
780.004201         -0.806             111.547
780.003600         -0.746             111.547
780.003045         -0.686             111.547
780.002537         -0.627             111.546
780.002075         -0.567             111.546
780.001660         -0.507             111.546
780.001291         -0.447             111.545
780.000968         -0.387             111.545
780.000692         -0.327             111.545
780.000462         -0.267             111.544
780.000278         -0.207             111.544
780.000140         -0.147             111.544
780.000050         -0.088             111.544
780.000005         -0.028             111.543
780.000007         0.032              111.543
780.000055         0.092              111.543
780.000149         0.152              111.542
780.000290         0.212              111.542
780.000477         0.272              111.542
780.000711         0.332              111.541
780.000991         0.392              111.541
780.001317         0.451              111.541
780.001690         0.511              111.540
780.002109         0.571              111.540
780.002574         0.631              111.540
780.003086         0.691              111.540
780.003644         0.751              111.539
780.004249         0.811              111.539
780.004900         0.871              111.539
780.005597         0.931              111.538
780.006340         0.990              111.538
780.007130         1.050              111.538
780.007966         1.110              111.537
780.008849         1.170              111.537
780.009778         1.230              111.537
780.010753         1.290              111.536
780.011774         1.350              111.536
780.012842         1.410              111.536
780.013956         1.469              111.536
780.015117         1.529              111.535
780.016323         1.589              111.535
780.017576         1.649              111.535
780.018875         1.709              111.534
780.020221         1.769              111.534
780.021613         1.829              111.534
780.023051         1.889              111.533
780.024535         1.949              111.533
780.026066         2.008              111.533
780.027643         2.068              111.532
780.029266         2.128              111.532
780.030935         2.188              111.532
780.032651         2.248              111.532
780.034413         2.308              111.531
780.036221         2.368              111.531
780.038075         2.428              111.531
780.039976         2.488              111.530
780.041922         2.547              111.530
780.043915         2.607              111.530
780.045954         2.667              111.529
780.048039         2.727              111.529
780.050171         2.787              111.529
780.052348         2.847              111.529
780.054572         2.907              111.528
780.056841         2.967              111.528
780.059157         3.026              111.528
780.061519         3.086              111.527
780.063927         3.146              111.527
780.066381         3.206              111.527
780.068882         3.266              111.526
780.071428         3.326              111.526
780.074020         3.386              111.526
780.076659         3.446              111.526
780.079343         3.506              111.525
780.082073         3.565              111.525
780.084850         3.625              111.525
780.087672         3.685              111.524
780.090541         3.745              111.524
780.093455         3.805              111.524
780.096415         3.865              111.524
780.099422         3.925              111.523
780.102474         3.985              111.523
780.105572         4.044              111.523
780.108716         4.104              111.522
780.111906         4.164              111.522
780.115142         4.224              111.522
780.118423         4.284              111.521
780.121751         4.344              111.521
780.125124         4.404              111.521
780.128543         4.464              111.521
780.132008         4.524              111.520
780.135519         4.583              111.520
780.139075         4.643              111.520
780.142678         4.703              111.519
780.146326         4.763              111.519
780.150019         4.823              111.519
780.153759         4.883              111.519
780.157544         4.943              111.518
780.161375         5.003              111.518
780.165251         5.062              111.518
780.169173         5.122              111.518
780.173141         5.182              111.517
780.177154         5.242              111.517
780.181213         5.302              111.517
780.185317         5.362              111.516
780.189467         5.422              111.516
780.193663         5.482              111.516
780.197904         5.541              111.516
780.202191         5.601              111.515
780.206523         5.661              111.515
780.210900         5.721              111.515
780.215323         5.781              111.515
780.219792         5.841              111.514
780.224305         5.901              111.514
780.228865         5.961              111.514
780.233469         6.020              111.513
780.238119         6.080              111.513
780.242814         6.140              111.513
780.247555         6.200              111.513
780.252340         6.260              111.512
780.257171         6.320              111.512
780.262048         6.380              111.512
780.266969         6.440              111.512
780.271936         6.499              111.511
780.276948         6.559              111.511
780.282005         6.619              111.511
780.287107         6.679              111.511
780.292254         6.739              111.510
780.297446         6.799              111.510
780.302684         6.859              111.510
780.307966         6.919              111.510
780.313293         6.978              111.509
780.318666         7.038              111.509
780.324083         7.098              111.509
780.329545         7.158              111.509
780.335053         7.218              111.508
780.340605         7.278              111.508
780.346202         7.338              111.508
780.351844         7.398              111.508
780.357530         7.457              111.507
780.363262         7.517              111.507
780.369038         7.577              111.507
780.374859         7.637              111.507
780.380725         7.697              111.506
780.386635         7.757              111.506
780.392590         7.817              111.506
780.398590         7.877              111.506
780.404634         7.936              111.505
780.410723         7.996              111.505
780.416857         8.056              111.505
780.423035         8.116              111.505
780.429257         8.176              111.504
780.435524         8.236              111.504
780.441836         8.296              111.504
780.448191         8.355              111.504
780.454592         8.415              111.504
780.461036         8.475              111.503
780.467525         8.535              111.503
780.474059         8.595              111.503
780.480636         8.655              111.503
780.487258         8.715              111.502
780.493924         8.775              111.502
780.500634         8.834              111.502
780.507389         8.894              111.502
780.514188         8.954              111.502
780.521030         9.014              111.501
780.527917         9.074              111.501
780.534848         9.134              111.501
780.541823         9.194              111.501
780.548841         9.253              111.501
780.555904         9.313              111.500
780.563011         9.373              111.500
780.570162         9.433              111.500
780.577356         9.493              111.500
780.584594         9.553              111.500
780.591876         9.613              111.499
780.599202         9.673              111.499
780.606572         9.732              111.499
780.613985         9.792              111.499
780.621442         9.852              111.499
780.628943         9.912              111.498
780.636487         9.972              111.498
780.644075         10.032             111.498
780.651706         10.092             111.498
780.659381         10.151             111.498
780.667099         10.211             111.497
780.674861         10.271             111.497
780.682666         10.331             111.497
780.690515         10.391             111.497
780.698406         10.451             111.497
780.706342         10.511             111.496
780.714320         10.570             111.496
780.722342         10.630             111.496
780.730406         10.690             111.496
780.738514         10.750             111.496
780.746666         10.810             111.496
780.754860         10.870             111.495
780.763097         10.930             111.495
780.771377         10.989             111.495
780.779701         11.049             111.495
780.788067         11.109             111.495
780.796476         11.169             111.495
780.804928         11.229             111.494
780.813423         11.289             111.494
780.821960         11.349             111.494
780.830541         11.408             111.494
780.839164         11.468             111.494
780.847830         11.528             111.494
780.856538         11.588             111.494
780.865289         11.648             111.493
780.874083         11.708             111.493
780.882919         11.767             111.493
780.891797         11.827             111.493
780.900718         11.887             111.493
780.909682         11.947             111.493
780.918688         12.007             111.493
780.927736         12.067             111.492
780.936826         12.127             111.492
780.945959         12.186             111.492
780.955134         12.246             111.492
780.964351         12.306             111.492
780.973610         12.366             111.492
780.982912         12.426             111.492
780.992255         12.486             111.492
781.001640         12.546             111.491
781.011068         12.605             111.491
781.020537         12.665             111.491
781.030048         12.725             111.491
781.039601         12.785             111.491
781.049196         12.845             111.491
781.058833         12.905             111.491
781.068511         12.964             111.491
781.078231         13.024             111.491
781.087993         13.084             111.490
781.097796         13.144             111.490
781.107641         13.204             111.490
781.117527         13.264             111.490
781.127455         13.323             111.490
781.137424         13.383             111.490
781.147434         13.443             111.490
781.157486         13.503             111.490
781.167579         13.563             111.490
781.177714         13.623             111.490
781.187889         13.682             111.489
781.198106         13.742             111.489
781.208364         13.802             111.489
781.218663         13.862             111.489
781.229003         13.922             111.489
781.239384         13.982             111.489
781.249805         14.042             111.489
781.260268         14.101             111.489
781.270772         14.161             111.489
781.281316         14.221             111.489
781.291901         14.281             111.489
781.302527         14.341             111.489
781.313193         14.401             111.489
781.323900         14.460             111.489
781.334648         14.520             111.489
781.345436         14.580             111.488
781.356264         14.640             111.488
781.367133         14.700             111.488
781.378043         14.760             111.488
781.388992         14.819             111.488
781.399982         14.879             111.488
781.411012         14.939             111.488
781.422083         14.999             111.488
781.433193         15.059             111.488
781.444344         15.118             111.488
781.455534         15.178             111.488
781.466765         15.238             111.488
781.478035         15.298             111.488
781.489346         15.358             111.488
781.500696         15.418             111.488
781.512086         15.477             111.488
781.523515         15.537             111.488
781.534985         15.597             111.488
781.546494         15.657             111.488
781.558042         15.717             111.488
781.569630         15.777             111.488
781.581258         15.836             111.488
781.592925         15.896             111.488
781.604631         15.956             111.488
781.616377         16.016             111.488
781.628162         16.076             111.488
781.639986         16.135             111.488
781.651850         16.195             111.488
781.663752         16.255             111.488
781.675694         16.315             111.488
781.687674         16.375             111.488
781.699694         16.435             111.488
781.711752         16.494             111.488
781.723850         16.554             111.488
781.735986         16.614             111.488
781.748160         16.674             111.488
781.760374         16.734             111.488
781.772626         16.793             111.488
781.784917         16.853             111.488
781.797246         16.913             111.488
781.809614         16.973             111.488
781.822020         17.033             111.488
781.834465         17.093             111.488
781.846948         17.152             111.489
781.859469         17.212             111.489
781.872028         17.272             111.489
781.884626         17.332             111.489
781.897262         17.392             111.489
781.909935         17.451             111.489
781.922647         17.511             111.489
781.935397         17.571             111.489
781.948184         17.631             111.489
781.961009         17.691             111.489
781.973872         17.750             111.489
781.986773         17.810             111.489
781.999712         17.870             111.489
782.012688         17.930             111.489
782.025701         17.990             111.490
782.038752         18.049             111.490
782.051841         18.109             111.490
782.064966         18.169             111.490
782.078130         18.229             111.490
782.091330         18.289             111.490
782.104568         18.348             111.490
782.117842         18.408             111.490
782.131154         18.468             111.490
782.144503         18.528             111.491
782.157889         18.588             111.491
782.171311         18.647             111.491
782.184771         18.707             111.491
782.198267         18.767             111.491
782.211800         18.827             111.491
782.225370         18.887             111.491
782.238976         18.946             111.491
782.252619         19.006             111.492
782.266298         19.066             111.492
782.280014         19.126             111.492
782.293766         19.186             111.492
782.307554         19.245             111.492
782.321379         19.305             111.492
782.335240         19.365             111.493
782.349137         19.425             111.493
782.363070         19.485             111.493
782.377039         19.544             111.493
782.391044         19.604             111.493
782.405085         19.664             111.493
782.419161         19.724             111.494
782.433274         19.784             111.494
782.447422         19.843             111.494
782.461606         19.903             111.494
782.475825         19.963             111.494
782.490080         20.023             111.495
782.504370         20.082             111.495
782.518696         20.142             111.495
782.533057         20.202             111.495
782.547453         20.262             111.495
782.561884         20.322             111.496
782.576351         20.381             111.496
782.590853         20.441             111.496
782.605389         20.501             111.496
782.619961         20.561             111.496
782.634567         20.621             111.497
782.649209         20.680             111.497
782.663885         20.740             111.497
782.678595         20.800             111.497
782.693341         20.860             111.498
782.708120         20.919             111.498
782.722935         20.979             111.498
782.737784         21.039             111.498
782.752667         21.099             111.499
782.767584         21.159             111.499
782.782536         21.218             111.499
782.797522         21.278             111.499
782.812542         21.338             111.500
782.827596         21.398             111.500
782.842684         21.457             111.500
782.857806         21.517             111.501
782.872961         21.577             111.501
782.888151         21.637             111.501
782.903374         21.696             111.501
782.918631         21.756             111.502
782.933921         21.816             111.502
782.949245         21.876             111.502
782.964602         21.936             111.503
782.979993         21.995             111.503
782.995417         22.055             111.503
783.010874         22.115             111.504
783.026365         22.175             111.504
783.041888         22.234             111.504
783.057445         22.294             111.505
783.073034         22.354             111.505
783.088656         22.414             111.505
783.104312         22.473             111.506
783.120000         22.533             111.506
783.135720         22.593             111.506
783.151473         22.653             111.507
783.167259         22.712             111.507
783.183078         22.772             111.507
783.198928         22.832             111.508
783.214811         22.892             111.508
783.230727         22.951             111.509
783.246674         23.011             111.509
783.262654         23.071             111.509
783.278666         23.131             111.510
783.294709         23.190             111.510
783.310785         23.250             111.510
783.326892         23.310             111.511
783.343032         23.370             111.511
783.359203         23.429             111.512
783.375405         23.489             111.512
783.391640         23.549             111.512
783.407905         23.609             111.513
783.424202         23.668             111.513
783.440531         23.728             111.514
783.456891         23.788             111.514
783.473282         23.848             111.515
783.489704         23.907             111.515
783.506157         23.967             111.516
783.522641         24.027             111.516
783.539156         24.087             111.516
783.555702         24.146             111.517
783.572279         24.206             111.517
783.588887         24.266             111.518
783.605525         24.326             111.518
783.622194         24.385             111.519
783.638893         24.445             111.519
783.655622         24.505             111.520
783.672382         24.565             111.520
783.689172         24.624             111.521
783.705993         24.684             111.521
783.722843         24.744             111.522
783.739724         24.803             111.522
783.756635         24.863             111.523
783.773575         24.923             111.523
783.790545         24.983             111.524
783.807545         25.042             111.524
783.824575         25.102             111.525
783.841635         25.162             111.525
783.858723         25.222             111.526
783.875842         25.281             111.526
783.892990         25.341             111.527
783.910167         25.401             111.528
783.927373         25.461             111.528
783.944608         25.520             111.529
783.961873         25.580             111.529
783.979166         25.640             111.530
783.996489         25.699             111.530
784.013840         25.759             111.531
784.031220         25.819             111.532
784.048629         25.879             111.532
784.066066         25.938             111.533
784.083532         25.998             111.533
784.101027         26.058             111.534
784.118550         26.117             111.535
784.136101         26.177             111.535
784.153680         26.237             111.536
784.171288         26.297             111.536
784.188923         26.356             111.537
784.206587         26.416             111.538
784.224279         26.476             111.538
784.241998         26.535             111.539
784.259745         26.595             111.540
784.277520         26.655             111.540
784.295323         26.715             111.541
784.313153         26.774             111.542
784.331011         26.834             111.542
784.348896         26.894             111.543
784.366808         26.953             111.544
784.384748         27.013             111.544
784.402714         27.073             111.545
784.420708         27.133             111.546
784.438729         27.192             111.546
784.456777         27.252             111.547
784.474851         27.312             111.548
784.492953         27.371             111.548
784.511081         27.431             111.549
784.529235         27.491             111.550
784.547416         27.550             111.551
784.565624         27.610             111.551
784.583858         27.670             111.552
784.602118         27.730             111.553
784.620405         27.789             111.554
784.638717         27.849             111.554
784.657056         27.909             111.555
784.675421         27.968             111.556
784.693811         28.028             111.557
784.712228         28.088             111.557
784.730670         28.147             111.558
784.749137         28.207             111.559
784.767631         28.267             111.560
784.786149         28.326             111.561
784.804693         28.386             111.561
784.823263         28.446             111.562
784.841858         28.506             111.563
784.860478         28.565             111.564
784.879123         28.625             111.565
784.897792         28.685             111.566
784.916487         28.744             111.566
784.935207         28.804             111.567
784.953952         28.864             111.568
784.972721         28.923             111.569
784.991514         28.983             111.570
785.010333         29.043             111.571
785.029175         29.102             111.572
785.048042         29.162             111.572
785.066934         29.222             111.573
785.085849         29.281             111.574
785.104789         29.341             111.575
785.123752         29.401             111.576
785.142740         29.460             111.577
785.161751         29.520             111.578
785.180786         29.580             111.579
785.199845         29.639             111.580
785.218928         29.699             111.581
785.238033         29.759             111.582
785.257163         29.818             111.582
785.276316         29.878             111.583
785.295491         29.938             111.584
785.314691         29.997             111.585
785.333913         30.057             111.586
785.353158         30.117             111.587
785.372426         30.176             111.588
785.391717         30.236             111.589
785.411031         30.296             111.590
785.430368         30.355             111.591
785.449727         30.415             111.592
785.469108         30.475             111.593
785.488512         30.534             111.594
785.507939         30.594             111.595
785.527387         30.654             111.596
785.546858         30.713             111.597
785.566351         30.773             111.598
785.585866         30.833             111.599
785.605403         30.892             111.601
785.624961         30.952             111.602
785.644542         31.012             111.603
785.664144         31.071             111.604
785.683767         31.131             111.605
785.703412         31.191             111.606
785.723079         31.250             111.607
785.742766         31.310             111.608
785.762476         31.369             111.609
785.782206         31.429             111.610
785.801957         31.489             111.611
785.821729         31.548             111.613
785.841522         31.608             111.614
785.861336         31.668             111.615
785.881171         31.727             111.616
785.901026         31.787             111.617
785.920902         31.847             111.618
785.940798         31.906             111.620
785.960714         31.966             111.621
785.980651         32.026             111.622
786.000608         32.085             111.623
786.020586         32.145             111.624
786.040583         32.204             111.625
786.060600         32.264             111.627
786.080637         32.324             111.628
786.100694         32.383             111.629
786.120770         32.443             111.630
786.140866         32.503             111.632
786.160981         32.562             111.633
786.181116         32.622             111.634
786.201270         32.681             111.635
786.221444         32.741             111.637
786.241636         32.801             111.638
786.261848         32.860             111.639
786.282079         32.920             111.641
786.302328         32.980             111.642
786.322596         33.039             111.643
786.342883         33.099             111.644
786.363189         33.158             111.646
786.383513         33.218             111.647
786.403856         33.278             111.648
786.424217         33.337             111.650
786.444596         33.397             111.651
786.464993         33.457             111.652
786.485408         33.516             111.654
786.505842         33.576             111.655
786.526293         33.635             111.657
786.546762         33.695             111.658
786.567249         33.755             111.659
786.587754         33.814             111.661
786.608276         33.874             111.662
786.628815         33.933             111.664
786.649372         33.993             111.665
786.669946         34.053             111.666
786.690537         34.112             111.668
786.711146         34.172             111.669
786.731771         34.231             111.671
786.752414         34.291             111.672
786.773073         34.351             111.674
786.793749         34.410             111.675
786.814441         34.470             111.677
786.835150         34.529             111.678
786.855876         34.589             111.680
786.876618         34.649             111.681
786.897376         34.708             111.683
786.918151         34.768             111.684
786.938941         34.827             111.686
786.959748         34.887             111.687
786.980570         34.947             111.689
787.001409         35.006             111.691
787.022263         35.066             111.692
787.043132         35.125             111.694
787.064018         35.185             111.695
787.084919         35.245             111.697
787.105835         35.304             111.698
787.126766         35.364             111.700
787.147713         35.423             111.702
787.168675         35.483             111.703
787.189651         35.542             111.705
787.210643         35.602             111.707
787.231650         35.662             111.708
787.252671         35.721             111.710
787.273707         35.781             111.712
787.294757         35.840             111.713
787.315822         35.900             111.715
787.336902         35.959             111.717
787.357995         36.019             111.718
787.379103         36.079             111.720
787.400225         36.138             111.722
787.421361         36.198             111.724
787.442511         36.257             111.725
787.463674         36.317             111.727
787.484852         36.376             111.729
787.506043         36.436             111.731
787.527247         36.496             111.732
787.548465         36.555             111.734
787.569697         36.615             111.736
787.590941         36.674             111.738
787.612199         36.734             111.740
787.633470         36.793             111.741
787.654754         36.853             111.743
787.676051         36.913             111.745
787.697361         36.972             111.747
787.718683         37.032             111.749
787.740018         37.091             111.751
787.761366         37.151             111.753
787.782725         37.210             111.755
787.804098         37.270             111.756
787.825482         37.329             111.758
787.846879         37.389             111.760
787.868288         37.449             111.762
787.889708         37.508             111.764
787.911141         37.568             111.766
787.932585         37.627             111.768
787.954042         37.687             111.770
787.975509         37.746             111.772
787.996988         37.806             111.774
788.018479         37.865             111.776
788.039981         37.925             111.778
788.061494         37.984             111.780
788.083018         38.044             111.782
788.104554         38.103             111.784
788.126100         38.163             111.786
788.147657         38.223             111.788
788.169225         38.282             111.790
788.190804         38.342             111.792
788.212393         38.401             111.794
788.233992         38.461             111.797
788.255602         38.520             111.799
788.277222         38.580             111.801
788.298853         38.639             111.803
788.320493         38.699             111.805
788.342144         38.758             111.807
788.363804         38.818             111.809
788.385475         38.877             111.812
788.407155         38.937             111.814
788.428844         38.996             111.816
788.450543         39.056             111.818
788.472252         39.115             111.820
788.493970         39.175             111.823
788.515697         39.234             111.825
788.537433         39.294             111.827
788.559179         39.354             111.829
788.580933         39.413             111.832
788.602697         39.473             111.834
788.624469         39.532             111.836
788.646249         39.592             111.838
788.668039         39.651             111.841
788.689836         39.711             111.843
788.711643         39.770             111.845
788.733457         39.830             111.848
788.755280         39.889             111.850
788.777111         39.949             111.853
788.798949         40.008             111.855
788.820796         40.068             111.857
788.842651         40.127             111.860
788.864513         40.187             111.862
788.886383         40.246             111.865
788.908261         40.306             111.867
788.930146         40.365             111.869
788.952038         40.425             111.872
788.973937         40.484             111.874
788.995844         40.544             111.877
789.017758         40.603             111.879
789.039679         40.663             111.882
789.061607         40.722             111.884
789.083541         40.782             111.887
789.105482         40.841             111.889
789.127430         40.901             111.892
789.149384         40.960             111.895
789.171345         41.019             111.897
789.193312         41.079             111.900
789.215285         41.138             111.902
789.237264         41.198             111.905
789.259249         41.257             111.908
789.281241         41.317             111.910
789.303238         41.376             111.913
789.325240         41.436             111.916
789.347249         41.495             111.918
789.369263         41.555             111.921
789.391282         41.614             111.924
789.413307         41.674             111.926
789.435337         41.733             111.929
789.457372         41.793             111.932
789.479412         41.852             111.935
789.501458         41.912             111.937
789.523508         41.971             111.940
789.545563         42.031             111.943
789.567622         42.090             111.946
789.589686         42.149             111.949
789.611755         42.209             111.951
789.633828         42.268             111.954
789.655905         42.328             111.957
789.677987         42.387             111.960
789.700072         42.447             111.963
789.722162         42.506             111.966
789.744256         42.566             111.969
789.766353         42.625             111.972
789.788454         42.685             111.975
789.810559         42.744             111.978
789.832667         42.803             111.980
789.854779         42.863             111.983
789.876894         42.922             111.986
789.899012         42.982             111.989
789.921134         43.041             111.992
789.943258         43.101             111.996
789.965385         43.160             111.999
789.987516         43.220             112.002
790.009649         43.279             112.005
790.031785         43.338             112.008
790.053923         43.398             112.011
790.076064         43.457             112.014
790.098207         43.517             112.017
790.120352         43.576             112.020
790.142500         43.636             112.023
790.164650         43.695             112.027
790.186801         43.755             112.030
790.208955         43.814             112.033
790.231110         43.873             112.036
790.253267         43.933             112.040
790.275426         43.992             112.043
790.297586         44.052             112.046
790.319748         44.111             112.049
790.341911         44.171             112.053
790.364075         44.230             112.056
790.386241         44.289             112.059
790.408407         44.349             112.063
790.430574         44.408             112.066
790.452742         44.468             112.069
790.474911         44.527             112.073
790.497081         44.586             112.076
790.519251         44.646             112.080
790.541422         44.705             112.083
790.563593         44.765             112.086
790.585764         44.824             112.090
790.607935         44.883             112.093
790.630106         44.943             112.097
790.652278         45.002             112.100
790.674449         45.062             112.104
790.696620         45.121             112.107
790.718791         45.180             112.111
790.740961         45.240             112.115
790.763131         45.299             112.118
790.785300         45.359             112.122
790.807469         45.418             112.125
790.829637         45.477             112.129
790.851804         45.537             112.133
790.873970         45.596             112.136
790.896134         45.656             112.140
790.918298         45.715             112.144
790.940460         45.774             112.147
790.962621         45.834             112.151
790.984781         45.893             112.155
791.006939         45.953             112.159
791.029095         46.012             112.163
791.051250         46.071             112.166
791.073402         46.131             112.170
791.095553         46.190             112.174
791.117702         46.249             112.178
791.139848         46.309             112.182
791.161993         46.368             112.186
791.184135         46.428             112.190
791.206274         46.487             112.193
791.228411         46.546             112.197
791.250546         46.606             112.201
791.272678         46.665             112.205
791.294806         46.724             112.209
791.316932         46.784             112.213
791.339056         46.843             112.217
791.361175         46.903             112.221
791.383292         46.962             112.226
791.405406         47.021             112.230
791.427516         47.081             112.234
791.449622         47.140             112.238
791.471725         47.199             112.242
791.493825         47.259             112.246
791.515920         47.318             112.250
791.538012         47.377             112.255
791.560100         47.437             112.259
791.582183         47.496             112.263
791.604263         47.555             112.267
791.626338         47.615             112.272
791.648409         47.674             112.276
791.670476         47.734             112.280
791.692538         47.793             112.285
791.714595         47.852             112.289
791.736648         47.912             112.293
791.758695         47.971             112.298
791.780738         48.030             112.302
791.802776         48.090             112.306
791.824809         48.149             112.311
791.846837         48.208             112.315
791.868859         48.268             112.320
791.890876         48.327             112.324
791.912887         48.386             112.329
791.934893         48.446             112.334
791.956893         48.505             112.338
791.978888         48.564             112.343
792.000876         48.624             112.347
792.022859         48.683             112.352
792.044835         48.742             112.357
792.066806         48.801             112.361
792.088770         48.861             112.366
792.110728         48.920             112.371
792.132679         48.979             112.375
792.154624         49.039             112.380
792.176562         49.098             112.385
792.198493         49.157             112.390
792.220418         49.217             112.395
792.242336         49.276             112.399
792.264246         49.335             112.404
792.286150         49.395             112.409
792.308046         49.454             112.414
792.329935         49.513             112.419
792.351817         49.573             112.424
792.373691         49.632             112.429
792.395558         49.691             112.434
792.417417         49.750             112.439
792.439268         49.810             112.444
792.461112         49.869             112.449
792.482947         49.928             112.454
792.504774         49.988             112.459
792.526594         50.047             112.464
792.548405         50.106             112.470
792.570207         50.165             112.475
792.592002         50.225             112.480
792.613787         50.284             112.485
792.635564         50.343             112.490
792.657333         50.403             112.496
792.679092         50.462             112.501
792.700843         50.521             112.506
792.722585         50.580             112.512
792.744317         50.640             112.517
792.766041         50.699             112.522
792.787755         50.758             112.528
792.809460         50.818             112.533
792.831155         50.877             112.539
792.852841         50.936             112.544
792.874517         50.995             112.550
792.896183         51.055             112.555
792.917840         51.114             112.561
792.939486         51.173             112.566
792.961123         51.232             112.572
792.982750         51.292             112.578
793.004366         51.351             112.583
793.025972         51.410             112.589
793.047567         51.469             112.595
793.069152         51.529             112.601
793.090727         51.588             112.606
793.112291         51.647             112.612
793.133844         51.706             112.618
793.155386         51.766             112.624
793.176917         51.825             112.630
793.198437         51.884             112.635
793.219946         51.943             112.641
793.241444         52.003             112.647
793.262931         52.062             112.653
793.284406         52.121             112.659
793.305869         52.180             112.665
793.327321         52.240             112.671
793.348761         52.299             112.678
793.370190         52.358             112.684
793.391606         52.417             112.690
793.413011         52.476             112.696
793.434403         52.536             112.702
793.455784         52.595             112.708
793.477152         52.654             112.715
793.498508         52.713             112.721
793.519851         52.773             112.727
793.541182         52.832             112.734
793.562500         52.891             112.740
793.583805         52.950             112.746
793.605098         53.009             112.753
793.626378         53.069             112.759
793.647644         53.128             112.766
793.668898         53.187             112.772
793.690138         53.246             112.779
793.711366         53.305             112.785
793.732579         53.365             112.792
793.753780         53.424             112.798
793.774967         53.483             112.805
793.796140         53.542             112.812
793.817299         53.601             112.819
793.838445         53.661             112.825
793.859577         53.720             112.832
793.880694         53.779             112.839
793.901798         53.838             112.846
793.922888         53.897             112.853
793.943963         53.957             112.860
793.965024         54.016             112.866
793.986070         54.075             112.873
794.007102         54.134             112.880
794.028119         54.193             112.887
794.049122         54.252             112.895
794.070109         54.312             112.902
794.091082         54.371             112.909
794.112040         54.430             112.916
794.132982         54.489             112.923
794.153910         54.548             112.930
794.174822         54.608             112.938
794.195719         54.667             112.945
794.216600         54.726             112.952
794.237466         54.785             112.960
794.258317         54.844             112.967
794.279151         54.903             112.974
794.299970         54.962             112.982
794.320773         55.022             112.989
794.341559         55.081             112.997
794.362330         55.140             113.004
794.383085         55.199             113.012
794.403823         55.258             113.020
794.424545         55.317             113.027
794.445250         55.377             113.035
794.465939         55.436             113.043
794.486612         55.495             113.051
794.507267         55.554             113.058
794.527906         55.613             113.066
794.548528         55.672             113.074
794.569133         55.731             113.082
794.589721         55.790             113.090
794.610292         55.850             113.098
794.630845         55.909             113.106
794.651382         55.968             113.114
794.671900         56.027             113.122
794.692402         56.086             113.130
794.712885         56.145             113.138
794.733351         56.204             113.147
794.753800         56.263             113.155
794.774230         56.323             113.163
794.794643         56.382             113.172
794.815037         56.441             113.180
794.835413         56.500             113.188
794.855771         56.559             113.197
794.876111         56.618             113.205
794.896432         56.677             113.214
794.916735         56.736             113.222
794.937020         56.795             113.231
794.957285         56.854             113.240
794.977532         56.914             113.248
794.997760         56.973             113.257
795.017970         57.032             113.266
795.038160         57.091             113.275
795.058331         57.150             113.283
795.078483         57.209             113.292
795.098616         57.268             113.301
795.118729         57.327             113.310
795.138823         57.386             113.319
795.158897         57.445             113.328
795.178952         57.504             113.337
795.198987         57.563             113.347
795.219002         57.623             113.356
795.238998         57.682             113.365
795.258973         57.741             113.374
795.278929         57.800             113.384
795.298864         57.859             113.393
795.318779         57.918             113.402
795.338674         57.977             113.412
795.358549         58.036             113.421
795.378402         58.095             113.431
795.398236         58.154             113.440
795.418049         58.213             113.450
795.437841         58.272             113.460
795.457612         58.331             113.470
795.477362         58.390             113.479
795.497092         58.449             113.489
795.516800         58.508             113.499
795.536487         58.567             113.509
795.556153         58.626             113.519
795.575798         58.685             113.529
795.595421         58.744             113.539
795.615023         58.803             113.549
795.634603         58.862             113.559
795.654161         58.921             113.569
795.673698         58.981             113.580
795.693213         59.040             113.590
795.712706         59.099             113.600
795.732177         59.158             113.611
795.751626         59.217             113.621
795.771052         59.276             113.632
795.790457         59.335             113.642
795.809839         59.394             113.653
795.829199         59.453             113.663
795.848536         59.512             113.674
795.867851         59.571             113.685
795.887143         59.630             113.696
795.906412         59.689             113.707
795.925659         59.748             113.718
795.944882         59.807             113.728
795.964083         59.866             113.740
795.983260         59.924             113.751
796.002414         59.983             113.762
796.021545         60.042             113.773
796.040653         60.101             113.784
796.059738         60.160             113.795
796.078798         60.219             113.807
796.097836         60.278             113.818
796.116849         60.337             113.830
796.135839         60.396             113.841
796.154805         60.455             113.853
796.173747         60.514             113.864
796.192666         60.573             113.876
796.211560         60.632             113.888
796.230430         60.691             113.900
796.249275         60.750             113.912
796.268097         60.809             113.923
796.286894         60.868             113.935
796.305666         60.927             113.947
796.324414         60.986             113.960
796.343138         61.045             113.972
796.361837         61.104             113.984
796.380510         61.163             113.996
796.399159         61.221             114.009
796.417784         61.280             114.021
796.436383         61.339             114.034
796.454957         61.398             114.046
796.473505         61.457             114.059
796.492029         61.516             114.071
796.510527         61.575             114.084
796.529000         61.634             114.097
796.547447         61.693             114.110
796.565868         61.752             114.123
796.584264         61.811             114.136
796.602634         61.869             114.149
796.620979         61.928             114.162
796.639297         61.987             114.175
796.657590         62.046             114.188
796.675856         62.105             114.201
796.694096         62.164             114.215
796.712310         62.223             114.228
796.730498         62.282             114.242
796.748659         62.341             114.255
796.766794         62.399             114.269
796.784903         62.458             114.283
796.802984         62.517             114.297
796.821039         62.576             114.311
796.839068         62.635             114.324
796.857069         62.694             114.338
796.875044         62.753             114.353
796.892991         62.811             114.367
796.910911         62.870             114.381
796.928805         62.929             114.395
796.946671         62.988             114.410
796.964510         63.047             114.424
796.982321         63.106             114.439
797.000105         63.164             114.453
797.017861         63.223             114.468
797.035590         63.282             114.483
797.053291         63.341             114.498
797.070964         63.400             114.512
797.088610         63.459             114.527
797.106227         63.517             114.543
797.123817         63.576             114.558
797.141378         63.635             114.573
797.158911         63.694             114.588
797.176416         63.753             114.604
797.193893         63.811             114.619
797.211342         63.870             114.635
797.228762         63.929             114.650
797.246153         63.988             114.666
797.263516         64.047             114.682
797.280850         64.105             114.698
797.298155         64.164             114.714
797.315432         64.223             114.730
797.332680         64.282             114.746
797.349899         64.340             114.762
797.367088         64.399             114.778
797.384249         64.458             114.795
797.401380         64.517             114.811
797.418482         64.576             114.828
797.435555         64.634             114.845
797.452598         64.693             114.861
797.469612         64.752             114.878
797.486597         64.811             114.895
797.503551         64.869             114.912
797.520476         64.928             114.929
797.537372         64.987             114.947
797.554237         65.045             114.964
797.571072         65.104             114.981
797.587878         65.163             114.999
797.604653         65.222             115.016
797.621398         65.280             115.034
797.638113         65.339             115.052
797.654798         65.398             115.070
797.671453         65.456             115.088
797.688077         65.515             115.106
797.704670         65.574             115.124
797.721233         65.633             115.142
797.737765         65.691             115.161
797.754267         65.750             115.179
797.770737         65.809             115.198
797.787177         65.867             115.217
797.803586         65.926             115.236
797.819964         65.985             115.254
797.836311         66.043             115.273
797.852627         66.102             115.293
797.868912         66.161             115.312
797.885165         66.219             115.331
797.901387         66.278             115.351
797.917578         66.336             115.370
797.933737         66.395             115.390
797.949864         66.454             115.410
797.965960         66.512             115.430
797.982024         66.571             115.450
797.998057         66.630             115.470
798.014057         66.688             115.490
798.030026         66.747             115.510
798.045963         66.805             115.531
798.061867         66.864             115.551
798.077740         66.923             115.572
798.093580         66.981             115.593
798.109389         67.040             115.614
798.125165         67.098             115.635
798.140908         67.157             115.656
798.156619         67.216             115.678
798.172298         67.274             115.699
798.187944         67.333             115.721
798.203557         67.391             115.742
798.219138         67.450             115.764
798.234685         67.508             115.786
798.250200         67.567             115.808
798.265682         67.625             115.830
798.281132         67.684             115.853
798.296548         67.743             115.875
798.311931         67.801             115.898
798.327280         67.860             115.921
798.342597         67.918             115.943
798.357880         67.977             115.966
798.373130         68.035             115.990
798.388346         68.094             116.013
798.403529         68.152             116.036
798.418678         68.211             116.060
798.433794         68.269             116.084
798.448876         68.328             116.107
798.463924         68.386             116.131
798.478938         68.445             116.156
798.493919         68.503             116.180
798.508865         68.561             116.204
798.523778         68.620             116.229
798.538656         68.678             116.254
798.553501         68.737             116.279
798.568311         68.795             116.304
798.583086         68.854             116.329
798.597828         68.912             116.354
798.612535         68.971             116.380
798.627207         69.029             116.405
798.641845         69.087             116.431
798.656449         69.146             116.457
798.671017         69.204             116.483
798.685551         69.263             116.510
798.700051         69.321             116.536
798.714515         69.379             116.563
798.728944         69.438             116.590
798.743339         69.496             116.617
798.757698         69.554             116.644
798.772023         69.613             116.671
798.786312         69.671             116.699
798.800566         69.730             116.726
798.814785         69.788             116.754
798.828968         69.846             116.782
798.843116         69.905             116.810
798.857229         69.963             116.839
798.871306         70.021             116.867
798.885347         70.079             116.896
798.899353         70.138             116.925
798.913323         70.196             116.954
798.927257         70.254             116.983
798.941156         70.313             117.013
798.955018         70.371             117.042
798.968845         70.429             117.072
798.982636         70.487             117.102
798.996390         70.546             117.133
799.010109         70.604             117.163
799.023791         70.662             117.194
799.037437         70.720             117.225
799.051047         70.779             117.256
799.064620         70.837             117.287
799.078157         70.895             117.319
799.091658         70.953             117.350
799.105122         71.011             117.382
799.118549         71.070             117.414
799.131940         71.128             117.447
799.145294         71.186             117.479
799.158612         71.244             117.512
799.171892         71.302             117.545
799.185136         71.360             117.578
799.198343         71.419             117.612
799.211512         71.477             117.645
799.224645         71.535             117.679
799.237741         71.593             117.713
799.250799         71.651             117.748
799.263820         71.709             117.782
799.276804         71.767             117.817
799.289751         71.825             117.852
799.302660         71.883             117.888
799.315532         71.942             117.923
799.328366         72.000             117.959
799.341163         72.058             117.995
799.353922         72.116             118.031
799.366644         72.174             118.068
799.379328         72.232             118.105
799.391974         72.290             118.142
799.404582         72.348             118.179
799.417153         72.406             118.217
799.429685         72.464             118.255
799.442180         72.522             118.293
799.454636         72.580             118.331
799.467055         72.638             118.370
799.479435         72.696             118.409
799.491777         72.754             118.448
799.504081         72.811             118.488
799.516346         72.869             118.528
799.528573         72.927             118.568
799.540762         72.985             118.608
799.552912         73.043             118.649
799.565024         73.101             118.690
799.577097         73.159             118.731
799.589132         73.217             118.773
799.601128         73.275             118.815
799.613085         73.332             118.857
799.625004         73.390             118.900
799.636883         73.448             118.943
799.648724         73.506             118.986
799.660526         73.564             119.029
799.672289         73.621             119.073
799.684013         73.679             119.117
799.695698         73.737             119.162
799.707344         73.795             119.207
799.718950         73.852             119.252
799.730517         73.910             119.297
799.742046         73.968             119.343
799.753534         74.026             119.390
799.764984         74.083             119.436
799.776394         74.141             119.483
799.787764         74.199             119.530
799.799095         74.256             119.578
799.810387         74.314             119.626
799.821638         74.372             119.675
799.832851         74.429             119.723
799.844023         74.487             119.772
799.855156         74.544             119.822
799.866249         74.602             119.872
799.877302         74.659             119.922
799.888315         74.717             119.973
799.899288         74.775             120.024
799.910221         74.832             120.076
799.921114         74.890             120.128
799.931967         74.947             120.180
799.942780         75.005             120.233
799.953553         75.062             120.286
799.964286         75.119             120.340
799.974978         75.177             120.394
799.985630         75.234             120.449
799.996241         75.292             120.504
800.006813         75.349             120.559
800.017343         75.406             120.615
800.027834         75.464             120.672
800.038283         75.521             120.728
800.048692         75.578             120.786
800.059061         75.636             120.844
800.069389         75.693             120.902
800.079676         75.750             120.961
800.089922         75.808             121.020
800.100128         75.865             121.080
800.110292         75.922             121.140
800.120416         75.979             121.201
800.130499         76.036             121.262
800.140541         76.094             121.324
800.150541         76.151             121.387
800.160501         76.208             121.449
800.170420         76.265             121.513
800.180297         76.322             121.577
800.190133         76.379             121.642
800.199928         76.436             121.707
800.209682         76.493             121.773
800.219395         76.550             121.839
800.229066         76.607             121.906
800.238695         76.664             121.973
800.248283         76.721             122.041
800.257830         76.778             122.110
800.267335         76.835             122.179
800.276799         76.892             122.249
800.286221         76.949             122.320
800.295601         77.006             122.391
800.304940         77.062             122.463
800.314237         77.119             122.536
800.323492         77.176             122.609
800.332705         77.233             122.683
800.341877         77.290             122.758
800.351007         77.346             122.833
800.360094         77.403             122.909
800.369140         77.460             122.985
800.378144         77.516             123.063
800.387105         77.573             123.141
800.396025         77.629             123.220
800.404902         77.686             123.300
800.413738         77.743             123.380
800.422531         77.799             123.461
800.431282         77.856             123.543
800.439990         77.912             123.626
800.448657         77.968             123.709
800.457280         78.025             123.794
800.465862         78.081             123.879
800.474401         78.137             123.965
800.482898         78.194             124.052
800.491352         78.250             124.140
800.499764         78.306             124.228
800.508133         78.363             124.318
800.516459         78.419             124.408
800.524743         78.475             124.499
800.532984         78.531             124.592
800.541183         78.587             124.685
800.549338         78.643             124.779
800.557451         78.699             124.874
800.565522         78.755             124.970
800.573549         78.811             125.067
800.581533         78.867             125.165
800.589475         78.923             125.264
800.597373         78.979             125.364
800.605229         79.035             125.465
800.613041         79.090             125.568
800.620811         79.146             125.671
800.628537         79.202             125.775
800.636220         79.258             125.881
800.643861         79.313             125.987
800.651458         79.369             126.095
800.659011         79.424             126.204
800.666522         79.480             126.314
800.673989         79.535             126.425
800.681413         79.591             126.538
800.688793         79.646             126.652
800.696131         79.701             126.767
800.703424         79.757             126.883
800.710675         79.812             127.001
800.717881         79.867             127.119
800.725045         79.922             127.240
800.732165         79.978             127.361
800.739241         80.033             127.484
800.746274         80.088             127.608
800.753263         80.143             127.734
800.760208         80.197             127.861
800.767110         80.252             127.990
800.773968         80.307             128.120
800.780782         80.362             128.252
800.787552         80.417             128.385
800.794279         80.471             128.520
800.800962         80.526             128.656
800.807601         80.580             128.794
800.814196         80.635             128.934
800.820747         80.689             129.075
800.827255         80.744             129.218
800.833718         80.798             129.363
800.840137         80.852             129.509
800.846512         80.906             129.657
800.852844         80.960             129.807
800.859131         81.015             129.959
800.865374         81.068             130.113
800.871573         81.122             130.269
800.877728         81.176             130.426
800.883838         81.230             130.586
800.889904         81.284             130.747
800.895927         81.337             130.911
800.901904         81.391             131.076
800.907838         81.444             131.244
800.913727         81.498             131.414
800.919572         81.551             131.586
800.925373         81.604             131.760
800.931129         81.657             131.937
800.936841         81.711             132.116
800.942508         81.764             132.297
800.948131         81.816             132.481
800.953709         81.869             132.667
800.959243         81.922             132.855
800.964732         81.975             133.046
800.970177         82.027             133.240
800.975577         82.080             133.436
800.980933         82.132             133.635
800.986244         82.184             133.836
800.991510         82.236             134.040
800.996732         82.288             134.247
801.001908         82.340             134.457
801.007041         82.392             134.670
801.012128         82.444             134.886
801.017171         82.496             135.105
801.022169         82.547             135.326
801.027122         82.598             135.551
801.032030         82.650             135.780
801.036894         82.701             136.011
801.041712         82.752             136.246
801.046486         82.803             136.484
801.051215         82.854             136.725
801.055898         82.904             136.970
801.060537         82.955             137.219
801.065131         83.005             137.471
801.069680         83.055             137.727
801.074184         83.105             137.986
801.078643         83.155             138.250
801.083057         83.205             138.517
801.087426         83.255             138.788
801.091750         83.304             139.064
801.096028         83.353             139.343
801.100262         83.403             139.627
801.104450         83.452             139.915
801.108593         83.500             140.207
801.112691         83.549             140.504
801.116744         83.597             140.806
801.120752         83.646             141.112
801.124714         83.694             141.422
801.128631         83.742             141.738
801.132503         83.789             142.058
801.136330         83.837             142.384
801.140111         83.884             142.714
801.143847         83.931             143.050
801.147538         83.978             143.391
801.151183         84.025             143.737
801.154783         84.071             144.089
801.158338         84.117             144.447
801.161847         84.163             144.810
801.165311         84.209             145.179
801.168729         84.254             145.554
801.172102         84.300             145.934
801.175430         84.345             146.321
801.178712         84.389             146.715
801.181949         84.434             147.114
801.185140         84.478             147.520
801.188285         84.522             147.933
801.191386         84.565             148.352
801.194440         84.608             148.778
801.197449         84.651             149.211
801.200413         84.694             149.651
801.203331         84.736             150.098
801.206203         84.778             150.552
801.209030         84.820             151.014
801.211811         84.861             151.483
801.214546         84.902             151.960
801.217236         84.943             152.444
801.219881         84.983             152.937
801.222479         85.023             153.437
801.225032         85.062             153.945
801.227539         85.101             154.462
801.230001         85.140             154.987
801.232417         85.178             155.520
801.234787         85.216             156.062
801.237112         85.253             156.613
801.239390         85.290             157.172
801.241623         85.326             157.740
801.243811         85.362             158.317
801.245952         85.398             158.903
801.248048         85.433             159.498
801.250098         85.467             160.102
801.252102         85.501             160.715
801.254061         85.534             161.338
801.255973         85.567             161.970
801.257840         85.600             162.611
801.259661         85.631             163.262
801.261436         85.663             163.923
801.263166         85.693             164.592
801.264849         85.723             165.272
801.266487         85.753             165.961
801.268079         85.781             166.659
801.269625         85.809             167.367
801.271125         85.837             168.085
801.272579         85.864             168.812
801.273987         85.890             169.548
801.275350         85.915             170.294
801.276666         85.940             171.049
801.277937         85.964             171.813
801.279162         85.987             172.586
801.280341         86.010             173.368
801.281474         86.031             174.158
801.282561         86.052             174.958
801.283602         86.073             175.766
801.284597         86.092             176.581
801.285547         86.111             177.405
801.286450         86.128             178.237
801.287307         86.145             179.076
801.288119         86.162             179.923
801.288885         86.177             -179.224
801.289604         86.191             -178.363
801.290278         86.205             -177.497
801.290906         86.217             -176.624
801.291487         86.229             -175.746
801.292023         86.240             -174.863
801.292513         86.250             -173.974
801.292957         86.259             -173.081
801.293355         86.267             -172.184
801.293707         86.274             -171.283
801.294013         86.281             -170.379
801.294273         86.286             -169.472
801.294487         86.290             -168.563
801.294655         86.294             -167.652
801.294777         86.296             -166.739
801.294853         86.298             -165.825
801.294883         86.299             -164.911
801.294867         86.298             -163.996
801.294806         86.297             -163.082
801.294698         86.295             -162.169
801.294544         86.292             -161.258
801.294345         86.288             -160.348
801.294099         86.282             -159.440
801.293807         86.276             -158.535
801.293470         86.270             -157.633
801.293086         86.262             -156.735
801.292657         86.253             -155.840
801.292181         86.243             -154.950
801.291660         86.233             -154.065
801.291092         86.221             -153.185
801.290479         86.209             -152.311
801.289820         86.196             -151.443
801.289114         86.181             -150.580
801.288363         86.166             -149.725
801.287566         86.151             -148.876
801.286723         86.134             -148.035
801.285834         86.116             -147.200
801.284899         86.098             -146.374
801.283918         86.079             -145.556
801.282891         86.059             -144.745
801.281819         86.038             -143.943
801.280700         86.017             -143.150
801.279535         85.994             -142.365
801.278325         85.971             -141.589
801.277069         85.948             -140.822
801.275766         85.923             -140.064
801.274418         85.898             -139.316
801.273024         85.872             -138.577
801.271584         85.845             -137.847
801.270098         85.818             -137.126
801.268567         85.790             -136.415
801.266989         85.762             -135.714
801.265366         85.732             -135.022
801.263697         85.703             -134.340
801.261982         85.672             -133.667
801.260221         85.641             -133.003
801.258414         85.610             -132.350
801.256562         85.578             -131.705
801.254663         85.545             -131.070
801.252719         85.512             -130.445
801.250729         85.478             -129.828
801.248694         85.443             -129.221
801.246612         85.409             -128.623
801.244485         85.373             -128.035
801.242312         85.338             -127.455
801.240093         85.301             -126.884
801.237829         85.265             -126.322
801.235519         85.227             -125.769
801.233163         85.190             -125.225
801.230761         85.152             -124.689
801.228314         85.113             -124.161
801.225821         85.074             -123.642
801.223282         85.035             -123.131
801.220698         84.995             -122.628
801.218068         84.955             -122.133
801.215392         84.915             -121.646
801.212671         84.874             -121.167
801.209904         84.833             -120.695
801.207091         84.791             -120.231
801.204233         84.749             -119.775
801.201330         84.707             -119.325
801.198380         84.665             -118.883
801.195386         84.622             -118.448
801.192345         84.579             -118.020
801.189259         84.535             -117.599
801.186128         84.491             -117.184
801.182951         84.447             -116.776
801.179729         84.403             -116.375
801.176461         84.358             -115.979
801.173147         84.314             -115.591
801.169789         84.269             -115.208
801.166384         84.223             -114.831
801.162935         84.178             -114.460
801.159440         84.132             -114.095
801.155899         84.086             -113.736
801.152313         84.039             -113.383
801.148682         83.993             -113.035
801.145006         83.946             -112.692
801.141284         83.899             -112.355
801.137517         83.852             -112.022
801.133704         83.804             -111.695
801.129846         83.757             -111.373
801.125943         83.709             -111.056
801.121995         83.661             -110.744
801.118002         83.613             -110.437
801.113963         83.564             -110.134
801.109879         83.516             -109.835
801.105750         83.467             -109.542
801.101576         83.418             -109.252
801.097356         83.369             -108.967
801.093092         83.320             -108.686
801.088782         83.270             -108.410
801.084427         83.221             -108.137
801.080028         83.171             -107.869
801.075583         83.121             -107.604
801.071093         83.071             -107.343
801.066558         83.021             -107.086
801.061978         82.970             -106.833
801.057353         82.920             -106.583
801.052684         82.869             -106.337
801.047969         82.819             -106.095
801.043209         82.768             -105.855
801.038405         82.717             -105.620
801.033555         82.666             -105.387
801.028661         82.614             -105.158
801.023722         82.563             -104.932
801.018738         82.512             -104.709
801.013709         82.460             -104.490
801.008636         82.408             -104.273
801.003517         82.357             -104.059
800.998355         82.305             -103.849
800.993147         82.253             -103.641
800.987895         82.201             -103.436
800.982598         82.148             -103.233
800.977256         82.096             -103.034
800.971870         82.044             -102.837
800.966439         81.991             -102.642
800.960964         81.938             -102.450
800.955444         81.886             -102.261
800.949879         81.833             -102.074
800.944270         81.780             -101.890
800.938617         81.727             -101.708
800.932919         81.674             -101.529
800.927177         81.621             -101.351
800.921390         81.568             -101.176
800.915559         81.514             -101.003
800.909684         81.461             -100.833
800.903764         81.408             -100.664
800.897800         81.354             -100.498
800.891792         81.300             -100.334
800.885739         81.247             -100.172
800.879642         81.193             -100.012
800.873501         81.139             -99.853
800.867316         81.085             -99.697
800.861087         81.031             -99.543
800.854814         80.977             -99.390
800.848496         80.923             -99.240
800.842135         80.869             -99.091
800.835729         80.815             -98.944
800.829280         80.761             -98.799
800.822786         80.706             -98.655
800.816249         80.652             -98.514
800.809667         80.597             -98.373
800.803042         80.543             -98.235
800.796373         80.488             -98.098
800.789660         80.434             -97.963
800.782903         80.379             -97.829
800.776102         80.324             -97.697
800.769258         80.269             -97.566
800.762370         80.215             -97.437
800.755438         80.160             -97.310
800.748463         80.105             -97.183
800.741444         80.050             -97.059
800.734381         79.995             -96.935
800.727275         79.940             -96.813
800.720125         79.884             -96.693
800.712932         79.829             -96.573
800.705695         79.774             -96.455
800.698415         79.719             -96.339
800.691092         79.663             -96.223
800.683725         79.608             -96.109
800.676314         79.553             -95.996
800.668861         79.497             -95.885
800.661364         79.442             -95.774
800.653823         79.386             -95.665
800.646240         79.331             -95.557
800.638613         79.275             -95.450
800.630944         79.219             -95.344
800.623231         79.164             -95.239
800.615475         79.108             -95.136
800.607675         79.052             -95.033
800.599833         78.996             -94.932
800.591948         78.940             -94.831
800.584020         78.885             -94.732
800.576049         78.829             -94.633
800.568035         78.773             -94.536
800.559979         78.717             -94.440
800.551879         78.661             -94.344
800.543737         78.605             -94.250
800.535552         78.549             -94.157
800.527324         78.492             -94.064
800.519053         78.436             -93.972
800.510740         78.380             -93.882
800.502384         78.324             -93.792
800.493986         78.268             -93.703
800.485545         78.211             -93.615
800.477062         78.155             -93.528
800.468536         78.099             -93.442
800.459968         78.042             -93.356
800.451357         77.986             -93.272
800.442704         77.930             -93.188
800.434008         77.873             -93.105
800.425271         77.817             -93.023
800.416491         77.760             -92.941
800.407669         77.704             -92.860
800.398804         77.647             -92.781
800.389898         77.591             -92.701
800.380949         77.534             -92.623
800.371959         77.477             -92.545
800.362926         77.421             -92.468
800.353852         77.364             -92.392
800.344735         77.307             -92.317
800.335577         77.251             -92.242
800.326377         77.194             -92.168
800.317134         77.137             -92.094
800.307851         77.080             -92.022
800.298525         77.023             -91.950
800.289158         76.967             -91.878
800.279749         76.910             -91.807
800.270298         76.853             -91.737
800.260806         76.796             -91.668
800.251272         76.739             -91.599
800.241697         76.682             -91.530
800.232080         76.625             -91.463
800.222422         76.568             -91.396
800.212723         76.511             -91.329
800.202982         76.454             -91.263
800.193200         76.397             -91.198
800.183376         76.340             -91.133
800.173512         76.283             -91.069
800.163606         76.226             -91.005
800.153659         76.169             -90.942
800.143671         76.111             -90.879
800.133642         76.054             -90.817
800.123572         75.997             -90.756
800.113461         75.940             -90.695
800.103309         75.883             -90.634
800.093116         75.825             -90.574
800.082883         75.768             -90.515
800.072609         75.711             -90.456
800.062294         75.654             -90.398
800.051938         75.596             -90.340
800.041541         75.539             -90.282
800.031104         75.482             -90.225
800.020627         75.424             -90.169
800.010109         75.367             -90.112
799.999550         75.310             -90.057
799.988951         75.252             -90.002
799.978312         75.195             -89.947
799.967632         75.137             -89.893
799.956912         75.080             -89.839
799.946152         75.023             -89.786
799.935352         74.965             -89.733
799.924511         74.908             -89.680
799.913630         74.850             -89.628
799.902710         74.793             -89.576
799.891749         74.735             -89.525
799.880748         74.677             -89.474
799.869708         74.620             -89.424
799.858627         74.562             -89.373
799.847507         74.505             -89.324
799.836347         74.447             -89.274
799.825147         74.390             -89.226
799.813908         74.332             -89.177
799.802629         74.274             -89.129
799.791310         74.217             -89.081
799.779952         74.159             -89.034
799.768554         74.101             -88.987
799.757117         74.044             -88.940
799.745641         73.986             -88.894
799.734125         73.928             -88.848
799.722570         73.870             -88.802
799.710976         73.813             -88.757
799.699342         73.755             -88.712
799.687670         73.697             -88.667
799.675958         73.639             -88.623
799.664207         73.582             -88.579
799.652418         73.524             -88.535
799.640589         73.466             -88.492
799.628721         73.408             -88.449
799.616815         73.350             -88.406
799.604870         73.293             -88.364
799.592886         73.235             -88.322
799.580863         73.177             -88.280
799.568802         73.119             -88.239
799.556702         73.061             -88.198
799.544564         73.003             -88.157
799.532387         72.945             -88.116
799.520172         72.888             -88.076
799.507919         72.830             -88.036
799.495627         72.772             -87.997
799.483297         72.714             -87.957
799.470928         72.656             -87.918
799.458522         72.598             -87.879
799.446077         72.540             -87.841
799.433595         72.482             -87.803
799.421074         72.424             -87.765
799.408516         72.366             -87.727
799.395919         72.308             -87.689
799.383285         72.250             -87.652
799.370613         72.192             -87.615
799.357903         72.134             -87.579
799.345156         72.076             -87.542
799.332371         72.018             -87.506
799.319548         71.960             -87.470
799.306688         71.902             -87.435
799.293790         71.844             -87.399
799.280855         71.785             -87.364
799.267883         71.727             -87.329
799.254873         71.669             -87.294
799.241827         71.611             -87.260
799.228743         71.553             -87.226
799.215621         71.495             -87.192
799.202463         71.437             -87.158
799.189268         71.379             -87.125
799.176036         71.320             -87.091
799.162767         71.262             -87.058
799.149461         71.204             -87.025
799.136118         71.146             -86.993
799.122739         71.088             -86.960
799.109323         71.030             -86.928
799.095871         70.971             -86.896
799.082381         70.913             -86.864
799.068856         70.855             -86.833
799.055294         70.797             -86.801
799.041695         70.739             -86.770
799.028061         70.680             -86.739
799.014390         70.622             -86.709
799.000682         70.564             -86.678
798.986939         70.506             -86.648
798.973160         70.447             -86.618
798.959344         70.389             -86.588
798.945493         70.331             -86.558
798.931605         70.273             -86.528
798.917682         70.214             -86.499
798.903723         70.156             -86.470
798.889729         70.098             -86.441
798.875699         70.039             -86.412
798.861633         69.981             -86.383
798.847531         69.923             -86.355
798.833394         69.864             -86.327
798.819222         69.806             -86.299
798.805014         69.748             -86.271
798.790771         69.689             -86.243
798.776493         69.631             -86.215
798.762180         69.573             -86.188
798.747831         69.514             -86.161
798.733448         69.456             -86.134
798.719029         69.398             -86.107
798.704576         69.339             -86.080
798.690087         69.281             -86.054
798.675564         69.222             -86.027
798.661006         69.164             -86.001
798.646414         69.106             -85.975
798.631787         69.047             -85.949
798.617125         68.989             -85.924
798.602429         68.930             -85.898
798.587698         68.872             -85.873
798.572933         68.814             -85.847
798.558134         68.755             -85.822
798.543300         68.697             -85.797
798.528432         68.638             -85.773
798.513531         68.580             -85.748
798.498595         68.521             -85.723
798.483625         68.463             -85.699
798.468621         68.404             -85.675
798.453583         68.346             -85.651
798.438512         68.287             -85.627
798.423407         68.229             -85.603
798.408268         68.170             -85.580
798.393096         68.112             -85.556
798.377890         68.053             -85.533
798.362650         67.995             -85.509
798.347378         67.936             -85.486
798.332072         67.878             -85.464
798.316732         67.819             -85.441
798.301360         67.761             -85.418
798.285954         67.702             -85.396
798.270515         67.644             -85.373
798.255043         67.585             -85.351
798.239539         67.527             -85.329
798.224001         67.468             -85.307
798.208431         67.410             -85.285
798.192828         67.351             -85.263
798.177192         67.292             -85.242
798.161523         67.234             -85.220
798.145823         67.175             -85.199
798.130089         67.117             -85.177
798.114323         67.058             -85.156
798.098525         67.000             -85.135
798.082695         66.941             -85.114
798.066832         66.882             -85.094
798.050938         66.824             -85.073
798.035011         66.765             -85.053
798.019052         66.707             -85.032
798.003062         66.648             -85.012
797.987039         66.589             -84.992
797.970985         66.531             -84.972
797.954899         66.472             -84.952
797.938781         66.413             -84.932
797.922632         66.355             -84.912
797.906451         66.296             -84.893
797.890239         66.238             -84.873
797.873996         66.179             -84.854
797.857721         66.120             -84.834
797.841415         66.062             -84.815
797.825078         66.003             -84.796
797.808709         65.944             -84.777
797.792310         65.886             -84.758
797.775880         65.827             -84.740
797.759419         65.768             -84.721
797.742927         65.710             -84.702
797.726404         65.651             -84.684
797.709851         65.592             -84.666
797.693267         65.533             -84.647
797.676652         65.475             -84.629
797.660007         65.416             -84.611
797.643332         65.357             -84.593
797.626627         65.299             -84.576
797.609891         65.240             -84.558
797.593125         65.181             -84.540
797.576329         65.123             -84.523
797.559503         65.064             -84.505
797.542647         65.005             -84.488
797.525761         64.946             -84.471
797.508845         64.888             -84.453
797.491900         64.829             -84.436
797.474925         64.770             -84.419
797.457920         64.711             -84.402
797.440886         64.653             -84.386
797.423822         64.594             -84.369
797.406729         64.535             -84.352
797.389607         64.476             -84.336
797.372455         64.418             -84.319
797.355275         64.359             -84.303
797.338065         64.300             -84.287
797.320827         64.241             -84.271
797.303559         64.183             -84.255
797.286263         64.124             -84.239
797.268937         64.065             -84.223
797.251583         64.006             -84.207
797.234201         63.947             -84.191
797.216790         63.889             -84.175
797.199350         63.830             -84.160
797.181882         63.771             -84.144
797.164386         63.712             -84.129
797.146862         63.653             -84.114
797.129309         63.595             -84.098
797.111728         63.536             -84.083
797.094120         63.477             -84.068
797.076483         63.418             -84.053
797.058818         63.359             -84.038
797.041126         63.301             -84.023
797.023406         63.242             -84.008
797.005658         63.183             -83.994
796.987883         63.124             -83.979
796.970080         63.065             -83.964
796.952250         63.006             -83.950
796.934392         62.948             -83.936
796.916508         62.889             -83.921
796.898596         62.830             -83.907
796.880657         62.771             -83.893
796.862690         62.712             -83.879
796.844697         62.653             -83.865
796.826678         62.594             -83.851
796.808631         62.536             -83.837
796.790557         62.477             -83.823
796.772457         62.418             -83.809
796.754331         62.359             -83.796
796.736178         62.300             -83.782
796.717998         62.241             -83.768
796.699792         62.182             -83.755
796.681560         62.123             -83.741
796.663302         62.065             -83.728
796.645018         62.006             -83.715
796.626708         61.947             -83.702
796.608371         61.888             -83.689
796.590009         61.829             -83.675
796.571621         61.770             -83.662
796.553208         61.711             -83.650
796.534769         61.652             -83.637
796.516304         61.593             -83.624
796.497814         61.534             -83.611
796.479298         61.476             -83.598
796.460757         61.417             -83.586
796.442191         61.358             -83.573
796.423600         61.299             -83.561
796.404984         61.240             -83.548
796.386343         61.181             -83.536
796.367676         61.122             -83.524
796.348985         61.063             -83.511
796.330270         61.004             -83.499
796.311529         60.945             -83.487
796.292764         60.886             -83.475
796.273975         60.827             -83.463
796.255161         60.768             -83.451
796.236323         60.709             -83.439
796.217461         60.651             -83.427
796.198574         60.592             -83.416
796.179663         60.533             -83.404
796.160729         60.474             -83.392
796.141770         60.415             -83.381
796.122788         60.356             -83.369
796.103782         60.297             -83.358
796.084752         60.238             -83.346
796.065698         60.179             -83.335
796.046621         60.120             -83.324
796.027521         60.061             -83.312
796.008397         60.002             -83.301
795.989250         59.943             -83.290
795.970080         59.884             -83.279
795.950886         59.825             -83.268
795.931670         59.766             -83.257
795.912431         59.707             -83.246
795.893169         59.648             -83.235
795.873884         59.589             -83.224
795.854576         59.530             -83.213
795.835246         59.471             -83.203
795.815893         59.412             -83.192
795.796518         59.353             -83.181
795.777120         59.294             -83.171
795.757701         59.235             -83.160
795.738259         59.176             -83.150
795.718794         59.117             -83.139
795.699308         59.058             -83.129
795.679800         58.999             -83.119
795.660270         58.940             -83.108
795.640719         58.881             -83.098
795.621145         58.822             -83.088
795.601550         58.763             -83.078
795.581934         58.704             -83.068
795.562296         58.645             -83.058
795.542637         58.586             -83.048
795.522956         58.527             -83.038
795.503254         58.468             -83.028
795.483532         58.409             -83.018
795.463788         58.350             -83.008
795.444023         58.291             -82.999
795.424238         58.232             -82.989
795.404431         58.172             -82.979
795.384604         58.113             -82.970
795.364757         58.054             -82.960
795.344889         57.995             -82.951
795.325000         57.936             -82.941
795.305091         57.877             -82.932
795.285162         57.818             -82.922
795.265213         57.759             -82.913
795.245244         57.700             -82.904
795.225255         57.641             -82.894
795.205246         57.582             -82.885
795.185217         57.523             -82.876
795.165168         57.464             -82.867
795.145100         57.405             -82.858
795.125012         57.346             -82.849
795.104905         57.287             -82.840
795.084778         57.227             -82.831
795.064632         57.168             -82.822
795.044467         57.109             -82.813
795.024283         57.050             -82.804
795.004080         56.991             -82.796
794.983857         56.932             -82.787
794.963616         56.873             -82.778
794.943356         56.814             -82.769
794.923078         56.755             -82.761
794.902781         56.696             -82.752
794.882465         56.637             -82.744
794.862131         56.577             -82.735
794.841779         56.518             -82.727
794.821408         56.459             -82.718
794.801019         56.400             -82.710
794.780613         56.341             -82.702
794.760188         56.282             -82.693
794.739745         56.223             -82.685
794.719285         56.164             -82.677
794.698807         56.105             -82.669
794.678311         56.045             -82.660
794.657797         55.986             -82.652
794.637267         55.927             -82.644
794.616719         55.868             -82.636
794.596153         55.809             -82.628
794.575571         55.750             -82.620
794.554971         55.691             -82.612
794.534354         55.632             -82.604
794.513721         55.572             -82.597
794.493070         55.513             -82.589
794.472403         55.454             -82.581
794.451719         55.395             -82.573
794.431019         55.336             -82.566
794.410302         55.277             -82.558
794.389569         55.218             -82.550
794.368819         55.158             -82.543
794.348054         55.099             -82.535
794.327272         55.040             -82.527
794.306474         54.981             -82.520
794.285660         54.922             -82.513
794.264831         54.863             -82.505
794.243985         54.803             -82.498
794.223124         54.744             -82.490
794.202248         54.685             -82.483
794.181356         54.626             -82.476
794.160448         54.567             -82.468
794.139526         54.508             -82.461
794.118588         54.449             -82.454
794.097635         54.389             -82.447
794.076667         54.330             -82.440
794.055684         54.271             -82.433
794.034686         54.212             -82.425
794.013673         54.153             -82.418
793.992646         54.093             -82.411
793.971604         54.034             -82.404
793.950548         53.975             -82.397
793.929477         53.916             -82.391
793.908392         53.857             -82.384
793.887293         53.798             -82.377
793.866179         53.738             -82.370
793.845052         53.679             -82.363
793.823911         53.620             -82.356
793.802755         53.561             -82.350
793.781587         53.502             -82.343
793.760404         53.442             -82.336
793.739208         53.383             -82.330
793.717998         53.324             -82.323
793.696775         53.265             -82.317
793.675539         53.206             -82.310
793.654289         53.146             -82.303
793.633027         53.087             -82.297
793.611751         53.028             -82.291
793.590462         52.969             -82.284
793.569161         52.910             -82.278
793.547847         52.850             -82.271
793.526520         52.791             -82.265
793.505181         52.732             -82.259
793.483829         52.673             -82.252
793.462464         52.613             -82.246
793.441088         52.554             -82.240
793.419699         52.495             -82.234
793.398298         52.436             -82.228
793.376886         52.377             -82.221
793.355461         52.317             -82.215
793.334024         52.258             -82.209
793.312576         52.199             -82.203
793.291116         52.140             -82.197
793.269645         52.080             -82.191
793.248162         52.021             -82.185
793.226667         51.962             -82.179
793.205162         51.903             -82.173
793.183645         51.843             -82.167
793.162117         51.784             -82.161
793.140579         51.725             -82.156
793.119029         51.666             -82.150
793.097469         51.606             -82.144
793.075897         51.547             -82.138
793.054316         51.488             -82.132
793.032723         51.429             -82.127
793.011121         51.369             -82.121
792.989508         51.310             -82.115
792.967884         51.251             -82.110
792.946251         51.192             -82.104
792.924607         51.132             -82.098
792.902954         51.073             -82.093
792.881291         51.014             -82.087
792.859617         50.955             -82.082
792.837935         50.895             -82.076
792.816242         50.836             -82.071
792.794540         50.777             -82.065
792.772829         50.717             -82.060
792.751109         50.658             -82.055
792.729379         50.599             -82.049
792.707640         50.540             -82.044
792.685892         50.480             -82.038
792.664135         50.421             -82.033
792.642370         50.362             -82.028
792.620595         50.303             -82.023
792.598812         50.243             -82.017
792.577021         50.184             -82.012
792.555221         50.125             -82.007
792.533412         50.065             -82.002
792.511596         50.006             -81.997
792.489771         49.947             -81.992
792.467938         49.888             -81.986
792.446097         49.828             -81.981
792.424248         49.769             -81.976
792.402392         49.710             -81.971
792.380527         49.650             -81.966
792.358655         49.591             -81.961
792.336776         49.532             -81.956
792.314889         49.472             -81.951
792.292995         49.413             -81.947
792.271094         49.354             -81.942
792.249185         49.295             -81.937
792.227270         49.235             -81.932
792.205347         49.176             -81.927
792.183418         49.117             -81.922
792.161482         49.057             -81.917
792.139539         48.998             -81.913
792.117590         48.939             -81.908
792.095634         48.879             -81.903
792.073672         48.820             -81.899
792.051704         48.761             -81.894
792.029729         48.701             -81.889
792.007748         48.642             -81.885
791.985762         48.583             -81.880
791.963769         48.523             -81.875
791.941771         48.464             -81.871
791.919767         48.405             -81.866
791.897757         48.345             -81.862
791.875742         48.286             -81.857
791.853721         48.227             -81.853
791.831695         48.167             -81.848
791.809664         48.108             -81.844
791.787628         48.049             -81.839
791.765586         47.989             -81.835
791.743540         47.930             -81.830
791.721489         47.871             -81.826
791.699433         47.811             -81.822
791.677372         47.752             -81.817
791.655307         47.693             -81.813
791.633238         47.633             -81.809
791.611164         47.574             -81.804
791.589086         47.515             -81.800
791.567003         47.455             -81.796
791.544917         47.396             -81.792
791.522826         47.337             -81.788
791.500732         47.277             -81.783
791.478634         47.218             -81.779
791.456532         47.159             -81.775
791.434426         47.099             -81.771
791.412317         47.040             -81.767
791.390205         46.980             -81.763
791.368089         46.921             -81.759
791.345970         46.862             -81.755
791.323848         46.802             -81.750
791.301723         46.743             -81.746
791.279595         46.684             -81.742
791.257464         46.624             -81.738
791.235331         46.565             -81.734
791.213194         46.506             -81.731
791.191055         46.446             -81.727
791.168914         46.387             -81.723
791.146771         46.327             -81.719
791.124625         46.268             -81.715
791.102477         46.209             -81.711
791.080327         46.149             -81.707
791.058174         46.090             -81.703
791.036020         46.031             -81.700
791.013865         45.971             -81.696
790.991707         45.912             -81.692
790.969548         45.852             -81.688
790.947388         45.793             -81.684
790.925226         45.734             -81.681
790.903062         45.674             -81.677
790.880898         45.615             -81.673
790.858732         45.555             -81.670
790.836566         45.496             -81.666
790.814398         45.437             -81.662
790.792230         45.377             -81.659
790.770061         45.318             -81.655
790.747891         45.258             -81.652
790.725721         45.199             -81.648
790.703551         45.140             -81.644
790.681380         45.080             -81.641
790.659208         45.021             -81.637
790.637037         44.961             -81.634
790.614866         44.902             -81.630
790.592694         44.843             -81.627
790.570523         44.783             -81.623
790.548352         44.724             -81.620
790.526181         44.664             -81.616
790.504011         44.605             -81.613
790.481841         44.546             -81.610
790.459672         44.486             -81.606
790.437504         44.427             -81.603
790.415336         44.367             -81.599
790.393169         44.308             -81.596
790.371004         44.249             -81.593
790.348839         44.189             -81.589
790.326676         44.130             -81.586
790.304514         44.070             -81.583
790.282353         44.011             -81.580
790.260194         43.951             -81.576
790.238036         43.892             -81.573
790.215880         43.833             -81.570
790.193726         43.773             -81.567
790.171574         43.714             -81.563
790.149423         43.654             -81.560
790.127275         43.595             -81.557
790.105129         43.535             -81.554
790.082985         43.476             -81.551
790.060843         43.417             -81.548
790.038704         43.357             -81.545
790.016568         43.298             -81.542
789.994434         43.238             -81.538
789.972303         43.179             -81.535
789.950174         43.119             -81.532
789.928049         43.060             -81.529
789.905927         43.000             -81.526
789.883807         42.941             -81.523
789.861691         42.882             -81.520
789.839579         42.822             -81.517
789.817469         42.763             -81.514
789.795363         42.703             -81.511
789.773261         42.644             -81.508
789.751163         42.584             -81.505
789.729068         42.525             -81.503
789.706977         42.465             -81.500
789.684890         42.406             -81.497
789.662807         42.346             -81.494
789.640729         42.287             -81.491
789.618654         42.228             -81.488
789.596584         42.168             -81.485
789.574519         42.109             -81.482
789.552458         42.049             -81.480
789.530401         41.990             -81.477
789.508350         41.930             -81.474
789.486303         41.871             -81.471
789.464261         41.811             -81.469
789.442224         41.752             -81.466
789.420193         41.692             -81.463
789.398166         41.633             -81.460
789.376145         41.573             -81.458
789.354130         41.514             -81.455
789.332119         41.454             -81.452
789.310115         41.395             -81.450
789.288116         41.335             -81.447
789.266123         41.276             -81.444
789.244136         41.217             -81.442
789.222155         41.157             -81.439
789.200179         41.098             -81.436
789.178211         41.038             -81.434
789.156248         40.979             -81.431
789.134292         40.919             -81.429
789.112342         40.860             -81.426
789.090399         40.800             -81.424
789.068462         40.741             -81.421
789.046532         40.681             -81.418
789.024609         40.622             -81.416
789.002693         40.562             -81.413
788.980784         40.503             -81.411
788.958883         40.443             -81.408
788.936988         40.384             -81.406
788.915101         40.324             -81.404
788.893221         40.265             -81.401
788.871349         40.205             -81.399
788.849484         40.146             -81.396
788.827627         40.086             -81.394
788.805778         40.027             -81.391
788.783936         39.967             -81.389
788.762103         39.908             -81.387
788.740278         39.848             -81.384
788.718461         39.789             -81.382
788.696652         39.729             -81.380
788.674851         39.670             -81.377
788.653059         39.610             -81.375
788.631276         39.551             -81.373
788.609501         39.491             -81.370
788.587735         39.432             -81.368
788.565978         39.372             -81.366
788.544230         39.313             -81.364
788.522491         39.253             -81.361
788.500761         39.194             -81.359
788.479040         39.134             -81.357
788.457328         39.075             -81.355
788.435626         39.015             -81.352
788.413933         38.955             -81.350
788.392250         38.896             -81.348
788.370577         38.836             -81.346
788.348914         38.777             -81.344
788.327260         38.717             -81.342
788.305616         38.658             -81.339
788.283983         38.598             -81.337
788.262359         38.539             -81.335
788.240746         38.479             -81.333
788.219143         38.420             -81.331
788.197551         38.360             -81.329
788.175969         38.301             -81.327
788.154398         38.241             -81.325
788.132837         38.182             -81.323
788.111288         38.122             -81.321
788.089749         38.063             -81.319
788.068221         38.003             -81.316
788.046704         37.943             -81.314
788.025199         37.884             -81.312
788.003705         37.824             -81.310
787.982222         37.765             -81.308
787.960751         37.705             -81.306
787.939291         37.646             -81.304
787.917843         37.586             -81.303
787.896407         37.527             -81.301
787.874982         37.467             -81.299
787.853570         37.408             -81.297
787.832169         37.348             -81.295
787.810781         37.288             -81.293
787.789405         37.229             -81.291
787.768041         37.169             -81.289
787.746690         37.110             -81.287
787.725351         37.050             -81.285
787.704024         36.991             -81.283
787.682711         36.931             -81.282
787.661410         36.872             -81.280
787.640122         36.812             -81.278
787.618847         36.752             -81.276
787.597585         36.693             -81.274
787.576336         36.633             -81.272
787.555101         36.574             -81.271
787.533878         36.514             -81.269
787.512670         36.455             -81.267
787.491474         36.395             -81.265
787.470293         36.336             -81.263
787.449125         36.276             -81.262
787.427970         36.216             -81.260
787.406830         36.157             -81.258
787.385704         36.097             -81.257
787.364592         36.038             -81.255
787.343494         35.978             -81.253
787.322410         35.919             -81.251
787.301340         35.859             -81.250
787.280285         35.799             -81.248
787.259245         35.740             -81.246
787.238219         35.680             -81.245
787.217208         35.621             -81.243
787.196211         35.561             -81.241
787.175230         35.501             -81.240
787.154264         35.442             -81.238
787.133312         35.382             -81.236
787.112376         35.323             -81.235
787.091455         35.263             -81.233
787.070549         35.204             -81.232
787.049659         35.144             -81.230
787.028785         35.084             -81.228
787.007926         35.025             -81.227
786.987082         34.965             -81.225
786.966255         34.906             -81.224
786.945443         34.846             -81.222
786.924648         34.786             -81.221
786.903868         34.727             -81.219
786.883105         34.667             -81.218
786.862358         34.608             -81.216
786.841627         34.548             -81.215
786.820913         34.488             -81.213
786.800215         34.429             -81.212
786.779534         34.369             -81.210
786.758869         34.310             -81.209
786.738222         34.250             -81.207
786.717591         34.190             -81.206
786.696977         34.131             -81.204
786.676381         34.071             -81.203
786.655801         34.012             -81.201
786.635239         33.952             -81.200
786.614694         33.892             -81.198
786.594167         33.833             -81.197
786.573657         33.773             -81.196
786.553164         33.714             -81.194
786.532690         33.654             -81.193
786.512233         33.594             -81.191
786.491794         33.535             -81.190
786.471373         33.475             -81.189
786.450970         33.416             -81.187
786.430585         33.356             -81.186
786.410218         33.296             -81.185
786.389870         33.237             -81.183
786.369540         33.177             -81.182
786.349229         33.117             -81.181
786.328936         33.058             -81.179
786.308662         32.998             -81.178
786.288406         32.939             -81.177
786.268170         32.879             -81.175
786.247952         32.819             -81.174
786.227754         32.760             -81.173
786.207574         32.700             -81.172
786.187414         32.640             -81.170
786.167273         32.581             -81.169
786.147152         32.521             -81.168
786.127050         32.462             -81.167
786.106967         32.402             -81.165
786.086904         32.342             -81.164
786.066861         32.283             -81.163
786.046838         32.223             -81.162
786.026834         32.163             -81.160
786.006851         32.104             -81.159
785.986887         32.044             -81.158
785.966944         31.985             -81.157
785.947021         31.925             -81.156
785.927119         31.865             -81.155
785.907237         31.806             -81.153
785.887375         31.746             -81.152
785.867534         31.686             -81.151
785.847713         31.627             -81.150
785.827914         31.567             -81.149
785.808135         31.507             -81.148
785.788377         31.448             -81.147
785.768641         31.388             -81.145
785.748925         31.328             -81.144
785.729231         31.269             -81.143
785.709557         31.209             -81.142
785.689906         31.150             -81.141
785.670275         31.090             -81.140
785.650667         31.030             -81.139
785.631079         30.971             -81.138
785.611514         30.911             -81.137
785.591970         30.851             -81.136
785.572449         30.792             -81.135
785.552949         30.732             -81.134
785.533471         30.672             -81.132
785.514016         30.613             -81.131
785.494582         30.553             -81.130
785.475171         30.493             -81.129
785.455783         30.434             -81.128
785.436417         30.374             -81.127
785.417073         30.314             -81.126
785.397752         30.255             -81.125
785.378454         30.195             -81.124
785.359179         30.135             -81.123
785.339926         30.076             -81.122
785.320697         30.016             -81.121
785.301490         29.956             -81.120
785.282307         29.897             -81.120
785.263147         29.837             -81.119
785.244010         29.777             -81.118
785.224897         29.718             -81.117
785.205807         29.658             -81.116
785.186741         29.598             -81.115
785.167699         29.539             -81.114
785.148680         29.479             -81.113
785.129685         29.419             -81.112
785.110714         29.360             -81.111
785.091767         29.300             -81.110
785.072844         29.240             -81.109
785.053945         29.181             -81.108
785.035070         29.121             -81.108
785.016220         29.061             -81.107
784.997394         29.002             -81.106
784.978593         28.942             -81.105
784.959816         28.882             -81.104
784.941064         28.823             -81.103
784.922336         28.763             -81.102
784.903634         28.703             -81.102
784.884956         28.644             -81.101
784.866303         28.584             -81.100
784.847675         28.524             -81.099
784.829073         28.464             -81.098
784.810495         28.405             -81.097
784.791943         28.345             -81.097
784.773417         28.285             -81.096
784.754915         28.226             -81.095
784.736440         28.166             -81.094
784.717989         28.106             -81.093
784.699565         28.047             -81.093
784.681167         27.987             -81.092
784.662794         27.927             -81.091
784.644447         27.868             -81.090
784.626126         27.808             -81.090
784.607832         27.748             -81.089
784.589563         27.688             -81.088
784.571321         27.629             -81.087
784.553105         27.569             -81.087
784.534916         27.509             -81.086
784.516753         27.450             -81.085
784.498616         27.390             -81.084
784.480507         27.330             -81.084
784.462424         27.271             -81.083
784.444368         27.211             -81.082
784.426338         27.151             -81.082
784.408336         27.091             -81.081
784.390361         27.032             -81.080
784.372413         26.972             -81.080
784.354492         26.912             -81.079
784.336598         26.853             -81.078
784.318732         26.793             -81.078
784.300894         26.733             -81.077
784.283082         26.674             -81.076
784.265299         26.614             -81.076
784.247543         26.554             -81.075
784.229815         26.494             -81.074
784.212114         26.435             -81.074
784.194442         26.375             -81.073
784.176797         26.315             -81.072
784.159181         26.256             -81.072
784.141593         26.196             -81.071
784.124033         26.136             -81.071
784.106501         26.076             -81.070
784.088998         26.017             -81.069
784.071523         25.957             -81.069
784.054077         25.897             -81.068
784.036659         25.838             -81.068
784.019270         25.778             -81.067
784.001909         25.718             -81.066
783.984578         25.658             -81.066
783.967275         25.599             -81.065
783.950002         25.539             -81.065
783.932757         25.479             -81.064
783.915542         25.419             -81.064
783.898356         25.360             -81.063
783.881199         25.300             -81.062
783.864071         25.240             -81.062
783.846973         25.181             -81.061
783.829905         25.121             -81.061
783.812866         25.061             -81.060
783.795856         25.001             -81.060
783.778877         24.942             -81.059
783.761927         24.882             -81.059
783.745007         24.822             -81.058
783.728117         24.762             -81.058
783.711257         24.703             -81.057
783.694427         24.643             -81.057
783.677627         24.583             -81.056
783.660858         24.523             -81.056
783.644119         24.464             -81.055
783.627410         24.404             -81.055
783.610732         24.344             -81.054
783.594084         24.285             -81.054
783.577467         24.225             -81.053
783.560881         24.165             -81.053
783.544325         24.105             -81.052
783.527800         24.046             -81.052
783.511306         23.986             -81.051
783.494844         23.926             -81.051
783.478412         23.866             -81.051
783.462011         23.807             -81.050
783.445641         23.747             -81.050
783.429303         23.687             -81.049
783.412996         23.627             -81.049
783.396721         23.568             -81.048
783.380477         23.508             -81.048
783.364264         23.448             -81.048
783.348083         23.388             -81.047
783.331934         23.329             -81.047
783.315816         23.269             -81.046
783.299731         23.209             -81.046
783.283677         23.149             -81.046
783.267655         23.090             -81.045
783.251666         23.030             -81.045
783.235708         22.970             -81.044
783.219783         22.910             -81.044
783.203890         22.851             -81.044
783.188029         22.791             -81.043
783.172200         22.731             -81.043
783.156404         22.671             -81.043
783.140641         22.612             -81.042
783.124910         22.552             -81.042
783.109212         22.492             -81.042
783.093546         22.432             -81.041
783.077914         22.373             -81.041
783.062314         22.313             -81.041
783.046747         22.253             -81.040
783.031213         22.193             -81.040
783.015713         22.133             -81.040
783.000245         22.074             -81.039
782.984811         22.014             -81.039
782.969410         21.954             -81.039
782.954042         21.894             -81.038
782.938707         21.835             -81.038
782.923407         21.775             -81.038
782.908139         21.715             -81.037
782.892906         21.655             -81.037
782.877706         21.596             -81.037
782.862539         21.536             -81.036
782.847407         21.476             -81.036
782.832308         21.416             -81.036
782.817244         21.357             -81.036
782.802213         21.297             -81.035
782.787217         21.237             -81.035
782.772254         21.177             -81.035
782.757326         21.117             -81.035
782.742432         21.058             -81.034
782.727573         20.998             -81.034
782.712748         20.938             -81.034
782.697957         20.878             -81.034
782.683201         20.819             -81.033
782.668479         20.759             -81.033
782.653792         20.699             -81.033
782.639140         20.639             -81.033
782.624523         20.579             -81.032
782.609940         20.520             -81.032
782.595393         20.460             -81.032
782.580880         20.400             -81.032
782.566403         20.340             -81.031
782.551960         20.281             -81.031
782.537553         20.221             -81.031
782.523181         20.161             -81.031
782.508844         20.101             -81.031
782.494543         20.041             -81.030
782.480277         19.982             -81.030
782.466047         19.922             -81.030
782.451852         19.862             -81.030
782.437692         19.802             -81.030
782.423569         19.742             -81.029
782.409481         19.683             -81.029
782.395429         19.623             -81.029
782.381413         19.563             -81.029
782.367432         19.503             -81.029
782.353488         19.444             -81.029
782.339580         19.384             -81.028
782.325708         19.324             -81.028
782.311872         19.264             -81.028
782.298072         19.204             -81.028
782.284309         19.145             -81.028
782.270582         19.085             -81.028
782.256891         19.025             -81.027
782.243237         18.965             -81.027
782.229619         18.905             -81.027
782.216038         18.846             -81.027
782.202493         18.786             -81.027
782.188985         18.726             -81.027
782.175514         18.666             -81.027
782.162080         18.606             -81.027
782.148683         18.547             -81.026
782.135323         18.487             -81.026
782.121999         18.427             -81.026
782.108713         18.367             -81.026
782.095464         18.307             -81.026
782.082252         18.248             -81.026
782.069077         18.188             -81.026
782.055940         18.128             -81.026
782.042839         18.068             -81.026
782.029777         18.008             -81.025
782.016751         17.949             -81.025
782.003764         17.889             -81.025
781.990813         17.829             -81.025
781.977901         17.769             -81.025
781.965026         17.709             -81.025
781.952189         17.650             -81.025
781.939390         17.590             -81.025
781.926628         17.530             -81.025
781.913905         17.470             -81.025
781.901219         17.410             -81.025
781.888572         17.350             -81.025
781.875962         17.291             -81.024
781.863391         17.231             -81.024
781.850858         17.171             -81.024
781.838363         17.111             -81.024
781.825906         17.051             -81.024
781.813488         16.992             -81.024
781.801108         16.932             -81.024
781.788767         16.872             -81.024
781.776464         16.812             -81.024
781.764200         16.752             -81.024
781.751974         16.693             -81.024
781.739787         16.633             -81.024
781.727639         16.573             -81.024
781.715529         16.513             -81.024
781.703459         16.453             -81.024
781.691427         16.393             -81.024
781.679434         16.334             -81.024
781.667481         16.274             -81.024
781.655566         16.214             -81.024
781.643690         16.154             -81.024
781.631854         16.094             -81.024
781.620057         16.035             -81.024
781.608299         15.975             -81.024
781.596580         15.915             -81.024
781.584901         15.855             -81.024
781.573261         15.795             -81.024
781.561660         15.735             -81.024
781.550099         15.676             -81.024
781.538578         15.616             -81.024
781.527096         15.556             -81.024
781.515654         15.496             -81.024
781.504252         15.436             -81.024
781.492889         15.376             -81.024
781.481566         15.317             -81.024
781.470283         15.257             -81.024
781.459040         15.197             -81.024
781.447837         15.137             -81.024
781.436674         15.077             -81.024
781.425551         15.018             -81.024
781.414469         14.958             -81.024
781.403426         14.898             -81.024
781.392423         14.838             -81.024
781.381461         14.778             -81.024
781.370539         14.718             -81.024
781.359658         14.659             -81.024
781.348816         14.599             -81.024
781.338016         14.539             -81.024
781.327255         14.479             -81.024
781.316536         14.419             -81.024
781.305857         14.359             -81.025
781.295218         14.300             -81.025
781.284620         14.240             -81.025
781.274063         14.180             -81.025
781.263547         14.120             -81.025
781.253072         14.060             -81.025
781.242637         14.000             -81.025
781.232243         13.941             -81.025
781.221890         13.881             -81.025
781.211579         13.821             -81.025
781.201308         13.761             -81.025
781.191078         13.701             -81.025
781.180890         13.641             -81.025
781.170743         13.582             -81.025
781.160637         13.522             -81.026
781.150572         13.462             -81.026
781.140549         13.402             -81.026
781.130566         13.342             -81.026
781.120626         13.282             -81.026
781.110727         13.222             -81.026
781.100869         13.163             -81.026
781.091053         13.103             -81.026
781.081278         13.043             -81.026
781.071545         12.983             -81.026
781.061854         12.923             -81.027
781.052204         12.863             -81.027
781.042596         12.804             -81.027
781.033030         12.744             -81.027
781.023506         12.684             -81.027
781.014023         12.624             -81.027
781.004583         12.564             -81.027
780.995184         12.504             -81.027
780.985828         12.445             -81.027
780.976513         12.385             -81.028
780.967241         12.325             -81.028
780.958011         12.265             -81.028
780.948822         12.205             -81.028
780.939676         12.145             -81.028
780.930573         12.085             -81.028
780.921511         12.026             -81.028
780.912492         11.966             -81.028
780.903516         11.906             -81.029
780.894581         11.846             -81.029
780.885689         11.786             -81.029
780.876840         11.726             -81.029
780.868033         11.666             -81.029
780.859269         11.607             -81.029
780.850547         11.547             -81.029
780.841868         11.487             -81.030
780.833232         11.427             -81.030
780.824638         11.367             -81.030
780.816087         11.307             -81.030
780.807579         11.248             -81.030
780.799113         11.188             -81.030
780.790691         11.128             -81.031
780.782311         11.068             -81.031
780.773974         11.008             -81.031
780.765681         10.948             -81.031
780.757430         10.888             -81.031
780.749222         10.829             -81.031
780.741058         10.769             -81.032
780.732936         10.709             -81.032
780.724858         10.649             -81.032
780.716823         10.589             -81.032
780.708831         10.529             -81.032
780.700882         10.469             -81.032
780.692977         10.410             -81.033
780.685115         10.350             -81.033
780.677296         10.290             -81.033
780.669521         10.230             -81.033
780.661789         10.170             -81.033
780.654100         10.110             -81.034
780.646455         10.050             -81.034
780.638854         9.991              -81.034
780.631296         9.931              -81.034
780.623782         9.871              -81.034
780.616311         9.811              -81.034
780.608884         9.751              -81.035
780.601501         9.691              -81.035
780.594162         9.631              -81.035
780.586866         9.572              -81.035
780.579614         9.512              -81.035
780.572406         9.452              -81.036
780.565241         9.392              -81.036
780.558121         9.332              -81.036
780.551044         9.272              -81.036
780.544012         9.212              -81.036
780.537023         9.152              -81.037
780.530079         9.093              -81.037
780.523178         9.033              -81.037
780.516322         8.973              -81.037
780.509509         8.913              -81.038
780.502741         8.853              -81.038
780.496017         8.793              -81.038
780.489337         8.733              -81.038
780.482701         8.674              -81.038
780.476110         8.614              -81.039
780.469563         8.554              -81.039
780.463060         8.494              -81.039
780.456601         8.434              -81.039
780.450187         8.374              -81.040
780.443818         8.314              -81.040
780.437492         8.254              -81.040
780.431211         8.195              -81.040
780.424975         8.135              -81.040
780.418783         8.075              -81.041
780.412636         8.015              -81.041
780.406533         7.955              -81.041
780.400474         7.895              -81.041
780.394461         7.835              -81.042
780.388492         7.776              -81.042
780.382567         7.716              -81.042
780.376688         7.656              -81.042
780.370853         7.596              -81.043
780.365063         7.536              -81.043
780.359317         7.476              -81.043
780.353616         7.416              -81.043
780.347961         7.356              -81.044
780.342350         7.297              -81.044
780.336783         7.237              -81.044
780.331262         7.177              -81.044
780.325786         7.117              -81.045
780.320354         7.057              -81.045
780.314968         6.997              -81.045
780.309626         6.937              -81.045
780.304330         6.877              -81.046
780.299078         6.818              -81.046
780.293872         6.758              -81.046
780.288711         6.698              -81.046
780.283595         6.638              -81.047
780.278523         6.578              -81.047
780.273497         6.518              -81.047
780.268517         6.458              -81.047
780.263581         6.398              -81.048
780.258691         6.339              -81.048
780.253846         6.279              -81.048
780.249046         6.219              -81.048
780.244291         6.159              -81.049
780.239582         6.099              -81.049
780.234918         6.039              -81.049
780.230299         5.979              -81.049
780.225726         5.919              -81.050
780.221198         5.860              -81.050
780.216715         5.800              -81.050
780.212278         5.740              -81.051
780.207886         5.680              -81.051
780.203540         5.620              -81.051
780.199239         5.560              -81.051
780.194984         5.500              -81.052
780.190774         5.440              -81.052
780.186610         5.381              -81.052
780.182491         5.321              -81.052
780.178418         5.261              -81.053
780.174390         5.201              -81.053
780.170408         5.141              -81.053
780.166472         5.081              -81.054
780.162581         5.021              -81.054
780.158736         4.961              -81.054
780.154937         4.902              -81.054
780.151183         4.842              -81.055
780.147475         4.782              -81.055
780.143813         4.722              -81.055
780.140196         4.662              -81.056
780.136626         4.602              -81.056
780.133101         4.542              -81.056
780.129621         4.482              -81.056
780.126188         4.422              -81.057
780.122800         4.363              -81.057
780.119458         4.303              -81.057
780.116162         4.243              -81.058
780.112912         4.183              -81.058
780.109708         4.123              -81.058
780.106550         4.063              -81.058
780.103437         4.003              -81.059
780.100371         3.943              -81.059
780.097350         3.884              -81.059
780.094375         3.824              -81.060
780.091447         3.764              -81.060
780.088564         3.704              -81.060
780.085727         3.644              -81.060
780.082936         3.584              -81.061
780.080192         3.524              -81.061
780.077493         3.464              -81.061
780.074840         3.404              -81.062
780.072233         3.345              -81.062
780.069673         3.285              -81.062
780.067158         3.225              -81.062
780.064689         3.165              -81.063
780.062267         3.105              -81.063
780.059891         3.045              -81.063
780.057560         2.985              -81.064
780.055276         2.925              -81.064
780.053038         2.866              -81.064
780.050846         2.806              -81.065
780.048701         2.746              -81.065
780.046601         2.686              -81.065
780.044548         2.626              -81.065
780.042540         2.566              -81.066
780.040579         2.506              -81.066
780.038664         2.446              -81.066
780.036796         2.386              -81.067
780.034973         2.327              -81.067
780.033197         2.267              -81.067
780.031467         2.207              -81.068
780.029783         2.147              -81.068
780.028145         2.087              -81.068
780.026554         2.027              -81.069
780.025009         1.967              -81.069
780.023510         1.907              -81.069
780.022057         1.848              -81.069
780.020651         1.788              -81.070
780.019291         1.728              -81.070
780.017977         1.668              -81.070
780.016710         1.608              -81.071
780.015489         1.548              -81.071
780.014314         1.488              -81.071
780.013185         1.428              -81.072
780.012103         1.368              -81.072
780.011067         1.309              -81.072
780.010077         1.249              -81.072
780.009134         1.189              -81.073
780.008237         1.129              -81.073
780.007387         1.069              -81.073
780.006582         1.009              -81.074
780.005824         0.949              -81.074
780.005113         0.889              -81.074
780.004447         0.829              -81.075
780.003828         0.770              -81.075
780.003256         0.710              -81.075
780.002729         0.650              -81.076
780.002250         0.590              -81.076
780.001816         0.530              -81.076
780.001429         0.470              -81.076
780.001088         0.410              -81.077
780.000794         0.350              -81.077
780.000546         0.290              -81.077
780.000344         0.231              -81.078
780.000188         0.171              -81.078
780.000079         0.111              -81.078
780.000017         0.051              -81.079
780.000001         -0.009             -81.079
780.000031         -0.069             -81.079
780.000107         -0.129             -81.080
780.000230         -0.189             -81.080
780.000399         -0.248             -81.080
780.000615         -0.308             -81.081
780.000877         -0.368             -81.081
780.001185         -0.428             -81.081
780.001540         -0.488             -81.081
780.001941         -0.548             -81.082
780.002388         -0.608             -81.082
780.002882         -0.668             -81.082
780.003422         -0.728             -81.083
780.004008         -0.787             -81.083
780.004641         -0.847             -81.083
780.005320         -0.907             -81.084
780.006046         -0.967             -81.084
780.006817         -1.027             -81.084
780.007635         -1.087             -81.085
780.008500         -1.147             -81.085
780.009411         -1.207             -81.085
780.010368         -1.267             -81.085
780.011371         -1.326             -81.086
780.012421         -1.386             -81.086
780.013517         -1.446             -81.086
780.014660         -1.506             -81.087
780.015848         -1.566             -81.087
780.017083         -1.626             -81.087
780.018365         -1.686             -81.088
780.019692         -1.746             -81.088
780.021066         -1.805             -81.088
780.022486         -1.865             -81.088
780.023952         -1.925             -81.089
780.025465         -1.985             -81.089
780.027024         -2.045             -81.089
780.028629         -2.105             -81.090
780.030281         -2.165             -81.090
780.031978         -2.225             -81.090
780.033722         -2.285             -81.091
780.035512         -2.344             -81.091
780.037348         -2.404             -81.091
780.039231         -2.464             -81.092
780.041160         -2.524             -81.092
780.043134         -2.584             -81.092
780.045155         -2.644             -81.092
780.047223         -2.704             -81.093
780.049336         -2.764             -81.093
780.051496         -2.824             -81.093
780.053701         -2.883             -81.094
780.055953         -2.943             -81.094
780.058251         -3.003             -81.094
780.060595         -3.063             -81.095
780.062985         -3.123             -81.095
780.065421         -3.183             -81.095
780.067903         -3.243             -81.095
780.070432         -3.303             -81.096
780.073006         -3.362             -81.096
780.075627         -3.422             -81.096
780.078293         -3.482             -81.097
780.081006         -3.542             -81.097
780.083764         -3.602             -81.097
780.086569         -3.662             -81.097
780.089419         -3.722             -81.098
780.092316         -3.782             -81.098
780.095258         -3.842             -81.098
780.098247         -3.901             -81.099
780.101281         -3.961             -81.099
780.104361         -4.021             -81.099
780.107487         -4.081             -81.100
780.110659         -4.141             -81.100
780.113877         -4.201             -81.100
780.117141         -4.261             -81.100
780.120451         -4.321             -81.101
780.123806         -4.380             -81.101
780.127208         -4.440             -81.101
780.130655         -4.500             -81.102
780.134148         -4.560             -81.102
780.137686         -4.620             -81.102
780.141271         -4.680             -81.102
780.144901         -4.740             -81.103
780.148577         -4.800             -81.103
780.152299         -4.859             -81.103
780.156066         -4.919             -81.104
780.159879         -4.979             -81.104
780.163738         -5.039             -81.104
780.167642         -5.099             -81.104
780.171592         -5.159             -81.105
780.175587         -5.219             -81.105
780.179629         -5.279             -81.105
780.183715         -5.339             -81.105
780.187848         -5.398             -81.106
780.192026         -5.458             -81.106
780.196249         -5.518             -81.106
780.200518         -5.578             -81.107
780.204832         -5.638             -81.107
780.209192         -5.698             -81.107
780.213597         -5.758             -81.107
780.218048         -5.818             -81.108
780.222544         -5.877             -81.108
780.227086         -5.937             -81.108
780.231672         -5.997             -81.108
780.236305         -6.057             -81.109
780.240982         -6.117             -81.109
780.245705         -6.177             -81.109
780.250473         -6.237             -81.110
780.255287         -6.297             -81.110
780.260145         -6.356             -81.110
780.265049         -6.416             -81.110
780.269998         -6.476             -81.111
780.274992         -6.536             -81.111
780.280032         -6.596             -81.111
780.285116         -6.656             -81.111
780.290246         -6.716             -81.112
780.295421         -6.776             -81.112
780.300641         -6.835             -81.112
780.305906         -6.895             -81.112
780.311216         -6.955             -81.113
780.316570         -7.015             -81.113
780.321970         -7.075             -81.113
780.327415         -7.135             -81.113
780.332905         -7.195             -81.114
780.338440         -7.255             -81.114
780.344019         -7.314             -81.114
780.349644         -7.374             -81.114
780.355313         -7.434             -81.115
780.361027         -7.494             -81.115
780.366786         -7.554             -81.115
780.372589         -7.614             -81.115
780.378438         -7.674             -81.116
780.384331         -7.734             -81.116
780.390268         -7.793             -81.116
780.396251         -7.853             -81.116
780.402278         -7.913             -81.117
780.408349         -7.973             -81.117
780.414465         -8.033             -81.117
780.420626         -8.093             -81.117
780.426831         -8.153             -81.117
780.433081         -8.212             -81.118
780.439375         -8.272             -81.118
780.445714         -8.332             -81.118
780.452097         -8.392             -81.118
780.458524         -8.452             -81.119
780.464996         -8.512             -81.119
780.471512         -8.572             -81.119
780.478072         -8.632             -81.119
780.484677         -8.691             -81.119
780.491326         -8.751             -81.120
780.498019         -8.811             -81.120
780.504756         -8.871             -81.120
780.511538         -8.931             -81.120
780.518363         -8.991             -81.121
780.525233         -9.051             -81.121
780.532146         -9.110             -81.121
780.539104         -9.170             -81.121
780.546106         -9.230             -81.121
780.553151         -9.290             -81.122
780.560241         -9.350             -81.122
780.567375         -9.410             -81.122
780.574552         -9.470             -81.122
780.581773         -9.530             -81.122
780.589038         -9.589             -81.123
780.596347         -9.649             -81.123
780.603700         -9.709             -81.123
780.611096         -9.769             -81.123
780.618536         -9.829             -81.123
780.626020         -9.889             -81.124
780.633547         -9.949             -81.124
780.641118         -10.008            -81.124
780.648732         -10.068            -81.124
780.656390         -10.128            -81.124
780.664091         -10.188            -81.125
780.671836         -10.248            -81.125
780.679625         -10.308            -81.125
780.687456         -10.368            -81.125
780.695331         -10.427            -81.125
780.703250         -10.487            -81.125
780.711211         -10.547            -81.126
780.719216         -10.607            -81.126
780.727264         -10.667            -81.126
780.735355         -10.727            -81.126
780.743490         -10.787            -81.126
780.751667         -10.846            -81.127
780.759887         -10.906            -81.127
780.768151         -10.966            -81.127
780.776458         -11.026            -81.127
780.784807         -11.086            -81.127
780.793200         -11.146            -81.127
780.801635         -11.206            -81.127
780.810113         -11.265            -81.128
780.818634         -11.325            -81.128
780.827198         -11.385            -81.128
780.835804         -11.445            -81.128
780.844453         -11.505            -81.128
780.853145         -11.565            -81.128
780.861880         -11.624            -81.129
780.870657         -11.684            -81.129
780.879476         -11.744            -81.129
780.888338         -11.804            -81.129
780.897243         -11.864            -81.129
780.906190         -11.924            -81.129
780.915179         -11.984            -81.129
780.924211         -12.043            -81.130
780.933285         -12.103            -81.130
780.942401         -12.163            -81.130
780.951560         -12.223            -81.130
780.960760         -12.283            -81.130
780.970003         -12.343            -81.130
780.979288         -12.403            -81.130
780.988615         -12.462            -81.130
780.997984         -12.522            -81.131
781.007395         -12.582            -81.131
781.016848         -12.642            -81.131
781.026343         -12.702            -81.131
781.035880         -12.762            -81.131
781.045459         -12.821            -81.131
781.055079         -12.881            -81.131
781.064741         -12.941            -81.131
781.074445         -13.001            -81.131
781.084190         -13.061            -81.132
781.093977         -13.121            -81.132
781.103806         -13.181            -81.132
781.113676         -13.240            -81.132
781.123588         -13.300            -81.132
781.133541         -13.360            -81.132
781.143535         -13.420            -81.132
781.153571         -13.480            -81.132
781.163648         -13.540            -81.132
781.173766         -13.599            -81.132
781.183926         -13.659            -81.132
781.194127         -13.719            -81.133
781.204369         -13.779            -81.133
781.214651         -13.839            -81.133
781.224975         -13.899            -81.133
781.235340         -13.958            -81.133
781.245746         -14.018            -81.133
781.256193         -14.078            -81.133
781.266681         -14.138            -81.133
781.277209         -14.198            -81.133
781.287778         -14.258            -81.133
781.298388         -14.317            -81.133
781.309039         -14.377            -81.133
781.319730         -14.437            -81.133
781.330462         -14.497            -81.133
781.341234         -14.557            -81.134
781.352047         -14.617            -81.134
781.362900         -14.676            -81.134
781.373794         -14.736            -81.134
781.384728         -14.796            -81.134
781.395702         -14.856            -81.134
781.406717         -14.916            -81.134
781.417771         -14.976            -81.134
781.428866         -15.035            -81.134
781.440001         -15.095            -81.134
781.451176         -15.155            -81.134
781.462391         -15.215            -81.134
781.473646         -15.275            -81.134
781.484941         -15.335            -81.134
781.496276         -15.394            -81.134
781.507650         -15.454            -81.134
781.519064         -15.514            -81.134
781.530518         -15.574            -81.134
781.542012         -15.634            -81.134
781.553545         -15.693            -81.134
781.565118         -15.753            -81.134
781.576730         -15.813            -81.134
781.588382         -15.873            -81.134
781.600073         -15.933            -81.134
781.611803         -15.993            -81.134
781.623573         -16.052            -81.134
781.635382         -16.112            -81.134
781.647230         -16.172            -81.134
781.659117         -16.232            -81.134
781.671044         -16.292            -81.134
781.683009         -16.352            -81.134
781.695013         -16.411            -81.134
781.707057         -16.471            -81.134
781.719139         -16.531            -81.134
781.731260         -16.591            -81.134
781.743420         -16.651            -81.134
781.755618         -16.710            -81.134
781.767855         -16.770            -81.134
781.780131         -16.830            -81.134
781.792445         -16.890            -81.134
781.804798         -16.950            -81.134
781.817190         -17.009            -81.134
781.829619         -17.069            -81.134
781.842087         -17.129            -81.134
781.854594         -17.189            -81.133
781.867138         -17.249            -81.133
781.879721         -17.309            -81.133
781.892342         -17.368            -81.133
781.905000         -17.428            -81.133
781.917697         -17.488            -81.133
781.930432         -17.548            -81.133
781.943205         -17.608            -81.133
781.956016         -17.667            -81.133
781.968864         -17.727            -81.133
781.981750         -17.787            -81.133
781.994674         -17.847            -81.133
782.007635         -17.907            -81.133
782.020634         -17.966            -81.132
782.033671         -18.026            -81.132
782.046745         -18.086            -81.132
782.059856         -18.146            -81.132
782.073004         -18.206            -81.132
782.086190         -18.265            -81.132
782.099413         -18.325            -81.132
782.112674         -18.385            -81.132
782.125971         -18.445            -81.132
782.139305         -18.505            -81.132
782.152677         -18.564            -81.131
782.166085         -18.624            -81.131
782.179530         -18.684            -81.131
782.193012         -18.744            -81.131
782.206531         -18.804            -81.131
782.220086         -18.863            -81.131
782.233679         -18.923            -81.131
782.247307         -18.983            -81.130
782.260972         -19.043            -81.130
782.274674         -19.103            -81.130
782.288412         -19.162            -81.130
782.302186         -19.222            -81.130
782.315997         -19.282            -81.130
782.329843         -19.342            -81.130
782.343726         -19.402            -81.129
782.357645         -19.461            -81.129
782.371600         -19.521            -81.129
782.385591         -19.581            -81.129
782.399618         -19.641            -81.129
782.413681         -19.701            -81.129
782.427780         -19.760            -81.128
782.441914         -19.820            -81.128
782.456084         -19.880            -81.128
782.470289         -19.940            -81.128
782.484530         -19.999            -81.128
782.498807         -20.059            -81.127
782.513119         -20.119            -81.127
782.527466         -20.179            -81.127
782.541848         -20.239            -81.127
782.556266         -20.298            -81.127
782.570719         -20.358            -81.126
782.585207         -20.418            -81.126
782.599730         -20.478            -81.126
782.614288         -20.537            -81.126
782.628881         -20.597            -81.125
782.643509         -20.657            -81.125
782.658171         -20.717            -81.125
782.672868         -20.777            -81.125
782.687600         -20.836            -81.124
782.702367         -20.896            -81.124
782.717168         -20.956            -81.124
782.732003         -21.016            -81.124
782.746873         -21.075            -81.123
782.761777         -21.135            -81.123
782.776715         -21.195            -81.123
782.791688         -21.255            -81.123
782.806695         -21.315            -81.122
782.821735         -21.374            -81.122
782.836810         -21.434            -81.122
782.851919         -21.494            -81.122
782.867061         -21.554            -81.121
782.882238         -21.613            -81.121
782.897448         -21.673            -81.121
782.912692         -21.733            -81.120
782.927969         -21.793            -81.120
782.943280         -21.852            -81.120
782.958624         -21.912            -81.119
782.974002         -21.972            -81.119
782.989413         -22.032            -81.119
783.004857         -22.092            -81.119
783.020335         -22.151            -81.118
783.035845         -22.211            -81.118
783.051389         -22.271            -81.118
783.066966         -22.331            -81.117
783.082575         -22.390            -81.117
783.098218         -22.450            -81.117
783.113893         -22.510            -81.116
783.129601         -22.570            -81.116
783.145341         -22.629            -81.115
783.161114         -22.689            -81.115
783.176920         -22.749            -81.115
783.192758         -22.809            -81.114
783.208629         -22.868            -81.114
783.224531         -22.928            -81.114
783.240466         -22.988            -81.113
783.256434         -23.048            -81.113
783.272433         -23.107            -81.112
783.288464         -23.167            -81.112
783.304527         -23.227            -81.112
783.320623         -23.287            -81.111
783.336749         -23.346            -81.111
783.352908         -23.406            -81.111
783.369099         -23.466            -81.110
783.385320         -23.526            -81.110
783.401574         -23.585            -81.109
783.417859         -23.645            -81.109
783.434175         -23.705            -81.108
783.450523         -23.765            -81.108
783.466902         -23.824            -81.108
783.483312         -23.884            -81.107
783.499753         -23.944            -81.107
783.516225         -24.004            -81.106
783.532728         -24.063            -81.106
783.549262         -24.123            -81.105
783.565827         -24.183            -81.105
783.582422         -24.243            -81.104
783.599049         -24.302            -81.104
783.615705         -24.362            -81.103
783.632393         -24.422            -81.103
783.649111         -24.482            -81.102
783.665859         -24.541            -81.102
783.682637         -24.601            -81.101
783.699446         -24.661            -81.101
783.716285         -24.721            -81.101
783.733154         -24.780            -81.100
783.750053         -24.840            -81.099
783.766981         -24.900            -81.099
783.783940         -24.959            -81.098
783.800929         -25.019            -81.098
783.817947         -25.079            -81.097
783.834995         -25.139            -81.097
783.852072         -25.198            -81.096
783.869179         -25.258            -81.096
783.886315         -25.318            -81.095
783.903481         -25.378            -81.095
783.920676         -25.437            -81.094
783.937900         -25.497            -81.094
783.955153         -25.557            -81.093
783.972435         -25.616            -81.092
783.989747         -25.676            -81.092
784.007087         -25.736            -81.091
784.024456         -25.796            -81.091
784.041853         -25.855            -81.090
784.059280         -25.915            -81.090
784.076734         -25.975            -81.089
784.094218         -26.034            -81.088
784.111730         -26.094            -81.088
784.129270         -26.154            -81.087
784.146838         -26.214            -81.087
784.164435         -26.273            -81.086
784.182060         -26.333            -81.085
784.199712         -26.393            -81.085
784.217393         -26.453            -81.084
784.235102         -26.512            -81.083
784.252838         -26.572            -81.083
784.270602         -26.632            -81.082
784.288394         -26.691            -81.081
784.306214         -26.751            -81.081
784.324061         -26.811            -81.080
784.341935         -26.870            -81.079
784.359837         -26.930            -81.079
784.377766         -26.990            -81.078
784.395722         -27.050            -81.077
784.413705         -27.109            -81.077
784.431715         -27.169            -81.076
784.449753         -27.229            -81.075
784.467817         -27.288            -81.075
784.485908         -27.348            -81.074
784.504025         -27.408            -81.073
784.522170         -27.468            -81.072
784.540341         -27.527            -81.072
784.558538         -27.587            -81.071
784.576762         -27.647            -81.070
784.595012         -27.706            -81.069
784.613288         -27.766            -81.069
784.631590         -27.826            -81.068
784.649919         -27.885            -81.067
784.668273         -27.945            -81.066
784.686654         -28.005            -81.066
784.705060         -28.064            -81.065
784.723492         -28.124            -81.064
784.741950         -28.184            -81.063
784.760433         -28.244            -81.063
784.778942         -28.303            -81.062
784.797476         -28.363            -81.061
784.816036         -28.423            -81.060
784.834621         -28.482            -81.059
784.853231         -28.542            -81.058
784.871866         -28.602            -81.058
784.890527         -28.661            -81.057
784.909212         -28.721            -81.056
784.927922         -28.781            -81.055
784.946657         -28.840            -81.054
784.965416         -28.900            -81.053
784.984200         -28.960            -81.053
785.003009         -29.019            -81.052
785.021842         -29.079            -81.051
785.040700         -29.139            -81.050
785.059582         -29.198            -81.049
785.078488         -29.258            -81.048
785.097418         -29.318            -81.047
785.116372         -29.377            -81.046
785.135351         -29.437            -81.045
785.154353         -29.497            -81.045
785.173379         -29.557            -81.044
785.192428         -29.616            -81.043
785.211501         -29.676            -81.042
785.230598         -29.736            -81.041
785.249718         -29.795            -81.040
785.268862         -29.855            -81.039
785.288029         -29.915            -81.038
785.307219         -29.974            -81.037
785.326432         -30.034            -81.036
785.345669         -30.094            -81.035
785.364928         -30.153            -81.034
785.384210         -30.213            -81.033
785.403515         -30.273            -81.032
785.422843         -30.332            -81.031
785.442193         -30.392            -81.030
785.461566         -30.451            -81.029
785.480961         -30.511            -81.028
785.500379         -30.571            -81.027
785.519819         -30.630            -81.026
785.539281         -30.690            -81.025
785.558765         -30.750            -81.024
785.578272         -30.809            -81.023
785.597800         -30.869            -81.022
785.617350         -30.929            -81.021
785.636922         -30.988            -81.020
785.656516         -31.048            -81.019
785.676131         -31.108            -81.018
785.695767         -31.167            -81.017
785.715426         -31.227            -81.015
785.735105         -31.287            -81.014
785.754806         -31.346            -81.013
785.774528         -31.406            -81.012
785.794271         -31.466            -81.011
785.814035         -31.525            -81.010
785.833820         -31.585            -81.009
785.853626         -31.644            -81.008
785.873452         -31.704            -81.006
785.893299         -31.764            -81.005
785.913167         -31.823            -81.004
785.933056         -31.883            -81.003
785.952964         -31.943            -81.002
785.972893         -32.002            -81.001
785.992842         -32.062            -80.999
786.012812         -32.122            -80.998
786.032801         -32.181            -80.997
786.052811         -32.241            -80.996
786.072840         -32.300            -80.995
786.092889         -32.360            -80.993
786.112958         -32.420            -80.992
786.133046         -32.479            -80.991
786.153154         -32.539            -80.990
786.173281         -32.599            -80.988
786.193428         -32.658            -80.987
786.213594         -32.718            -80.986
786.233779         -32.778            -80.985
786.253983         -32.837            -80.983
786.274206         -32.897            -80.982
786.294449         -32.956            -80.981
786.314710         -33.016            -80.979
786.334989         -33.076            -80.978
786.355288         -33.135            -80.977
786.375604         -33.195            -80.975
786.395940         -33.254            -80.974
786.416294         -33.314            -80.973
786.436666         -33.374            -80.971
786.457056         -33.433            -80.970
786.477464         -33.493            -80.969
786.497891         -33.553            -80.967
786.518335         -33.612            -80.966
786.538797         -33.672            -80.965
786.559277         -33.731            -80.963
786.579775         -33.791            -80.962
786.600290         -33.851            -80.960
786.620823         -33.910            -80.959
786.641373         -33.970            -80.958
786.661940         -34.029            -80.956
786.682525         -34.089            -80.955
786.703127         -34.149            -80.953
786.723746         -34.208            -80.952
786.744381         -34.268            -80.950
786.765034         -34.327            -80.949
786.785703         -34.387            -80.947
786.806389         -34.447            -80.946
786.827092         -34.506            -80.944
786.847811         -34.566            -80.943
786.868547         -34.625            -80.941
786.889299         -34.685            -80.940
786.910067         -34.745            -80.938
786.930851         -34.804            -80.937
786.951652         -34.864            -80.935
786.972468         -34.923            -80.934
786.993300         -34.983            -80.932
787.014148         -35.043            -80.931
787.035012         -35.102            -80.929
787.055891         -35.162            -80.927
787.076786         -35.221            -80.926
787.097696         -35.281            -80.924
787.118622         -35.341            -80.923
787.139562         -35.400            -80.921
787.160518         -35.460            -80.919
787.181489         -35.519            -80.918
787.202475         -35.579            -80.916
787.223476         -35.638            -80.914
787.244492         -35.698            -80.913
787.265522         -35.758            -80.911
787.286567         -35.817            -80.909
787.307626         -35.877            -80.908
787.328700         -35.936            -80.906
787.349788         -35.996            -80.904
787.370890         -36.055            -80.903
787.392006         -36.115            -80.901
787.413137         -36.175            -80.899
787.434281         -36.234            -80.897
787.455440         -36.294            -80.896
787.476612         -36.353            -80.894
787.497798         -36.413            -80.892
787.518997         -36.472            -80.890
787.540210         -36.532            -80.888
787.561436         -36.592            -80.887
787.582675         -36.651            -80.885
787.603928         -36.711            -80.883
787.625194         -36.770            -80.881
787.646473         -36.830            -80.879
787.667765         -36.889            -80.878
787.689069         -36.949            -80.876
787.710387         -37.008            -80.874
787.731717         -37.068            -80.872
787.753060         -37.128            -80.870
787.774415         -37.187            -80.868
787.795782         -37.247            -80.866
787.817162         -37.306            -80.864
787.838554         -37.366            -80.862
787.859958         -37.425            -80.861
787.881374         -37.485            -80.859
787.902802         -37.544            -80.857
787.924242         -37.604            -80.855
787.945693         -37.664            -80.853
787.967157         -37.723            -80.851
787.988631         -37.783            -80.849
788.010118         -37.842            -80.847
788.031615         -37.902            -80.845
788.053124         -37.961            -80.843
788.074644         -38.021            -80.841
788.096175         -38.080            -80.839
788.117717         -38.140            -80.837
788.139270         -38.199            -80.835
788.160833         -38.259            -80.833
788.182408         -38.318            -80.830
788.203993         -38.378            -80.828
788.225588         -38.438            -80.826
788.247194         -38.497            -80.824
788.268811         -38.557            -80.822
788.290437         -38.616            -80.820
788.312074         -38.676            -80.818
788.333720         -38.735            -80.816
788.355377         -38.795            -80.813
788.377043         -38.854            -80.811
788.398720         -38.914            -80.809
788.420406         -38.973            -80.807
788.442101         -39.033            -80.805
788.463806         -39.092            -80.803
788.485520         -39.152            -80.800
788.507244         -39.211            -80.798
788.528977         -39.271            -80.796
788.550719         -39.330            -80.794
788.572469         -39.390            -80.791
788.594229         -39.449            -80.789
788.615998         -39.509            -80.787
788.637775         -39.568            -80.784
788.659561         -39.628            -80.782
788.681356         -39.687            -80.780
788.703159         -39.747            -80.777
788.724970         -39.806            -80.775
788.746789         -39.866            -80.773
788.768617         -39.925            -80.770
788.790453         -39.985            -80.768
788.812297         -40.044            -80.766
788.834148         -40.104            -80.763
788.856007         -40.163            -80.761
788.877874         -40.223            -80.758
788.899749         -40.282            -80.756
788.921631         -40.342            -80.754
788.943521         -40.401            -80.751
788.965417         -40.461            -80.749
788.987321         -40.520            -80.746
789.009232         -40.580            -80.744
789.031150         -40.639            -80.741
789.053075         -40.699            -80.739
789.075007         -40.758            -80.736
789.096946         -40.818            -80.734
789.118891         -40.877            -80.731
789.140843         -40.937            -80.728
789.162801         -40.996            -80.726
789.184765         -41.056            -80.723
789.206736         -41.115            -80.721
789.228713         -41.175            -80.718
789.250696         -41.234            -80.715
789.272685         -41.294            -80.713
789.294680         -41.353            -80.710
789.316680         -41.413            -80.707
789.338687         -41.472            -80.705
789.360698         -41.532            -80.702
789.382716         -41.591            -80.699
789.404738         -41.651            -80.697
789.426766         -41.710            -80.694
789.448800         -41.770            -80.691
789.470838         -41.829            -80.688
789.492881         -41.888            -80.686
789.514929         -41.948            -80.683
789.536982         -42.007            -80.680
789.559040         -42.067            -80.677
789.581102         -42.126            -80.675
789.603169         -42.186            -80.672
789.625241         -42.245            -80.669
789.647316         -42.305            -80.666
789.669396         -42.364            -80.663
789.691480         -42.424            -80.660
789.713568         -42.483            -80.657
789.735660         -42.543            -80.654
789.757756         -42.602            -80.652
789.779856         -42.661            -80.649
789.801959         -42.721            -80.646
789.824066         -42.780            -80.643
789.846177         -42.840            -80.640
789.868290         -42.899            -80.637
789.890407         -42.959            -80.634
789.912528         -43.018            -80.631
789.934651         -43.078            -80.628
789.956777         -43.137            -80.625
789.978906         -43.196            -80.622
790.001038         -43.256            -80.618
790.023173         -43.315            -80.615
790.045310         -43.375            -80.612
790.067450         -43.434            -80.609
790.089592         -43.494            -80.606
790.111737         -43.553            -80.603
790.133884         -43.613            -80.600
790.156033         -43.672            -80.597
790.178184         -43.731            -80.593
790.200337         -43.791            -80.590
790.222491         -43.850            -80.587
790.244648         -43.910            -80.584
790.266806         -43.969            -80.581
790.288966         -44.029            -80.577
790.311127         -44.088            -80.574
790.333289         -44.147            -80.571
790.355453         -44.207            -80.567
790.377618         -44.266            -80.564
790.399784         -44.326            -80.561
790.421951         -44.385            -80.557
790.444119         -44.444            -80.554
790.466287         -44.504            -80.551
790.488457         -44.563            -80.547
790.510626         -44.623            -80.544
790.532797         -44.682            -80.540
790.554968         -44.742            -80.537
790.577139         -44.801            -80.533
790.599310         -44.860            -80.530
790.621481         -44.920            -80.527
790.643653         -44.979            -80.523
790.665824         -45.039            -80.519
790.687995         -45.098            -80.516
790.710166         -45.157            -80.512
790.732337         -45.217            -80.509
790.754507         -45.276            -80.505
790.776676         -45.336            -80.502
790.798845         -45.395            -80.498
790.821013         -45.454            -80.494
790.843180         -45.514            -80.491
790.865347         -45.573            -80.487
790.887512         -45.633            -80.483
790.909676         -45.692            -80.480
790.931839         -45.751            -80.476
790.954000         -45.811            -80.472
790.976161         -45.870            -80.468
790.998319         -45.929            -80.465
791.020476         -45.989            -80.461
791.042631         -46.048            -80.457
791.064785         -46.108            -80.453
791.086936         -46.167            -80.449
791.109086         -46.226            -80.446
791.131233         -46.286            -80.442
791.153378         -46.345            -80.438
791.175521         -46.405            -80.434
791.197662         -46.464            -80.430
791.219800         -46.523            -80.426
791.241935         -46.583            -80.422
791.264068         -46.642            -80.418
791.286198         -46.701            -80.414
791.308325         -46.761            -80.410
791.330450         -46.820            -80.406
791.352571         -46.879            -80.402
791.374689         -46.939            -80.398
791.396804         -46.998            -80.394
791.418915         -47.058            -80.390
791.441023         -47.117            -80.386
791.463127         -47.176            -80.382
791.485228         -47.236            -80.377
791.507325         -47.295            -80.373
791.529418         -47.354            -80.369
791.551508         -47.414            -80.365
791.573593         -47.473            -80.361
791.595674         -47.532            -80.356
791.617751         -47.592            -80.352
791.639824         -47.651            -80.348
791.661892         -47.710            -80.344
791.683956         -47.770            -80.339
791.706015         -47.829            -80.335
791.728069         -47.888            -80.330
791.750119         -47.948            -80.326
791.772164         -48.007            -80.322
791.794204         -48.066            -80.317
791.816239         -48.126            -80.313
791.838268         -48.185            -80.308
791.860293         -48.244            -80.304
791.882312         -48.304            -80.299
791.904325         -48.363            -80.295
791.926333         -48.422            -80.290
791.948336         -48.482            -80.286
791.970332         -48.541            -80.281
791.992323         -48.600            -80.277
792.014308         -48.660            -80.272
792.036287         -48.719            -80.267
792.058260         -48.778            -80.263
792.080226         -48.838            -80.258
792.102186         -48.897            -80.253
792.124140         -48.956            -80.248
792.146088         -49.016            -80.244
792.168028         -49.075            -80.239
792.189962         -49.134            -80.234
792.211890         -49.194            -80.229
792.233810         -49.253            -80.224
792.255724         -49.312            -80.220
792.277630         -49.372            -80.215
792.299529         -49.431            -80.210
792.321421         -49.490            -80.205
792.343306         -49.549            -80.200
792.365183         -49.609            -80.195
792.387052         -49.668            -80.190
792.408914         -49.727            -80.185
792.430769         -49.787            -80.180
792.452615         -49.846            -80.175
792.474454         -49.905            -80.170
792.496284         -49.965            -80.165
792.518107         -50.024            -80.160
792.539921         -50.083            -80.154
792.561727         -50.142            -80.149
792.583524         -50.202            -80.144
792.605313         -50.261            -80.139
792.627094         -50.320            -80.134
792.648866         -50.380            -80.128
792.670629         -50.439            -80.123
792.692383         -50.498            -80.118
792.714128         -50.557            -80.112
792.735864         -50.617            -80.107
792.757591         -50.676            -80.102
792.779309         -50.735            -80.096
792.801017         -50.794            -80.091
792.822716         -50.854            -80.085
792.844406         -50.913            -80.080
792.866086         -50.972            -80.074
792.887756         -51.032            -80.069
792.909416         -51.091            -80.063
792.931067         -51.150            -80.058
792.952707         -51.209            -80.052
792.974338         -51.269            -80.047
792.995958         -51.328            -80.041
793.017568         -51.387            -80.035
793.039168         -51.446            -80.029
793.060757         -51.506            -80.024
793.082335         -51.565            -80.018
793.103903         -51.624            -80.012
793.125461         -51.683            -80.006
793.147007         -51.743            -80.001
793.168542         -51.802            -79.995
793.190067         -51.861            -79.989
793.211580         -51.920            -79.983
793.233083         -51.980            -79.977
793.254573         -52.039            -79.971
793.276053         -52.098            -79.965
793.297521         -52.157            -79.959
793.318977         -52.216            -79.953
793.340422         -52.276            -79.947
793.361855         -52.335            -79.941
793.383276         -52.394            -79.935
793.404686         -52.453            -79.928
793.426083         -52.513            -79.922
793.447468         -52.572            -79.916
793.468841         -52.631            -79.910
793.490201         -52.690            -79.904
793.511549         -52.750            -79.897
793.532885         -52.809            -79.891
793.554208         -52.868            -79.885
793.575519         -52.927            -79.878
793.596816         -52.986            -79.872
793.618101         -53.046            -79.865
793.639373         -53.105            -79.859
793.660631         -53.164            -79.852
793.681877         -53.223            -79.846
793.703109         -53.282            -79.839
793.724328         -53.342            -79.833
793.745534         -53.401            -79.826
793.766726         -53.460            -79.819
793.787905         -53.519            -79.813
793.809070         -53.578            -79.806
793.830221         -53.638            -79.799
793.851358         -53.697            -79.793
793.872481         -53.756            -79.786
793.893590         -53.815            -79.779
793.914685         -53.874            -79.772
793.935766         -53.934            -79.765
793.956832         -53.993            -79.758
793.977884         -54.052            -79.751
793.998922         -54.111            -79.744
794.019945         -54.170            -79.737
794.040953         -54.229            -79.730
794.061947         -54.289            -79.723
794.082925         -54.348            -79.716
794.103889         -54.407            -79.709
794.124837         -54.466            -79.702
794.145771         -54.525            -79.695
794.166689         -54.584            -79.687
794.187592         -54.644            -79.680
794.208479         -54.703            -79.673
794.229351         -54.762            -79.665
794.250207         -54.821            -79.658
794.271048         -54.880            -79.651
794.291873         -54.939            -79.643
794.312682         -54.999            -79.636
794.333475         -55.058            -79.628
794.354252         -55.117            -79.621
794.375013         -55.176            -79.613
794.395757         -55.235            -79.605
794.416486         -55.294            -79.598
794.437198         -55.354            -79.590
794.457893         -55.413            -79.582
794.478572         -55.472            -79.575
794.499234         -55.531            -79.567
794.519879         -55.590            -79.559
794.540508         -55.649            -79.551
794.561120         -55.708            -79.543
794.581714         -55.767            -79.535
794.602292         -55.827            -79.527
794.622852         -55.886            -79.519
794.643395         -55.945            -79.511
794.663920         -56.004            -79.503
794.684429         -56.063            -79.495
794.704919         -56.122            -79.487
794.725392         -56.181            -79.479
794.745847         -56.240            -79.470
794.766285         -56.300            -79.462
794.786704         -56.359            -79.454
794.807105         -56.418            -79.445
794.827489         -56.477            -79.437
794.847854         -56.536            -79.429
794.868201         -56.595            -79.420
794.888529         -56.654            -79.412
794.908839         -56.713            -79.403
794.929131         -56.772            -79.394
794.949404         -56.831            -79.386
794.969658         -56.891            -79.377
794.989894         -56.950            -79.368
795.010110         -57.009            -79.360
795.030308         -57.068            -79.351
795.050486         -57.127            -79.342
795.070646         -57.186            -79.333
795.090786         -57.245            -79.324
795.110907         -57.304            -79.315
795.131008         -57.363            -79.306
795.151090         -57.422            -79.297
795.171153         -57.481            -79.288
795.191196         -57.540            -79.279
795.211219         -57.600            -79.270
795.231222         -57.659            -79.261
795.251205         -57.718            -79.251
795.271168         -57.777            -79.242
795.291111         -57.836            -79.233
795.311034         -57.895            -79.223
795.330937         -57.954            -79.214
795.350819         -58.013            -79.204
795.370681         -58.072            -79.195
795.390523         -58.131            -79.185
795.410344         -58.190            -79.176
795.430144         -58.249            -79.166
795.449923         -58.308            -79.156
795.469682         -58.367            -79.147
795.489419         -58.426            -79.137
795.509136         -58.485            -79.127
795.528831         -58.544            -79.117
795.548505         -58.603            -79.107
795.568158         -58.662            -79.097
795.587790         -58.721            -79.087
795.607400         -58.780            -79.077
795.626988         -58.840            -79.067
795.646555         -58.899            -79.057
795.666100         -58.958            -79.046
795.685624         -59.017            -79.036
795.705125         -59.076            -79.026
795.724605         -59.135            -79.015
795.744062         -59.194            -79.005
795.763498         -59.253            -78.994
795.782911         -59.312            -78.984
795.802302         -59.371            -78.973
795.821670         -59.430            -78.963
795.841016         -59.489            -78.952
795.860340         -59.548            -78.941
795.879641         -59.607            -78.930
795.898919         -59.666            -78.920
795.918174         -59.725            -78.909
795.937407         -59.784            -78.898
795.956616         -59.843            -78.887
795.975803         -59.902            -78.876
795.994966         -59.961            -78.865
796.014106         -60.020            -78.853
796.033223         -60.078            -78.842
796.052316         -60.137            -78.831
796.071386         -60.196            -78.820
796.090433         -60.255            -78.808
796.109455         -60.314            -78.797
796.128455         -60.373            -78.785
796.147430         -60.432            -78.774
796.166381         -60.491            -78.762
796.185309         -60.550            -78.750
796.204212         -60.609            -78.739
796.223092         -60.668            -78.727
796.241947         -60.727            -78.715
796.260778         -60.786            -78.703
796.279584         -60.845            -78.691
796.298367         -60.904            -78.679
796.317124         -60.963            -78.667
796.335857         -61.022            -78.655
796.354565         -61.081            -78.643
796.373249         -61.140            -78.631
796.391908         -61.199            -78.618
796.410541         -61.257            -78.606
796.429150         -61.316            -78.593
796.447734         -61.375            -78.581
796.466293         -61.434            -78.568
796.484826         -61.493            -78.556
796.503334         -61.552            -78.543
796.521816         -61.611            -78.530
796.540274         -61.670            -78.517
796.558705         -61.729            -78.504
796.577111         -61.788            -78.491
796.595491         -61.847            -78.478
796.613846         -61.905            -78.465
796.632174         -61.964            -78.452
796.650477         -62.023            -78.439
796.668753         -62.082            -78.426
796.687004         -62.141            -78.412
796.705228         -62.200            -78.399
796.723426         -62.259            -78.385
796.741597         -62.318            -78.372
796.759743         -62.377            -78.358
796.777861         -62.435            -78.345
796.795953         -62.494            -78.331
796.814019         -62.553            -78.317
796.832058         -62.612            -78.303
796.850069         -62.671            -78.289
796.868054         -62.730            -78.275
796.886012         -62.789            -78.261
796.903943         -62.847            -78.247
796.921847         -62.906            -78.232
796.939724         -62.965            -78.218
796.957573         -63.024            -78.204
796.975395         -63.083            -78.189
796.993190         -63.142            -78.174
797.010957         -63.200            -78.160
797.028696         -63.259            -78.145
797.046408         -63.318            -78.130
797.064092         -63.377            -78.115
797.081749         -63.436            -78.100
797.099377         -63.495            -78.085
797.116977         -63.553            -78.070
797.134550         -63.612            -78.055
797.152094         -63.671            -78.040
797.169610         -63.730            -78.024
797.187098         -63.789            -78.009
797.204557         -63.847            -77.993
797.221988         -63.906            -77.978
797.239391         -63.965            -77.962
797.256765         -64.024            -77.946
797.274110         -64.083            -77.930
797.291427         -64.141            -77.915
797.308715         -64.200            -77.899
797.325974         -64.259            -77.882
797.343204         -64.318            -77.866
797.360405         -64.376            -77.850
797.377577         -64.435            -77.834
797.394719         -64.494            -77.817
797.411833         -64.553            -77.801
797.428917         -64.611            -77.784
797.445972         -64.670            -77.767
797.462997         -64.729            -77.750
797.479993         -64.788            -77.733
797.496959         -64.846            -77.716
797.513896         -64.905            -77.699
797.530803         -64.964            -77.682
797.547680         -65.023            -77.665
797.564527         -65.081            -77.647
797.581344         -65.140            -77.630
797.598131         -65.199            -77.612
797.614888         -65.257            -77.595
797.631615         -65.316            -77.577
797.648311         -65.375            -77.559
797.664977         -65.434            -77.541
797.681613         -65.492            -77.523
797.698219         -65.551            -77.505
797.714793         -65.610            -77.487
797.731338         -65.668            -77.468
797.747851         -65.727            -77.450
797.764334         -65.786            -77.431
797.780786         -65.844            -77.413
797.797207         -65.903            -77.394
797.813597         -65.962            -77.375
797.829956         -66.020            -77.356
797.846284         -66.079            -77.337
797.862580         -66.138            -77.318
797.878846         -66.196            -77.298
797.895080         -66.255            -77.279
797.911283         -66.314            -77.259
797.927454         -66.372            -77.240
797.943594         -66.431            -77.220
797.959702         -66.490            -77.200
797.975779         -66.548            -77.180
797.991824         -66.607            -77.160
798.007837         -66.665            -77.140
798.023818         -66.724            -77.120
798.039767         -66.783            -77.099
798.055684         -66.841            -77.079
798.071569         -66.900            -77.058
798.087422         -66.958            -77.037
798.103243         -67.017            -77.016
798.119031         -67.076            -76.995
798.134787         -67.134            -76.974
798.150511         -67.193            -76.953
798.166202         -67.251            -76.931
798.181861         -67.310            -76.910
798.197487         -67.368            -76.888
798.213080         -67.427            -76.866
798.228641         -67.486            -76.844
798.244169         -67.544            -76.822
798.259664         -67.603            -76.800
798.275126         -67.661            -76.778
798.290554         -67.720            -76.756
798.305950         -67.778            -76.733
798.321313         -67.837            -76.710
798.336642         -67.895            -76.687
798.351939         -67.954            -76.665
798.367201         -68.012            -76.641
798.382431         -68.071            -76.618
798.397627         -68.129            -76.595
798.412789         -68.188            -76.571
798.427918         -68.246            -76.548
798.443013         -68.305            -76.524
798.458074         -68.363            -76.500
798.473102         -68.422            -76.476
798.488095         -68.480            -76.452
798.503055         -68.539            -76.427
798.517981         -68.597            -76.403
798.532872         -68.656            -76.378
798.547730         -68.714            -76.353
798.562553         -68.773            -76.328
798.577342         -68.831            -76.303
798.592097         -68.889            -76.278
798.606818         -68.948            -76.252
798.621503         -69.006            -76.227
798.636155         -69.065            -76.201
798.650772         -69.123            -76.175
798.665354         -69.181            -76.149
798.679901         -69.240            -76.123
798.694414         -69.298            -76.096
798.708892         -69.357            -76.070
798.723335         -69.415            -76.043
798.737743         -69.473            -76.016
798.752116         -69.532            -75.989
798.766454         -69.590            -75.962
798.780757         -69.648            -75.934
798.795025         -69.707            -75.907
798.809258         -69.765            -75.879
798.823455         -69.823            -75.851
798.837616         -69.882            -75.823
798.851743         -69.940            -75.794
798.865834         -69.998            -75.766
798.879889         -70.057            -75.737
798.893909         -70.115            -75.708
798.907893         -70.173            -75.679
798.921841         -70.232            -75.650
798.935753         -70.290            -75.621
798.949630         -70.348            -75.591
798.963470         -70.406            -75.561
798.977275         -70.465            -75.531
798.991044         -70.523            -75.501
799.004776         -70.581            -75.471
799.018473         -70.640            -75.440
799.032133         -70.698            -75.409
799.045757         -70.756            -75.378
799.059344         -70.814            -75.347
799.072896         -70.872            -75.316
799.086410         -70.931            -75.284
799.099889         -70.989            -75.252
799.113330         -71.047            -75.220
799.126735         -71.105            -75.188
799.140104         -71.163            -75.155
799.153435         -71.222            -75.123
799.166730         -71.280            -75.090
799.179988         -71.338            -75.057
799.193209         -71.396            -75.023
799.206394         -71.454            -74.990
799.219541         -71.512            -74.956
799.232651         -71.570            -74.922
799.245724         -71.628            -74.888
799.258759         -71.687            -74.853
799.271758         -71.745            -74.818
799.284719         -71.803            -74.783
799.297643         -71.861            -74.748
799.310529         -71.919            -74.713
799.323378         -71.977            -74.677
799.336190         -72.035            -74.641
799.348963         -72.093            -74.605
799.361700         -72.151            -74.568
799.374398         -72.209            -74.531
799.387059         -72.267            -74.494
799.399682         -72.325            -74.457
799.412267         -72.383            -74.420
799.424814         -72.441            -74.382
799.437324         -72.499            -74.344
799.449795         -72.557            -74.306
799.462228         -72.615            -74.267
799.474623         -72.673            -74.228
799.486980         -72.731            -74.189
799.499299         -72.789            -74.149
799.511579         -72.847            -74.110
799.523821         -72.905            -74.070
799.536025         -72.963            -74.029
799.548190         -73.021            -73.989
799.560317         -73.078            -73.948
799.572405         -73.136            -73.907
799.584455         -73.194            -73.865
799.596466         -73.252            -73.823
799.608438         -73.310            -73.781
799.620372         -73.368            -73.739
799.632267         -73.426            -73.696
799.644123         -73.483            -73.653
799.655940         -73.541            -73.610
799.667718         -73.599            -73.566
799.679457         -73.657            -73.522
799.691157         -73.714            -73.477
799.702818         -73.772            -73.433
799.714440         -73.830            -73.388
799.726022         -73.888            -73.342
799.737566         -73.945            -73.297
799.749070         -74.003            -73.250
799.760534         -74.061            -73.204
799.771960         -74.119            -73.157
799.783346         -74.176            -73.110
799.794692         -74.234            -73.063
799.805999         -74.291            -73.015
799.817266         -74.349            -72.966
799.828494         -74.407            -72.918
799.839681         -74.464            -72.869
799.850830         -74.522            -72.819
799.861938         -74.580            -72.769
799.873007         -74.637            -72.719
799.884035         -74.695            -72.669
799.895024         -74.752            -72.618
799.905973         -74.810            -72.566
799.916881         -74.867            -72.514
799.927750         -74.925            -72.462
799.938579         -74.982            -72.410
799.949367         -75.040            -72.356
799.960115         -75.097            -72.303
799.970823         -75.155            -72.249
799.981491         -75.212            -72.195
799.992118         -75.269            -72.140
800.002705         -75.327            -72.084
800.013252         -75.384            -72.029
800.023758         -75.442            -71.972
800.034223         -75.499            -71.916
800.044648         -75.556            -71.859
800.055032         -75.613            -71.801
800.065376         -75.671            -71.743
800.075679         -75.728            -71.684
800.085941         -75.785            -71.625
800.096162         -75.843            -71.566
800.106343         -75.900            -71.505
800.116482         -75.957            -71.445
800.126581         -76.014            -71.384
800.136639         -76.071            -71.322
800.146656         -76.129            -71.260
800.156631         -76.186            -71.197
800.166566         -76.243            -71.134
800.176460         -76.300            -71.070
800.186312         -76.357            -71.006
800.196123         -76.414            -70.941
800.205893         -76.471            -70.875
800.215621         -76.528            -70.809
800.225308         -76.585            -70.742
800.234954         -76.642            -70.675
800.244558         -76.699            -70.607
800.254121         -76.756            -70.539
800.263643         -76.813            -70.470
800.273122         -76.870            -70.400
800.282561         -76.927            -70.329
800.291957         -76.984            -70.258
800.301312         -77.040            -70.187
800.310625         -77.097            -70.115
800.319897         -77.154            -70.042
800.329126         -77.211            -69.968
800.338314         -77.267            -69.894
800.347460         -77.324            -69.819
800.356564         -77.381            -69.743
800.365626         -77.438            -69.666
800.374646         -77.494            -69.589
800.383624         -77.551            -69.511
800.392560         -77.607            -69.433
800.401454         -77.664            -69.353
800.410306         -77.721            -69.273
800.419115         -77.777            -69.192
800.427882         -77.834            -69.111
800.436608         -77.890            -69.028
800.445290         -77.946            -68.945
800.453931         -78.003            -68.861
800.462529         -78.059            -68.776
800.471084         -78.116            -68.691
800.479598         -78.172            -68.604
800.488068         -78.228            -68.517
800.496497         -78.284            -68.428
800.504882         -78.341            -68.339
800.513225         -78.397            -68.249
800.521526         -78.453            -68.158
800.529783         -78.509            -68.066
800.537999         -78.565            -67.974
800.546171         -78.621            -67.880
800.554300         -78.677            -67.785
800.562387         -78.733            -67.689
800.570431         -78.789            -67.593
800.578432         -78.845            -67.495
800.586390         -78.901            -67.396
800.594306         -78.957            -67.297
800.602178         -79.013            -67.196
800.610007         -79.069            -67.094
800.617793         -79.125            -66.991
800.625537         -79.180            -66.888
800.633237         -79.236            -66.782
800.640894         -79.292            -66.676
800.648507         -79.347            -66.569
800.656078         -79.403            -66.461
800.663605         -79.458            -66.351
800.671089         -79.514            -66.240
800.678530         -79.569            -66.128
800.685927         -79.625            -66.015
800.693281         -79.680            -65.900
800.700592         -79.735            -65.784
800.707859         -79.791            -65.667
800.715083         -79.846            -65.549
800.722263         -79.901            -65.429
800.729400         -79.956            -65.308
800.736493         -80.011            -65.186
800.743543         -80.066            -65.062
800.750549         -80.121            -64.937
800.757511         -80.176            -64.810
800.764430         -80.231            -64.682
800.771305         -80.286            -64.553
800.778136         -80.341            -64.422
800.784924         -80.395            -64.289
800.791668         -80.450            -64.155
800.798367         -80.505            -64.019
800.805024         -80.559            -63.882
800.811636         -80.614            -63.743
800.818204         -80.668            -63.602
800.824728         -80.723            -63.460
800.831209         -80.777            -63.316
800.837645         -80.831            -63.170
800.844038         -80.885            -63.023
800.850386         -80.939            -62.873
800.856690         -80.993            -62.722
800.862950         -81.047            -62.569
800.869167         -81.101            -62.414
800.875338         -81.155            -62.257
800.881466         -81.209            -62.099
800.887550         -81.263            -61.938
800.893589         -81.316            -61.775
800.899584         -81.370            -61.610
800.905535         -81.424            -61.443
800.911441         -81.477            -61.274
800.917304         -81.530            -61.103
800.923121         -81.584            -60.930
800.928895         -81.637            -60.754
800.934624         -81.690            -60.576
800.940308         -81.743            -60.396
800.945949         -81.796            -60.213
800.951544         -81.849            -60.028
800.957095         -81.902            -59.840
800.962602         -81.954            -59.650
800.968064         -82.007            -59.458
800.973482         -82.059            -59.263
800.978855         -82.112            -59.065
800.984183         -82.164            -58.865
800.989467         -82.216            -58.661
800.994706         -82.268            -58.455
800.999900         -82.320            -58.247
801.005049         -82.372            -58.035
801.010154         -82.424            -57.820
801.015214         -82.475            -57.603
801.020230         -82.527            -57.382
801.025200         -82.578            -57.158
801.030126         -82.630            -56.932
801.035007         -82.681            -56.701
801.039843         -82.732            -56.468
801.044634         -82.783            -56.231
801.049380         -82.834            -55.991
801.054082         -82.884            -55.748
801.058738         -82.935            -55.501
801.063350         -82.985            -55.250
801.067916         -83.036            -54.995
801.072437         -83.086            -54.737
801.076914         -83.136            -54.475
801.081345         -83.186            -54.210
801.085732         -83.235            -53.940
801.090073         -83.285            -53.666
801.094369         -83.334            -53.388
801.098620         -83.383            -53.106
801.102826         -83.432            -52.820
801.106987         -83.481            -52.529
801.111102         -83.530            -52.234
801.115173         -83.579            -51.934
801.119198         -83.627            -51.630
801.123178         -83.675            -51.321
801.127113         -83.723            -51.007
801.131002         -83.771            -50.689
801.134847         -83.818            -50.365
801.138646         -83.866            -50.037
801.142399         -83.913            -49.703
801.146108         -83.960            -49.364
801.149771         -84.007            -49.020
801.153388         -84.053            -48.670
801.156961         -84.099            -48.315
801.160487         -84.145            -47.954
801.163969         -84.191            -47.587
801.167405         -84.237            -47.215
801.170796         -84.282            -46.836
801.174141         -84.327            -46.452
801.177441         -84.372            -46.061
801.180695         -84.416            -45.664
801.183904         -84.461            -45.261
801.187067         -84.505            -44.851
801.190185         -84.548            -44.434
801.193257         -84.592            -44.011
801.196284         -84.635            -43.581
801.199265         -84.677            -43.143
801.202201         -84.720            -42.699
801.205091         -84.762            -42.248
801.207935         -84.804            -41.789
801.210734         -84.845            -41.323
801.213488         -84.886            -40.849
801.216195         -84.927            -40.367
801.218857         -84.967            -39.878
801.221474         -85.007            -39.381
801.224044         -85.047            -38.875
801.226569         -85.086            -38.362
801.229049         -85.125            -37.840
801.231482         -85.163            -37.310
801.233870         -85.201            -36.772
801.236213         -85.238            -36.225
801.238509         -85.276            -35.669
801.240760         -85.312            -35.104
801.242965         -85.348            -34.531
801.245125         -85.384            -33.948
801.247238         -85.419            -33.357
801.249306         -85.454            -32.756
801.251328         -85.488            -32.147
801.253304         -85.522            -31.528
801.255235         -85.555            -30.899
801.257119         -85.587            -30.261
801.258958         -85.619            -29.614
801.260751         -85.651            -28.958
801.262498         -85.681            -28.291
801.264200         -85.712            -27.616
801.265855         -85.741            -26.930
801.267465         -85.770            -26.236
801.269029         -85.799            -25.531
801.270547         -85.826            -24.817
801.272019         -85.853            -24.094
801.273445         -85.880            -23.362
801.274825         -85.905            -22.619
801.276160         -85.930            -21.868
801.277448         -85.955            -21.108
801.278691         -85.978            -20.338
801.279888         -86.001            -19.560
801.281039         -86.023            -18.772
801.282144         -86.044            -17.976
801.283203         -86.065            -17.172
801.284216         -86.085            -16.359
801.285183         -86.104            -15.538
801.286104         -86.122            -14.709
801.286979         -86.139            -13.873
801.287809         -86.155            -13.029
801.288592         -86.171            -12.178
801.289330         -86.186            -11.321
801.290021         -86.200            -10.457
801.290667         -86.213            -9.586
801.291266         -86.225            -8.710
801.291820         -86.236            -7.829
801.292328         -86.246            -6.942
801.292790         -86.256            -6.051
801.293205         -86.264            -5.155
801.293575         -86.272            -4.256
801.293899         -86.278            -3.353
801.294177         -86.284            -2.447
801.294409         -86.289            -1.539
801.294595         -86.293            -0.628
801.294735         -86.296            0.284
801.294829         -86.297            1.197
801.294877         -86.298            2.111
801.294879         -86.299            3.026
801.294835         -86.298            3.940
801.294745         -86.296            4.854
801.294610         -86.293            5.766
801.294428         -86.289            6.677
801.294200         -86.285            7.585
801.293926         -86.279            8.491
801.293607         -86.272            9.395
801.293241         -86.265            10.294
801.292829         -86.256            11.190
801.292372         -86.247            12.082
801.291868         -86.237            12.969
801.291319         -86.226            13.851
801.290723         -86.214            14.727
801.290082         -86.201            15.598
801.289394         -86.187            16.463
801.288661         -86.172            17.321
801.287882         -86.157            18.173
801.287056         -86.140            19.017
801.286185         -86.123            19.854
801.285268         -86.105            20.683
801.284305         -86.086            21.505
801.283296         -86.067            22.319
801.282241         -86.046            23.124
801.281141         -86.025            23.921
801.279994         -86.003            24.709
801.278801         -85.980            25.488
801.277563         -85.957            26.258
801.276278         -85.933            27.020
801.274948         -85.908            27.772
801.273572         -85.882            28.515
801.272150         -85.856            29.248
801.270682         -85.829            29.973
801.269168         -85.801            30.687
801.267608         -85.773            31.392
801.266003         -85.744            32.088
801.264352         -85.714            32.774
801.262654         -85.684            33.451
801.260911         -85.653            34.118
801.259122         -85.622            34.775
801.257288         -85.590            35.423
801.255407         -85.558            36.062
801.253481         -85.525            36.691
801.251509         -85.491            37.311
801.249491         -85.457            37.922
801.247427         -85.422            38.523
801.245318         -85.387            39.115
801.243163         -85.352            39.699
801.240962         -85.315            40.273
801.238715         -85.279            40.838
801.236423         -85.242            41.395
801.234085         -85.204            41.943
801.231701         -85.166            42.482
801.229271         -85.128            43.013
801.226796         -85.089            43.535
801.224275         -85.050            44.049
801.221709         -85.011            44.555
801.219096         -84.971            45.053
801.216438         -84.931            45.543
801.213735         -84.890            46.026
801.210986         -84.849            46.500
801.208191         -84.807            46.967
801.205351         -84.766            47.427
801.202465         -84.724            47.879
801.199533         -84.681            48.324
801.196556         -84.638            48.761
801.193533         -84.595            49.192
801.190465         -84.552            49.616
801.187352         -84.508            50.033
801.184192         -84.465            50.444
801.180988         -84.420            50.848
801.177737         -84.376            51.246
801.174442         -84.331            51.637
801.171101         -84.286            52.022
801.167714         -84.241            52.401
801.164282         -84.195            52.774
801.160805         -84.150            53.141
801.157282         -84.104            53.503
801.153714         -84.057            53.858
801.150100         -84.011            54.209
801.146441         -83.964            54.553
801.142737         -83.917            54.893
801.138988         -83.870            55.227
801.135193         -83.823            55.556
801.131353         -83.775            55.880
801.127467         -83.727            56.199
801.123537         -83.679            56.513
801.119561         -83.631            56.822
801.115540         -83.583            57.127
801.111473         -83.534            57.427
801.107362         -83.486            57.723
801.103205         -83.437            58.014
801.099003         -83.388            58.300
801.094756         -83.339            58.583
801.090464         -83.289            58.861
801.086127         -83.240            59.135
801.081745         -83.190            59.405
801.077317         -83.140            59.672
801.072845         -83.090            59.934
801.068328         -83.040            60.192
801.063765         -82.990            60.447
801.059158         -82.940            60.698
801.054506         -82.889            60.946
801.049808         -82.838            61.189
801.045066         -82.788            61.430
801.040279         -82.737            61.667
801.035447         -82.686            61.901
801.030570         -82.634            62.131
801.025649         -82.583            62.358
801.020682         -82.532            62.582
801.015671         -82.480            62.803
801.010615         -82.429            63.021
801.005514         -82.377            63.236
801.000368         -82.325            63.448
800.995178         -82.273            63.657
800.989943         -82.221            63.863
800.984664         -82.169            64.066
800.979339         -82.116            64.267
800.973970         -82.064            64.465
800.968557         -82.012            64.660
800.963099         -81.959            64.853
800.957596         -81.906            65.043
800.952049         -81.854            65.231
800.946458         -81.801            65.417
800.940821         -81.748            65.599
800.935141         -81.695            65.780
800.929416         -81.642            65.958
800.923646         -81.588            66.134
800.917833         -81.535            66.308
800.911975         -81.482            66.479
800.906072         -81.428            66.648
800.900125         -81.375            66.815
800.894134         -81.321            66.980
800.888099         -81.268            67.143
800.882019         -81.214            67.304
800.875896         -81.160            67.463
800.869728         -81.106            67.620
800.863516         -81.052            67.775
800.857259         -80.998            67.928
800.850959         -80.944            68.080
800.844615         -80.890            68.229
800.838226         -80.836            68.377
800.831794         -80.782            68.523
800.825317         -80.727            68.667
800.818797         -80.673            68.809
800.812233         -80.619            68.950
800.805625         -80.564            69.089
800.798972         -80.510            69.227
800.792277         -80.455            69.363
800.785537         -80.400            69.497
800.778753         -80.346            69.630
800.771926         -80.291            69.761
800.765055         -80.236            69.891
800.758140         -80.181            70.019
800.751182         -80.126            70.146
800.744180         -80.071            70.271
800.737134         -80.016            70.395
800.730045         -79.961            70.517
800.722912         -79.906            70.639
800.715736         -79.851            70.758
800.708516         -79.796            70.877
800.701252         -79.740            70.994
800.693946         -79.685            71.110
800.686596         -79.630            71.225
800.679202         -79.574            71.338
800.671765         -79.519            71.450
800.664285         -79.463            71.561
800.656762         -79.408            71.671
800.649195         -79.352            71.779
800.641585         -79.297            71.887
800.633932         -79.241            71.993
800.626236         -79.185            72.098
800.618497         -79.130            72.202
800.610715         -79.074            72.305
800.602889         -79.018            72.407
800.595021         -78.962            72.508
800.587110         -78.906            72.608
800.579155         -78.850            72.706
800.571158         -78.794            72.804
800.563118         -78.739            72.901
800.555035         -78.683            72.997
800.546909         -78.626            73.091
800.538741         -78.570            73.185
800.530530         -78.514            73.278
800.522276         -78.458            73.370
800.513979         -78.402            73.461
800.505640         -78.346            73.551
800.497258         -78.290            73.640
800.488834         -78.233            73.729
800.480367         -78.177            73.816
800.471858         -78.121            73.903
800.463306         -78.064            73.989
800.454712         -78.008            74.074
800.446075         -77.952            74.158
800.437396         -77.895            74.241
800.428675         -77.839            74.324
800.419911         -77.782            74.405
800.411106         -77.726            74.486
800.402258         -77.669            74.566
800.393368         -77.613            74.646
800.384436         -77.556            74.725
800.375461         -77.499            74.802
800.366445         -77.443            74.880
800.357387         -77.386            74.956
800.348287         -77.329            75.032
800.339145         -77.273            75.107
800.329961         -77.216            75.181
800.320735         -77.159            75.255
800.311467         -77.102            75.328
800.302158         -77.046            75.400
800.292807         -76.989            75.472
800.283414         -76.932            75.543
800.273979         -76.875            75.614
800.264503         -76.818            75.683
800.254986         -76.761            75.753
800.245427         -76.704            75.821
800.235826         -76.647            75.889
800.226184         -76.590            75.956
800.216501         -76.533            76.023
800.206776         -76.476            76.089
800.197010         -76.419            76.155
800.187203         -76.362            76.220
800.177354         -76.305            76.284
800.167464         -76.248            76.348
800.157533         -76.191            76.412
800.147561         -76.134            76.474
800.137548         -76.077            76.537
800.127494         -76.019            76.598
800.117399         -75.962            76.659
800.107263         -75.905            76.720
800.097087         -75.848            76.780
800.086869         -75.791            76.840
800.076610         -75.733            76.899
800.066311         -75.676            76.958
800.055971         -75.619            77.016
800.045591         -75.561            77.074
800.035169         -75.504            77.131
800.024708         -75.447            77.187
800.014205         -75.389            77.244
800.003662         -75.332            77.300
799.993079         -75.275            77.355
799.982456         -75.217            77.410
799.971792         -75.160            77.464
799.961087         -75.102            77.518
799.950343         -75.045            77.572
799.939558         -74.987            77.625
799.928733         -74.930            77.678
799.917868         -74.872            77.730
799.906963         -74.815            77.782
799.896018         -74.757            77.833
799.885033         -74.700            77.884
799.874008         -74.642            77.935
799.862943         -74.585            77.985
799.851838         -74.527            78.035
799.840693         -74.470            78.084
799.829509         -74.412            78.133
799.818285         -74.354            78.182
799.807021         -74.297            78.230
799.795718         -74.239            78.278
799.784375         -74.181            78.326
799.772993         -74.124            78.373
799.761571         -74.066            78.420
799.750110         -74.008            78.466
799.738610         -73.951            78.513
799.727070         -73.893            78.558
799.715491         -73.835            78.604
799.703873         -73.777            78.649
799.692215         -73.720            78.694
799.680519         -73.662            78.738
799.668783         -73.604            78.782
799.657009         -73.546            78.826
799.645195         -73.489            78.869
799.633343         -73.431            78.912
799.621451         -73.373            78.955
799.609521         -73.315            78.998
799.597553         -73.257            79.040
799.585545         -73.199            79.082
799.573499         -73.142            79.123
799.561414         -73.084            79.164
799.549291         -73.026            79.205
799.537129         -72.968            79.246
799.524929         -72.910            79.286
799.512690         -72.852            79.326
799.500413         -72.794            79.366
799.488098         -72.736            79.405
799.475745         -72.678            79.445
799.463353         -72.620            79.484
799.450923         -72.562            79.522
799.438455         -72.504            79.561
799.425949         -72.446            79.599
799.413406         -72.388            79.636
799.400824         -72.330            79.674
799.388204         -72.272            79.711
799.375547         -72.214            79.748
799.362852         -72.156            79.785
799.350119         -72.098            79.822
799.337349         -72.040            79.858
799.324541         -71.982            79.894
799.311695         -71.924            79.930
799.298812         -71.866            79.965
799.285892         -71.808            80.000
799.272934         -71.750            80.035
799.259939         -71.692            80.070
799.246906         -71.634            80.105
799.233837         -71.576            80.139
799.220730         -71.518            80.173
799.207586         -71.459            80.207
799.194406         -71.401            80.240
799.181188         -71.343            80.274
799.167933         -71.285            80.307
799.154642         -71.227            80.340
799.141313         -71.169            80.373
799.127948         -71.110            80.405
799.114547         -71.052            80.437
799.101108         -70.994            80.469
799.087633         -70.936            80.501
799.074122         -70.878            80.533
799.060574         -70.819            80.564
799.046990         -70.761            80.596
799.033369         -70.703            80.627
799.019712         -70.645            80.657
799.006019         -70.587            80.688
798.992290         -70.528            80.719
798.978524         -70.470            80.749
798.964723         -70.412            80.779
798.950885         -70.353            80.809
798.937012         -70.295            80.838
798.923103         -70.237            80.868
798.909158         -70.179            80.897
798.895177         -70.120            80.926
798.881161         -70.062            80.955
798.867109         -70.004            80.984
798.853021         -69.945            81.012
798.838898         -69.887            81.040
798.824739         -69.829            81.068
798.810546         -69.770            81.096
798.796316         -69.712            81.124
798.782052         -69.654            81.152
798.767752         -69.595            81.179
798.753417         -69.537            81.207
798.739047         -69.479            81.234
798.724642         -69.420            81.261
798.710202         -69.362            81.287
798.695728         -69.304            81.314
798.681218         -69.245            81.340
798.666674         -69.187            81.367
798.652095         -69.128            81.393
798.637481         -69.070            81.419
798.622833         -69.012            81.444
798.608150         -68.953            81.470
798.593433         -68.895            81.496
798.578681         -68.836            81.521
798.563895         -68.778            81.546
798.549075         -68.719            81.571
798.534220         -68.661            81.596
798.519332         -68.602            81.621
798.504409         -68.544            81.645
798.489452         -68.486            81.670
798.474462         -68.427            81.694
798.459437         -68.369            81.718
798.444379         -68.310            81.742
798.429287         -68.252            81.766
798.414161         -68.193            81.789
798.399002         -68.135            81.813
798.383809         -68.076            81.836
798.368583         -68.018            81.859
798.353323         -67.959            81.883
798.338030         -67.901            81.906
798.322703         -67.842            81.928
798.307344         -67.784            81.951
798.291951         -67.725            81.974
798.276525         -67.667            81.996
798.261066         -67.608            82.018
798.245574         -67.549            82.041
798.230049         -67.491            82.063
798.214492         -67.432            82.085
798.198901         -67.374            82.106
798.183278         -67.315            82.128
798.167623         -67.257            82.150
798.151934         -67.198            82.171
798.136214         -67.139            82.192
798.120460         -67.081            82.213
798.104675         -67.022            82.234
798.088857         -66.964            82.255
798.073007         -66.905            82.276
798.057125         -66.847            82.297
798.041211         -66.788            82.317
798.025264         -66.729            82.338
798.009286         -66.671            82.358
797.993276         -66.612            82.378
797.977234         -66.553            82.399
797.961160         -66.495            82.419
797.945055         -66.436            82.438
797.928918         -66.378            82.458
797.912750         -66.319            82.478
797.896550         -66.260            82.497
797.880318         -66.202            82.517
797.864056         -66.143            82.536
797.847762         -66.084            82.555
797.831437         -66.026            82.574
797.815081         -65.967            82.593
797.798693         -65.908            82.612
797.782275         -65.850            82.631
797.765826         -65.791            82.650
797.749346         -65.732            82.668
797.732835         -65.674            82.687
797.716294         -65.615            82.705
797.699722         -65.556            82.723
797.683119         -65.498            82.742
797.666486         -65.439            82.760
797.649823         -65.380            82.778
797.633129         -65.322            82.796
797.616405         -65.263            82.813
797.599651         -65.204            82.831
797.582866         -65.145            82.849
797.566052         -65.087            82.866
797.549207         -65.028            82.883
797.532333         -64.969            82.901
797.515429         -64.910            82.918
797.498495         -64.852            82.935
797.481532         -64.793            82.952
797.464539         -64.734            82.969
797.447516         -64.676            82.986
797.430464         -64.617            83.003
797.413382         -64.558            83.019
797.396271         -64.499            83.036
797.379131         -64.440            83.052
797.361962         -64.382            83.069
797.344764         -64.323            83.085
797.327536         -64.264            83.101
797.310280         -64.205            83.117
797.292995         -64.147            83.133
797.275681         -64.088            83.149
797.258338         -64.029            83.165
797.240966         -63.970            83.181
797.223567         -63.911            83.197
797.206138         -63.853            83.212
797.188681         -63.794            83.228
797.171196         -63.735            83.243
797.153682         -63.676            83.259
797.136141         -63.618            83.274
797.118571         -63.559            83.289
797.100973         -63.500            83.304
797.083347         -63.441            83.319
797.065693         -63.382            83.334
797.048012         -63.323            83.349
797.030303         -63.265            83.364
797.012566         -63.206            83.379
796.994801         -63.147            83.393
796.977009         -63.088            83.408
796.959189         -63.029            83.422
796.941342         -62.970            83.437
796.923468         -62.912            83.451
796.905567         -62.853            83.465
796.887638         -62.794            83.480
796.869683         -62.735            83.494
796.851700         -62.676            83.508
796.833691         -62.617            83.522
796.815655         -62.558            83.536
796.797592         -62.500            83.550
796.779502         -62.441            83.563
796.761386         -62.382            83.577
796.743243         -62.323            83.591
796.725074         -62.264            83.604
796.706878         -62.205            83.618
796.688656         -62.146            83.631
796.670408         -62.087            83.645
796.652134         -62.029            83.658
796.633834         -61.970            83.671
796.615508         -61.911            83.684
796.597155         -61.852            83.697
796.578778         -61.793            83.710
796.560374         -61.734            83.723
796.541945         -61.675            83.736
796.523490         -61.616            83.749
796.505010         -61.557            83.762
796.486504         -61.498            83.775
796.467973         -61.440            83.787
796.449417         -61.381            83.800
796.430835         -61.322            83.812
796.412229         -61.263            83.825
796.393597         -61.204            83.837
796.374941         -61.145            83.850
796.356260         -61.086            83.862
796.337553         -61.027            83.874
796.318823         -60.968            83.886
796.300067         -60.909            83.898
796.281287         -60.850            83.910
796.262483         -60.791            83.922
796.243654         -60.732            83.934
796.224801         -60.673            83.946
796.205924         -60.614            83.958
796.187023         -60.556            83.970
796.168098         -60.497            83.981
796.149148         -60.438            83.993
796.130175         -60.379            84.004
796.111178         -60.320            84.016
796.092157         -60.261            84.027
796.073113         -60.202            84.039
796.054045         -60.143            84.050
796.034954         -60.084            84.061
796.015839         -60.025            84.073
795.996701         -59.966            84.084
795.977540         -59.907            84.095
795.958356         -59.848            84.106
795.939148         -59.789            84.117
795.919918         -59.730            84.128
795.900665         -59.671            84.139
795.881389         -59.612            84.150
795.862090         -59.553            84.160
795.842768         -59.494            84.171
795.823424         -59.435            84.182
795.804058         -59.376            84.193
795.784669         -59.317            84.203
795.765258         -59.258            84.214
795.745824         -59.199            84.224
795.726369         -59.140            84.235
795.706891         -59.081            84.245
795.687392         -59.022            84.255
795.667870         -58.963            84.266
795.648327         -58.904            84.276
795.628762         -58.845            84.286
795.609176         -58.786            84.296
795.589568         -58.727            84.306
795.569938         -58.668            84.316
795.550287         -58.609            84.326
795.530615         -58.550            84.336
795.510921         -58.491            84.346
795.491207         -58.432            84.356
795.471471         -58.373            84.366
795.451714         -58.314            84.376
795.431937         -58.255            84.385
795.412139         -58.195            84.395
795.392320         -58.136            84.405
795.372480         -58.077            84.414
795.352620         -58.018            84.424
795.332740         -57.959            84.433
795.312839         -57.900            84.443
795.292918         -57.841            84.452
795.272976         -57.782            84.461
795.253015         -57.723            84.471
795.233033         -57.664            84.480
795.213032         -57.605            84.489
795.193011         -57.546            84.498
795.172970         -57.487            84.507
795.152909         -57.428            84.517
795.132829         -57.369            84.526
795.112729         -57.310            84.535
795.092610         -57.250            84.544
795.072472         -57.191            84.553
795.052314         -57.132            84.561
795.032137         -57.073            84.570
795.011941         -57.014            84.579
794.991726         -56.955            84.588
794.971493         -56.896            84.596
794.951240         -56.837            84.605
794.930969         -56.778            84.614
794.910679         -56.719            84.622
794.890371         -56.660            84.631
794.870044         -56.600            84.639
794.849698         -56.541            84.648
794.829335         -56.482            84.656
794.808953         -56.423            84.665
794.788553         -56.364            84.673
794.768136         -56.305            84.681
794.747700         -56.246            84.690
794.727246         -56.187            84.698
794.706775         -56.128            84.706
794.686286         -56.068            84.714
794.665780         -56.009            84.722
794.645256         -55.950            84.731
794.624714         -55.891            84.739
794.604155         -55.832            84.747
794.583580         -55.773            84.755
794.562987         -55.714            84.763
794.542376         -55.655            84.770
794.521749         -55.595            84.778
794.501106         -55.536            84.786
794.480445         -55.477            84.794
794.459768         -55.418            84.802
794.439074         -55.359            84.809
794.418363         -55.300            84.817
794.397636         -55.241            84.825
794.376893         -55.181            84.832
794.356134         -55.122            84.840
794.335358         -55.063            84.848
794.314567         -55.004            84.855
794.293759         -54.945            84.863
794.272936         -54.886            84.870
794.252097         -54.827            84.877
794.231242         -54.767            84.885
794.210371         -54.708            84.892
794.189485         -54.649            84.900
794.168584         -54.590            84.907
794.147667         -54.531            84.914
794.126735         -54.472            84.921
794.105788         -54.412            84.928
794.084825         -54.353            84.936
794.063848         -54.294            84.943
794.042856         -54.235            84.950
794.021849         -54.176            84.957
794.000828         -54.116            84.964
793.979791         -54.057            84.971
793.958741         -53.998            84.978
793.937676         -53.939            84.985
793.916596         -53.880            84.992
793.895502         -53.821            84.998
793.874394         -53.761            85.005
793.853273         -53.702            85.012
793.832137         -53.643            85.019
793.810987         -53.584            85.026
793.789823         -53.525            85.032
793.768646         -53.465            85.039
793.747455         -53.406            85.046
793.726251         -53.347            85.052
793.705033         -53.288            85.059
793.683802         -53.229            85.065
793.662557         -53.169            85.072
793.641300         -53.110            85.078
793.620029         -53.051            85.085
793.598746         -52.992            85.091
793.577449         -52.933            85.098
793.556140         -52.873            85.104
793.534818         -52.814            85.111
793.513483         -52.755            85.117
793.492136         -52.696            85.123
793.470777         -52.636            85.129
793.449405         -52.577            85.136
793.428021         -52.518            85.142
793.406625         -52.459            85.148
793.385217         -52.400            85.154
793.363797         -52.340            85.160
793.342365         -52.281            85.166
793.320921         -52.222            85.173
793.299466         -52.163            85.179
793.277999         -52.103            85.185
793.256520         -52.044            85.191
793.235030         -51.985            85.197
793.213529         -51.926            85.203
793.192017         -51.866            85.208
793.170493         -51.807            85.214
793.148959         -51.748            85.220
793.127414         -51.689            85.226
793.105857         -51.629            85.232
793.084290         -51.570            85.238
793.062713         -51.511            85.243
793.041124         -51.452            85.249
793.019526         -51.392            85.255
792.997917         -51.333            85.261
792.976297         -51.274            85.266
792.954668         -51.215            85.272
792.933028         -51.155            85.277
792.911379         -51.096            85.283
792.889719         -51.037            85.289
792.868050         -50.978            85.294
792.846371         -50.918            85.300
792.824682         -50.859            85.305
792.802984         -50.800            85.311
792.781276         -50.741            85.316
792.759559         -50.681            85.321
792.737833         -50.622            85.327
792.716098         -50.563            85.332
792.694354         -50.503            85.337
792.672600         -50.444            85.343
792.650838         -50.385            85.348
792.629067         -50.326            85.353
792.607287         -50.266            85.359
792.585499         -50.207            85.364
792.563702         -50.148            85.369
792.541897         -50.088            85.374
792.520084         -50.029            85.379
792.498262         -49.970            85.384
792.476432         -49.911            85.390
792.454594         -49.851            85.395
792.432749         -49.792            85.400
792.410895         -49.733            85.405
792.389034         -49.673            85.410
792.367165         -49.614            85.415
792.345288         -49.555            85.420
792.323405         -49.496            85.425
792.301513         -49.436            85.430
792.279615         -49.377            85.434
792.257709         -49.318            85.439
792.235796         -49.258            85.444
792.213876         -49.199            85.449
792.191950         -49.140            85.454
792.170016         -49.080            85.459
792.148076         -49.021            85.463
792.126129         -48.962            85.468
792.104176         -48.902            85.473
792.082216         -48.843            85.478
792.060250         -48.784            85.482
792.038278         -48.724            85.487
792.016300         -48.665            85.492
791.994316         -48.606            85.496
791.972325         -48.547            85.501
791.950329         -48.487            85.505
791.928327         -48.428            85.510
791.906320         -48.369            85.515
791.884307         -48.309            85.519
791.862288         -48.250            85.524
791.840264         -48.191            85.528
791.818235         -48.131            85.533
791.796201         -48.072            85.537
791.774161         -48.013            85.541
791.752117         -47.953            85.546
791.730068         -47.894            85.550
791.708014         -47.834            85.555
791.685955         -47.775            85.559
791.663892         -47.716            85.563
791.641824         -47.656            85.568
791.619751         -47.597            85.572
791.597675         -47.538            85.576
791.575594         -47.478            85.580
791.553509         -47.419            85.585
791.531420         -47.360            85.589
791.509327         -47.300            85.593
791.487231         -47.241            85.597
791.465130         -47.182            85.601
791.443026         -47.122            85.606
791.420918         -47.063            85.610
791.398807         -47.004            85.614
791.376693         -46.944            85.618
791.354575         -46.885            85.622
791.332454         -46.825            85.626
791.310330         -46.766            85.630
791.288204         -46.707            85.634
791.266074         -46.647            85.638
791.243941         -46.588            85.642
791.221806         -46.529            85.646
791.199668         -46.469            85.650
791.177528         -46.410            85.654
791.155385         -46.351            85.658
791.133240         -46.291            85.662
791.111093         -46.232            85.665
791.088944         -46.172            85.669
791.066792         -46.113            85.673
791.044639         -46.054            85.677
791.022484         -45.994            85.681
791.000327         -45.935            85.685
790.978169         -45.875            85.688
790.956009         -45.816            85.692
790.933847         -45.757            85.696
790.911685         -45.697            85.700
790.889521         -45.638            85.703
790.867355         -45.579            85.707
790.845189         -45.519            85.711
790.823022         -45.460            85.714
790.800854         -45.400            85.718
790.778685         -45.341            85.721
790.756516         -45.282            85.725
790.734346         -45.222            85.729
790.712175         -45.163            85.732
790.690004         -45.103            85.736
790.667833         -45.044            85.739
790.645662         -44.985            85.743
790.623491         -44.925            85.746
790.601319         -44.866            85.750
790.579148         -44.806            85.753
790.556977         -44.747            85.757
790.534806         -44.688            85.760
790.512635         -44.628            85.764
790.490466         -44.569            85.767
790.468296         -44.509            85.770
790.446127         -44.450            85.774
790.423960         -44.390            85.777
790.401792         -44.331            85.781
790.379626         -44.272            85.784
790.357461         -44.212            85.787
790.335298         -44.153            85.791
790.313135         -44.093            85.794
790.290974         -44.034            85.797
790.268814         -43.975            85.800
790.246656         -43.915            85.804
790.224499         -43.856            85.807
790.202344         -43.796            85.810
790.180191         -43.737            85.813
790.158040         -43.677            85.816
790.135891         -43.618            85.820
790.113744         -43.559            85.823
790.091599         -43.499            85.826
790.069457         -43.440            85.829
790.047317         -43.380            85.832
790.025179         -43.321            85.835
790.003044         -43.261            85.838
789.980912         -43.202            85.841
789.958782         -43.142            85.845
789.936656         -43.083            85.848
789.914532         -43.024            85.851
789.892412         -42.964            85.854
789.870294         -42.905            85.857
789.848180         -42.845            85.860
789.826070         -42.786            85.863
789.803962         -42.726            85.866
789.781859         -42.667            85.868
789.759759         -42.607            85.871
789.737663         -42.548            85.874
789.715570         -42.488            85.877
789.693482         -42.429            85.880
789.671397         -42.370            85.883
789.649317         -42.310            85.886
789.627241         -42.251            85.889
789.605169         -42.191            85.892
789.583102         -42.132            85.894
789.561039         -42.072            85.897
789.538981         -42.013            85.900
789.516928         -41.953            85.903
789.494879         -41.894            85.906
789.472835         -41.834            85.908
789.450796         -41.775            85.911
789.428763         -41.715            85.914
789.406734         -41.656            85.917
789.384711         -41.597            85.919
789.362693         -41.537            85.922
789.340681         -41.478            85.925
789.318674         -41.418            85.927
789.296673         -41.359            85.930
789.274678         -41.299            85.933
789.252688         -41.240            85.935
789.230705         -41.180            85.938
789.208727         -41.121            85.941
789.186756         -41.061            85.943
789.164791         -41.002            85.946
789.142832         -40.942            85.948
789.120880         -40.883            85.951
789.098934         -40.823            85.953
789.076995         -40.764            85.956
789.055063         -40.704            85.959
789.033137         -40.645            85.961
789.011218         -40.585            85.964
788.989307         -40.526            85.966
788.967402         -40.466            85.969
788.945505         -40.407            85.971
788.923614         -40.347            85.973
788.901732         -40.288            85.976
788.879856         -40.228            85.978
788.857989         -40.169            85.981
788.836129         -40.109            85.983
788.814276         -40.050            85.986
788.792432         -39.990            85.988
788.770595         -39.931            85.990
788.748767         -39.871            85.993
788.726947         -39.812            85.995
788.705135         -39.752            85.997
788.683331         -39.693            86.000
788.661536         -39.633            86.002
788.639749         -39.574            86.004
788.617971         -39.514            86.007
788.596202         -39.455            86.009
788.574441         -39.395            86.011
788.552689         -39.336            86.014
788.530946         -39.276            86.016
788.509213         -39.217            86.018
788.487488         -39.157            86.020
788.465773         -39.098            86.022
788.444067         -39.038            86.025
788.422371         -38.979            86.027
788.400684         -38.919            86.029
788.379007         -38.860            86.031
788.357340         -38.800            86.033
788.335682         -38.741            86.036
788.314035         -38.681            86.038
788.292397         -38.622            86.040
788.270770         -38.562            86.042
788.249153         -38.502            86.044
788.227546         -38.443            86.046
788.205949         -38.383            86.048
788.184363         -38.324            86.050
788.162788         -38.264            86.053
788.141223         -38.205            86.055
788.119670         -38.145            86.057
788.098127         -38.086            86.059
788.076594         -38.026            86.061
788.055074         -37.967            86.063
788.033564         -37.907            86.065
788.012065         -37.848            86.067
787.990578         -37.788            86.069
787.969102         -37.728            86.071
787.947638         -37.669            86.073
787.926185         -37.609            86.075
787.904744         -37.550            86.077
787.883315         -37.490            86.079
787.861898         -37.431            86.081
787.840493         -37.371            86.082
787.819100         -37.312            86.084
787.797719         -37.252            86.086
787.776350         -37.193            86.088
787.754994         -37.133            86.090
787.733650         -37.073            86.092
787.712319         -37.014            86.094
787.691001         -36.954            86.096
787.669695         -36.895            86.098
787.648402         -36.835            86.099
787.627122         -36.776            86.101
787.605855         -36.716            86.103
787.584601         -36.657            86.105
787.563360         -36.597            86.107
787.542133         -36.537            86.108
787.520919         -36.478            86.110
787.499718         -36.418            86.112
787.478531         -36.359            86.114
787.457358         -36.299            86.116
787.436198         -36.240            86.117
787.415052         -36.180            86.119
787.393921         -36.120            86.121
787.372803         -36.061            86.123
787.351699         -36.001            86.124
787.330610         -35.942            86.126
787.309535         -35.882            86.128
787.288474         -35.823            86.129
787.267428         -35.763            86.131
787.246397         -35.703            86.133
787.225380         -35.644            86.134
787.204378         -35.584            86.136
787.183390         -35.525            86.138
787.162418         -35.465            86.139
787.141461         -35.405            86.141
787.120519         -35.346            86.143
787.099592         -35.286            86.144
787.078680         -35.227            86.146
787.057784         -35.167            86.147
787.036903         -35.108            86.149
787.016038         -35.048            86.151
786.995189         -34.988            86.152
786.974355         -34.929            86.154
786.953537         -34.869            86.155
786.932736         -34.810            86.157
786.911950         -34.750            86.158
786.891180         -34.690            86.160
786.870427         -34.631            86.161
786.849690         -34.571            86.163
786.828969         -34.512            86.164
786.808265         -34.452            86.166
786.787577         -34.392            86.167
786.766906         -34.333            86.169
786.746252         -34.273            86.170
786.725615         -34.214            86.172
786.704994         -34.154            86.173
786.684391         -34.094            86.175
786.663805         -34.035            86.176
786.643236         -33.975            86.178
786.622684         -33.916            86.179
786.602150         -33.856            86.180
786.581633         -33.796            86.182
786.561134         -33.737            86.183
786.540652         -33.677            86.185
786.520189         -33.618            86.186
786.499743         -33.558            86.187
786.479315         -33.498            86.189
786.458905         -33.439            86.190
786.438513         -33.379            86.191
786.418139         -33.320            86.193
786.397784         -33.260            86.194
786.377446         -33.200            86.195
786.357128         -33.141            86.197
786.336828         -33.081            86.198
786.316546         -33.021            86.199
786.296284         -32.962            86.201
786.276040         -32.902            86.202
786.255815         -32.843            86.203
786.235609         -32.783            86.205
786.215422         -32.723            86.206
786.195254         -32.664            86.207
786.175106         -32.604            86.208
786.154977         -32.544            86.210
786.134867         -32.485            86.211
786.114777         -32.425            86.212
786.094707         -32.366            86.213
786.074656         -32.306            86.215
786.054625         -32.246            86.216
786.034614         -32.187            86.217
786.014622         -32.127            86.218
785.994651         -32.067            86.219
785.974700         -32.008            86.221
785.954769         -31.948            86.222
785.934859         -31.888            86.223
785.914969         -31.829            86.224
785.895099         -31.769            86.225
785.875250         -31.710            86.226
785.855421         -31.650            86.228
785.835614         -31.590            86.229
785.815827         -31.531            86.230
785.796061         -31.471            86.231
785.776316         -31.411            86.232
785.756592         -31.352            86.233
785.736889         -31.292            86.234
785.717208         -31.232            86.235
785.697548         -31.173            86.237
785.677909         -31.113            86.238
785.658292         -31.053            86.239
785.638697         -30.994            86.240
785.619123         -30.934            86.241
785.599571         -30.874            86.242
785.580040         -30.815            86.243
785.560532         -30.755            86.244
785.541046         -30.696            86.245
785.521582         -30.636            86.246
785.502140         -30.576            86.247
785.482720         -30.517            86.248
785.463323         -30.457            86.249
785.443948         -30.397            86.250
785.424595         -30.338            86.251
785.405266         -30.278            86.252
785.385959         -30.218            86.253
785.366674         -30.159            86.254
785.347413         -30.099            86.255
785.328175         -30.039            86.256
785.308959         -29.980            86.257
785.289767         -29.920            86.258
785.270598         -29.860            86.259
785.251452         -29.801            86.260
785.232330         -29.741            86.261
785.213231         -29.681            86.262
785.194156         -29.622            86.263
785.175104         -29.562            86.264
785.156076         -29.502            86.265
785.137072         -29.443            86.266
785.118091         -29.383            86.266
785.099135         -29.323            86.267
785.080202         -29.264            86.268
785.061294         -29.204            86.269
785.042410         -29.144            86.270
785.023550         -29.085            86.271
785.004715         -29.025            86.272
784.985904         -28.965            86.273
784.967117         -28.905            86.274
784.948356         -28.846            86.274
784.929619         -28.786            86.275
784.910906         -28.726            86.276
784.892219         -28.667            86.277
784.873556         -28.607            86.278
784.854919         -28.547            86.279
784.836306         -28.488            86.279
784.817719         -28.428            86.280
784.799157         -28.368            86.281
784.780621         -28.309            86.282
784.762110         -28.249            86.283
784.743624         -28.189            86.283
784.725164         -28.130            86.284
784.706729         -28.070            86.285
784.688321         -28.010            86.286
784.669938         -27.950            86.287
784.651581         -27.891            86.287
784.633250         -27.831            86.288
784.614945         -27.771            86.289
784.596667         -27.712            86.290
784.578414         -27.652            86.290
784.560188         -27.592            86.291
784.541989         -27.533            86.292
784.523815         -27.473            86.293
784.505669         -27.413            86.293
784.487548         -27.354            86.294
784.469455         -27.294            86.295
784.451389         -27.234            86.295
784.433349         -27.174            86.296
784.415336         -27.115            86.297
784.397350         -27.055            86.297
784.379392         -26.995            86.298
784.361460         -26.936            86.299
784.343556         -26.876            86.300
784.325679         -26.816            86.300
784.307830         -26.756            86.301
784.290008         -26.697            86.302
784.272214         -26.637            86.302
784.254447         -26.577            86.303
784.236708         -26.518            86.303
784.218997         -26.458            86.304
784.201313         -26.398            86.305
784.183658         -26.338            86.305
784.166031         -26.279            86.306
784.148432         -26.219            86.307
784.130861         -26.159            86.307
784.113318         -26.100            86.308
784.095803         -26.040            86.308
784.078318         -25.980            86.309
784.060860         -25.920            86.310
784.043431         -25.861            86.310
784.026031         -25.801            86.311
784.008659         -25.741            86.311
783.991317         -25.682            86.312
783.974003         -25.622            86.313
783.956718         -25.562            86.313
783.939462         -25.502            86.314
783.922235         -25.443            86.314
783.905038         -25.383            86.315
783.887870         -25.323            86.315
783.870731         -25.264            86.316
783.853621         -25.204            86.316
783.836541         -25.144            86.317
783.819490         -25.084            86.318
783.802470         -25.025            86.318
783.785478         -24.965            86.319
783.768517         -24.905            86.319
783.751585         -24.845            86.320
783.734684         -24.786            86.320
783.717812         -24.726            86.321
783.700971         -24.666            86.321
783.684159         -24.606            86.322
783.667378         -24.547            86.322
783.650627         -24.487            86.323
783.633907         -24.427            86.323
783.617216         -24.368            86.324
783.600557         -24.308            86.324
783.583928         -24.248            86.325
783.567330         -24.188            86.325
783.550762         -24.129            86.325
783.534225         -24.069            86.326
783.517719         -24.009            86.326
783.501244         -23.949            86.327
783.484800         -23.890            86.327
783.468387         -23.830            86.328
783.452006         -23.770            86.328
783.435655         -23.710            86.329
783.419336         -23.651            86.329
783.403048         -23.591            86.329
783.386792         -23.531            86.330
783.370567         -23.471            86.330
783.354374         -23.412            86.331
783.338212         -23.352            86.331
783.322083         -23.292            86.331
783.305985         -23.232            86.332
783.289919         -23.173            86.332
783.273884         -23.113            86.333
783.257882         -23.053            86.333
783.241912         -22.993            86.333
783.225974         -22.934            86.334
783.210068         -22.874            86.334
783.194195         -22.814            86.335
783.178354         -22.754            86.335
783.162545         -22.695            86.335
783.146769         -22.635            86.336
783.131026         -22.575            86.336
783.115315         -22.515            86.336
783.099637         -22.456            86.337
783.083991         -22.396            86.337
783.068379         -22.336            86.337
783.052799         -22.276            86.338
783.037252         -22.216            86.338
783.021739         -22.157            86.338
783.006258         -22.097            86.339
782.990811         -22.037            86.339
782.975397         -21.977            86.339
782.960016         -21.918            86.340
782.944669         -21.858            86.340
782.929355         -21.798            86.340
782.914075         -21.738            86.341
782.898828         -21.679            86.341
782.883615         -21.619            86.341
782.868435         -21.559            86.341
782.853290         -21.499            86.342
782.838178         -21.440            86.342
782.823100         -21.380            86.342
782.808056         -21.320            86.343
782.793046         -21.260            86.343
782.778071         -21.200            86.343
782.763129         -21.141            86.343
782.748222         -21.081            86.344
782.733349         -21.021            86.344
782.718511         -20.961            86.344
782.703707         -20.902            86.344
782.688937         -20.842            86.345
782.674202         -20.782            86.345
782.659502         -20.722            86.345
782.644836         -20.662            86.345
782.630205         -20.603            86.346
782.615609         -20.543            86.346
782.601048         -20.483            86.346
782.586522         -20.423            86.346
782.572030         -20.364            86.346
782.557574         -20.304            86.347
782.543153         -20.244            86.347
782.528768         -20.184            86.347
782.514417         -20.124            86.347
782.500102         -20.065            86.348
782.485822         -20.005            86.348
782.471578         -19.945            86.348
782.457369         -19.885            86.348
782.443196         -19.825            86.348
782.429059         -19.766            86.348
782.414957         -19.706            86.349
782.400891         -19.646            86.349
782.386861         -19.586            86.349
782.372867         -19.527            86.349
782.358908         -19.467            86.349
782.344986         -19.407            86.350
782.331100         -19.347            86.350
782.317250         -19.287            86.350
782.303436         -19.228            86.350
782.289659         -19.168            86.350
782.275917         -19.108            86.350
782.262212         -19.048            86.350
782.248544         -18.988            86.351
782.234912         -18.929            86.351
782.221317         -18.869            86.351
782.207758         -18.809            86.351
782.194236         -18.749            86.351
782.180751         -18.689            86.351
782.167302         -18.630            86.351
782.153890         -18.570            86.352
782.140516         -18.510            86.352
782.127178         -18.450            86.352
782.113877         -18.390            86.352
782.100614         -18.331            86.352
782.087387         -18.271            86.352
782.074198         -18.211            86.352
782.061046         -18.151            86.352
782.047931         -18.091            86.352
782.034854         -18.032            86.353
782.021814         -17.972            86.353
782.008812         -17.912            86.353
781.995847         -17.852            86.353
781.982920         -17.792            86.353
781.970030         -17.733            86.353
781.957178         -17.673            86.353
781.944364         -17.613            86.353
781.931588         -17.553            86.353
781.918850         -17.493            86.353
781.906150         -17.434            86.353
781.893487         -17.374            86.353
781.880863         -17.314            86.353
781.868277         -17.254            86.354
781.855729         -17.194            86.354
781.843219         -17.135            86.354
781.830747         -17.075            86.354
781.818314         -17.015            86.354
781.805920         -16.955            86.354
781.793563         -16.895            86.354
781.781245         -16.835            86.354
781.768966         -16.776            86.354
781.756725         -16.716            86.354
781.744523         -16.656            86.354
781.732360         -16.596            86.354
781.720236         -16.536            86.354
781.708150         -16.477            86.354
781.696103         -16.417            86.354
781.684095         -16.357            86.354
781.672126         -16.297            86.354
781.660196         -16.237            86.354
781.648306         -16.177            86.354
781.636454         -16.118            86.354
781.624641         -16.058            86.354
781.612868         -15.998            86.354
781.601134         -15.938            86.354
781.589439         -15.878            86.354
781.577784         -15.819            86.354
781.566168         -15.759            86.354
781.554592         -15.699            86.354
781.543055         -15.639            86.354
781.531558         -15.579            86.354
781.520101         -15.519            86.354
781.508683         -15.460            86.354
781.497305         -15.400            86.354
781.485966         -15.340            86.354
781.474668         -15.280            86.354
781.463409         -15.220            86.354
781.452191         -15.160            86.354
781.441012         -15.101            86.354
781.429874         -15.041            86.354
781.418775         -14.981            86.354
781.407717         -14.921            86.354
781.396699         -14.861            86.354
781.385721         -14.801            86.354
781.374783         -14.742            86.354
781.363886         -14.682            86.354
781.353029         -14.622            86.354
781.342213         -14.562            86.354
781.331437         -14.502            86.354
781.320701         -14.443            86.354
781.310006         -14.383            86.354
781.299352         -14.323            86.353
781.288738         -14.263            86.353
781.278165         -14.203            86.353
781.267633         -14.143            86.353
781.257142         -14.084            86.353
781.246691         -14.024            86.353
781.236282         -13.964            86.353
781.225913         -13.904            86.353
781.215585         -13.844            86.353
781.205299         -13.784            86.353
781.195053         -13.724            86.353
781.184849         -13.665            86.353
781.174685         -13.605            86.353
781.164563         -13.545            86.353
781.154482         -13.485            86.352
781.144443         -13.425            86.352
781.134445         -13.365            86.352
781.124488         -13.306            86.352
781.114573         -13.246            86.352
781.104699         -13.186            86.352
781.094866         -13.126            86.352
781.085075         -13.066            86.352
781.075326         -13.006            86.352
781.065619         -12.947            86.352
781.055953         -12.887            86.351
781.046329         -12.827            86.351
781.036746         -12.767            86.351
781.027206         -12.707            86.351
781.017707         -12.647            86.351
781.008250         -12.587            86.351
780.998835         -12.528            86.351
780.989463         -12.468            86.351
780.980132         -12.408            86.350
780.970843         -12.348            86.350
780.961596         -12.288            86.350
780.952392         -12.228            86.350
780.943229         -12.169            86.350
780.934109         -12.109            86.350
780.925031         -12.049            86.350
780.915996         -11.989            86.350
780.907003         -11.929            86.349
780.898052         -11.869            86.349
780.889143         -11.809            86.349
780.880278         -11.750            86.349
780.871454         -11.690            86.349
780.862673         -11.630            86.349
780.853935         -11.570            86.349
780.845239         -11.510            86.348
780.836586         -11.450            86.348
780.827976         -11.391            86.348
780.819408         -11.331            86.348
780.810883         -11.271            86.348
780.802401         -11.211            86.348
780.793962         -11.151            86.348
780.785566         -11.091            86.347
780.777212         -11.031            86.347
780.768902         -10.972            86.347
780.760635         -10.912            86.347
780.752410         -10.852            86.347
780.744229         -10.792            86.347
780.736091         -10.732            86.346
780.727995         -10.672            86.346
780.719943         -10.612            86.346
780.711935         -10.553            86.346
780.703969         -10.493            86.346
780.696047         -10.433            86.345
780.688168         -10.373            86.345
780.680332         -10.313            86.345
780.672540         -10.253            86.345
780.664791         -10.193            86.345
780.657086         -10.134            86.345
780.649424         -10.074            86.344
780.641806         -10.014            86.344
780.634231         -9.954             86.344
780.626700         -9.894             86.344
780.619212         -9.834             86.344
780.611768         -9.774             86.343
780.604368         -9.715             86.343
780.597012         -9.655             86.343
780.589699         -9.595             86.343
780.582430         -9.535             86.343
780.575205         -9.475             86.342
780.568023         -9.415             86.342
780.560886         -9.355             86.342
780.553792         -9.295             86.342
780.546742         -9.236             86.342
780.539737         -9.176             86.341
780.532775         -9.116             86.341
780.525857         -9.056             86.341
780.518984         -8.996             86.341
780.512154         -8.936             86.341
780.505369         -8.876             86.340
780.498628         -8.817             86.340
780.491930         -8.757             86.340
780.485278         -8.697             86.340
780.478669         -8.637             86.339
780.472105         -8.577             86.339
780.465584         -8.517             86.339
780.459109         -8.457             86.339
780.452677         -8.397             86.339
780.446290         -8.338             86.338
780.439948         -8.278             86.338
780.433649         -8.218             86.338
780.427396         -8.158             86.338
780.421186         -8.098             86.337
780.415022         -8.038             86.337
780.408902         -7.978             86.337
780.402826         -7.919             86.337
780.396795         -7.859             86.336
780.390809         -7.799             86.336
780.384867         -7.739             86.336
780.378970         -7.679             86.336
780.373117         -7.619             86.336
780.367310         -7.559             86.335
780.361547         -7.499             86.335
780.355829         -7.440             86.335
780.350155         -7.380             86.335
780.344527         -7.320             86.334
780.338943         -7.260             86.334
780.333405         -7.200             86.334
780.327911         -7.140             86.334
780.322462         -7.080             86.333
780.317058         -7.020             86.333
780.311699         -6.961             86.333
780.306385         -6.901             86.333
780.301116         -6.841             86.332
780.295892         -6.781             86.332
780.290713         -6.721             86.332
780.285579         -6.661             86.332
780.280491         -6.601             86.331
780.275447         -6.541             86.331
780.270449         -6.482             86.331
780.265496         -6.422             86.331
780.260588         -6.362             86.330
780.255725         -6.302             86.330
780.250908         -6.242             86.330
780.246135         -6.182             86.329
780.241408         -6.122             86.329
780.236727         -6.062             86.329
780.232090         -6.003             86.329
780.227499         -5.943             86.328
780.222954         -5.883             86.328
780.218453         -5.823             86.328
780.213999         -5.763             86.328
780.209589         -5.703             86.327
780.205225         -5.643             86.327
780.200907         -5.583             86.327
780.196634         -5.524             86.326
780.192406         -5.464             86.326
780.188224         -5.404             86.326
780.184088         -5.344             86.326
780.179997         -5.284             86.325
780.175952         -5.224             86.325
780.171952         -5.164             86.325
780.167998         -5.104             86.325
780.164089         -5.045             86.324
780.160227         -4.985             86.324
780.156410         -4.925             86.324
780.152638         -4.865             86.323
780.148912         -4.805             86.323
780.145232         -4.745             86.323
780.141598         -4.685             86.323
780.138009         -4.625             86.322
780.134466         -4.566             86.322
780.130969         -4.506             86.322
780.127518         -4.446             86.321
780.124113         -4.386             86.321
780.120753         -4.326             86.321
780.117439         -4.266             86.321
780.114171         -4.206             86.320
780.110949         -4.146             86.320
780.107773         -4.086             86.320
780.104643         -4.027             86.319
780.101558         -3.967             86.319
780.098520         -3.907             86.319
780.095527         -3.847             86.319
780.092581         -3.787             86.318
780.089680         -3.727             86.318
780.086825         -3.667             86.318
780.084017         -3.607             86.317
780.081254         -3.548             86.317
780.078537         -3.488             86.317
780.075866         -3.428             86.317
780.073242         -3.368             86.316
780.070663         -3.308             86.316
780.068131         -3.248             86.316
780.065644         -3.188             86.315
780.063204         -3.128             86.315
780.060810         -3.068             86.315
780.058461         -3.009             86.314
780.056159         -2.949             86.314
780.053903         -2.889             86.314
780.051693         -2.829             86.314
780.049530         -2.769             86.313
780.047412         -2.709             86.313
780.045341         -2.649             86.313
780.043316         -2.589             86.312
780.041337         -2.530             86.312
780.039404         -2.470             86.312
780.037517         -2.410             86.311
780.035677         -2.350             86.311
780.033882         -2.290             86.311
780.032134         -2.230             86.311
780.030432         -2.170             86.310
780.028777         -2.110             86.310
780.027168         -2.050             86.310
780.025604         -1.991             86.309
780.024088         -1.931             86.309
780.022617         -1.871             86.309
780.021193         -1.811             86.308
780.019815         -1.751             86.308
780.018483         -1.691             86.308
780.017197         -1.631             86.307
780.015958         -1.571             86.307
780.014765         -1.511             86.307
780.013619         -1.452             86.307
780.012519         -1.392             86.306
780.011465         -1.332             86.306
780.010457         -1.272             86.306
780.009496         -1.212             86.305
780.008581         -1.152             86.305
780.007712         -1.092             86.305
780.006890         -1.032             86.304
780.006114         -0.973             86.304
780.005384         -0.913             86.304
780.004701         -0.853             86.303
780.004064         -0.793             86.303
780.003473         -0.733             86.303
780.002929         -0.673             86.303
780.002431         -0.613             86.302
780.001979         -0.553             86.302
780.001574         -0.493             86.302
780.001215         -0.434             86.301
780.000903         -0.374             86.301
780.000637         -0.314             86.301
780.000417         -0.254             86.300
780.000243         -0.194             86.300
780.000116         -0.134             86.300
780.000036         -0.074             86.299
780.000001         -0.014             86.299
780.000013         0.046              86.299
780.000072         0.105              86.299
780.000177         0.165              86.298
780.000328         0.225              86.298
780.000525         0.285              86.298
780.000769         0.345              86.297
780.001059         0.405              86.297
780.001396         0.465              86.297
780.001779         0.525              86.296
780.002208         0.584              86.296
780.002684         0.644              86.296
780.003206         0.704              86.295
780.003775         0.764              86.295
780.004389         0.824              86.295
780.005050         0.884              86.295
780.005758         0.944              86.294
780.006512         1.004              86.294
780.007312         1.064              86.294
780.008158         1.123              86.293
780.009051         1.183              86.293
780.009990         1.243              86.293
780.010975         1.303              86.292
780.012007         1.363              86.292
780.013085         1.423              86.292
780.014210         1.483              86.291
780.015380         1.543              86.291
780.016597         1.603              86.291
780.017861         1.662              86.291
780.019170         1.722              86.290
780.020526         1.782              86.290
780.021928         1.842              86.290
780.023377         1.902              86.289
780.024871         1.962              86.289
780.026412         2.022              86.289
780.027999         2.082              86.288
780.029633         2.142              86.288
780.031312         2.201              86.288
780.033038         2.261              86.287
780.034810         2.321              86.287
780.036629         2.381              86.287
780.038493         2.441              86.287
780.040404         2.501              86.286
780.042361         2.561              86.286
780.044364         2.621              86.286
780.046413         2.680              86.285
780.048508         2.740              86.285
780.050650         2.800              86.285
780.052838         2.860              86.284
780.055071         2.920              86.284
780.057351         2.980              86.284
780.059678         3.040              86.284
780.062050         3.100              86.283
780.064468         3.160              86.283
780.066932         3.219              86.283
780.069443         3.279              86.282
780.071999         3.339              86.282
780.074602         3.399              86.282
780.077250         3.459              86.281
780.079945         3.519              86.281
780.082686         3.579              86.281
780.085472         3.639              86.281
780.088305         3.698              86.280
780.091184         3.758              86.280
780.094108         3.818              86.280
780.097079         3.878              86.279
780.100095         3.938              86.279
780.103157         3.998              86.279
780.106266         4.058              86.279
780.109420         4.118              86.278
780.112620         4.178              86.278
780.115866         4.237              86.278
780.119158         4.297              86.277
780.122495         4.357              86.277
780.125879         4.417              86.277
780.129308         4.477              86.277
780.132783         4.537              86.276
780.136304         4.597              86.276
780.139871         4.657              86.276
780.143483         4.716              86.275
780.147141         4.776              86.275
780.150845         4.836              86.275
780.154595         4.896              86.275
780.158390         4.956              86.274
780.162231         5.016              86.274
780.166118         5.076              86.274
780.170050         5.136              86.273
780.174028         5.195              86.273
780.178051         5.255              86.273
780.182120         5.315              86.273
780.186235         5.375              86.272
780.190395         5.435              86.272
780.194601         5.495              86.272
780.198852         5.555              86.272
780.203148         5.615              86.271
780.207490         5.675              86.271
780.211878         5.734              86.271
780.216311         5.794              86.270
780.220790         5.854              86.270
780.225313         5.914              86.270
780.229883         5.974              86.270
780.234497         6.034              86.269
780.239157         6.094              86.269
780.243862         6.154              86.269
780.248613         6.213              86.269
780.253409         6.273              86.268
780.258250         6.333              86.268
780.263136         6.393              86.268
780.268068         6.453              86.268
780.273044         6.513              86.267
780.278066         6.573              86.267
780.283133         6.633              86.267
780.288245         6.692              86.266
780.293402         6.752              86.266
780.298605         6.812              86.266
780.303852         6.872              86.266
780.309145         6.932              86.265
780.314482         6.992              86.265
780.319864         7.052              86.265
780.325292         7.112              86.265
780.330764         7.171              86.264
780.336281         7.231              86.264
780.341843         7.291              86.264
780.347450         7.351              86.264
780.353102         7.411              86.263
780.358799         7.471              86.263
780.364540         7.531              86.263
780.370326         7.590              86.263
780.376157         7.650              86.263
780.382033         7.710              86.262
780.387953         7.770              86.262
780.393918         7.830              86.262
780.399928         7.890              86.262
780.405982         7.950              86.261
780.412081         8.010              86.261
780.418224         8.069              86.261
780.424412         8.129              86.261
780.430644         8.189              86.260
780.436921         8.249              86.260
780.443243         8.309              86.260
780.449608         8.369              86.260
780.456018         8.429              86.259
780.462473         8.489              86.259
780.468972         8.548              86.259
780.475515         8.608              86.259
780.482102         8.668              86.259
780.488734         8.728              86.258
780.495410         8.788              86.258
780.502130         8.848              86.258
780.508894         8.908              86.258
780.515703         8.967              86.258
780.522555         9.027              86.257
780.529452         9.087              86.257
780.536392         9.147              86.257
780.543377         9.207              86.257
780.550405         9.267              86.256
780.557478         9.327              86.256
780.564594         9.386              86.256
780.571755         9.446              86.256
780.578959         9.506              86.256
780.586207         9.566              86.255
780.593499         9.626              86.255
780.600834         9.686              86.255
780.608214         9.746              86.255
780.615637         9.806              86.255
780.623103         9.865              86.254
780.630614         9.925              86.254
780.638167         9.985              86.254
780.645765         10.045             86.254
780.653406         10.105             86.254
780.661090         10.165             86.254
780.668818         10.225             86.253
780.676590         10.284             86.253
780.684404         10.344             86.253
780.692263         10.404             86.253
780.700164         10.464             86.253
780.708109         10.524             86.252
780.716097         10.584             86.252
780.724128         10.644             86.252
780.732202         10.703             86.252
780.740320         10.763             86.252
780.748481         10.823             86.252
780.756684         10.883             86.251
780.764931         10.943             86.251
780.773221         11.003             86.251
780.781554         11.063             86.251
780.789930         11.122             86.251
780.798348         11.182             86.251
780.806810         11.242             86.250
780.815314         11.302             86.250
780.823861         11.362             86.250
780.832451         11.422             86.250
780.841084         11.482             86.250
780.849759         11.541             86.250
780.858477         11.601             86.249
780.867237         11.661             86.249
780.876040         11.721             86.249
780.884886         11.781             86.249
780.893774         11.841             86.249
780.902704         11.900             86.249
780.911677         11.960             86.249
780.920692         12.020             86.249
780.929750         12.080             86.248
780.938850         12.140             86.248
780.947992         12.200             86.248
780.957176         12.260             86.248
780.966403         12.319             86.248
780.975671         12.379             86.248
780.984982         12.439             86.248
780.994335         12.499             86.247
781.003729         12.559             86.247
781.013166         12.619             86.247
781.022645         12.678             86.247
781.032165         12.738             86.247
781.041727         12.798             86.247
781.051332         12.858             86.247
781.060977         12.918             86.247
781.070665         12.978             86.247
781.080394         13.038             86.246
781.090165         13.097             86.246
781.099978         13.157             86.246
781.109832         13.217             86.246
781.119727         13.277             86.246
781.129664         13.337             86.246
781.139642         13.397             86.246
781.149662         13.456             86.246
781.159723         13.516             86.246
781.169825         13.576             86.246
781.179969         13.636             86.246
781.190154         13.696             86.245
781.200379         13.756             86.245
781.210646         13.815             86.245
781.220954         13.875             86.245
781.231303         13.935             86.245
781.241693         13.995             86.245
781.252124         14.055             86.245
781.262596         14.115             86.245
781.273109         14.174             86.245
781.283662         14.234             86.245
781.294256         14.294             86.245
781.304891         14.354             86.245
781.315566         14.414             86.245
781.326282         14.474             86.245
781.337039         14.533             86.245
781.347836         14.593             86.244
781.358674         14.653             86.244
781.369551         14.713             86.244
781.380470         14.773             86.244
781.391428         14.833             86.244
781.402427         14.892             86.244
781.413466         14.952             86.244
781.424545         15.012             86.244
781.435665         15.072             86.244
781.446824         15.132             86.244
781.458024         15.192             86.244
781.469263         15.251             86.244
781.480542         15.311             86.244
781.491861         15.371             86.244
781.503220         15.431             86.244
781.514619         15.491             86.244
781.526058         15.551             86.244
781.537536         15.610             86.244
781.549054         15.670             86.244
781.560611         15.730             86.244
781.572208         15.790             86.244
781.583844         15.850             86.244
781.595520         15.909             86.244
781.607235         15.969             86.244
781.618990         16.029             86.244
781.630783         16.089             86.244
781.642616         16.149             86.244
781.654488         16.209             86.244
781.666399         16.268             86.244
781.678350         16.328             86.244
781.690339         16.388             86.244
781.702367         16.448             86.244
781.714434         16.508             86.244
781.726540         16.568             86.244
781.738685         16.627             86.244
781.750868         16.687             86.244
781.763090         16.747             86.244
781.775351         16.807             86.244
781.787650         16.867             86.244
781.799988         16.926             86.244
781.812365         16.986             86.244
781.824779         17.046             86.244
781.837232         17.106             86.244
781.849724         17.166             86.245
781.862254         17.225             86.245
781.874821         17.285             86.245
781.887427         17.345             86.245
781.900071         17.405             86.245
781.912754         17.465             86.245
781.925474         17.524             86.245
781.938232         17.584             86.245
781.951028         17.644             86.245
781.963861         17.704             86.245
781.976733         17.764             86.245
781.989642         17.824             86.245
782.002589         17.883             86.245
782.015573         17.943             86.245
782.028595         18.003             86.246
782.041654         18.063             86.246
782.054751         18.123             86.246
782.067885         18.182             86.246
782.081056         18.242             86.246
782.094265         18.302             86.246
782.107511         18.362             86.246
782.120794         18.422             86.246
782.134114         18.481             86.246
782.147471         18.541             86.247
782.160865         18.601             86.247
782.174296         18.661             86.247
782.187763         18.721             86.247
782.201268         18.780             86.247
782.214809         18.840             86.247
782.228387         18.900             86.247
782.242001         18.960             86.247
782.255652         19.020             86.248
782.269339         19.079             86.248
782.283063         19.139             86.248
782.296823         19.199             86.248
782.310620         19.259             86.248
782.324453         19.319             86.248
782.338321         19.378             86.249
782.352226         19.438             86.249
782.366167         19.498             86.249
782.380144         19.558             86.249
782.394157         19.617             86.249
782.408206         19.677             86.249
782.422291         19.737             86.250
782.436411         19.797             86.250
782.450567         19.857             86.250
782.464759         19.916             86.250
782.478986         19.976             86.250
782.493249         20.036             86.251
782.507547         20.096             86.251
782.521880         20.156             86.251
782.536249         20.215             86.251
782.550653         20.275             86.251
782.565092         20.335             86.252
782.579567         20.395             86.252
782.594076         20.454             86.252
782.608621         20.514             86.252
782.623200         20.574             86.252
782.637814         20.634             86.253
782.652463         20.694             86.253
782.667147         20.753             86.253
782.681865         20.813             86.253
782.696618         20.873             86.254
782.711406         20.933             86.254
782.726228         20.992             86.254
782.741084         21.052             86.254
782.755975         21.112             86.255
782.770900         21.172             86.255
782.785859         21.232             86.255
782.800853         21.291             86.256
782.815880         21.351             86.256
782.830942         21.411             86.256
782.846037         21.471             86.256
782.861167         21.530             86.257
782.876330         21.590             86.257
782.891527         21.650             86.257
782.906757         21.710             86.257
782.922022         21.769             86.258
782.937320         21.829             86.258
782.952651         21.889             86.258
782.968016         21.949             86.259
782.983414         22.009             86.259
782.998845         22.068             86.259
783.014310         22.128             86.260
783.029807         22.188             86.260
783.045338         22.248             86.260
783.060902         22.307             86.261
783.076499         22.367             86.261
783.092128         22.427             86.261
783.107791         22.487             86.262
783.123486         22.546             86.262
783.139214         22.606             86.262
783.154975         22.666             86.263
783.170768         22.726             86.263
783.186593         22.785             86.263
783.202451         22.845             86.264
783.218341         22.905             86.264
783.234264         22.965             86.265
783.250218         23.024             86.265
783.266205         23.084             86.265
783.282224         23.144             86.266
783.298275         23.204             86.266
783.314358         23.263             86.267
783.330472         23.323             86.267
783.346618         23.383             86.267
783.362796         23.443             86.268
783.379006         23.502             86.268
783.395247         23.562             86.269
783.411520         23.622             86.269
783.427824         23.682             86.269
783.444160         23.741             86.270
783.460526         23.801             86.270
783.476924         23.861             86.271
783.493353         23.921             86.271
783.509813         23.980             86.272
783.526304         24.040             86.272
783.542826         24.100             86.273
783.559379         24.160             86.273
783.575963         24.219             86.273
783.592577         24.279             86.274
783.609222         24.339             86.274
783.625898         24.399             86.275
783.642604         24.458             86.275
783.659340         24.518             86.276
783.676107         24.578             86.276
783.692903         24.638             86.277
783.709731         24.697             86.277
783.726588         24.757             86.278
783.743475         24.817             86.278
783.760392         24.876             86.279
783.777339         24.936             86.279
783.794316         24.996             86.280
783.811323         25.056             86.280
783.828359         25.115             86.281
783.845425         25.175             86.281
783.862521         25.235             86.282
783.879646         25.295             86.283
783.896800         25.354             86.283
783.913983         25.414             86.284
783.931196         25.474             86.284
783.948438         25.533             86.285
783.965709         25.593             86.285
783.983009         25.653             86.286
784.000338         25.713             86.286
784.017695         25.772             86.287
784.035082         25.832             86.288
784.052497         25.892             86.288
784.069941         25.952             86.289
784.087413         26.011             86.289
784.104914         26.071             86.290
784.122443         26.131             86.291
784.140000         26.190             86.291
784.157586         26.250             86.292
784.175200         26.310             86.292
784.192842         26.370             86.293
784.210512         26.429             86.294
784.228209         26.489             86.294
784.245935         26.549             86.295
784.263689         26.608             86.296
784.281470         26.668             86.296
784.299278         26.728             86.297
784.317115         26.788             86.298
784.334978         26.847             86.298
784.352869         26.907             86.299
784.370788         26.967             86.300
784.388733         27.026             86.300
784.406706         27.086             86.301
784.424706         27.146             86.302
784.442733         27.205             86.302
784.460786         27.265             86.303
784.478867         27.325             86.304
784.496974         27.385             86.305
784.515108         27.444             86.305
784.533269         27.504             86.306
784.551456         27.564             86.307
784.569669         27.623             86.307
784.587909         27.683             86.308
784.606175         27.743             86.309
784.624467         27.802             86.310
784.642786         27.862             86.310
784.661130         27.922             86.311
784.679501         27.982             86.312
784.697897         28.041             86.313
784.716319         28.101             86.314
784.734767         28.161             86.314
784.753240         28.220             86.315
784.771739         28.280             86.316
784.790263         28.340             86.317
784.808813         28.399             86.318
784.827388         28.459             86.318
784.845989         28.519             86.319
784.864614         28.578             86.320
784.883265         28.638             86.321
784.901940         28.698             86.322
784.920640         28.757             86.323
784.939366         28.817             86.323
784.958116         28.877             86.324
784.976890         28.937             86.325
784.995689         28.996             86.326
785.014513         29.056             86.327
785.033361         29.116             86.328
785.052234         29.175             86.329
785.071130         29.235             86.329
785.090051         29.295             86.330
785.108996         29.354             86.331
785.127965         29.414             86.332
785.146958         29.474             86.333
785.165974         29.533             86.334
785.185015         29.593             86.335
785.204079         29.653             86.336
785.223166         29.712             86.337
785.242278         29.772             86.338
785.261412         29.832             86.339
785.280570         29.891             86.340
785.299751         29.951             86.341
785.318955         30.011             86.342
785.338183         30.070             86.343
785.357433         30.130             86.343
785.376706         30.190             86.344
785.396002         30.249             86.345
785.415321         30.309             86.346
785.434663         30.369             86.347
785.454027         30.428             86.348
785.473413         30.488             86.349
785.492822         30.548             86.350
785.512254         30.607             86.352
785.531707         30.667             86.353
785.551183         30.727             86.354
785.570681         30.786             86.355
785.590200         30.846             86.356
785.609742         30.906             86.357
785.629306         30.965             86.358
785.648891         31.025             86.359
785.668498         31.084             86.360
785.688126         31.144             86.361
785.707776         31.204             86.362
785.727447         31.263             86.363
785.747139         31.323             86.364
785.766853         31.383             86.365
785.786588         31.442             86.367
785.806344         31.502             86.368
785.826121         31.562             86.369
785.845918         31.621             86.370
785.865737         31.681             86.371
785.885576         31.741             86.372
785.905436         31.800             86.373
785.925316         31.860             86.375
785.945217         31.919             86.376
785.965138         31.979             86.377
785.985079         32.039             86.378
786.005041         32.098             86.379
786.025023         32.158             86.381
786.045024         32.218             86.382
786.065046         32.277             86.383
786.085087         32.337             86.384
786.105148         32.397             86.385
786.125229         32.456             86.387
786.145329         32.516             86.388
786.165449         32.575             86.389
786.185588         32.635             86.390
786.205747         32.695             86.392
786.225924         32.754             86.393
786.246121         32.814             86.394
786.266337         32.874             86.395
786.286572         32.933             86.397
786.306825         32.993             86.398
786.327098         33.052             86.399
786.347389         33.112             86.401
786.367699         33.172             86.402
786.388027         33.231             86.403
786.408374         33.291             86.405
786.428738         33.351             86.406
786.449122         33.410             86.407
786.469523         33.470             86.409
786.489942         33.529             86.410
786.510380         33.589             86.412
786.530835         33.649             86.413
786.551308         33.708             86.414
786.571799         33.768             86.416
786.592307         33.827             86.417
786.612833         33.887             86.418
786.633376         33.947             86.420
786.653937         34.006             86.421
786.674515         34.066             86.423
786.695110         34.125             86.424
786.715722         34.185             86.426
786.736352         34.245             86.427
786.756998         34.304             86.429
786.777661         34.364             86.430
786.798340         34.423             86.432
786.819037         34.483             86.433
786.839749         34.543             86.435
786.860479         34.602             86.436
786.881224         34.662             86.438
786.901986         34.721             86.439
786.922764         34.781             86.441
786.943558         34.841             86.442
786.964368         34.900             86.444
786.985194         34.960             86.445
787.006036         35.019             86.447
787.026894         35.079             86.448
787.047767         35.139             86.450
787.068656         35.198             86.452
787.089560         35.258             86.453
787.110479         35.317             86.455
787.131414         35.377             86.456
787.152364         35.436             86.458
787.173329         35.496             86.460
787.194310         35.556             86.461
787.215305         35.615             86.463
787.236314         35.675             86.465
787.257339         35.734             86.466
787.278378         35.794             86.468
787.299432         35.854             86.470
787.320500         35.913             86.471
787.341582         35.973             86.473
787.362679         36.032             86.475
787.383790         36.092             86.477
787.404915         36.151             86.478
787.426054         36.211             86.480
787.447207         36.271             86.482
787.468374         36.330             86.483
787.489554         36.390             86.485
787.510748         36.449             86.487
787.531956         36.509             86.489
787.553177         36.568             86.491
787.574411         36.628             86.492
787.595659         36.688             86.494
787.616920         36.747             86.496
787.638193         36.807             86.498
787.659480         36.866             86.500
787.680780         36.926             86.502
787.702092         36.985             86.503
787.723418         37.045             86.505
787.744755         37.104             86.507
787.766106         37.164             86.509
787.787468         37.224             86.511
787.808843         37.283             86.513
787.830231         37.343             86.515
787.851630         37.402             86.517
787.873041         37.462             86.519
787.894465         37.521             86.521
787.915900         37.581             86.523
787.937347         37.640             86.524
787.958806         37.700             86.526
787.980276         37.759             86.528
788.001758         37.819             86.530
788.023251         37.879             86.532
788.044755         37.938             86.534
788.066271         37.998             86.536
788.087798         38.057             86.538
788.109335         38.117             86.541
788.130884         38.176             86.543
788.152444         38.236             86.545
788.174014         38.295             86.547
788.195595         38.355             86.549
788.217186         38.414             86.551
788.238788         38.474             86.553
788.260400         38.533             86.555
788.282023         38.593             86.557
788.303655         38.652             86.559
788.325298         38.712             86.562
788.346951         38.772             86.564
788.368614         38.831             86.566
788.390286         38.891             86.568
788.411968         38.950             86.570
788.433660         39.010             86.572
788.455361         39.069             86.575
788.477072         39.129             86.577
788.498792         39.188             86.579
788.520521         39.248             86.581
788.542260         39.307             86.584
788.564007         39.367             86.586
788.585763         39.426             86.588
788.607528         39.486             86.590
788.629302         39.545             86.593
788.651085         39.605             86.595
788.672876         39.664             86.597
788.694676         39.724             86.600
788.716484         39.783             86.602
788.738300         39.843             86.604
788.760125         39.902             86.607
788.781957         39.962             86.609
788.803798         40.021             86.611
788.825647         40.081             86.614
788.847503         40.140             86.616
788.869367         40.200             86.619
788.891239         40.259             86.621
788.913118         40.319             86.624
788.935004         40.378             86.626
788.956898         40.438             86.628
788.978799         40.497             86.631
789.000708         40.557             86.633
789.022623         40.616             86.636
789.044545         40.676             86.638
789.066475         40.735             86.641
789.088411         40.795             86.643
789.110353         40.854             86.646
789.132302         40.914             86.649
789.154258         40.973             86.651
789.176220         41.033             86.654
789.198188         41.092             86.656
789.220163         41.152             86.659
789.242144         41.211             86.662
789.264130         41.271             86.664
789.286123         41.330             86.667
789.308121         41.390             86.669
789.330125         41.449             86.672
789.352135         41.509             86.675
789.374150         41.568             86.678
789.396171         41.627             86.680
789.418197         41.687             86.683
789.440228         41.746             86.686
789.462264         41.806             86.688
789.484305         41.865             86.691
789.506352         41.925             86.694
789.528403         41.984             86.697
789.550459         42.044             86.700
789.572519         42.103             86.702
789.594584         42.163             86.705
789.616654         42.222             86.708
789.638728         42.282             86.711
789.660806         42.341             86.714
789.682889         42.401             86.717
789.704975         42.460             86.720
789.727066         42.519             86.722
789.749160         42.579             86.725
789.771258         42.638             86.728
789.793360         42.698             86.731
789.815466         42.757             86.734
789.837575         42.817             86.737
789.859687         42.876             86.740
789.881803         42.936             86.743
789.903922         42.995             86.746
789.926044         43.054             86.749
789.948169         43.114             86.752
789.970297         43.173             86.755
789.992428         43.233             86.758
790.014562         43.292             86.761
790.036698         43.352             86.764
790.058837         43.411             86.768
790.080979         43.471             86.771
790.103122         43.530             86.774
790.125268         43.589             86.777
790.147416         43.649             86.780
790.169566         43.708             86.783
790.191719         43.768             86.787
790.213873         43.827             86.790
790.236028         43.887             86.793
790.258186         43.946             86.796
790.280345         44.005             86.799
790.302505         44.065             86.803
790.324667         44.124             86.806
790.346831         44.184             86.809
790.368995         44.243             86.813
790.391161         44.303             86.816
790.413327         44.362             86.819
790.435495         44.421             86.823
790.457663         44.481             86.826
790.479832         44.540             86.829
790.502002         44.600             86.833
790.524172         44.659             86.836
790.546343         44.718             86.840
790.568514         44.778             86.843
790.590685         44.837             86.847
790.612856         44.897             86.850
790.635028         44.956             86.854
790.657199         45.015             86.857
790.679370         45.075             86.861
790.701541         45.134             86.864
790.723712         45.194             86.868
790.745882         45.253             86.871
790.768052         45.312             86.875
790.790221         45.372             86.879
790.812390         45.431             86.882
790.834557         45.491             86.886
790.856724         45.550             86.889
790.878889         45.609             86.893
790.901054         45.669             86.897
790.923217         45.728             86.901
790.945379         45.788             86.904
790.967540         45.847             86.908
790.989699         45.906             86.912
791.011857         45.966             86.916
791.034013         46.025             86.919
791.056167         46.085             86.923
791.078319         46.144             86.927
791.100470         46.203             86.931
791.122618         46.263             86.935
791.144764         46.322             86.939
791.166908         46.381             86.943
791.189049         46.441             86.946
791.211188         46.500             86.950
791.233325         46.560             86.954
791.255459         46.619             86.958
791.277590         46.678             86.962
791.299718         46.738             86.966
791.321843         46.797             86.970
791.343966         46.856             86.974
791.366085         46.916             86.978
791.388201         46.975             86.982
791.410314         47.034             86.987
791.432423         47.094             86.991
791.454529         47.153             86.995
791.476631         47.213             86.999
791.498729         47.272             87.003
791.520824         47.331             87.007
791.542915         47.391             87.012
791.565002         47.450             87.016
791.587085         47.509             87.020
791.609163         47.569             87.024
791.631238         47.628             87.029
791.653308         47.687             87.033
791.675373         47.747             87.037
791.697434         47.806             87.041
791.719490         47.865             87.046
791.741542         47.925             87.050
791.763589         47.984             87.055
791.785631         48.043             87.059
791.807667         48.103             87.063
791.829699         48.162             87.068
791.851725         48.221             87.072
791.873747         48.281             87.077
791.895762         48.340             87.081
791.917772         48.399             87.086
791.939777         48.459             87.091
791.961776         48.518             87.095
791.983769         48.577             87.100
792.005756         48.637             87.104
792.027737         48.696             87.109
792.049713         48.755             87.114
792.071682         48.815             87.118
792.093644         48.874             87.123
792.115601         48.933             87.128
792.137550         48.993             87.132
792.159494         49.052             87.137
792.181430         49.111             87.142
792.203360         49.171             87.147
792.225284         49.230             87.152
792.247200         49.289             87.156
792.269109         49.348             87.161
792.291011         49.408             87.166
792.312906         49.467             87.171
792.334793         49.526             87.176
792.356673         49.586             87.181
792.378546         49.645             87.186
792.400411         49.704             87.191
792.422268         49.764             87.196
792.444117         49.823             87.201
792.465959         49.882             87.206
792.487793         49.941             87.211
792.509618         50.001             87.216
792.531436         50.060             87.222
792.553245         50.119             87.227
792.575046         50.179             87.232
792.596838         50.238             87.237
792.618622         50.297             87.242
792.640397         50.356             87.248
792.662163         50.416             87.253
792.683921         50.475             87.258
792.705670         50.534             87.263
792.727409         50.594             87.269
792.749140         50.653             87.274
792.770861         50.712             87.280
792.792573         50.771             87.285
792.814276         50.831             87.290
792.835969         50.890             87.296
792.857653         50.949             87.301
792.879327         51.008             87.307
