Altitude Latitude Longitude
799.196198         71.409             -48.129
799.182985         71.351             -48.095
799.169736         71.293             -48.062
799.156449         71.235             -48.029
799.143126         71.177             -47.996
799.129766         71.118             -47.964
799.116369         71.060             -47.931
799.102936         71.002             -47.899
799.089466         70.944             -47.867
799.075959         70.886             -47.836
799.062416         70.827             -47.804
799.048837         70.769             -47.773
799.035221         70.711             -47.742
799.021569         70.653             -47.711
799.007881         70.594             -47.681
798.994157         70.536             -47.650
798.980396         70.478             -47.620
798.966600         70.420             -47.590
798.952767         70.361             -47.560
798.938899         70.303             -47.530
798.924994         70.245             -47.501
798.911054         70.187             -47.472
798.897078         70.128             -47.443
798.883067         70.070             -47.414
798.869020         70.012             -47.385
798.854937         69.953             -47.356
798.840819         69.895             -47.328
798.826665         69.837             -47.300
798.812476         69.778             -47.272
798.798251         69.720             -47.244
798.783991         69.662             -47.216
798.769696         69.603             -47.189
798.755366         69.545             -47.162
798.741001         69.487             -47.135
798.726601         69.428             -47.108
798.712166         69.370             -47.081
798.697696         69.311             -47.054
798.683191         69.253             -47.028
798.668651         69.195             -47.001
798.654077         69.136             -46.975
798.639468         69.078             -46.949
798.624824         69.019             -46.924
798.610146         68.961             -46.898
798.595434         68.903             -46.872
798.580687         68.844             -46.847
798.565905         68.786             -46.822
798.551090         68.727             -46.797
798.536240         68.669             -46.772
798.521356         68.610             -46.747
798.506438         68.552             -46.723
798.491486         68.493             -46.698
798.476500         68.435             -46.674
798.461480         68.377             -46.650
798.446426         68.318             -46.626
798.431339         68.260             -46.602
798.416218         68.201             -46.578
798.401063         68.143             -46.555
798.385875         68.084             -46.531
798.370653         68.026             -46.508
798.355398         67.967             -46.485
798.340109         67.909             -46.462
798.324787         67.850             -46.439
798.309432         67.792             -46.416
798.294044         67.733             -46.394
798.278622         67.674             -46.371
798.263168         67.616             -46.349
798.247680         67.557             -46.327
798.232160         67.499             -46.305
798.216607         67.440             -46.283
798.201021         67.382             -46.261
798.185402         67.323             -46.239
798.169751         67.265             -46.218
798.154067         67.206             -46.196
798.138351         67.147             -46.175
798.122602         67.089             -46.154
798.106821         67.030             -46.133
798.091008         66.972             -46.112
798.075162         66.913             -46.091
798.059284         66.855             -46.070
798.043374         66.796             -46.050
798.027432         66.737             -46.029
798.011458         66.679             -46.009
797.995453         66.620             -45.989
797.979415         66.561             -45.969
797.963346         66.503             -45.949
797.947245         66.444             -45.929
797.931112         66.386             -45.909
797.914948         66.327             -45.889
797.898752         66.268             -45.870
797.882525         66.210             -45.850
797.866267         66.151             -45.831
797.849977         66.092             -45.812
797.833656         66.034             -45.793
797.817304         65.975             -45.774
797.800921         65.916             -45.755
797.784507         65.858             -45.736
797.768062         65.799             -45.717
797.751586         65.740             -45.699
797.735080         65.682             -45.680
797.718543         65.623             -45.662
797.701975         65.564             -45.644
797.685376         65.506             -45.625
797.668747         65.447             -45.607
797.652088         65.388             -45.589
797.635398         65.329             -45.571
797.618678         65.271             -45.554
797.601928         65.212             -45.536
797.585148         65.153             -45.518
797.568338         65.095             -45.501
797.551497         65.036             -45.483
797.534627         64.977             -45.466
797.517727         64.918             -45.449
797.500797         64.860             -45.432
797.483838         64.801             -45.415
797.466849         64.742             -45.398
797.449830         64.683             -45.381
797.432782         64.625             -45.364
797.415704         64.566             -45.348
797.398597         64.507             -45.331
797.381461         64.448             -45.315
797.364296         64.390             -45.298
797.347101         64.331             -45.282
797.329878         64.272             -45.266
797.312626         64.213             -45.249
797.295344         64.155             -45.233
797.278034         64.096             -45.217
797.260695         64.037             -45.202
797.243328         63.978             -45.186
797.225932         63.919             -45.170
797.208507         63.861             -45.154
797.191054         63.802             -45.139
797.173573         63.743             -45.123
797.156063         63.684             -45.108
797.138525         63.625             -45.093
797.120959         63.567             -45.078
797.103365         63.508             -45.062
797.085743         63.449             -45.047
797.068093         63.390             -45.032
797.050415         63.331             -45.017
797.032710         63.273             -45.003
797.014976         63.214             -44.988
796.997216         63.155             -44.973
796.979427         63.096             -44.959
796.961612         63.037             -44.944
796.943768         62.978             -44.930
796.925898         62.920             -44.915
796.908000         62.861             -44.901
796.890075         62.802             -44.887
796.872123         62.743             -44.873
796.854145         62.684             -44.859
796.836139         62.625             -44.845
796.818106         62.566             -44.831
796.800047         62.508             -44.817
796.781961         62.449             -44.803
796.763848         62.390             -44.789
796.745709         62.331             -44.776
796.727543         62.272             -44.762
796.709351         62.213             -44.748
796.691133         62.154             -44.735
796.672888         62.095             -44.722
796.654618         62.037             -44.708
796.636321         61.978             -44.695
796.617998         61.919             -44.682
796.599650         61.860             -44.669
796.581276         61.801             -44.656
796.562875         61.742             -44.643
796.544450         61.683             -44.630
796.525998         61.624             -44.617
796.507522         61.565             -44.604
796.489019         61.506             -44.592
796.470492         61.448             -44.579
796.451939         61.389             -44.566
796.433361         61.330             -44.554
796.414758         61.271             -44.541
796.396130         61.212             -44.529
796.377476         61.153             -44.517
796.358799         61.094             -44.504
796.340096         61.035             -44.492
796.321368         60.976             -44.480
796.302616         60.917             -44.468
796.283840         60.858             -44.456
796.265039         60.799             -44.444
796.246213         60.740             -44.432
796.227364         60.681             -44.420
796.208490         60.623             -44.408
796.189592         60.564             -44.397
796.170670         60.505             -44.385
796.151724         60.446             -44.373
796.132754         60.387             -44.362
796.113760         60.328             -44.350
796.094743         60.269             -44.339
796.075701         60.210             -44.327
796.056637         60.151             -44.316
796.037549         60.092             -44.305
796.018437         60.033             -44.293
795.999302         59.974             -44.282
795.980144         59.915             -44.271
795.960963         59.856             -44.260
795.941759         59.797             -44.249
795.922531         59.738             -44.238
795.903281         59.679             -44.227
795.884008         59.620             -44.216
795.864713         59.561             -44.206
795.845394         59.502             -44.195
795.826053         59.443             -44.184
795.806690         59.384             -44.173
795.787304         59.325             -44.163
795.767896         59.266             -44.152
795.748466         59.207             -44.142
795.729013         59.148             -44.131
795.709538         59.089             -44.121
795.690042         59.030             -44.111
795.670523         58.971             -44.100
795.650983         58.912             -44.090
795.631421         58.853             -44.080
795.611838         58.794             -44.070
795.592232         58.735             -44.060
795.572606         58.676             -44.050
795.552958         58.617             -44.040
795.533288         58.558             -44.030
795.513598         58.499             -44.020
795.493886         58.440             -44.010
795.474153         58.381             -44.000
795.454399         58.322             -43.990
795.434625         58.263             -43.981
795.414829         58.203             -43.971
795.395013         58.144             -43.961
795.375176         58.085             -43.952
795.355319         58.026             -43.942
795.335441         57.967             -43.933
795.315543         57.908             -43.923
795.295625         57.849             -43.914
795.275686         57.790             -43.904
795.255728         57.731             -43.895
795.235749         57.672             -43.886
795.215750         57.613             -43.877
795.195732         57.554             -43.867
795.175693         57.495             -43.858
795.155635         57.436             -43.849
795.135558         57.377             -43.840
795.115461         57.318             -43.831
795.095344         57.258             -43.822
795.075208         57.199             -43.813
795.055053         57.140             -43.804
795.034879         57.081             -43.796
795.014686         57.022             -43.787
794.994473         56.963             -43.778
794.974242         56.904             -43.769
794.953992         56.845             -43.761
794.933724         56.786             -43.752
794.913436         56.727             -43.743
794.893130         56.668             -43.735
794.872806         56.608             -43.726
794.852463         56.549             -43.718
794.832102         56.490             -43.709
794.811723         56.431             -43.701
794.791326         56.372             -43.693
794.770910         56.313             -43.684
794.750477         56.254             -43.676
794.730026         56.195             -43.668
794.709557         56.136             -43.659
794.689070         56.076             -43.651
794.668566         56.017             -43.643
794.648045         55.958             -43.635
794.627505         55.899             -43.627
794.606949         55.840             -43.619
794.586376         55.781             -43.611
794.565785         55.722             -43.603
794.545177         55.663             -43.595
794.524552         55.603             -43.587
794.503911         55.544             -43.579
794.483252         55.485             -43.572
794.462577         55.426             -43.564
794.441886         55.367             -43.556
794.421177         55.308             -43.548
794.400453         55.249             -43.541
794.379712         55.189             -43.533
794.358955         55.130             -43.526
794.338181         55.071             -43.518
794.317392         55.012             -43.510
794.296587         54.953             -43.503
794.275765         54.894             -43.495
794.254928         54.835             -43.488
794.234075         54.775             -43.481
794.213207         54.716             -43.473
794.192323         54.657             -43.466
794.171424         54.598             -43.459
794.150509         54.539             -43.451
794.129579         54.480             -43.444
794.108634         54.420             -43.437
794.087674         54.361             -43.430
794.066699         54.302             -43.423
794.045708         54.243             -43.416
794.024704         54.184             -43.409
794.003684         54.125             -43.402
793.982650         54.065             -43.395
793.961601         54.006             -43.388
793.940538         53.947             -43.381
793.919460         53.888             -43.374
793.898369         53.829             -43.367
793.877263         53.769             -43.360
793.856143         53.710             -43.353
793.835008         53.651             -43.347
793.813861         53.592             -43.340
793.792699         53.533             -43.333
793.771523         53.473             -43.326
793.750334         53.414             -43.320
793.729132         53.355             -43.313
793.707916         53.296             -43.307
793.686686         53.237             -43.300
793.665444         53.177             -43.293
793.644188         53.118             -43.287
793.622919         53.059             -43.280
793.601637         53.000             -43.274
793.580343         52.941             -43.268
793.559035         52.881             -43.261
793.537715         52.822             -43.255
793.516382         52.763             -43.249
793.495037         52.704             -43.242
793.473679         52.645             -43.236
793.452309         52.585             -43.230
793.430927         52.526             -43.223
793.409532         52.467             -43.217
793.388126         52.408             -43.211
793.366707         52.348             -43.205
793.345277         52.289             -43.199
793.323835         52.230             -43.193
793.302381         52.171             -43.187
793.280916         52.111             -43.181
793.259439         52.052             -43.175
793.237950         51.993             -43.169
793.216451         51.934             -43.163
793.194940         51.874             -43.157
793.173418         51.815             -43.151
793.151885         51.756             -43.145
793.130341         51.697             -43.139
793.108786         51.638             -43.133
793.087220         51.578             -43.128
793.065644         51.519             -43.122
793.044057         51.460             -43.116
793.022460         51.401             -43.110
793.000853         51.341             -43.105
792.979235         51.282             -43.099
792.957607         51.223             -43.093
792.935968         51.163             -43.088
792.914320         51.104             -43.082
792.892662         51.045             -43.077
792.870994         50.986             -43.071
792.849316         50.926             -43.066
792.827629         50.867             -43.060
792.805932         50.808             -43.055
792.784226         50.749             -43.049
792.762510         50.689             -43.044
792.740785         50.630             -43.039
792.719051         50.571             -43.033
792.697308         50.512             -43.028
792.675556         50.452             -43.022
792.653795         50.393             -43.017
792.632025         50.334             -43.012
792.610246         50.274             -43.007
792.588459         50.215             -43.001
792.566664         50.156             -42.996
792.544860         50.097             -42.991
792.523047         50.037             -42.986
792.501227         49.978             -42.981
792.479398         49.919             -42.976
792.457561         49.859             -42.971
792.435717         49.800             -42.966
792.413864         49.741             -42.960
792.392004         49.681             -42.955
792.370136         49.622             -42.950
792.348261         49.563             -42.946
792.326378         49.504             -42.941
792.304487         49.444             -42.936
792.282590         49.385             -42.931
792.260685         49.326             -42.926
792.238773         49.266             -42.921
792.216854         49.207             -42.916
792.194929         49.148             -42.911
792.172996         49.088             -42.907
792.151057         49.029             -42.902
792.129111         48.970             -42.897
792.107159         48.910             -42.892
792.085200         48.851             -42.888
792.063235         48.792             -42.883
792.041263         48.733             -42.878
792.019286         48.673             -42.874
791.997302         48.614             -42.869
791.975313         48.555             -42.864
791.953317         48.495             -42.860
791.931316         48.436             -42.855
791.909310         48.377             -42.851
791.887297         48.317             -42.846
791.865279         48.258             -42.842
791.843256         48.199             -42.837
791.821228         48.139             -42.833
791.799194         48.080             -42.828
791.777155         48.021             -42.824
791.755112         47.961             -42.819
791.733063         47.902             -42.815
791.711010         47.843             -42.811
791.688952         47.783             -42.806
791.666889         47.724             -42.802
791.644822         47.665             -42.798
791.622750         47.605             -42.793
791.600674         47.546             -42.789
791.578594         47.486             -42.785
791.556509         47.427             -42.780
791.534421         47.368             -42.776
791.512329         47.308             -42.772
791.490232         47.249             -42.768
791.468132         47.190             -42.764
791.446029         47.130             -42.760
791.423922         47.071             -42.755
791.401811         47.012             -42.751
791.379697         46.952             -42.747
791.357580         46.893             -42.743
791.335459         46.834             -42.739
791.313336         46.774             -42.735
791.291209         46.715             -42.731
791.269080         46.655             -42.727
791.246948         46.596             -42.723
791.224813         46.537             -42.719
791.202675         46.477             -42.715
791.180535         46.418             -42.711
791.158393         46.359             -42.707
791.136248         46.299             -42.703
791.114101         46.240             -42.700
791.091952         46.180             -42.696
791.069801         46.121             -42.692
791.047648         46.062             -42.688
791.025493         46.002             -42.684
791.003337         45.943             -42.680
790.981179         45.884             -42.677
790.959019         45.824             -42.673
790.936858         45.765             -42.669
790.914695         45.705             -42.666
790.892531         45.646             -42.662
790.870366         45.587             -42.658
790.848200         45.527             -42.654
790.826033         45.468             -42.651
790.803865         45.408             -42.647
790.781697         45.349             -42.644
790.759527         45.290             -42.640
790.737357         45.230             -42.636
790.715187         45.171             -42.633
790.693016         45.111             -42.629
790.670845         45.052             -42.626
790.648674         44.993             -42.622
790.626502         44.933             -42.619
790.604331         44.874             -42.615
790.582160         44.814             -42.612
790.559988         44.755             -42.608
790.537818         44.696             -42.605
790.515647         44.636             -42.601
790.493477         44.577             -42.598
790.471308         44.517             -42.595
790.449139         44.458             -42.591
790.426971         44.399             -42.588
790.404804         44.339             -42.584
790.382637         44.280             -42.581
790.360472         44.220             -42.578
790.338308         44.161             -42.574
790.316145         44.101             -42.571
790.293984         44.042             -42.568
790.271824         43.983             -42.565
790.249665         43.923             -42.561
790.227509         43.864             -42.558
790.205354         43.804             -42.555
790.183200         43.745             -42.552
790.161049         43.685             -42.548
790.138899         43.626             -42.545
790.116752         43.567             -42.542
790.094607         43.507             -42.539
790.072464         43.448             -42.536
790.050324         43.388             -42.533
790.028186         43.329             -42.530
790.006051         43.269             -42.527
789.983918         43.210             -42.523
789.961788         43.151             -42.520
789.939661         43.091             -42.517
789.917537         43.032             -42.514
789.895416         42.972             -42.511
789.873299         42.913             -42.508
789.851184         42.853             -42.505
789.829073         42.794             -42.502
789.806965         42.734             -42.499
789.784861         42.675             -42.496
789.762761         42.615             -42.493
789.740664         42.556             -42.491
789.718571         42.497             -42.488
789.696482         42.437             -42.485
789.674397         42.378             -42.482
789.652316         42.318             -42.479
789.630240         42.259             -42.476
789.608167         42.199             -42.473
789.586099         42.140             -42.470
789.564036         42.080             -42.468
789.541977         42.021             -42.465
789.519923         41.961             -42.462
789.497874         41.902             -42.459
789.475829         41.842             -42.457
789.453790         41.783             -42.454
789.431756         41.724             -42.451
789.409726         41.664             -42.448
789.387702         41.605             -42.446
789.365684         41.545             -42.443
789.343671         41.486             -42.440
789.321663         41.426             -42.437
789.299661         41.367             -42.435
789.277665         41.307             -42.432
789.255675         41.248             -42.430
789.233691         41.188             -42.427
789.211712         41.129             -42.424
789.189740         41.069             -42.422
789.167774         41.010             -42.419
789.145815         40.950             -42.417
789.123862         40.891             -42.414
789.101915         40.831             -42.411
789.079975         40.772             -42.409
789.058042         40.712             -42.406
789.036115         40.653             -42.404
789.014195         40.593             -42.401
788.992283         40.534             -42.399
788.970377         40.474             -42.396
788.948479         40.415             -42.394
788.926587         40.355             -42.391
788.904704         40.296             -42.389
788.882827         40.236             -42.386
788.860959         40.177             -42.384
788.839098         40.117             -42.382
788.817244         40.058             -42.379
788.795399         39.998             -42.377
788.773561         39.939             -42.374
788.751732         39.879             -42.372
788.729910         39.820             -42.370
788.708097         39.760             -42.367
788.686292         39.701             -42.365
788.664496         39.641             -42.363
788.642708         39.582             -42.360
788.620929         39.522             -42.358
788.599158         39.463             -42.356
788.577396         39.403             -42.354
788.555643         39.344             -42.351
788.533899         39.284             -42.349
788.512165         39.225             -42.347
788.490439         39.165             -42.345
788.468722         39.106             -42.342
788.447015         39.046             -42.340
788.425318         38.987             -42.338
788.403630         38.927             -42.336
788.381951         38.868             -42.334
788.360283         38.808             -42.331
788.338624         38.749             -42.329
788.316975         38.689             -42.327
788.295336         38.630             -42.325
788.273707         38.570             -42.323
788.252089         38.511             -42.321
788.230480         38.451             -42.319
788.208882         38.391             -42.316
788.187295         38.332             -42.314
788.165718         38.272             -42.312
788.144152         38.213             -42.310
788.122597         38.153             -42.308
788.101052         38.094             -42.306
788.079519         38.034             -42.304
788.057996         37.975             -42.302
788.036485         37.915             -42.300
788.014985         37.856             -42.298
787.993496         37.796             -42.296
787.972019         37.737             -42.294
787.950553         37.677             -42.292
787.929099         37.617             -42.290
787.907656         37.558             -42.288
787.886226         37.498             -42.286
787.864807         37.439             -42.284
787.843400         37.379             -42.282
787.822005         37.320             -42.280
787.800623         37.260             -42.278
787.779252         37.201             -42.277
787.757894         37.141             -42.275
787.736549         37.082             -42.273
787.715216         37.022             -42.271
787.693896         36.962             -42.269
787.672588         36.903             -42.267
787.651293         36.843             -42.265
787.630012         36.784             -42.264
787.608743         36.724             -42.262
787.587487         36.665             -42.260
787.566245         36.605             -42.258
787.545015         36.545             -42.256
787.523799         36.486             -42.254
787.502597         36.426             -42.253
787.481408         36.367             -42.251
787.460233         36.307             -42.249
787.439072         36.248             -42.247
787.417924         36.188             -42.246
787.396790         36.129             -42.244
787.375671         36.069             -42.242
787.354565         36.009             -42.240
787.333474         35.950             -42.239
787.312397         35.890             -42.237
787.291334         35.831             -42.235
787.270286         35.771             -42.234
787.249253         35.711             -42.232
787.228234         35.652             -42.230
787.207230         35.592             -42.229
787.186240         35.533             -42.227
787.165266         35.473             -42.225
787.144307         35.414             -42.224
787.123363         35.354             -42.222
787.102434         35.294             -42.221
787.081520         35.235             -42.219
787.060622         35.175             -42.217
787.039739         35.116             -42.216
787.018872         35.056             -42.214
786.998020         34.996             -42.213
786.977184         34.937             -42.211
786.956364         34.877             -42.210
786.935560         34.818             -42.208
786.914772         34.758             -42.206
786.894001         34.699             -42.205
786.873245         34.639             -42.203
786.852506         34.579             -42.202
786.831783         34.520             -42.200
786.811076         34.460             -42.199
786.790386         34.401             -42.197
786.769713         34.341             -42.196
786.749057         34.281             -42.194
786.728417         34.222             -42.193
786.707795         34.162             -42.191
786.687189         34.103             -42.190
786.666600         34.043             -42.189
786.646029         33.983             -42.187
786.625475         33.924             -42.186
786.604938         33.864             -42.184
786.584419         33.805             -42.183
786.563918         33.745             -42.182
786.543434         33.685             -42.180
786.522967         33.626             -42.179
786.502519         33.566             -42.177
786.482088         33.506             -42.176
786.461676         33.447             -42.175
786.441282         33.387             -42.173
786.420905         33.328             -42.172
786.400548         33.268             -42.171
786.380208         33.208             -42.169
786.359887         33.149             -42.168
786.339584         33.089             -42.167
786.319300         33.030             -42.165
786.299035         32.970             -42.164
786.278789         32.910             -42.163
786.258561         32.851             -42.161
786.238353         32.791             -42.160
786.218163         32.731             -42.159
786.197993         32.672             -42.158
786.177842         32.612             -42.156
786.157710         32.553             -42.155
786.137598         32.493             -42.154
786.117505         32.433             -42.153
786.097432         32.374             -42.151
786.077378         32.314             -42.150
786.057345         32.254             -42.149
786.037331         32.195             -42.148
786.017337         32.135             -42.146
785.997363         32.075             -42.145
785.977409         32.016             -42.144
785.957476         31.956             -42.143
785.937562         31.897             -42.142
785.917669         31.837             -42.141
785.897797         31.777             -42.139
785.877945         31.718             -42.138
785.858114         31.658             -42.137
785.838303         31.598             -42.136
785.818514         31.539             -42.135
785.798745         31.479             -42.134
785.778997         31.419             -42.133
785.759270         31.360             -42.131
785.739565         31.300             -42.130
785.719880         31.240             -42.129
785.700217         31.181             -42.128
785.680576         31.121             -42.127
785.660956         31.062             -42.126
785.641357         31.002             -42.125
785.621780         30.942             -42.124
785.602225         30.883             -42.123
785.582692         30.823             -42.122
785.563181         30.763             -42.121
785.543691         30.704             -42.120
785.524224         30.644             -42.119
785.504779         30.584             -42.117
785.485357         30.525             -42.116
785.465956         30.465             -42.115
785.446578         30.405             -42.114
785.427223         30.346             -42.113
785.407890         30.286             -42.112
785.388580         30.226             -42.111
785.369293         30.167             -42.110
785.350028         30.107             -42.109
785.330787         30.047             -42.108
785.311568         29.988             -42.108
785.292373         29.928             -42.107
785.273201         29.868             -42.106
785.254052         29.809             -42.105
785.234926         29.749             -42.104
785.215824         29.689             -42.103
785.196745         29.630             -42.102
785.177690         29.570             -42.101
785.158659         29.510             -42.100
785.139652         29.451             -42.099
785.120668         29.391             -42.098
785.101708         29.331             -42.097
785.082773         29.272             -42.096
785.063861         29.212             -42.095
785.044974         29.152             -42.095
785.026111         29.093             -42.094
785.007272         29.033             -42.093
784.988458         28.973             -42.092
784.969668         28.914             -42.091
784.950903         28.854             -42.090
784.932162         28.794             -42.089
784.913447         28.735             -42.089
784.894756         28.675             -42.088
784.876090         28.615             -42.087
784.857449         28.555             -42.086
784.838833         28.496             -42.085
784.820243         28.436             -42.084
784.801677         28.376             -42.084
784.783137         28.317             -42.083
784.764623         28.257             -42.082
784.746133         28.197             -42.081
784.727670         28.138             -42.080
784.709232         28.078             -42.080
784.690820         28.018             -42.079
784.672434         27.959             -42.078
784.654073         27.899             -42.077
784.635739         27.839             -42.077
784.617430         27.780             -42.076
784.599148         27.720             -42.075
784.580892         27.660             -42.074
784.562663         27.600             -42.074
784.544459         27.541             -42.073
784.526282         27.481             -42.072
784.508132         27.421             -42.071
784.490008         27.362             -42.071
784.471911         27.302             -42.070
784.453841         27.242             -42.069
784.435798         27.183             -42.069
784.417781         27.123             -42.068
784.399792         27.063             -42.067
784.381830         27.003             -42.066
784.363895         26.944             -42.066
784.345987         26.884             -42.065
784.328106         26.824             -42.064
784.310253         26.765             -42.064
784.292427         26.705             -42.063
784.274629         26.645             -42.062
784.256859         26.585             -42.062
784.239116         26.526             -42.061
784.221401         26.466             -42.061
784.203714         26.406             -42.060
784.186055         26.347             -42.059
784.168424         26.287             -42.059
784.150821         26.227             -42.058
784.133246         26.167             -42.057
784.115699         26.108             -42.057
784.098181         26.048             -42.056
784.080691         25.988             -42.056
784.063230         25.929             -42.055
784.045797         25.869             -42.054
784.028393         25.809             -42.054
784.011018         25.749             -42.053
783.993671         25.690             -42.053
783.976353         25.630             -42.052
783.959064         25.570             -42.051
783.941805         25.511             -42.051
783.924574         25.451             -42.050
783.907372         25.391             -42.050
783.890200         25.331             -42.049
783.873057         25.272             -42.049
783.855944         25.212             -42.048
783.838859         25.152             -42.048
783.821805         25.092             -42.047
783.804780         25.033             -42.047
783.787785         24.973             -42.046
783.770819         24.913             -42.045
783.753884         24.854             -42.045
783.736978         24.794             -42.044
783.720102         24.734             -42.044
783.703257         24.674             -42.043
783.686441         24.615             -42.043
783.669656         24.555             -42.042
783.652901         24.495             -42.042
783.636176         24.435             -42.042
783.619482         24.376             -42.041
783.602818         24.316             -42.041
783.586185         24.256             -42.040
783.569582         24.196             -42.040
783.553011         24.137             -42.039
783.536470         24.077             -42.039
783.519960         24.017             -42.038
783.503480         23.957             -42.038
783.487032         23.898             -42.037
783.470615         23.838             -42.037
783.454229         23.778             -42.036
783.437874         23.718             -42.036
783.421551         23.659             -42.036
783.405259         23.599             -42.035
783.388998         23.539             -42.035
783.372769         23.479             -42.034
783.356572         23.420             -42.034
783.340406         23.360             -42.034
783.324272         23.300             -42.033
783.308170         23.240             -42.033
783.292099         23.181             -42.032
783.276061         23.121             -42.032
783.260054         23.061             -42.032
783.244080         23.001             -42.031
783.228137         22.942             -42.031
783.212227         22.882             -42.030
783.196349         22.822             -42.030
783.180504         22.762             -42.030
783.164691         22.703             -42.029
783.148910         22.643             -42.029
783.133162         22.583             -42.029
783.117447         22.523             -42.028
783.101764         22.464             -42.028
783.086115         22.404             -42.028
783.070498         22.344             -42.027
783.054913         22.284             -42.027
783.039362         22.225             -42.027
783.023844         22.165             -42.026
783.008359         22.105             -42.026
782.992907         22.045             -42.026
782.977489         21.986             -42.025
782.962104         21.926             -42.025
782.946752         21.866             -42.025
782.931433         21.806             -42.024
782.916148         21.746             -42.024
782.900897         21.687             -42.024
782.885679         21.627             -42.023
782.870495         21.567             -42.023
782.855345         21.507             -42.023
782.840229         21.448             -42.023
782.825146         21.388             -42.022
782.810098         21.328             -42.022
782.795083         21.268             -42.022
782.780103         21.209             -42.021
782.765157         21.149             -42.021
782.750245         21.089             -42.021
782.735368         21.029             -42.021
782.720524         20.969             -42.020
782.705716         20.910             -42.020
782.690941         20.850             -42.020
782.676202         20.790             -42.020
782.661496         20.730             -42.019
782.646826         20.671             -42.019
782.632190         20.611             -42.019
782.617590         20.551             -42.019
782.603024         20.491             -42.019
782.588493         20.431             -42.018
782.573997         20.372             -42.018
782.559536         20.312             -42.018
782.545110         20.252             -42.018
782.530720         20.192             -42.017
782.516365         20.133             -42.017
782.502045         20.073             -42.017
782.487760         20.013             -42.017
782.473511         19.953             -42.017
782.459298         19.893             -42.016
782.445120         19.834             -42.016
782.430977         19.774             -42.016
782.416871         19.714             -42.016
782.402800         19.654             -42.016
782.388765         19.594             -42.016
782.374766         19.535             -42.015
782.360802         19.475             -42.015
782.346875         19.415             -42.015
782.332984         19.355             -42.015
782.319129         19.296             -42.015
782.305310         19.236             -42.015
782.291528         19.176             -42.014
782.277782         19.116             -42.014
782.264072         19.056             -42.014
782.250399         18.997             -42.014
782.236762         18.937             -42.014
782.223161         18.877             -42.014
782.209598         18.817             -42.014
782.196071         18.757             -42.013
782.182580         18.698             -42.013
782.169127         18.638             -42.013
782.155710         18.578             -42.013
782.142330         18.518             -42.013
782.128988         18.458             -42.013
782.115682         18.399             -42.013
782.102413         18.339             -42.013
782.089182         18.279             -42.012
782.075987         18.219             -42.012
782.062830         18.159             -42.012
782.049710         18.100             -42.012
782.036628         18.040             -42.012
782.023583         17.980             -42.012
782.010576         17.920             -42.012
781.997606         17.860             -42.012
781.984673         17.801             -42.012
781.971779         17.741             -42.012
781.958922         17.681             -42.011
781.946103         17.621             -42.011
781.933321         17.561             -42.011
781.920578         17.502             -42.011
781.907872         17.442             -42.011
781.895205         17.382             -42.011
781.882576         17.322             -42.011
781.869984         17.262             -42.011
781.857431         17.202             -42.011
781.844916         17.143             -42.011
781.832439         17.083             -42.011
781.820001         17.023             -42.011
781.807601         16.963             -42.011
781.795239         16.903             -42.011
781.782916         16.844             -42.011
781.770632         16.784             -42.011
781.758386         16.724             -42.011
781.746179         16.664             -42.011
781.734010         16.604             -42.010
781.721880         16.545             -42.010
781.709789         16.485             -42.010
781.697737         16.425             -42.010
781.685724         16.365             -42.010
781.673750         16.305             -42.010
781.661815         16.245             -42.010
781.649918         16.186             -42.010
781.638061         16.126             -42.010
781.626244         16.066             -42.010
781.614465         16.006             -42.010
781.602726         15.946             -42.010
781.591026         15.886             -42.010
781.579365         15.827             -42.010
781.567744         15.767             -42.010
781.556162         15.707             -42.010
781.544620         15.647             -42.010
781.533118         15.587             -42.010
781.521655         15.528             -42.010
781.510231         15.468             -42.010
781.498848         15.408             -42.010
781.487504         15.348             -42.010
781.476200         15.288             -42.010
781.464936         15.228             -42.010
781.453712         15.169             -42.010
781.442528         15.109             -42.010
781.431384         15.049             -42.011
781.420280         14.989             -42.011
781.409217         14.929             -42.011
781.398193         14.869             -42.011
781.387210         14.810             -42.011
781.376267         14.750             -42.011
781.365364         14.690             -42.011
781.354501         14.630             -42.011
781.343679         14.570             -42.011
781.332898         14.510             -42.011
781.322157         14.451             -42.011
781.311457         14.391             -42.011
781.300797         14.331             -42.011
781.290178         14.271             -42.011
781.279599         14.211             -42.011
781.269061         14.151             -42.011
781.258565         14.092             -42.011
781.248108         14.032             -42.011
781.237693         13.972             -42.011
781.227319         13.912             -42.012
781.216986         13.852             -42.012
781.206694         13.792             -42.012
781.196442         13.733             -42.012
781.186232         13.673             -42.012
781.176064         13.613             -42.012
781.165936         13.553             -42.012
781.155849         13.493             -42.012
781.145804         13.433             -42.012
781.135800         13.374             -42.012
781.125838         13.314             -42.012
781.115917         13.254             -42.012
781.106038         13.194             -42.013
781.096199         13.134             -42.013
781.086403         13.074             -42.013
781.076648         13.015             -42.013
781.066935         12.955             -42.013
781.057263         12.895             -42.013
781.047634         12.835             -42.013
781.038046         12.775             -42.013
781.028499         12.715             -42.013
781.018995         12.655             -42.014
781.009532         12.596             -42.014
781.000112         12.536             -42.014
780.990733         12.476             -42.014
780.981397         12.416             -42.014
780.972102         12.356             -42.014
780.962850         12.296             -42.014
780.953640         12.237             -42.014
780.944472         12.177             -42.015
780.935346         12.117             -42.015
780.926262         12.057             -42.015
780.917221         11.997             -42.015
780.908222         11.937             -42.015
780.899265         11.877             -42.015
780.890351         11.818             -42.015
780.881479         11.758             -42.015
780.872650         11.698             -42.016
780.863863         11.638             -42.016
780.855119         11.578             -42.016
780.846418         11.518             -42.016
780.837759         11.458             -42.016
780.829143         11.399             -42.016
780.820570         11.339             -42.017
780.812039         11.279             -42.017
780.803551         11.219             -42.017
780.795106         11.159             -42.017
780.786704         11.099             -42.017
780.778345         11.040             -42.017
780.770028         10.980             -42.017
780.761755         10.920             -42.018
780.753525         10.860             -42.018
780.745338         10.800             -42.018
780.737193         10.740             -42.018
780.729093         10.680             -42.018
780.721035         10.621             -42.019
780.713020         10.561             -42.019
780.705049         10.501             -42.019
780.697121         10.441             -42.019
780.689236         10.381             -42.019
780.681394         10.321             -42.019
780.673596         10.261             -42.020
780.665842         10.202             -42.020
780.658130         10.142             -42.020
780.650463         10.082             -42.020
780.642838         10.022             -42.020
780.635258         9.962              -42.021
780.627720         9.902              -42.021
780.620227         9.842              -42.021
780.612777         9.783              -42.021
780.605371         9.723              -42.021
780.598008         9.663              -42.021
780.590690         9.603              -42.022
780.583415         9.543              -42.022
780.576183         9.483              -42.022
780.568996         9.423              -42.022
780.561853         9.363              -42.022
780.554753         9.304              -42.023
780.547697         9.244              -42.023
780.540686         9.184              -42.023
780.533718         9.124              -42.023
780.526794         9.064              -42.024
780.519915         9.004              -42.024
780.513079         8.944              -42.024
780.506288         8.885              -42.024
780.499541         8.825              -42.024
780.492838         8.765              -42.025
780.486179         8.705              -42.025
780.479564         8.645              -42.025
780.472994         8.585              -42.025
780.466468         8.525              -42.025
780.459986         8.465              -42.026
780.453548         8.406              -42.026
780.447155         8.346              -42.026
780.440807         8.286              -42.026
780.434502         8.226              -42.027
780.428243         8.166              -42.027
780.422027         8.106              -42.027
780.415857         8.046              -42.027
780.409730         7.987              -42.028
780.403649         7.927              -42.028
780.397612         7.867              -42.028
780.391619         7.807              -42.028
780.385671         7.747              -42.028
780.379768         7.687              -42.029
780.373910         7.627              -42.029
780.368096         7.567              -42.029
780.362327         7.508              -42.029
780.356603         7.448              -42.030
780.350923         7.388              -42.030
780.345289         7.328              -42.030
780.339699         7.268              -42.030
780.334154         7.208              -42.031
780.328654         7.148              -42.031
780.323199         7.088              -42.031
780.317789         7.029              -42.031
780.312424         6.969              -42.032
780.307104         6.909              -42.032
780.301829         6.849              -42.032
780.296599         6.789              -42.032
780.291414         6.729              -42.033
780.286274         6.669              -42.033
780.281179         6.609              -42.033
780.276130         6.550              -42.033
780.271125         6.490              -42.034
780.266166         6.430              -42.034
780.261252         6.370              -42.034
780.256383         6.310              -42.035
780.251559         6.250              -42.035
780.246781         6.190              -42.035
780.242048         6.130              -42.035
780.237360         6.071              -42.036
780.232717         6.011              -42.036
780.228120         5.951              -42.036
780.223569         5.891              -42.036
780.219062         5.831              -42.037
780.214601         5.771              -42.037
780.210186         5.711              -42.037
780.205815         5.651              -42.037
780.201491         5.592              -42.038
780.197212         5.532              -42.038
780.192978         5.472              -42.038
780.188790         5.412              -42.039
780.184647         5.352              -42.039
780.180550         5.292              -42.039
780.176499         5.232              -42.039
780.172493         5.172              -42.040
780.168532         5.113              -42.040
780.164618         5.053              -42.040
780.160749         4.993              -42.040
780.156925         4.933              -42.041
780.153148         4.873              -42.041
780.149416         4.813              -42.041
780.145729         4.753              -42.042
780.142089         4.693              -42.042
780.138494         4.634              -42.042
780.134945         4.574              -42.042
780.131442         4.514              -42.043
780.127984         4.454              -42.043
780.124573         4.394              -42.043
780.121207         4.334              -42.044
780.117887         4.274              -42.044
780.114612         4.214              -42.044
780.111384         4.154              -42.044
780.108202         4.095              -42.045
780.105065         4.035              -42.045
780.101974         3.975              -42.045
780.098930         3.915              -42.046
780.095931         3.855              -42.046
780.092978         3.795              -42.046
780.090071         3.735              -42.047
780.087210         3.675              -42.047
780.084395         3.616              -42.047
780.081626         3.556              -42.047
780.078903         3.496              -42.048
780.076227         3.436              -42.048
780.073596         3.376              -42.048
780.071011         3.316              -42.049
780.068472         3.256              -42.049
780.065979         3.196              -42.049
780.063533         3.136              -42.049
780.061132         3.077              -42.050
780.058778         3.017              -42.050
780.056469         2.957              -42.050
780.054207         2.897              -42.051
780.051991         2.837              -42.051
780.049821         2.777              -42.051
780.047697         2.717              -42.052
780.045620         2.657              -42.052
780.043588         2.598              -42.052
780.041603         2.538              -42.052
780.039664         2.478              -42.053
780.037771         2.418              -42.053
780.035924         2.358              -42.053
780.034123         2.298              -42.054
780.032369         2.238              -42.054
780.030661         2.178              -42.054
780.028999         2.118              -42.055
780.027383         2.059              -42.055
780.025814         1.999              -42.055
780.024291         1.939              -42.055
780.022814         1.879              -42.056
780.021384         1.819              -42.056
780.019999         1.759              -42.056
780.018661         1.699              -42.057
780.017369         1.639              -42.057
780.016124         1.580              -42.057
780.014925         1.520              -42.058
780.013772         1.460              -42.058
780.012665         1.400              -42.058
780.011605         1.340              -42.059
780.010591         1.280              -42.059
780.009623         1.220              -42.059
780.008702         1.160              -42.059
780.007827         1.100              -42.060
780.006999         1.041              -42.060
780.006216         0.981              -42.060
780.005480         0.921              -42.061
780.004791         0.861              -42.061
780.004147         0.801              -42.061
780.003550         0.741              -42.062
780.003000         0.681              -42.062
780.002496         0.621              -42.062
780.002038         0.561              -42.063
780.001626         0.502              -42.063
780.001261         0.442              -42.063
780.000942         0.382              -42.063
780.000670         0.322              -42.064
780.000444         0.262              -42.064
780.000264         0.202              -42.064
780.000131         0.142              -42.065
780.000044         0.082              -42.065
780.000003         0.022              -42.065
780.000009         -0.037             -42.066
780.000061         -0.097             -42.066
780.000160         -0.157             -42.066
780.000305         -0.217             -42.067
780.000496         -0.277             -42.067
780.000733         -0.337             -42.067
780.001017         -0.397             -42.067
780.001348         -0.457             -42.068
780.001724         -0.516             -42.068
780.002147         -0.576             -42.068
780.002617         -0.636             -42.069
780.003132         -0.696             -42.069
780.003695         -0.756             -42.069
780.004303         -0.816             -42.070
780.004958         -0.876             -42.070
780.005659         -0.936             -42.070
780.006406         -0.996             -42.071
780.007200         -1.055             -42.071
780.008040         -1.115             -42.071
780.008927         -1.175             -42.071
780.009860         -1.235             -42.072
780.010839         -1.295             -42.072
780.011864         -1.355             -42.072
780.012936         -1.415             -42.073
780.014054         -1.475             -42.073
780.015219         -1.535             -42.073
780.016429         -1.594             -42.074
780.017686         -1.654             -42.074
780.018990         -1.714             -42.074
780.020339         -1.774             -42.075
780.021735         -1.834             -42.075
780.023177         -1.894             -42.075
780.024665         -1.954             -42.075
780.026200         -2.014             -42.076
780.027781         -2.073             -42.076
780.029408         -2.133             -42.076
780.031081         -2.193             -42.077
780.032801         -2.253             -42.077
780.034567         -2.313             -42.077
780.036379         -2.373             -42.078
780.038237         -2.433             -42.078
780.040141         -2.493             -42.078
780.042092         -2.553             -42.079
780.044089         -2.612             -42.079
780.046132         -2.672             -42.079
780.048221         -2.732             -42.079
780.050356         -2.792             -42.080
780.052538         -2.852             -42.080
780.054765         -2.912             -42.080
780.057039         -2.972             -42.081
780.059359         -3.032             -42.081
780.061725         -3.092             -42.081
780.064137         -3.151             -42.082
780.066595         -3.211             -42.082
780.069099         -3.271             -42.082
780.071649         -3.331             -42.082
780.074246         -3.391             -42.083
780.076888         -3.451             -42.083
780.079576         -3.511             -42.083
780.082311         -3.571             -42.084
780.085091         -3.630             -42.084
780.087917         -3.690             -42.084
780.090790         -3.750             -42.084
780.093708         -3.810             -42.085
780.096672         -3.870             -42.085
780.099683         -3.930             -42.085
780.102739         -3.990             -42.086
780.105841         -4.050             -42.086
780.108989         -4.110             -42.086
780.112183         -4.169             -42.086
780.115422         -4.229             -42.087
780.118708         -4.289             -42.087
780.122039         -4.349             -42.087
780.125417         -4.409             -42.088
780.128840         -4.469             -42.088
780.132309         -4.529             -42.088
780.135823         -4.589             -42.088
780.139384         -4.648             -42.089
780.142990         -4.708             -42.089
780.146642         -4.768             -42.089
780.150339         -4.828             -42.090
780.154083         -4.888             -42.090
780.157872         -4.948             -42.090
780.161707         -5.008             -42.090
780.165587         -5.068             -42.091
780.169513         -5.127             -42.091
780.173485         -5.187             -42.091
780.177502         -5.247             -42.092
780.181565         -5.307             -42.092
780.185673         -5.367             -42.092
780.189827         -5.427             -42.092
780.194027         -5.487             -42.093
780.198272         -5.547             -42.093
780.202562         -5.606             -42.093
780.206898         -5.666             -42.094
780.211279         -5.726             -42.094
780.215706         -5.786             -42.094
780.220179         -5.846             -42.094
780.224696         -5.906             -42.095
780.229259         -5.966             -42.095
780.233868         -6.026             -42.095
780.238521         -6.086             -42.095
780.243221         -6.145             -42.096
780.247965         -6.205             -42.096
780.252755         -6.265             -42.096
780.257590         -6.325             -42.096
780.262470         -6.385             -42.097
780.267395         -6.445             -42.097
780.272366         -6.505             -42.097
780.277381         -6.565             -42.097
780.282442         -6.624             -42.098
780.287548         -6.684             -42.098
780.292699         -6.744             -42.098
780.297895         -6.804             -42.099
780.303137         -6.864             -42.099
780.308423         -6.924             -42.099
780.313754         -6.984             -42.099
780.319131         -7.043             -42.100
780.324552         -7.103             -42.100
780.330018         -7.163             -42.100
780.335529         -7.223             -42.100
780.341085         -7.283             -42.101
780.346686         -7.343             -42.101
780.352332         -7.403             -42.101
780.358022         -7.463             -42.101
780.363757         -7.522             -42.101
780.369538         -7.582             -42.102
780.375362         -7.642             -42.102
780.381232         -7.702             -42.102
780.387146         -7.762             -42.102
780.393105         -7.822             -42.103
780.399109         -7.882             -42.103
780.405157         -7.942             -42.103
780.411250         -8.001             -42.103
780.417387         -8.061             -42.104
780.423569         -8.121             -42.104
780.429795         -8.181             -42.104
780.436066         -8.241             -42.104
780.442381         -8.301             -42.105
780.448741         -8.361             -42.105
780.455145         -8.421             -42.105
780.461594         -8.480             -42.105
780.468086         -8.540             -42.105
780.474623         -8.600             -42.106
780.481205         -8.660             -42.106
780.487831         -8.720             -42.106
780.494500         -8.780             -42.106
780.501214         -8.840             -42.107
780.507973         -8.899             -42.107
780.514775         -8.959             -42.107
780.521622         -9.019             -42.107
780.528512         -9.079             -42.107
780.535447         -9.139             -42.108
780.542425         -9.199             -42.108
780.549448         -9.259             -42.108
780.556515         -9.318             -42.108
780.563625         -9.378             -42.108
780.570779         -9.438             -42.109
780.577978         -9.498             -42.109
780.585220         -9.558             -42.109
780.592506         -9.618             -42.109
780.599835         -9.678             -42.109
780.607209         -9.738             -42.110
780.614626         -9.797             -42.110
780.622086         -9.857             -42.110
780.629591         -9.917             -42.110
780.637139         -9.977             -42.110
780.644730         -10.037            -42.111
780.652365         -10.097            -42.111
780.660044         -10.157            -42.111
780.667766         -10.216            -42.111
780.675531         -10.276            -42.111
780.683340         -10.336            -42.112
780.691193         -10.396            -42.112
780.699088         -10.456            -42.112
780.707027         -10.516            -42.112
780.715009         -10.576            -42.112
780.723034         -10.635            -42.112
780.731103         -10.695            -42.113
780.739215         -10.755            -42.113
780.747370         -10.815            -42.113
780.755568         -10.875            -42.113
780.763808         -10.935            -42.113
780.772092         -10.995            -42.113
780.780419         -11.054            -42.114
780.788789         -11.114            -42.114
780.797202         -11.174            -42.114
780.805658         -11.234            -42.114
780.814156         -11.294            -42.114
780.822698         -11.354            -42.114
780.831282         -11.414            -42.115
780.839908         -11.473            -42.115
780.848578         -11.533            -42.115
780.857290         -11.593            -42.115
780.866045         -11.653            -42.115
780.874842         -11.713            -42.115
780.883682         -11.773            -42.115
780.892564         -11.832            -42.116
780.901489         -11.892            -42.116
780.910456         -11.952            -42.116
780.919465         -12.012            -42.116
780.928517         -12.072            -42.116
780.937611         -12.132            -42.116
780.946748         -12.192            -42.116
780.955926         -12.251            -42.117
780.965147         -12.311            -42.117
780.974410         -12.371            -42.117
780.983715         -12.431            -42.117
780.993062         -12.491            -42.117
781.002451         -12.551            -42.117
781.011882         -12.611            -42.117
781.021355         -12.670            -42.117
781.030869         -12.730            -42.117
781.040426         -12.790            -42.118
781.050024         -12.850            -42.118
781.059665         -12.910            -42.118
781.069347         -12.970            -42.118
781.079070         -13.029            -42.118
781.088835         -13.089            -42.118
781.098642         -13.149            -42.118
781.108490         -13.209            -42.118
781.118380         -13.269            -42.118
781.128312         -13.329            -42.119
781.138284         -13.388            -42.119
781.148298         -13.448            -42.119
781.158354         -13.508            -42.119
781.168451         -13.568            -42.119
781.178588         -13.628            -42.119
781.188768         -13.688            -42.119
781.198988         -13.747            -42.119
781.209249         -13.807            -42.119
781.219552         -13.867            -42.119
781.229895         -13.927            -42.119
781.240280         -13.987            -42.119
781.250705         -14.047            -42.120
781.261171         -14.107            -42.120
781.271678         -14.166            -42.120
781.282226         -14.226            -42.120
781.292815         -14.286            -42.120
781.303444         -14.346            -42.120
781.314114         -14.406            -42.120
781.324824         -14.466            -42.120
781.335575         -14.525            -42.120
781.346367         -14.585            -42.120
781.357199         -14.645            -42.120
781.368071         -14.705            -42.120
781.378984         -14.765            -42.120
781.389937         -14.825            -42.120
781.400931         -14.884            -42.120
781.411964         -14.944            -42.120
781.423038         -15.004            -42.120
781.434152         -15.064            -42.120
781.445306         -15.124            -42.120
781.456500         -15.183            -42.120
781.467734         -15.243            -42.120
781.479008         -15.303            -42.120
781.490322         -15.363            -42.121
781.501675         -15.423            -42.121
781.513068         -15.483            -42.121
781.524502         -15.542            -42.121
781.535974         -15.602            -42.121
781.547487         -15.662            -42.121
781.559039         -15.722            -42.121
781.570630         -15.782            -42.121
781.582261         -15.842            -42.121
781.593932         -15.901            -42.121
781.605641         -15.961            -42.121
781.617390         -16.021            -42.121
781.629179         -16.081            -42.121
781.641006         -16.141            -42.121
781.652873         -16.200            -42.121
781.664779         -16.260            -42.121
781.676724         -16.320            -42.121
781.688708         -16.380            -42.121
781.700731         -16.440            -42.120
781.712793         -16.500            -42.120
781.724893         -16.559            -42.120
781.737033         -16.619            -42.120
781.749211         -16.679            -42.120
781.761428         -16.739            -42.120
781.773683         -16.799            -42.120
781.785977         -16.858            -42.120
781.798310         -16.918            -42.120
781.810681         -16.978            -42.120
781.823091         -17.038            -42.120
781.835539         -17.098            -42.120
781.848025         -17.158            -42.120
781.860549         -17.217            -42.120
781.873112         -17.277            -42.120
781.885713         -17.337            -42.120
781.898352         -17.397            -42.120
781.911029         -17.457            -42.120
781.923744         -17.516            -42.120
781.936496         -17.576            -42.120
781.949287         -17.636            -42.119
781.962116         -17.696            -42.119
781.974982         -17.756            -42.119
781.987886         -17.815            -42.119
782.000828         -17.875            -42.119
782.013807         -17.935            -42.119
782.026824         -17.995            -42.119
782.039878         -18.055            -42.119
782.052970         -18.114            -42.119
782.066099         -18.174            -42.119
782.079265         -18.234            -42.119
782.092469         -18.294            -42.118
782.105709         -18.354            -42.118
782.118987         -18.413            -42.118
782.132302         -18.473            -42.118
782.145654         -18.533            -42.118
782.159043         -18.593            -42.118
782.172469         -18.653            -42.118
782.185932         -18.712            -42.118
782.199431         -18.772            -42.117
782.212967         -18.832            -42.117
782.226540         -18.892            -42.117
782.240149         -18.952            -42.117
782.253795         -19.011            -42.117
782.267478         -19.071            -42.117
782.281197         -19.131            -42.117
782.294952         -19.191            -42.116
782.308744         -19.251            -42.116
782.322571         -19.310            -42.116
782.336435         -19.370            -42.116
782.350335         -19.430            -42.116
782.364271         -19.490            -42.116
782.378244         -19.550            -42.115
782.392252         -19.609            -42.115
782.406296         -19.669            -42.115
782.420375         -19.729            -42.115
782.434491         -19.789            -42.115
782.448642         -19.848            -42.115
782.462829         -19.908            -42.114
782.477051         -19.968            -42.114
782.491309         -20.028            -42.114
782.505602         -20.088            -42.114
782.519931         -20.147            -42.114
782.534295         -20.207            -42.113
782.548694         -20.267            -42.113
782.563129         -20.327            -42.113
782.577599         -20.387            -42.113
782.592103         -20.446            -42.113
782.606643         -20.506            -42.112
782.621217         -20.566            -42.112
782.635827         -20.626            -42.112
782.650471         -20.685            -42.112
782.665150         -20.745            -42.111
782.679864         -20.805            -42.111
782.694612         -20.865            -42.111
782.709395         -20.925            -42.111
782.724212         -20.984            -42.110
782.739064         -21.044            -42.110
782.753950         -21.104            -42.110
782.768871         -21.164            -42.110
782.783825         -21.223            -42.109
782.798814         -21.283            -42.109
782.813837         -21.343            -42.109
782.828894         -21.403            -42.109
782.843985         -21.463            -42.108
782.859109         -21.522            -42.108
782.874268         -21.582            -42.108
782.889460         -21.642            -42.107
782.904687         -21.702            -42.107
782.919946         -21.761            -42.107
782.935240         -21.821            -42.106
782.950566         -21.881            -42.106
782.965926         -21.941            -42.106
782.981320         -22.000            -42.106
782.996747         -22.060            -42.105
783.012207         -22.120            -42.105
783.027700         -22.180            -42.105
783.043227         -22.239            -42.104
783.058786         -22.299            -42.104
783.074378         -22.359            -42.104
783.090003         -22.419            -42.103
783.105661         -22.479            -42.103
783.121352         -22.538            -42.103
783.137076         -22.598            -42.102
783.152832         -22.658            -42.102
783.168620         -22.718            -42.101
783.184441         -22.777            -42.101
783.200295         -22.837            -42.101
783.216181         -22.897            -42.100
783.232099         -22.957            -42.100
783.248049         -23.016            -42.100
783.264032         -23.076            -42.099
783.280046         -23.136            -42.099
783.296093         -23.196            -42.098
783.312171         -23.255            -42.098
783.328281         -23.315            -42.098
783.344423         -23.375            -42.097
783.360597         -23.435            -42.097
783.376802         -23.494            -42.096
783.393039         -23.554            -42.096
783.409308         -23.614            -42.096
783.425607         -23.674            -42.095
783.441939         -23.733            -42.095
783.458301         -23.793            -42.094
783.474695         -23.853            -42.094
783.491120         -23.913            -42.093
783.507576         -23.972            -42.093
783.524062         -24.032            -42.093
783.540580         -24.092            -42.092
783.557129         -24.152            -42.092
783.573708         -24.211            -42.091
783.590318         -24.271            -42.091
783.606959         -24.331            -42.090
783.623631         -24.390            -42.090
783.640332         -24.450            -42.089
783.657065         -24.510            -42.089
783.673827         -24.570            -42.088
783.690620         -24.629            -42.088
783.707443         -24.689            -42.087
783.724296         -24.749            -42.087
783.741179         -24.809            -42.086
783.758092         -24.868            -42.086
783.775035         -24.928            -42.085
783.792008         -24.988            -42.085
783.809011         -25.048            -42.084
783.826043         -25.107            -42.084
783.843105         -25.167            -42.083
783.860197         -25.227            -42.083
783.877318         -25.286            -42.082
783.894468         -25.346            -42.082
783.911647         -25.406            -42.081
783.928856         -25.466            -42.080
783.946094         -25.525            -42.080
783.963361         -25.585            -42.079
783.980657         -25.645            -42.079
783.997982         -25.705            -42.078
784.015336         -25.764            -42.078
784.032718         -25.824            -42.077
784.050130         -25.884            -42.076
784.067569         -25.943            -42.076
784.085038         -26.003            -42.075
784.102535         -26.063            -42.075
784.120060         -26.123            -42.074
784.137614         -26.182            -42.073
784.155196         -26.242            -42.073
784.172806         -26.302            -42.072
784.190444         -26.361            -42.071
784.208110         -26.421            -42.071
784.225804         -26.481            -42.070
784.243526         -26.541            -42.070
784.261275         -26.600            -42.069
784.279053         -26.660            -42.068
784.296858         -26.720            -42.068
784.314690         -26.779            -42.067
784.332550         -26.839            -42.066
784.350437         -26.899            -42.066
784.368352         -26.959            -42.065
784.386294         -27.018            -42.064
784.404263         -27.078            -42.064
784.422259         -27.138            -42.063
784.440282         -27.197            -42.062
784.458332         -27.257            -42.061
784.476409         -27.317            -42.061
784.494513         -27.376            -42.060
784.512643         -27.436            -42.059
784.530800         -27.496            -42.059
784.548984         -27.556            -42.058
784.567193         -27.615            -42.057
784.585430         -27.675            -42.056
784.603692         -27.735            -42.056
784.621981         -27.794            -42.055
784.640296         -27.854            -42.054
784.658637         -27.914            -42.053
784.677004         -27.973            -42.053
784.695396         -28.033            -42.052
784.713815         -28.093            -42.051
784.732259         -28.153            -42.050
784.750729         -28.212            -42.049
784.769224         -28.272            -42.049
784.787745         -28.332            -42.048
784.806292         -28.391            -42.047
784.824863         -28.451            -42.046
784.843460         -28.511            -42.045
784.862082         -28.570            -42.045
784.880729         -28.630            -42.044
784.899402         -28.690            -42.043
784.918099         -28.749            -42.042
784.936820         -28.809            -42.041
784.955567         -28.869            -42.040
784.974338         -28.928            -42.040
784.993134         -28.988            -42.039
785.011955         -29.048            -42.038
785.030799         -29.107            -42.037
785.049668         -29.167            -42.036
785.068562         -29.227            -42.035
785.087479         -29.286            -42.034
785.106421         -29.346            -42.033
785.125387         -29.406            -42.032
785.144376         -29.466            -42.032
785.163390         -29.525            -42.031
785.182427         -29.585            -42.030
785.201488         -29.645            -42.029
785.220572         -29.704            -42.028
785.239680         -29.764            -42.027
785.258811         -29.824            -42.026
785.277966         -29.883            -42.025
785.297144         -29.943            -42.024
785.316345         -30.003            -42.023
785.335569         -30.062            -42.022
785.354817         -30.122            -42.021
785.374087         -30.182            -42.020
785.393380         -30.241            -42.019
785.412696         -30.301            -42.018
785.432034         -30.361            -42.017
785.451395         -30.420            -42.016
785.470779         -30.480            -42.015
785.490185         -30.539            -42.014
785.509613         -30.599            -42.013
785.529063         -30.659            -42.012
785.548536         -30.718            -42.011
785.568031         -30.778            -42.010
785.587548         -30.838            -42.009
785.607086         -30.897            -42.008
785.626647         -30.957            -42.007
785.646229         -31.017            -42.006
785.665833         -31.076            -42.005
785.685458         -31.136            -42.004
785.705105         -31.196            -42.003
785.724773         -31.255            -42.001
785.744463         -31.315            -42.000
785.764174         -31.375            -41.999
785.783906         -31.434            -41.998
785.803659         -31.494            -41.997
785.823433         -31.554            -41.996
785.843228         -31.613            -41.995
785.863044         -31.673            -41.994
785.882880         -31.732            -41.992
785.902737         -31.792            -41.991
785.922614         -31.852            -41.990
785.942512         -31.911            -41.989
785.962431         -31.971            -41.988
785.982369         -32.031            -41.987
786.002328         -32.090            -41.985
786.022307         -32.150            -41.984
786.042306         -32.210            -41.983
786.062325         -32.269            -41.982
786.082363         -32.329            -41.981
786.102422         -32.388            -41.979
786.122500         -32.448            -41.978
786.142598         -32.508            -41.977
786.162715         -32.567            -41.976
786.182851         -32.627            -41.974
786.203007         -32.687            -41.973
786.223182         -32.746            -41.972
786.243376         -32.806            -41.970
786.263590         -32.865            -41.969
786.283822         -32.925            -41.968
786.304073         -32.985            -41.967
786.324343         -33.044            -41.965
786.344631         -33.104            -41.964
786.364939         -33.164            -41.963
786.385264         -33.223            -41.961
786.405608         -33.283            -41.960
786.425971         -33.342            -41.959
786.446352         -33.402            -41.957
786.466751         -33.462            -41.956
786.487167         -33.521            -41.955
786.507602         -33.581            -41.953
786.528055         -33.640            -41.952
786.548526         -33.700            -41.950
786.569014         -33.760            -41.949
786.589520         -33.819            -41.948
786.610044         -33.879            -41.946
786.630585         -33.939            -41.945
786.651143         -33.998            -41.943
786.671719         -34.058            -41.942
786.692312         -34.117            -41.940
786.712921         -34.177            -41.939
786.733548         -34.237            -41.938
786.754192         -34.296            -41.936
786.774853         -34.356            -41.935
786.795530         -34.415            -41.933
786.816224         -34.475            -41.932
786.836935         -34.535            -41.930
786.857662         -34.594            -41.929
786.878405         -34.654            -41.927
786.899165         -34.713            -41.926
786.919941         -34.773            -41.924
786.940732         -34.833            -41.923
786.961540         -34.892            -41.921
786.982364         -34.952            -41.919
787.003204         -35.011            -41.918
787.024059         -35.071            -41.916
787.044931         -35.130            -41.915
787.065817         -35.190            -41.913
787.086719         -35.250            -41.912
787.107637         -35.309            -41.910
787.128570         -35.369            -41.908
787.149518         -35.428            -41.907
787.170481         -35.488            -41.905
787.191459         -35.548            -41.903
787.212452         -35.607            -41.902
787.233459         -35.667            -41.900
787.254482         -35.726            -41.898
787.275519         -35.786            -41.897
787.296571         -35.845            -41.895
787.317637         -35.905            -41.893
787.338718         -35.965            -41.892
787.359813         -36.024            -41.890
787.380922         -36.084            -41.888
787.402045         -36.143            -41.887
787.423182         -36.203            -41.885
787.444333         -36.262            -41.883
787.465498         -36.322            -41.881
787.486676         -36.382            -41.880
787.507868         -36.441            -41.878
787.529074         -36.501            -41.876
787.550293         -36.560            -41.874
787.571526         -36.620            -41.872
787.592772         -36.679            -41.871
787.614031         -36.739            -41.869
787.635303         -36.799            -41.867
787.656588         -36.858            -41.865
787.677886         -36.918            -41.863
787.699197         -36.977            -41.861
787.720520         -37.037            -41.860
787.741856         -37.096            -41.858
787.763205         -37.156            -41.856
787.784566         -37.215            -41.854
787.805939         -37.275            -41.852
787.827325         -37.335            -41.850
787.848722         -37.394            -41.848
787.870132         -37.454            -41.846
787.891554         -37.513            -41.844
787.912988         -37.573            -41.842
787.934433         -37.632            -41.840
787.955890         -37.692            -41.838
787.977359         -37.751            -41.836
787.998839         -37.811            -41.834
788.020330         -37.870            -41.832
788.041833         -37.930            -41.830
788.063347         -37.990            -41.828
788.084873         -38.049            -41.826
788.106409         -38.109            -41.824
788.127956         -38.168            -41.822
788.149514         -38.228            -41.820
788.171083         -38.287            -41.818
788.192662         -38.347            -41.816
788.214252         -38.406            -41.814
788.235853         -38.466            -41.812
788.257464         -38.525            -41.810
788.279085         -38.585            -41.808
788.300716         -38.644            -41.805
788.322358         -38.704            -41.803
788.344009         -38.763            -41.801
788.365670         -38.823            -41.799
788.387341         -38.882            -41.797
788.409022         -38.942            -41.795
788.430713         -39.002            -41.792
788.452413         -39.061            -41.790
788.474122         -39.121            -41.788
788.495841         -39.180            -41.786
788.517569         -39.240            -41.784
788.539306         -39.299            -41.781
788.561052         -39.359            -41.779
788.582807         -39.418            -41.777
788.604571         -39.478            -41.774
788.626344         -39.537            -41.772
788.648126         -39.597            -41.770
788.669916         -39.656            -41.768
788.691714         -39.716            -41.765
788.713521         -39.775            -41.763
788.735336         -39.835            -41.761
788.757160         -39.894            -41.758
788.778991         -39.954            -41.756
788.800831         -40.013            -41.753
788.822678         -40.073            -41.751
788.844533         -40.132            -41.749
788.866396         -40.192            -41.746
788.888267         -40.251            -41.744
788.910145         -40.311            -41.741
788.932031         -40.370            -41.739
788.953924         -40.430            -41.736
788.975824         -40.489            -41.734
788.997731         -40.549            -41.731
789.019646         -40.608            -41.729
789.041567         -40.668            -41.726
789.063495         -40.727            -41.724
789.085430         -40.787            -41.721
789.107372         -40.846            -41.719
789.129320         -40.906            -41.716
789.151275         -40.965            -41.714
789.173236         -41.025            -41.711
789.195204         -41.084            -41.709
789.217178         -41.144            -41.706
789.239157         -41.203            -41.703
789.261143         -41.263            -41.701
789.283135         -41.322            -41.698
789.305132         -41.382            -41.695
789.327136         -41.441            -41.693
789.349145         -41.500            -41.690
789.371159         -41.560            -41.687
789.393179         -41.619            -41.685
789.415204         -41.679            -41.682
789.437235         -41.738            -41.679
789.459270         -41.798            -41.676
789.481311         -41.857            -41.674
789.503357         -41.917            -41.671
789.525407         -41.976            -41.668
789.547462         -42.036            -41.665
789.569522         -42.095            -41.663
789.591587         -42.155            -41.660
789.613656         -42.214            -41.657
789.635729         -42.274            -41.654
789.657807         -42.333            -41.651
789.679889         -42.392            -41.648
789.701975         -42.452            -41.645
789.724065         -42.511            -41.643
789.746159         -42.571            -41.640
789.768256         -42.630            -41.637
789.790358         -42.690            -41.634
789.812463         -42.749            -41.631
789.834571         -42.809            -41.628
789.856683         -42.868            -41.625
789.878799         -42.928            -41.622
789.900917         -42.987            -41.619
789.923039         -43.046            -41.616
789.945164         -43.106            -41.613
789.967291         -43.165            -41.610
789.989422         -43.225            -41.607
790.011555         -43.284            -41.604
790.033691         -43.344            -41.600
790.055830         -43.403            -41.597
790.077971         -43.462            -41.594
790.100114         -43.522            -41.591
790.122260         -43.581            -41.588
790.144407         -43.641            -41.585
790.166557         -43.700            -41.582
790.188709         -43.760            -41.578
790.210863         -43.819            -41.575
790.233018         -43.879            -41.572
790.255176         -43.938            -41.569
790.277335         -43.997            -41.565
790.299495         -44.057            -41.562
790.321657         -44.116            -41.559
790.343820         -44.176            -41.556
790.365984         -44.235            -41.552
790.388150         -44.294            -41.549
790.410316         -44.354            -41.546
790.432483         -44.413            -41.542
790.454652         -44.473            -41.539
790.476821         -44.532            -41.536
790.498990         -44.592            -41.532
790.521160         -44.651            -41.529
790.543331         -44.710            -41.525
790.565502         -44.770            -41.522
790.587673         -44.829            -41.518
790.609845         -44.889            -41.515
790.632016         -44.948            -41.511
790.654187         -45.007            -41.508
790.676359         -45.067            -41.504
790.698530         -45.126            -41.501
790.720700         -45.186            -41.497
790.742871         -45.245            -41.494
790.765041         -45.304            -41.490
790.787210         -45.364            -41.486
790.809378         -45.423            -41.483
790.831546         -45.483            -41.479
790.853713         -45.542            -41.476
790.875878         -45.601            -41.472
790.898043         -45.661            -41.468
790.920207         -45.720            -41.464
790.942369         -45.780            -41.461
790.964530         -45.839            -41.457
790.986689         -45.898            -41.453
791.008847         -45.958            -41.449
791.031003         -46.017            -41.446
791.053158         -46.076            -41.442
791.075310         -46.136            -41.438
791.097461         -46.195            -41.434
791.119609         -46.255            -41.430
791.141756         -46.314            -41.426
791.163900         -46.373            -41.423
791.186042         -46.433            -41.419
791.208181         -46.492            -41.415
791.230318         -46.551            -41.411
791.252452         -46.611            -41.407
791.274583         -46.670            -41.403
791.296712         -46.730            -41.399
791.318838         -46.789            -41.395
791.340961         -46.848            -41.391
791.363080         -46.908            -41.387
791.385197         -46.967            -41.383
791.407310         -47.026            -41.379
791.429420         -47.086            -41.374
791.451526         -47.145            -41.370
791.473629         -47.204            -41.366
791.495728         -47.264            -41.362
791.517823         -47.323            -41.358
791.539914         -47.383            -41.354
791.562002         -47.442            -41.349
791.584085         -47.501            -41.345
791.606164         -47.561            -41.341
791.628239         -47.620            -41.337
791.650310         -47.679            -41.332
791.672376         -47.739            -41.328
791.694437         -47.798            -41.324
791.716494         -47.857            -41.319
791.738547         -47.917            -41.315
791.760594         -47.976            -41.311
791.782637         -48.035            -41.306
791.804674         -48.095            -41.302
791.826706         -48.154            -41.297
791.848734         -48.213            -41.293
791.870755         -48.273            -41.288
791.892772         -48.332            -41.284
791.914783         -48.391            -41.279
791.936788         -48.451            -41.275
791.958788         -48.510            -41.270
791.980782         -48.569            -41.265
792.002770         -48.629            -41.261
792.024752         -48.688            -41.256
792.046728         -48.747            -41.252
792.068698         -48.807            -41.247
792.090661         -48.866            -41.242
792.112618         -48.925            -41.237
792.134569         -48.985            -41.233
792.156513         -49.044            -41.228
792.178451         -49.103            -41.223
792.200382         -49.162            -41.218
792.222306         -49.222            -41.214
792.244223         -49.281            -41.209
792.266133         -49.340            -41.204
792.288036         -49.400            -41.199
792.309932         -49.459            -41.194
792.331820         -49.518            -41.189
792.353701         -49.578            -41.184
792.375575         -49.637            -41.179
792.397441         -49.696            -41.174
792.419299         -49.756            -41.169
792.441150         -49.815            -41.164
792.462992         -49.874            -41.159
792.484827         -49.933            -41.154
792.506654         -49.993            -41.149
792.528472         -50.052            -41.144
792.550283         -50.111            -41.139
792.572085         -50.171            -41.133
792.593878         -50.230            -41.128
792.615663         -50.289            -41.123
792.637439         -50.348            -41.118
792.659207         -50.408            -41.112
792.680966         -50.467            -41.107
792.702716         -50.526            -41.102
792.724457         -50.586            -41.096
792.746189         -50.645            -41.091
792.767911         -50.704            -41.086
792.789625         -50.763            -41.080
792.811329         -50.823            -41.075
792.833023         -50.882            -41.069
792.854708         -50.941            -41.064
792.876383         -51.000            -41.058
792.898049         -51.060            -41.053
792.919705         -51.119            -41.047
792.941350         -51.178            -41.042
792.962986         -51.237            -41.036
792.984612         -51.297            -41.030
793.006227         -51.356            -41.025
793.027832         -51.415            -41.019
793.049427         -51.474            -41.013
793.071011         -51.534            -41.008
793.092584         -51.593            -41.002
793.114147         -51.652            -40.996
793.135699         -51.711            -40.990
793.157241         -51.771            -40.984
793.178771         -51.830            -40.978
793.200290         -51.889            -40.973
793.221798         -51.948            -40.967
793.243295         -52.008            -40.961
793.264781         -52.067            -40.955
793.286255         -52.126            -40.949
793.307717         -52.185            -40.943
793.329168         -52.245            -40.937
793.350607         -52.304            -40.930
793.372035         -52.363            -40.924
793.393450         -52.422            -40.918
793.414854         -52.482            -40.912
793.436245         -52.541            -40.906
793.457625         -52.600            -40.900
793.478992         -52.659            -40.893
793.500346         -52.718            -40.887
793.521688         -52.778            -40.881
793.543018         -52.837            -40.874
793.564335         -52.896            -40.868
793.585639         -52.955            -40.862
793.606931         -53.015            -40.855
793.628210         -53.074            -40.849
793.649475         -53.133            -40.842
793.670728         -53.192            -40.836
793.691967         -53.251            -40.829
793.713193         -53.311            -40.823
793.734406         -53.370            -40.816
793.755605         -53.429            -40.809
793.776791         -53.488            -40.803
793.797963         -53.547            -40.796
793.819121         -53.607            -40.789
793.840265         -53.666            -40.783
793.861396         -53.725            -40.776
793.882513         -53.784            -40.769
793.903615         -53.843            -40.762
793.924703         -53.903            -40.755
793.945777         -53.962            -40.748
793.966837         -54.021            -40.741
793.987882         -54.080            -40.735
794.008913         -54.139            -40.728
794.029929         -54.198            -40.720
794.050930         -54.258            -40.713
794.071916         -54.317            -40.706
794.092888         -54.376            -40.699
794.113844         -54.435            -40.692
794.134785         -54.494            -40.685
794.155712         -54.553            -40.678
794.176622         -54.613            -40.670
794.197518         -54.672            -40.663
794.218398         -54.731            -40.656
794.239263         -54.790            -40.648
794.260111         -54.849            -40.641
794.280945         -54.908            -40.634
794.301762         -54.968            -40.626
794.322563         -55.027            -40.619
794.343349         -55.086            -40.611
794.364118         -55.145            -40.603
794.384871         -55.204            -40.596
794.405608         -55.263            -40.588
794.426329         -55.322            -40.581
794.447033         -55.382            -40.573
794.467720         -55.441            -40.565
794.488391         -55.500            -40.557
794.509046         -55.559            -40.550
794.529683         -55.618            -40.542
794.550303         -55.677            -40.534
794.570907         -55.736            -40.526
794.591493         -55.796            -40.518
794.612063         -55.855            -40.510
794.632615         -55.914            -40.502
794.653150         -55.973            -40.494
794.673667         -56.032            -40.486
794.694167         -56.091            -40.478
794.714649         -56.150            -40.469
794.735113         -56.209            -40.461
794.755560         -56.269            -40.453
794.775989         -56.328            -40.445
794.796400         -56.387            -40.436
794.816793         -56.446            -40.428
794.837167         -56.505            -40.420
794.857524         -56.564            -40.411
794.877862         -56.623            -40.403
794.898182         -56.682            -40.394
794.918483         -56.741            -40.385
794.938766         -56.800            -40.377
794.959030         -56.860            -40.368
794.979275         -56.919            -40.360
794.999502         -56.978            -40.351
795.019709         -57.037            -40.342
795.039898         -57.096            -40.333
795.060067         -57.155            -40.324
795.080218         -57.214            -40.315
795.100349         -57.273            -40.306
795.120460         -57.332            -40.298
795.140552         -57.391            -40.288
795.160625         -57.450            -40.279
795.180678         -57.509            -40.270
795.200712         -57.569            -40.261
795.220725         -57.628            -40.252
795.240719         -57.687            -40.243
795.260693         -57.746            -40.233
795.280646         -57.805            -40.224
795.300580         -57.864            -40.215
795.320493         -57.923            -40.205
795.340387         -57.982            -40.196
795.360259         -58.041            -40.186
795.380111         -58.100            -40.177
795.399943         -58.159            -40.167
795.419754         -58.218            -40.158
795.439544         -58.277            -40.148
795.459314         -58.336            -40.138
795.479062         -58.395            -40.128
795.498790         -58.454            -40.119
795.518496         -58.513            -40.109
795.538182         -58.572            -40.099
795.557846         -58.631            -40.089
795.577488         -58.690            -40.079
795.597110         -58.749            -40.069
795.616710         -58.809            -40.059
795.636288         -58.868            -40.048
795.655845         -58.927            -40.038
795.675379         -58.986            -40.028
795.694892         -59.045            -40.018
795.714383         -59.104            -40.007
795.733853         -59.163            -39.997
795.753300         -59.222            -39.986
795.772724         -59.281            -39.976
795.792127         -59.340            -39.965
795.811507         -59.399            -39.955
795.830865         -59.458            -39.944
795.850200         -59.517            -39.933
795.869513         -59.576            -39.923
795.888803         -59.635            -39.912
795.908071         -59.694            -39.901
795.927315         -59.753            -39.890
795.946537         -59.812            -39.879
795.965735         -59.871            -39.868
795.984911         -59.930            -39.857
796.004063         -59.989            -39.846
796.023192         -60.048            -39.835
796.042298         -60.107            -39.823
796.061380         -60.165            -39.812
796.080439         -60.224            -39.801
796.099474         -60.283            -39.789
796.118486         -60.342            -39.778
796.137473         -60.401            -39.766
796.156437         -60.460            -39.755
796.175378         -60.519            -39.743
796.194294         -60.578            -39.731
796.213186         -60.637            -39.720
796.232054         -60.696            -39.708
796.250897         -60.755            -39.696
796.269717         -60.814            -39.684
796.288512         -60.873            -39.672
796.307282         -60.932            -39.660
796.326028         -60.991            -39.648
796.344749         -61.050            -39.636
796.363446         -61.109            -39.623
796.382118         -61.168            -39.611
796.400764         -61.227            -39.599
796.419386         -61.285            -39.586
796.437983         -61.344            -39.574
796.456555         -61.403            -39.561
796.475102         -61.462            -39.549
796.493623         -61.521            -39.536
796.512119         -61.580            -39.523
796.530589         -61.639            -39.511
796.549034         -61.698            -39.498
796.567454         -61.757            -39.485
796.585847         -61.816            -39.472
796.604215         -61.875            -39.459
796.622557         -61.933            -39.446
796.640874         -61.992            -39.432
796.659164         -62.051            -39.419
796.677428         -62.110            -39.406
796.695666         -62.169            -39.393
796.713878         -62.228            -39.379
796.732063         -62.287            -39.366
796.750222         -62.346            -39.352
796.768355         -62.405            -39.338
796.786461         -62.463            -39.325
796.804540         -62.522            -39.311
796.822593         -62.581            -39.297
796.840619         -62.640            -39.283
796.858618         -62.699            -39.269
796.876590         -62.758            -39.255
796.894535         -62.817            -39.241
796.912454         -62.875            -39.226
796.930344         -62.934            -39.212
796.948208         -62.993            -39.198
796.966045         -63.052            -39.183
796.983854         -63.111            -39.169
797.001635         -63.170            -39.154
797.019389         -63.228            -39.139
797.037115         -63.287            -39.125
797.054814         -63.346            -39.110
797.072485         -63.405            -39.095
797.090128         -63.464            -39.080
797.107743         -63.522            -39.065
797.125330         -63.581            -39.050
797.142889         -63.640            -39.034
797.160420         -63.699            -39.019
797.177923         -63.758            -39.004
797.195397         -63.817            -38.988
797.212843         -63.875            -38.973
797.230260         -63.934            -38.957
797.247649         -63.993            -38.941
797.265010         -64.052            -38.925
797.282342         -64.110            -38.909
797.299644         -64.169            -38.893
797.316919         -64.228            -38.877
797.334164         -64.287            -38.861
797.351380         -64.346            -38.845
797.368567         -64.404            -38.829
797.385725         -64.463            -38.812
797.402854         -64.522            -38.796
797.419954         -64.581            -38.779
797.437024         -64.639            -38.762
797.454065         -64.698            -38.746
797.471076         -64.757            -38.729
797.488058         -64.816            -38.712
797.505010         -64.874            -38.695
797.521933         -64.933            -38.678
797.538825         -64.992            -38.660
797.555688         -65.050            -38.643
797.572521         -65.109            -38.626
797.589324         -65.168            -38.608
797.606096         -65.227            -38.591
797.622839         -65.285            -38.573
797.639552         -65.344            -38.555
797.656234         -65.403            -38.537
797.672885         -65.461            -38.519
797.689507         -65.520            -38.501
797.706098         -65.579            -38.483
797.722658         -65.638            -38.464
797.739188         -65.696            -38.446
797.755686         -65.755            -38.428
797.772155         -65.814            -38.409
797.788592         -65.872            -38.390
797.804998         -65.931            -38.371
797.821373         -65.990            -38.352
797.837718         -66.048            -38.333
797.854031         -66.107            -38.314
797.870313         -66.166            -38.295
797.886563         -66.224            -38.276
797.902783         -66.283            -38.256
797.918970         -66.342            -38.237
797.935127         -66.400            -38.217
797.951252         -66.459            -38.197
797.967345         -66.517            -38.177
797.983406         -66.576            -38.157
797.999436         -66.635            -38.137
798.015434         -66.693            -38.117
798.031400         -66.752            -38.096
798.047334         -66.810            -38.076
798.063236         -66.869            -38.055
798.079106         -66.928            -38.035
798.094943         -66.986            -38.014
798.110749         -67.045            -37.993
798.126522         -67.103            -37.972
798.142262         -67.162            -37.950
798.157971         -67.221            -37.929
798.173646         -67.279            -37.908
798.189290         -67.338            -37.886
798.204900         -67.396            -37.864
798.220478         -67.455            -37.843
798.236023         -67.513            -37.821
798.251535         -67.572            -37.798
798.267014         -67.630            -37.776
798.282460         -67.689            -37.754
798.297874         -67.748            -37.731
798.313254         -67.806            -37.709
798.328601         -67.865            -37.686
798.343914         -67.923            -37.663
798.359195         -67.982            -37.640
798.374442         -68.040            -37.617
798.389655         -68.099            -37.594
798.404835         -68.157            -37.570
798.419981         -68.216            -37.547
798.435094         -68.274            -37.523
798.450173         -68.333            -37.499
798.465219         -68.391            -37.475
798.480230         -68.450            -37.451
798.495207         -68.508            -37.426
798.510151         -68.566            -37.402
798.525061         -68.625            -37.377
798.539936         -68.683            -37.353
798.554777         -68.742            -37.328
798.569584         -68.800            -37.303
798.584357         -68.859            -37.278
798.599096         -68.917            -37.252
798.613800         -68.976            -37.227
798.628469         -69.034            -37.201
798.643104         -69.092            -37.175
798.657705         -69.151            -37.149
798.672270         -69.209            -37.123
798.686801         -69.268            -37.097
798.701298         -69.326            -37.070
798.715759         -69.384            -37.043
798.730185         -69.443            -37.017
798.744577         -69.501            -36.990
798.758933         -69.559            -36.962
798.773255         -69.618            -36.935
798.787541         -69.676            -36.908
798.801792         -69.735            -36.880
798.816008         -69.793            -36.852
798.830188         -69.851            -36.824
798.844333         -69.910            -36.796
798.858442         -69.968            -36.767
798.872516         -70.026            -36.739
798.886555         -70.084            -36.710
798.900557         -70.143            -36.681
798.914524         -70.201            -36.652
798.928456         -70.259            -36.623
798.942351         -70.318            -36.593
798.956210         -70.376            -36.563
798.970034         -70.434            -36.534
798.983822         -70.492            -36.503
798.997573         -70.551            -36.473
799.011288         -70.609            -36.443
799.024968         -70.667            -36.412
799.038611         -70.725            -36.381
799.052217         -70.784            -36.350
799.065788         -70.842            -36.319
799.079322         -70.900            -36.287
799.092819         -70.958            -36.255
799.106280         -71.016            -36.224
799.119704         -71.075            -36.191
799.133092         -71.133            -36.159
799.146443         -71.191            -36.126
799.159757         -71.249            -36.094
799.173034         -71.307            -36.061
799.186275         -71.365            -36.027
799.199478         -71.424            -35.994
799.212645         -71.482            -35.960
799.225774         -71.540            -35.926
799.238867         -71.598            -35.892
799.251922         -71.656            -35.858
799.264940         -71.714            -35.823
799.277921         -71.772            -35.788
799.290864         -71.830            -35.753
799.303770         -71.888            -35.718
799.316639         -71.947            -35.682
799.329470         -72.005            -35.646
799.342264         -72.063            -35.610
799.355020         -72.121            -35.574
799.367738         -72.179            -35.537
799.380418         -72.237            -35.500
799.393061         -72.295            -35.463
799.405666         -72.353            -35.426
799.418233         -72.411            -35.388
799.430763         -72.469            -35.350
799.443254         -72.527            -35.312
799.455707         -72.585            -35.274
799.468122         -72.643            -35.235
799.480499         -72.701            -35.196
799.492838         -72.759            -35.157
799.505138         -72.816            -35.117
799.517401         -72.874            -35.077
799.529625         -72.932            -35.037
799.541810         -72.990            -34.997
799.553957         -73.048            -34.956
799.566065         -73.106            -34.915
799.578135         -73.164            -34.874
799.590167         -73.222            -34.832
799.602159         -73.280            -34.790
799.614113         -73.337            -34.748
799.626028         -73.395            -34.705
799.637905         -73.453            -34.662
799.649742         -73.511            -34.619
799.661541         -73.569            -34.575
799.673300         -73.626            -34.532
799.685021         -73.684            -34.487
799.696702         -73.742            -34.443
799.708345         -73.800            -34.398
799.719948         -73.857            -34.353
799.731512         -73.915            -34.307
799.743036         -73.973            -34.261
799.754522         -74.031            -34.215
799.765968         -74.088            -34.168
799.777374         -74.146            -34.121
799.788742         -74.204            -34.074
799.800069         -74.261            -34.026
799.811357         -74.319            -33.978
799.822605         -74.377            -33.930
799.833814         -74.434            -33.881
799.844983         -74.492            -33.832
799.856113         -74.549            -33.782
799.867202         -74.607            -33.732
799.878252         -74.664            -33.682
799.889261         -74.722            -33.631
799.900231         -74.780            -33.580
799.911161         -74.837            -33.528
799.922051         -74.895            -33.476
799.932900         -74.952            -33.424
799.943710         -75.009            -33.371
799.954479         -75.067            -33.318
799.965208         -75.124            -33.264
799.975897         -75.182            -33.210
799.986545         -75.239            -33.155
799.997153         -75.297            -33.100
800.007721         -75.354            -33.044
800.018248         -75.411            -32.989
800.028735         -75.469            -32.932
800.039181         -75.526            -32.875
800.049587         -75.583            -32.818
800.059952         -75.641            -32.760
800.070276         -75.698            -32.702
800.080560         -75.755            -32.643
800.090802         -75.813            -32.583
800.101004         -75.870            -32.524
800.111166         -75.927            -32.463
800.121286         -75.984            -32.402
800.131365         -76.041            -32.341
800.141403         -76.099            -32.279
800.151401         -76.156            -32.217
800.161357         -76.213            -32.154
800.171272         -76.270            -32.090
800.181146         -76.327            -32.026
800.190979         -76.384            -31.961
800.200770         -76.441            -31.896
800.210520         -76.498            -31.830
800.220229         -76.555            -31.764
800.229897         -76.612            -31.697
800.239523         -76.669            -31.629
800.249107         -76.726            -31.561
800.258650         -76.783            -31.492
800.268152         -76.840            -31.423
800.277612         -76.897            -31.353
800.287030         -76.954            -31.282
800.296407         -77.011            -31.211
800.305742         -77.067            -31.139
800.315036         -77.124            -31.066
800.324287         -77.181            -30.993
800.333497         -77.238            -30.919
800.342665         -77.294            -30.845
800.351791         -77.351            -30.769
800.360875         -77.408            -30.693
800.369917         -77.464            -30.616
800.378917         -77.521            -30.539
800.387875         -77.578            -30.461
800.396791         -77.634            -30.382
800.405665         -77.691            -30.302
800.414497         -77.747            -30.222
800.423286         -77.804            -30.140
800.432033         -77.860            -30.058
800.440738         -77.917            -29.975
800.449401         -77.973            -29.892
800.458021         -78.030            -29.807
800.466599         -78.086            -29.722
800.475135         -78.142            -29.636
800.483628         -78.199            -29.549
800.492078         -78.255            -29.461
800.500486         -78.311            -29.373
800.508851         -78.367            -29.283
800.517174         -78.424            -29.193
800.525454         -78.480            -29.101
800.533692         -78.536            -29.009
800.541887         -78.592            -28.916
800.550039         -78.648            -28.821
800.558148         -78.704            -28.726
800.566215         -78.760            -28.630
800.574238         -78.816            -28.533
800.582219         -78.872            -28.435
800.590157         -78.928            -28.336
800.598051         -78.984            -28.236
800.605903         -79.039            -28.134
800.613712         -79.095            -28.032
800.621478         -79.151            -27.929
800.629201         -79.207            -27.824
800.636880         -79.262            -27.719
800.644517         -79.318            -27.612
800.652110         -79.374            -27.504
800.659660         -79.429            -27.395
800.667166         -79.485            -27.285
800.674630         -79.540            -27.173
800.682050         -79.596            -27.061
800.689427         -79.651            -26.947
800.696760         -79.706            -26.832
800.704050         -79.762            -26.716
800.711297         -79.817            -26.598
800.718500         -79.872            -26.479
800.725660         -79.927            -26.359
800.732776         -79.982            -26.237
800.739848         -80.037            -26.114
800.746877         -80.092            -25.989
800.753862         -80.147            -25.863
800.760804         -80.202            -25.736
800.767702         -80.257            -25.607
800.774556         -80.312            -25.477
800.781367         -80.367            -25.345
800.788133         -80.421            -25.212
800.794856         -80.476            -25.077
800.801535         -80.531            -24.941
800.808171         -80.585            -24.802
800.814762         -80.640            -24.663
800.821309         -80.694            -24.521
800.827813         -80.748            -24.378
800.834272         -80.803            -24.233
800.840688         -80.857            -24.087
800.847059         -80.911            -23.938
800.853387         -80.965            -23.788
800.859670         -81.019            -23.636
800.865909         -81.073            -23.482
800.872105         -81.127            -23.326
800.878255         -81.181            -23.169
800.884362         -81.235            -23.009
800.890425         -81.288            -22.847
800.896443         -81.342            -22.684
800.902417         -81.395            -22.518
800.908347         -81.449            -22.350
800.914232         -81.502            -22.180
800.920073         -81.556            -22.007
800.925870         -81.609            -21.833
800.931622         -81.662            -21.656
800.937330         -81.715            -21.477
800.942994         -81.768            -21.296
800.948613         -81.821            -21.112
800.954187         -81.874            -20.926
800.959717         -81.927            -20.737
800.965203         -81.979            -20.546
800.970644         -82.032            -20.352
800.976040         -82.084            -20.156
800.981392         -82.136            -19.957
800.986699         -82.189            -19.755
800.991961         -82.241            -19.550
800.997179         -82.293            -19.343
801.002352         -82.345            -19.133
801.007480         -82.397            -18.920
801.012564         -82.448            -18.704
801.017603         -82.500            -18.485
801.022597         -82.551            -18.263
801.027546         -82.603            -18.038
801.032451         -82.654            -17.809
801.037310         -82.705            -17.577
801.042125         -82.756            -17.343
801.046895         -82.807            -17.104
801.051620         -82.858            -16.862
801.056300         -82.909            -16.617
801.060935         -82.959            -16.368
801.065525         -83.009            -16.116
801.070070         -83.060            -15.860
801.074570         -83.110            -15.600
801.079025         -83.160            -15.336
801.083435         -83.209            -15.068
801.087800         -83.259            -14.797
801.092120         -83.308            -14.521
801.096394         -83.358            -14.241
801.100624         -83.407            -13.957
801.104809         -83.456            -13.669
801.108948         -83.505            -13.376
801.113042         -83.553            -13.079
801.117091         -83.602            -12.777
801.121095         -83.650            -12.470
801.125053         -83.698            -12.159
801.128966         -83.746            -11.843
801.132834         -83.793            -11.522
801.136657         -83.841            -11.196
801.140435         -83.888            -10.866
801.144167         -83.935            -10.529
801.147854         -83.982            -10.188
801.151495         -84.029            -9.841
801.155091         -84.075            -9.489
801.158642         -84.121            -9.131
801.162147         -84.167            -8.767
801.165607         -84.213            -8.398
801.169022         -84.258            -8.022
801.172391         -84.303            -7.641
801.175714         -84.348            -7.254
801.178993         -84.393            -6.860
801.182225         -84.437            -6.460
801.185412         -84.481            -6.053
801.188554         -84.525            -5.640
801.191650         -84.569            -5.220
801.194701         -84.612            -4.794
801.197706         -84.655            -4.360
801.200666         -84.698            -3.920
801.203580         -84.740            -3.472
801.206448         -84.782            -3.017
801.209271         -84.823            -2.555
801.212048         -84.865            -2.085
801.214780         -84.906            -1.607
801.217466         -84.946            -1.122
801.220106         -84.986            -0.629
801.222701         -85.026            -0.128
801.225250         -85.065            0.381
801.227753         -85.104            0.898
801.230211         -85.143            1.424
801.232623         -85.181            1.958
801.234989         -85.219            2.501
801.237310         -85.256            3.052
801.239584         -85.293            3.612
801.241813         -85.329            4.181
801.243997         -85.365            4.758
801.246134         -85.401            5.345
801.248226         -85.436            5.941
801.250272         -85.470            6.546
801.252273         -85.504            7.160
801.254227         -85.537            7.783
801.256136         -85.570            8.416
801.257999         -85.602            9.058
801.259816         -85.634            9.710
801.261587         -85.665            10.371
801.263312         -85.696            11.042
801.264992         -85.726            11.722
801.266626         -85.755            12.412
801.268213         -85.784            13.111
801.269756         -85.812            13.820
801.271252         -85.839            14.538
801.272702         -85.866            15.266
801.274106         -85.892            16.003
801.275465         -85.917            16.750
801.276778         -85.942            17.506
801.278044         -85.966            18.270
801.279265         -85.989            19.044
801.280440         -86.012            19.827
801.281569         -86.033            20.618
801.282652         -86.054            21.418
801.283690         -86.074            22.227
801.284681         -86.094            23.044
801.285626         -86.112            23.868
801.286526         -86.130            24.701
801.287379         -86.147            25.541
801.288187         -86.163            26.388
801.288948         -86.178            27.242
801.289664         -86.192            28.102
801.290334         -86.206            28.970
801.290957         -86.218            29.843
801.291535         -86.230            30.721
801.292067         -86.241            31.605
801.292553         -86.251            32.494
801.292993         -86.260            33.387
801.293387         -86.268            34.285
801.293735         -86.275            35.186
801.294037         -86.281            36.090
801.294293         -86.286            36.998
801.294503         -86.291            37.907
801.294667         -86.294            38.818
801.294785         -86.297            39.731
801.294857         -86.298            40.645
801.294884         -86.299            41.559
801.294864         -86.298            42.474
801.294798         -86.297            43.388
801.294686         -86.295            44.301
801.294529         -86.291            45.212
801.294325         -86.287            46.122
801.294076         -86.282            47.030
801.293780         -86.276            47.934
801.293438         -86.269            48.836
801.293051         -86.261            49.734
801.292617         -86.252            50.628
801.292138         -86.242            51.517
801.291613         -86.232            52.402
801.291041         -86.220            53.282
801.290424         -86.208            54.155
801.289761         -86.194            55.023
801.289051         -86.180            55.885
801.288296         -86.165            56.740
801.287495         -86.149            57.588
801.286648         -86.132            58.429
801.285755         -86.115            59.263
801.284816         -86.096            60.088
801.283831         -86.077            60.906
801.282801         -86.057            61.716
801.281724         -86.036            62.517
801.280601         -86.015            63.310
801.279433         -85.992            64.094
801.278218         -85.969            64.869
801.276958         -85.945            65.635
801.275652         -85.921            66.392
801.274300         -85.896            67.140
801.272902         -85.870            67.878
801.271458         -85.843            68.607
801.269968         -85.816            69.327
801.268433         -85.788            70.037
801.266851         -85.759            70.738
801.265224         -85.730            71.429
801.263551         -85.700            72.110
801.261832         -85.670            72.782
801.260067         -85.639            73.445
801.258256         -85.607            74.098
801.256400         -85.575            74.741
801.254498         -85.542            75.376
801.252550         -85.509            76.000
801.250556         -85.475            76.616
801.248516         -85.440            77.222
801.246431         -85.406            77.819
801.244299         -85.370            78.407
801.242123         -85.334            78.986
801.239900         -85.298            79.556
801.237632         -85.261            80.117
801.235317         -85.224            80.670
801.232958         -85.186            81.213
801.230552         -85.148            81.749
801.228101         -85.110            82.275
801.225604         -85.071            82.794
801.223061         -85.032            83.304
801.220473         -84.992            83.806
801.217839         -84.952            84.301
801.215159         -84.911            84.787
801.212434         -84.870            85.265
801.209663         -84.829            85.736
801.206847         -84.788            86.200
801.203985         -84.746            86.656
801.201077         -84.703            87.104
801.198124         -84.661            87.546
801.195125         -84.618            87.980
801.192081         -84.575            88.408
801.188991         -84.531            88.829
801.185856         -84.488            89.243
801.182675         -84.444            89.650
801.179449         -84.399            90.051
801.176177         -84.355            90.446
801.172860         -84.310            90.834
801.169497         -84.265            91.216
801.166089         -84.219            91.592
801.162635         -84.174            91.963
801.159137         -84.128            92.327
801.155592         -84.082            92.686
801.152002         -84.035            93.039
801.148367         -83.989            93.387
801.144687         -83.942            93.729
801.140961         -83.895            94.066
801.137190         -83.848            94.397
801.133374         -83.800            94.724
801.129512         -83.752            95.046
801.125605         -83.705            95.362
801.121653         -83.657            95.674
801.117656         -83.608            95.981
801.113613         -83.560            96.284
801.109525         -83.511            96.582
801.105392         -83.463            96.875
801.101214         -83.414            97.164
801.096991         -83.365            97.449
801.092722         -83.315            97.729
801.088409         -83.266            98.005
801.084050         -83.216            98.278
801.079647         -83.167            98.546
801.075198         -83.117            98.810
801.070704         -83.067            99.071
801.066165         -83.016            99.327
801.061582         -82.966            99.580
801.056953         -82.916            99.830
801.052279         -82.865            100.075
801.047561         -82.814            100.318
801.042797         -82.763            100.556
801.037989         -82.712            100.792
801.033135         -82.661            101.024
801.028237         -82.610            101.253
801.023294         -82.559            101.478
801.018306         -82.507            101.701
801.013274         -82.456            101.920
801.008197         -82.404            102.137
801.003075         -82.352            102.350
800.997908         -82.300            102.561
800.992696         -82.248            102.769
800.987440         -82.196            102.973
800.982139         -82.144            103.176
800.976794         -82.091            103.375
800.971404         -82.039            103.572
800.965969         -81.987            103.766
800.960490         -81.934            103.957
800.954966         -81.881            104.146
800.949398         -81.828            104.333
800.943785         -81.776            104.517
800.938128         -81.723            104.699
800.932426         -81.670            104.878
800.926680         -81.616            105.055
800.920890         -81.563            105.230
800.915055         -81.510            105.403
800.909175         -81.456            105.573
800.903252         -81.403            105.741
800.897284         -81.349            105.908
800.891272         -81.296            106.072
800.885216         -81.242            106.234
800.879115         -81.188            106.394
800.872970         -81.135            106.552
800.866781         -81.081            106.708
800.860548         -81.027            106.862
800.854271         -80.973            107.014
800.847950         -80.919            107.165
800.841585         -80.864            107.313
800.835175         -80.810            107.460
800.828722         -80.756            107.605
800.822225         -80.702            107.748
800.815683         -80.647            107.890
800.809098         -80.593            108.030
800.802469         -80.538            108.168
800.795796         -80.484            108.305
800.789080         -80.429            108.440
800.782319         -80.374            108.574
800.775515         -80.320            108.706
800.768667         -80.265            108.836
800.761775         -80.210            108.965
800.754839         -80.155            109.093
800.747860         -80.100            109.219
800.740837         -80.045            109.343
800.733771         -79.990            109.467
800.726661         -79.935            109.589
800.719507         -79.880            109.709
800.712310         -79.825            109.828
800.705070         -79.769            109.946
800.697786         -79.714            110.063
800.690459         -79.659            110.178
800.683088         -79.603            110.292
800.675674         -79.548            110.405
800.668216         -79.492            110.516
800.660716         -79.437            110.627
800.653172         -79.381            110.736
800.645585         -79.326            110.844
800.637954         -79.270            110.951
800.630281         -79.215            111.057
800.622564         -79.159            111.161
800.614804         -79.103            111.265
800.607002         -79.047            111.367
800.599156         -78.992            111.469
800.591267         -78.936            111.569
800.583335         -78.880            111.668
800.575361         -78.824            111.766
800.567343         -78.768            111.864
800.559283         -78.712            111.960
800.551179         -78.656            112.055
800.543033         -78.600            112.150
800.534845         -78.544            112.243
800.526613         -78.488            112.335
800.518339         -78.431            112.427
800.510022         -78.375            112.517
800.501663         -78.319            112.607
800.493261         -78.263            112.696
800.484816         -78.207            112.784
800.476329         -78.150            112.871
800.467799         -78.094            112.957
800.459228         -78.038            113.043
800.450613         -77.981            113.127
800.441956         -77.925            113.211
800.433257         -77.868            113.294
800.424516         -77.812            113.376
800.415733         -77.755            113.457
800.406907         -77.699            113.538
800.398039         -77.642            113.618
800.389129         -77.586            113.697
800.380177         -77.529            113.775
800.371183         -77.472            113.853
800.362146         -77.416            113.930
800.353068         -77.359            114.006
800.343948         -77.302            114.081
800.334786         -77.246            114.156
800.325582         -77.189            114.230
800.316336         -77.132            114.303
800.307049         -77.075            114.376
800.297720         -77.019            114.448
800.288349         -76.962            114.520
800.278936         -76.905            114.590
800.269482         -76.848            114.660
800.259986         -76.791            114.730
800.250449         -76.734            114.799
800.240870         -76.677            114.867
800.231250         -76.620            114.935
800.221588         -76.563            115.002
800.211885         -76.506            115.068
800.202141         -76.449            115.134
800.192355         -76.392            115.199
800.182528         -76.335            115.264
800.172660         -76.278            115.328
800.162751         -76.221            115.392
800.152800         -76.164            115.455
800.142809         -76.107            115.517
800.132776         -76.049            115.579
800.122703         -75.992            115.641
800.112588         -75.935            115.702
800.102433         -75.878            115.762
800.092237         -75.821            115.822
800.082000         -75.763            115.882
800.071722         -75.706            115.940
800.061403         -75.649            115.999
800.051044         -75.591            116.057
800.040644         -75.534            116.114
800.030203         -75.477            116.171
800.019722         -75.419            116.228
800.009201         -75.362            116.284
799.998639         -75.305            116.339
799.988036         -75.247            116.394
799.977394         -75.190            116.449
799.966710         -75.132            116.503
799.955987         -75.075            116.557
799.945223         -75.018            116.611
799.934419         -74.960            116.663
799.923576         -74.903            116.716
799.912691         -74.845            116.768
799.901767         -74.788            116.820
799.890803         -74.730            116.871
799.879799         -74.673            116.922
799.868755         -74.615            116.972
799.857671         -74.557            117.022
799.846547         -74.500            117.072
799.835384         -74.442            117.121
799.824181         -74.385            117.170
799.812938         -74.327            117.219
799.801656         -74.269            117.267
799.790334         -74.212            117.315
799.778972         -74.154            117.362
799.767571         -74.096            117.409
799.756130         -74.039            117.456
799.744651         -73.981            117.502
799.733131         -73.923            117.548
799.721573         -73.866            117.593
799.709975         -73.808            117.639
799.698339         -73.750            117.684
799.686663         -73.692            117.728
799.674947         -73.635            117.772
799.663193         -73.577            117.816
799.651400         -73.519            117.860
799.639568         -73.461            117.903
799.627697         -73.403            117.946
799.615788         -73.345            117.989
799.603839         -73.288            118.031
799.591852         -73.230            118.073
799.579826         -73.172            118.115
799.567762         -73.114            118.156
799.555659         -73.056            118.197
799.543517         -72.998            118.238
799.531337         -72.940            118.279
799.519118         -72.883            118.319
799.506862         -72.825            118.359
799.494566         -72.767            118.398
799.482233         -72.709            118.438
799.469861         -72.651            118.477
799.457452         -72.593            118.515
799.445004         -72.535            118.554
799.432518         -72.477            118.592
799.419994         -72.419            118.630
799.407432         -72.361            118.668
799.394833         -72.303            118.705
799.382195         -72.245            118.742
799.369520         -72.187            118.779
799.356807         -72.129            118.816
799.344056         -72.071            118.852
799.331268         -72.013            118.888
799.318442         -71.955            118.924
799.305578         -71.897            118.960
799.292678         -71.839            118.995
799.279739         -71.780            119.030
799.266764         -71.722            119.065
799.253751         -71.664            119.100
799.240701         -71.606            119.134
799.227614         -71.548            119.169
799.214490         -71.490            119.203
799.201328         -71.432            119.236
799.188130         -71.374            119.270
799.174895         -71.315            119.303
799.161622         -71.257            119.336
799.148313         -71.199            119.369
799.134968         -71.141            119.402
799.121585         -71.083            119.434
799.108166         -71.025            119.466
799.094710         -70.966            119.498
799.081218         -70.908            119.530
799.067689         -70.850            119.561
799.054124         -70.792            119.593
799.040522         -70.734            119.624
799.026884         -70.675            119.655
799.013210         -70.617            119.686
798.999500         -70.559            119.716
798.985754         -70.501            119.746
798.971971         -70.442            119.776
798.958153         -70.384            119.806
798.944298         -70.326            119.836
798.930408         -70.268            119.866
798.916481         -70.209            119.895
798.902519         -70.151            119.924
798.888522         -70.093            119.953
798.874488         -70.034            119.982
798.860419         -69.976            120.011
798.846315         -69.918            120.039
798.832175         -69.859            120.067
798.818000         -69.801            120.095
798.803789         -69.743            120.123
798.789543         -69.684            120.151
798.775262         -69.626            120.178
798.760945         -69.568            120.206
798.746594         -69.509            120.233
798.732207         -69.451            120.260
798.717786         -69.393            120.287
798.703329         -69.334            120.313
798.688838         -69.276            120.340
798.674312         -69.217            120.366
798.659751         -69.159            120.393
798.645155         -69.101            120.419
798.630525         -69.042            120.444
798.615860         -68.984            120.470
798.601161         -68.925            120.496
798.586428         -68.867            120.521
798.571660         -68.808            120.546
798.556857         -68.750            120.571
798.542021         -68.692            120.596
798.527150         -68.633            120.621
798.512245         -68.575            120.646
798.497307         -68.516            120.670
798.482334         -68.458            120.695
798.467327         -68.399            120.719
798.452287         -68.341            120.743
798.437212         -68.282            120.767
798.422104         -68.224            120.790
798.406963         -68.165            120.814
798.391787         -68.107            120.837
798.376579         -68.048            120.861
798.361336         -67.990            120.884
798.346061         -67.931            120.907
798.330752         -67.873            120.930
798.315409         -67.814            120.953
798.300034         -67.756            120.975
798.284625         -67.697            120.998
798.269184         -67.639            121.020
798.253709         -67.580            121.042
798.238202         -67.522            121.065
798.222661         -67.463            121.087
798.207088         -67.405            121.108
798.191482         -67.346            121.130
798.175844         -67.287            121.152
798.160172         -67.229            121.173
798.144469         -67.170            121.195
798.128733         -67.112            121.216
798.112964         -67.053            121.237
798.097163         -66.994            121.258
798.081330         -66.936            121.279
798.065465         -66.877            121.300
798.049567         -66.819            121.320
798.033638         -66.760            121.341
798.017676         -66.701            121.361
798.001683         -66.643            121.381
797.985658         -66.584            121.401
797.969601         -66.526            121.422
797.953512         -66.467            121.441
797.937392         -66.408            121.461
797.921240         -66.350            121.481
797.905056         -66.291            121.501
797.888841         -66.232            121.520
797.872595         -66.174            121.539
797.856318         -66.115            121.559
797.840009         -66.056            121.578
797.823669         -65.998            121.597
797.807298         -65.939            121.616
797.790896         -65.881            121.635
797.774463         -65.822            121.653
797.757999         -65.763            121.672
797.741505         -65.704            121.691
797.724979         -65.646            121.709
797.708423         -65.587            121.727
797.691837         -65.528            121.746
797.675220         -65.470            121.764
797.658572         -65.411            121.782
797.641894         -65.352            121.800
797.625186         -65.294            121.817
797.608448         -65.235            121.835
797.591679         -65.176            121.853
797.574881         -65.117            121.870
797.558052         -65.059            121.888
797.541193         -65.000            121.905
797.524305         -64.941            121.922
797.507387         -64.883            121.940
797.490439         -64.824            121.957
797.473461         -64.765            121.974
797.456454         -64.706            121.990
797.439417         -64.648            122.007
797.422351         -64.589            122.024
797.405256         -64.530            122.041
797.388131         -64.471            122.057
797.370977         -64.413            122.073
797.353794         -64.354            122.090
797.336582         -64.295            122.106
797.319340         -64.236            122.122
797.302070         -64.177            122.138
797.284771         -64.119            122.154
797.267444         -64.060            122.170
797.250087         -64.001            122.186
797.232703         -63.942            122.202
797.215289         -63.884            122.217
797.197847         -63.825            122.233
797.180377         -63.766            122.249
797.162878         -63.707            122.264
797.145351         -63.648            122.279
797.127796         -63.590            122.295
797.110213         -63.531            122.310
797.092602         -63.472            122.325
797.074963         -63.413            122.340
797.057296         -63.354            122.355
797.039601         -63.295            122.370
797.021878         -63.237            122.384
797.004128         -63.178            122.399
796.986351         -63.119            122.414
796.968545         -63.060            122.428
796.950713         -63.001            122.443
796.932853         -62.942            122.457
796.914966         -62.884            122.471
796.897052         -62.825            122.486
796.879110         -62.766            122.500
796.861142         -62.707            122.514
796.843146         -62.648            122.528
796.825124         -62.589            122.542
796.807075         -62.530            122.556
796.789000         -62.472            122.570
796.770897         -62.413            122.583
796.752768         -62.354            122.597
796.734613         -62.295            122.611
796.716431         -62.236            122.624
796.698223         -62.177            122.638
796.679989         -62.118            122.651
796.661728         -62.059            122.664
796.643442         -62.001            122.678
796.625129         -61.942            122.691
796.606791         -61.883            122.704
796.588427         -61.824            122.717
796.570036         -61.765            122.730
796.551621         -61.706            122.743
796.533179         -61.647            122.756
796.514712         -61.588            122.769
796.496220         -61.529            122.781
796.477702         -61.470            122.794
796.459159         -61.412            122.807
796.440591         -61.353            122.819
796.421998         -61.294            122.832
796.403379         -61.235            122.844
796.384736         -61.176            122.857
796.366068         -61.117            122.869
796.347374         -61.058            122.881
796.328657         -60.999            122.893
796.309914         -60.940            122.905
796.291147         -60.881            122.917
796.272356         -60.822            122.929
796.253540         -60.763            122.941
796.234699         -60.704            122.953
796.215835         -60.645            122.965
796.196946         -60.586            122.977
796.178034         -60.528            122.989
796.159097         -60.469            123.000
796.140136         -60.410            123.012
796.121152         -60.351            123.023
796.102143         -60.292            123.035
796.083112         -60.233            123.046
796.064056         -60.174            123.058
796.044977         -60.115            123.069
796.025875         -60.056            123.080
796.006749         -59.997            123.091
795.987600         -59.938            123.103
795.968428         -59.879            123.114
795.949232         -59.820            123.125
795.930014         -59.761            123.136
795.910773         -59.702            123.147
795.891509         -59.643            123.157
795.872222         -59.584            123.168
795.852912         -59.525            123.179
795.833580         -59.466            123.190
795.814225         -59.407            123.200
795.794848         -59.348            123.211
795.775449         -59.289            123.222
795.756027         -59.230            123.232
795.736583         -59.171            123.243
795.717117         -59.112            123.253
795.697629         -59.053            123.263
795.678119         -58.994            123.274
795.658587         -58.935            123.284
795.639034         -58.876            123.294
795.619458         -58.817            123.304
795.599862         -58.758            123.314
795.580243         -58.699            123.325
795.560604         -58.640            123.335
795.540942         -58.581            123.345
795.521260         -58.522            123.354
795.501557         -58.463            123.364
795.481832         -58.404            123.374
795.462086         -58.345            123.384
795.442320         -58.285            123.394
795.422533         -58.226            123.403
795.402724         -58.167            123.413
795.382896         -58.108            123.423
795.363046         -58.049            123.432
795.343177         -57.990            123.442
795.323286         -57.931            123.451
795.303376         -57.872            123.461
795.283445         -57.813            123.470
795.263494         -57.754            123.479
795.243523         -57.695            123.489
795.223532         -57.636            123.498
795.203521         -57.577            123.507
795.183491         -57.518            123.516
795.163441         -57.459            123.525
795.143371         -57.400            123.534
795.123281         -57.341            123.543
795.103172         -57.281            123.552
795.083044         -57.222            123.561
795.062896         -57.163            123.570
795.042729         -57.104            123.579
795.022544         -57.045            123.588
795.002339         -56.986            123.597
794.982115         -56.927            123.605
794.961872         -56.868            123.614
794.941611         -56.809            123.623
794.921330         -56.750            123.631
794.901032         -56.691            123.640
794.880715         -56.631            123.648
794.860379         -56.572            123.657
794.840025         -56.513            123.665
794.819653         -56.454            123.674
794.799263         -56.395            123.682
794.778854         -56.336            123.691
794.758428         -56.277            123.699
794.737984         -56.218            123.707
794.717522         -56.159            123.715
794.697042         -56.099            123.724
794.676545         -56.040            123.732
794.656030         -55.981            123.740
794.635498         -55.922            123.748
794.614948         -55.863            123.756
794.594381         -55.804            123.764
794.573797         -55.745            123.772
794.553196         -55.686            123.780
794.532578         -55.626            123.788
794.511943         -55.567            123.796
794.491291         -55.508            123.803
794.470622         -55.449            123.811
794.449937         -55.390            123.819
794.429235         -55.331            123.827
794.408517         -55.272            123.834
794.387782         -55.212            123.842
794.367032         -55.153            123.850
794.346264         -55.094            123.857
794.325481         -55.035            123.865
794.304682         -54.976            123.872
794.283867         -54.917            123.880
794.263036         -54.858            123.887
794.242189         -54.798            123.894
794.221327         -54.739            123.902
794.200449         -54.680            123.909
794.179556         -54.621            123.916
794.158647         -54.562            123.924
794.137723         -54.503            123.931
794.116784         -54.443            123.938
794.095829         -54.384            123.945
794.074860         -54.325            123.952
794.053876         -54.266            123.960
794.032877         -54.207            123.967
794.011863         -54.148            123.974
793.990834         -54.088            123.981
793.969791         -54.029            123.988
793.948734         -53.970            123.995
793.927662         -53.911            124.001
793.906575         -53.852            124.008
793.885475         -53.792            124.015
793.864360         -53.733            124.022
793.843232         -53.674            124.029
793.822089         -53.615            124.036
793.800933         -53.556            124.042
793.779763         -53.496            124.049
793.758579         -53.437            124.056
793.737382         -53.378            124.062
793.716171         -53.319            124.069
793.694947         -53.260            124.075
793.673709         -53.200            124.082
793.652458         -53.141            124.089
793.631195         -53.082            124.095
793.609918         -53.023            124.101
793.588628         -52.964            124.108
793.567326         -52.904            124.114
793.546010         -52.845            124.121
793.524682         -52.786            124.127
793.503342         -52.727            124.133
793.481989         -52.668            124.140
793.460624         -52.608            124.146
793.439246         -52.549            124.152
793.417856         -52.490            124.158
793.396455         -52.431            124.164
793.375041         -52.371            124.171
793.353615         -52.312            124.177
793.332177         -52.253            124.183
793.310728         -52.194            124.189
793.289267         -52.134            124.195
793.267795         -52.075            124.201
793.246311         -52.016            124.207
793.224816         -51.957            124.213
793.203309         -51.898            124.219
793.181792         -51.838            124.225
793.160263         -51.779            124.231
793.138723         -51.720            124.236
793.117173         -51.661            124.242
793.095611         -51.601            124.248
793.074039         -51.542            124.254
793.052456         -51.483            124.260
793.030863         -51.424            124.265
793.009260         -51.364            124.271
792.987646         -51.305            124.277
792.966021         -51.246            124.282
792.944387         -51.187            124.288
792.922743         -51.127            124.294
792.901088         -51.068            124.299
792.879424         -51.009            124.305
792.857750         -50.949            124.310
792.836067         -50.890            124.316
792.814374         -50.831            124.321
792.792671         -50.772            124.327
792.770959         -50.712            124.332
792.749238         -50.653            124.337
792.727507         -50.594            124.343
792.705767         -50.535            124.348
792.684019         -50.475            124.353
792.662261         -50.416            124.359
792.640495         -50.357            124.364
792.618720         -50.297            124.369
792.596936         -50.238            124.375
792.575144         -50.179            124.380
792.553343         -50.120            124.385
792.531534         -50.060            124.390
792.509716         -50.001            124.395
792.487891         -49.942            124.400
792.466057         -49.882            124.405
792.444216         -49.823            124.410
792.422366         -49.764            124.416
792.400509         -49.705            124.421
792.378644         -49.645            124.426
792.356771         -49.586            124.431
792.334891         -49.527            124.436
792.313004         -49.467            124.440
792.291109         -49.408            124.445
792.269207         -49.349            124.450
792.247298         -49.289            124.455
792.225382         -49.230            124.460
792.203459         -49.171            124.465
792.181529         -49.112            124.470
792.159592         -49.052            124.474
792.137649         -48.993            124.479
792.115699         -48.934            124.484
792.093743         -48.874            124.489
792.071780         -48.815            124.493
792.049811         -48.756            124.498
792.027836         -48.696            124.503
792.005855         -48.637            124.507
791.983868         -48.578            124.512
791.961875         -48.518            124.517
791.939876         -48.459            124.521
791.917871         -48.400            124.526
791.895861         -48.340            124.530
791.873845         -48.281            124.535
791.851824         -48.222            124.539
791.829798         -48.162            124.544
791.807766         -48.103            124.548
791.785729         -48.044            124.553
791.763688         -47.984            124.557
791.741641         -47.925            124.561
791.719589         -47.866            124.566
791.697533         -47.806            124.570
791.675472         -47.747            124.574
791.653407         -47.688            124.579
791.631337         -47.628            124.583
791.609262         -47.569            124.587
791.587184         -47.510            124.592
791.565101         -47.450            124.596
791.543014         -47.391            124.600
791.520923         -47.332            124.604
791.498829         -47.272            124.609
791.476730         -47.213            124.613
791.454628         -47.153            124.617
791.432522         -47.094            124.621
791.410413         -47.035            124.625
791.388300         -46.975            124.629
791.366184         -46.916            124.633
791.344065         -46.857            124.637
791.321943         -46.797            124.641
791.299817         -46.738            124.645
791.277689         -46.679            124.649
791.255558         -46.619            124.653
791.233424         -46.560            124.657
791.211288         -46.500            124.661
791.189149         -46.441            124.665
791.167007         -46.382            124.669
791.144863         -46.322            124.673
791.122717         -46.263            124.677
791.100569         -46.204            124.681
791.078419         -46.144            124.685
791.056266         -46.085            124.688
791.034112         -46.025            124.692
791.011956         -45.966            124.696
790.989799         -45.907            124.700
790.967640         -45.847            124.704
790.945479         -45.788            124.707
790.923317         -45.728            124.711
790.901154         -45.669            124.715
790.878989         -45.610            124.718
790.856823         -45.550            124.722
790.834657         -45.491            124.726
790.812489         -45.432            124.729
790.790321         -45.372            124.733
790.768152         -45.313            124.737
790.745982         -45.253            124.740
790.723812         -45.194            124.744
790.701641         -45.135            124.747
790.679470         -45.075            124.751
790.657299         -45.016            124.754
790.635127         -44.956            124.758
790.612956         -44.897            124.761
790.590785         -44.838            124.765
790.568613         -44.778            124.768
790.546442         -44.719            124.772
790.524272         -44.659            124.775
790.502101         -44.600            124.779
790.479932         -44.540            124.782
790.457763         -44.481            124.786
790.435594         -44.422            124.789
790.413427         -44.362            124.792
790.391260         -44.303            124.796
790.369095         -44.243            124.799
790.346930         -44.184            124.802
790.324767         -44.125            124.806
790.302605         -44.065            124.809
790.280444         -44.006            124.812
790.258285         -43.946            124.815
790.236128         -43.887            124.819
790.213972         -43.827            124.822
790.191818         -43.768            124.825
790.169666         -43.709            124.828
790.147516         -43.649            124.831
790.125368         -43.590            124.835
790.103222         -43.530            124.838
790.081078         -43.471            124.841
790.058937         -43.411            124.844
790.036798         -43.352            124.847
790.014661         -43.293            124.850
789.992528         -43.233            124.853
789.970397         -43.174            124.856
789.948269         -43.114            124.859
789.926144         -43.055            124.862
789.904021         -42.995            124.865
789.881902         -42.936            124.869
789.859787         -42.876            124.872
789.837674         -42.817            124.874
789.815565         -42.758            124.877
789.793460         -42.698            124.880
789.771358         -42.639            124.883
789.749259         -42.579            124.886
789.727165         -42.520            124.889
789.705074         -42.460            124.892
789.682988         -42.401            124.895
789.660905         -42.341            124.898
789.638827         -42.282            124.901
789.616753         -42.222            124.904
789.594684         -42.163            124.906
789.572618         -42.103            124.909
789.550558         -42.044            124.912
789.528502         -41.985            124.915
789.506451         -41.925            124.918
789.484404         -41.866            124.920
789.462363         -41.806            124.923
789.440327         -41.747            124.926
789.418295         -41.687            124.929
789.396269         -41.628            124.931
789.374249         -41.568            124.934
789.352234         -41.509            124.937
789.330224         -41.449            124.939
789.308220         -41.390            124.942
789.286222         -41.330            124.945
789.264229         -41.271            124.947
789.242242         -41.211            124.950
789.220262         -41.152            124.953
789.198287         -41.092            124.955
789.176319         -41.033            124.958
789.154357         -40.973            124.960
789.132401         -40.914            124.963
789.110452         -40.855            124.966
789.088509         -40.795            124.968
789.066573         -40.736            124.971
789.044644         -40.676            124.973
789.022722         -40.617            124.976
789.000806         -40.557            124.978
788.978898         -40.498            124.981
788.956997         -40.438            124.983
788.935103         -40.379            124.986
788.913216         -40.319            124.988
788.891337         -40.260            124.991
788.869465         -40.200            124.993
788.847601         -40.141            124.995
788.825745         -40.081            124.998
788.803896         -40.022            125.000
788.782055         -39.962            125.003
788.760223         -39.903            125.005
788.738398         -39.843            125.007
788.716582         -39.784            125.010
788.694774         -39.724            125.012
788.672974         -39.665            125.014
788.651183         -39.605            125.017
788.629400         -39.546            125.019
788.607626         -39.486            125.021
788.585861         -39.427            125.024
788.564105         -39.367            125.026
788.542357         -39.307            125.028
788.520619         -39.248            125.030
788.498889         -39.188            125.033
788.477169         -39.129            125.035
788.455459         -39.069            125.037
788.433757         -39.010            125.039
788.412066         -38.950            125.041
788.390383         -38.891            125.044
788.368711         -38.831            125.046
788.347048         -38.772            125.048
788.325395         -38.712            125.050
788.303753         -38.653            125.052
788.282120         -38.593            125.054
788.260497         -38.534            125.057
788.238885         -38.474            125.059
788.217283         -38.415            125.061
788.195692         -38.355            125.063
788.174111         -38.296            125.065
788.152540         -38.236            125.067
788.130981         -38.176            125.069
788.109432         -38.117            125.071
788.087894         -38.057            125.073
788.066368         -37.998            125.075
788.044852         -37.938            125.077
788.023347         -37.879            125.079
788.001854         -37.819            125.081
787.980372         -37.760            125.083
787.958902         -37.700            125.085
787.937443         -37.641            125.087
787.915996         -37.581            125.089
787.894561         -37.522            125.091
787.873138         -37.462            125.093
787.851726         -37.402            125.095
787.830327         -37.343            125.097
787.808939         -37.283            125.099
787.787564         -37.224            125.101
787.766202         -37.164            125.103
787.744851         -37.105            125.104
787.723513         -37.045            125.106
787.702188         -36.986            125.108
787.680876         -36.926            125.110
787.659576         -36.866            125.112
787.638289         -36.807            125.114
787.617015         -36.747            125.116
787.595754         -36.688            125.117
787.574507         -36.628            125.119
787.553272         -36.569            125.121
787.532051         -36.509            125.123
787.510844         -36.450            125.125
787.489649         -36.390            125.126
787.468469         -36.330            125.128
787.447302         -36.271            125.130
787.426149         -36.211            125.132
787.405010         -36.152            125.133
787.383885         -36.092            125.135
787.362774         -36.033            125.137
787.341677         -35.973            125.139
787.320595         -35.913            125.140
787.299526         -35.854            125.142
787.278473         -35.794            125.144
787.257433         -35.735            125.145
787.236409         -35.675            125.147
787.215399         -35.616            125.149
787.194404         -35.556            125.150
787.173424         -35.496            125.152
787.152458         -35.437            125.154
787.131508         -35.377            125.155
787.110573         -35.318            125.157
787.089654         -35.258            125.158
787.068750         -35.198            125.160
787.047861         -35.139            125.162
787.026987         -35.079            125.163
787.006130         -35.020            125.165
786.985288         -34.960            125.166
786.964462         -34.900            125.168
786.943652         -34.841            125.169
786.922857         -34.781            125.171
786.902079         -34.722            125.173
786.881317         -34.662            125.174
786.860572         -34.603            125.176
786.839842         -34.543            125.177
786.819129         -34.483            125.179
786.798433         -34.424            125.180
786.777753         -34.364            125.182
786.757090         -34.305            125.183
786.736444         -34.245            125.184
786.715815         -34.185            125.186
786.695203         -34.126            125.187
786.674608         -34.066            125.189
786.654030         -34.007            125.190
786.633469         -33.947            125.192
786.612925         -33.887            125.193
786.592399         -33.828            125.195
786.571891         -33.768            125.196
786.551400         -33.708            125.197
786.530927         -33.649            125.199
786.510472         -33.589            125.200
786.490034         -33.530            125.201
786.469615         -33.470            125.203
786.449213         -33.410            125.204
786.428830         -33.351            125.206
786.408465         -33.291            125.207
786.388118         -33.232            125.208
786.367790         -33.172            125.210
786.347480         -33.112            125.211
786.327189         -33.053            125.212
786.306916         -32.993            125.214
786.286663         -32.933            125.215
786.266428         -32.874            125.216
786.246212         -32.814            125.217
786.226015         -32.755            125.219
786.205837         -32.695            125.220
786.185679         -32.635            125.221
786.165539         -32.576            125.222
786.145420         -32.516            125.224
786.125319         -32.456            125.225
786.105238         -32.397            125.226
786.085177         -32.337            125.227
786.065136         -32.278            125.229
786.045114         -32.218            125.230
786.025112         -32.158            125.231
786.005131         -32.099            125.232
785.985169         -32.039            125.233
785.965228         -31.979            125.235
785.945306         -31.920            125.236
785.925406         -31.860            125.237
785.905525         -31.800            125.238
785.885665         -31.741            125.239
785.865826         -31.681            125.241
785.846007         -31.622            125.242
785.826210         -31.562            125.243
785.806433         -31.502            125.244
785.786677         -31.443            125.245
785.766942         -31.383            125.246
785.747228         -31.323            125.247
785.727535         -31.264            125.248
785.707864         -31.204            125.249
785.688214         -31.144            125.251
785.668586         -31.085            125.252
785.648979         -31.025            125.253
785.629393         -30.965            125.254
785.609830         -30.906            125.255
785.590288         -30.846            125.256
785.570768         -30.786            125.257
785.551270         -30.727            125.258
785.531795         -30.667            125.259
785.512341         -30.608            125.260
785.492910         -30.548            125.261
785.473501         -30.488            125.262
785.454114         -30.429            125.263
785.434750         -30.369            125.264
785.415408         -30.309            125.265
785.396089         -30.250            125.266
785.376793         -30.190            125.267
785.357520         -30.130            125.268
785.338269         -30.071            125.269
785.319042         -30.011            125.270
785.299837         -29.951            125.271
785.280656         -29.892            125.272
785.261498         -29.832            125.273
785.242363         -29.772            125.274
785.223252         -29.713            125.275
785.204164         -29.653            125.276
785.185100         -29.593            125.277
785.166060         -29.534            125.278
785.147043         -29.474            125.279
785.128050         -29.414            125.279
785.109081         -29.355            125.280
785.090136         -29.295            125.281
785.071215         -29.235            125.282
785.052318         -29.176            125.283
785.033446         -29.116            125.284
785.014598         -29.056            125.285
784.995774         -28.996            125.286
784.976975         -28.937            125.287
784.958200         -28.877            125.287
784.939450         -28.817            125.288
784.920724         -28.758            125.289
784.902024         -28.698            125.290
784.883348         -28.638            125.291
784.864698         -28.579            125.292
784.846072         -28.519            125.292
784.827472         -28.459            125.293
784.808896         -28.400            125.294
784.790347         -28.340            125.295
784.771822         -28.280            125.296
784.753323         -28.221            125.296
784.734850         -28.161            125.297
784.716402         -28.101            125.298
784.697980         -28.042            125.299
784.679583         -27.982            125.300
784.661213         -27.922            125.300
784.642868         -27.862            125.301
784.624550         -27.803            125.302
784.606257         -27.743            125.303
784.587991         -27.683            125.303
784.569751         -27.624            125.304
784.551537         -27.564            125.305
784.533350         -27.504            125.306
784.515190         -27.445            125.306
784.497056         -27.385            125.307
784.478948         -27.325            125.308
784.460868         -27.265            125.308
784.442814         -27.206            125.309
784.424787         -27.146            125.310
784.406787         -27.086            125.311
784.388814         -27.027            125.311
784.370868         -26.967            125.312
784.352950         -26.907            125.313
784.335059         -26.848            125.313
784.317195         -26.788            125.314
784.299358         -26.728            125.315
784.281550         -26.668            125.315
784.263768         -26.609            125.316
784.246015         -26.549            125.317
784.228289         -26.489            125.317
784.210591         -26.430            125.318
784.192921         -26.370            125.319
784.175279         -26.310            125.319
784.157665         -26.250            125.320
784.140079         -26.191            125.320
784.122522         -26.131            125.321
784.104992         -26.071            125.322
784.087492         -26.012            125.322
784.070019         -25.952            125.323
784.052575         -25.892            125.323
784.035160         -25.832            125.324
784.017773         -25.773            125.325
784.000416         -25.713            125.325
783.983087         -25.653            125.326
783.965787         -25.593            125.326
783.948515         -25.534            125.327
783.931273         -25.474            125.327
783.914061         -25.414            125.328
783.896877         -25.355            125.329
783.879723         -25.295            125.329
783.862598         -25.235            125.330
783.845502         -25.175            125.330
783.828436         -25.116            125.331
783.811399         -25.056            125.331
783.794393         -24.996            125.332
783.777416         -24.936            125.332
783.760468         -24.877            125.333
783.743551         -24.817            125.333
783.726664         -24.757            125.334
783.709806         -24.698            125.334
783.692979         -24.638            125.335
783.676182         -24.578            125.335
783.659415         -24.518            125.336
783.642679         -24.459            125.336
783.625973         -24.399            125.337
783.609297         -24.339            125.337
783.592652         -24.279            125.338
783.576037         -24.220            125.338
783.559454         -24.160            125.339
783.542901         -24.100            125.339
783.526379         -24.040            125.340
783.509887         -23.981            125.340
783.493427         -23.921            125.340
783.476998         -23.861            125.341
783.460600         -23.801            125.341
783.444233         -23.742            125.342
783.427897         -23.682            125.342
783.411593         -23.622            125.343
783.395320         -23.562            125.343
783.379079         -23.503            125.343
783.362869         -23.443            125.344
783.346691         -23.383            125.344
783.330545         -23.323            125.345
783.314430         -23.264            125.345
783.298347         -23.204            125.345
783.282296         -23.144            125.346
783.266277         -23.084            125.346
783.250290         -23.025            125.347
783.234335         -22.965            125.347
783.218413         -22.905            125.347
783.202522         -22.845            125.348
783.186664         -22.786            125.348
783.170839         -22.726            125.349
783.155045         -22.666            125.349
783.139285         -22.606            125.349
783.123557         -22.547            125.350
783.107861         -22.487            125.350
783.092199         -22.427            125.350
783.076569         -22.367            125.351
783.060972         -22.308            125.351
783.045408         -22.248            125.351
783.029877         -22.188            125.352
783.014379         -22.128            125.352
782.998914         -22.069            125.352
782.983483         -22.009            125.353
782.968085         -21.949            125.353
782.952720         -21.889            125.353
782.937388         -21.830            125.354
782.922090         -21.770            125.354
782.906826         -21.710            125.354
782.891595         -21.650            125.354
782.876398         -21.590            125.355
782.861235         -21.531            125.355
782.846105         -21.471            125.355
782.831010         -21.411            125.356
782.815948         -21.351            125.356
782.800920         -21.292            125.356
782.785927         -21.232            125.356
782.770967         -21.172            125.357
782.756042         -21.112            125.357
782.741151         -21.052            125.357
782.726294         -20.993            125.357
782.711472         -20.933            125.358
782.696685         -20.873            125.358
782.681931         -20.813            125.358
782.667213         -20.754            125.358
782.652529         -20.694            125.359
782.637880         -20.634            125.359
782.623266         -20.574            125.359
782.608686         -20.514            125.359
782.594141         -20.455            125.360
782.579632         -20.395            125.360
782.565157         -20.335            125.360
782.550718         -20.275            125.360
782.536314         -20.216            125.360
782.521945         -20.156            125.361
782.507611         -20.096            125.361
782.493313         -20.036            125.361
782.479050         -19.976            125.361
782.464823         -19.917            125.361
782.450631         -19.857            125.362
782.436475         -19.797            125.362
782.422354         -19.737            125.362
782.408269         -19.678            125.362
782.394220         -19.618            125.362
782.380207         -19.558            125.363
782.366230         -19.498            125.363
782.352289         -19.438            125.363
782.338384         -19.379            125.363
782.324515         -19.319            125.363
782.310682         -19.259            125.363
782.296885         -19.199            125.364
782.283125         -19.139            125.364
782.269401         -19.080            125.364
782.255713         -19.020            125.364
782.242062         -18.960            125.364
782.228448         -18.900            125.364
782.214870         -18.840            125.364
782.201328         -18.781            125.365
782.187824         -18.721            125.365
782.174356         -18.661            125.365
782.160925         -18.601            125.365
782.147531         -18.541            125.365
782.134174         -18.482            125.365
782.120854         -18.422            125.365
782.107570         -18.362            125.365
782.094324         -18.302            125.366
782.081116         -18.242            125.366
782.067944         -18.183            125.366
782.054810         -18.123            125.366
782.041713         -18.063            125.366
782.028653         -18.003            125.366
782.015631         -17.943            125.366
782.002647         -17.884            125.366
781.989700         -17.824            125.366
781.976791         -17.764            125.366
781.963919         -17.704            125.366
781.951085         -17.644            125.367
781.938289         -17.585            125.367
781.925531         -17.525            125.367
781.912811         -17.465            125.367
781.900128         -17.405            125.367
781.887484         -17.345            125.367
781.874878         -17.286            125.367
781.862310         -17.226            125.367
781.849780         -17.166            125.367
781.837288         -17.106            125.367
781.824835         -17.046            125.367
781.812420         -16.986            125.367
781.800044         -16.927            125.367
781.787706         -16.867            125.367
781.775406         -16.807            125.367
781.763145         -16.747            125.367
781.750923         -16.687            125.367
781.738739         -16.628            125.368
781.726594         -16.568            125.368
781.714488         -16.508            125.368
781.702421         -16.448            125.368
781.690393         -16.388            125.368
781.678403         -16.329            125.368
781.666453         -16.269            125.368
781.654542         -16.209            125.368
781.642669         -16.149            125.368
781.630836         -16.089            125.368
781.619042         -16.029            125.368
781.607288         -15.970            125.368
781.595573         -15.910            125.368
781.583897         -15.850            125.368
781.572260         -15.790            125.368
781.560663         -15.730            125.368
781.549106         -15.670            125.368
781.537588         -15.611            125.368
781.526109         -15.551            125.368
781.514671         -15.491            125.368
781.503272         -15.431            125.368
781.491912         -15.371            125.368
781.480593         -15.312            125.368
781.469314         -15.252            125.368
781.458074         -15.192            125.368
781.446874         -15.132            125.368
781.435715         -15.072            125.367
781.424595         -15.012            125.367
781.413516         -14.953            125.367
781.402477         -14.893            125.367
781.391478         -14.833            125.367
781.380519         -14.773            125.367
781.369600         -14.713            125.367
781.358722         -14.653            125.367
781.347885         -14.594            125.367
781.337087         -14.534            125.367
781.326331         -14.474            125.367
781.315614         -14.414            125.367
781.304939         -14.354            125.367
781.294304         -14.294            125.367
781.283709         -14.235            125.367
781.273156         -14.175            125.367
781.262643         -14.115            125.367
781.252171         -14.055            125.367
781.241740         -13.995            125.367
781.231350         -13.935            125.366
781.221001         -13.876            125.366
781.210693         -13.816            125.366
781.200425         -13.756            125.366
781.190199         -13.696            125.366
781.180014         -13.636            125.366
781.169871         -13.576            125.366
781.159768         -13.517            125.366
781.149707         -13.457            125.366
781.139687         -13.397            125.366
781.129709         -13.337            125.366
781.119772         -13.277            125.366
781.109876         -13.217            125.365
781.100022         -13.157            125.365
781.090209         -13.098            125.365
781.080438         -13.038            125.365
781.070709         -12.978            125.365
781.061021         -12.918            125.365
781.051375         -12.858            125.365
781.041771         -12.798            125.365
781.032208         -12.739            125.365
781.022687         -12.679            125.365
781.013209         -12.619            125.364
781.003772         -12.559            125.364
780.994377         -12.499            125.364
780.985024         -12.439            125.364
780.975713         -12.380            125.364
780.966444         -12.320            125.364
780.957218         -12.260            125.364
780.948033         -12.200            125.364
780.938891         -12.140            125.363
780.929791         -12.080            125.363
780.920733         -12.020            125.363
780.911718         -11.961            125.363
780.902744         -11.901            125.363
780.893814         -11.841            125.363
780.884926         -11.781            125.363
780.876080         -11.721            125.362
780.867277         -11.661            125.362
780.858516         -11.601            125.362
780.849798         -11.542            125.362
780.841122         -11.482            125.362
780.832490         -11.422            125.362
780.823900         -11.362            125.362
780.815352         -11.302            125.361
780.806848         -11.242            125.361
780.798386         -11.183            125.361
780.789967         -11.123            125.361
780.781591         -11.063            125.361
780.773258         -11.003            125.361
780.764968         -10.943            125.360
780.756721         -10.883            125.360
780.748517         -10.823            125.360
780.740357         -10.764            125.360
780.732239         -10.704            125.360
780.724164         -10.644            125.360
780.716133         -10.584            125.359
780.708145         -10.524            125.359
780.700200         -10.464            125.359
780.692298         -10.404            125.359
780.684440         -10.345            125.359
780.676625         -10.285            125.358
780.668853         -10.225            125.358
780.661125         -10.165            125.358
780.653440         -10.105            125.358
780.645799         -10.045            125.358
780.638201         -9.985             125.358
780.630647         -9.926             125.357
780.623137         -9.866             125.357
780.615670         -9.806             125.357
780.608247         -9.746             125.357
780.600867         -9.686             125.357
780.593532         -9.626             125.356
780.586240         -9.566             125.356
780.578991         -9.506             125.356
780.571787         -9.447             125.356
780.564626         -9.387             125.356
780.557510         -9.327             125.355
780.550437         -9.267             125.355
780.543408         -9.207             125.355
780.536423         -9.147             125.355
780.529483         -9.087             125.355
780.522586         -9.028             125.354
780.515733         -8.968             125.354
780.508925         -8.908             125.354
780.502160         -8.848             125.354
780.495440         -8.788             125.353
780.488764         -8.728             125.353
780.482132         -8.668             125.353
780.475544         -8.609             125.353
780.469001         -8.549             125.353
780.462502         -8.489             125.352
780.456047         -8.429             125.352
780.449637         -8.369             125.352
780.443271         -8.309             125.352
780.436950         -8.249             125.351
780.430672         -8.189             125.351
780.424440         -8.130             125.351
780.418252         -8.070             125.351
780.412108         -8.010             125.351
780.406009         -7.950             125.350
780.399955         -7.890             125.350
780.393945         -7.830             125.350
780.387980         -7.770             125.350
780.382059         -7.710             125.349
780.376183         -7.651             125.349
780.370352         -7.591             125.349
780.364566         -7.531             125.349
780.358824         -7.471             125.348
780.353128         -7.411             125.348
780.347476         -7.351             125.348
780.341868         -7.291             125.348
780.336306         -7.232             125.347
780.330789         -7.172             125.347
780.325316         -7.112             125.347
780.319889         -7.052             125.347
780.314506         -6.992             125.346
780.309168         -6.932             125.346
780.303876         -6.872             125.346
780.298628         -6.812             125.346
780.293426         -6.753             125.345
780.288268         -6.693             125.345
780.283156         -6.633             125.345
780.278089         -6.573             125.345
780.273067         -6.513             125.344
780.268090         -6.453             125.344
780.263158         -6.393             125.344
780.258272         -6.333             125.344
780.253430         -6.274             125.343
780.248634         -6.214             125.343
780.243884         -6.154             125.343
780.239178         -6.094             125.343
780.234518         -6.034             125.342
780.229903         -5.974             125.342
780.225334         -5.914             125.342
780.220810         -5.854             125.341
780.216331         -5.795             125.341
780.211898         -5.735             125.341
780.207510         -5.675             125.341
780.203168         -5.615             125.340
780.198871         -5.555             125.340
780.194620         -5.495             125.340
780.190414         -5.435             125.340
780.186253         -5.375             125.339
780.182139         -5.316             125.339
780.178069         -5.256             125.339
780.174046         -5.196             125.338
780.170068         -5.136             125.338
780.166135         -5.076             125.338
780.162248         -5.016             125.338
780.158407         -4.956             125.337
780.154612         -4.896             125.337
780.150862         -4.836             125.337
780.147158         -4.777             125.336
780.143500         -4.717             125.336
780.139887         -4.657             125.336
780.136320         -4.597             125.336
780.132799         -4.537             125.335
780.129324         -4.477             125.335
780.125894         -4.417             125.335
780.122511         -4.357             125.335
780.119173         -4.298             125.334
780.115881         -4.238             125.334
780.112635         -4.178             125.334
780.109434         -4.118             125.333
780.106280         -4.058             125.333
780.103171         -3.998             125.333
780.100109         -3.938             125.332
780.097092         -3.878             125.332
780.094121         -3.819             125.332
780.091197         -3.759             125.332
780.088318         -3.699             125.331
780.085485         -3.639             125.331
780.082698         -3.579             125.331
780.079957         -3.519             125.330
780.077262         -3.459             125.330
780.074614         -3.399             125.330
780.072011         -3.339             125.330
780.069454         -3.280             125.329
780.066944         -3.220             125.329
780.064479         -3.160             125.329
780.062060         -3.100             125.328
780.059688         -3.040             125.328
780.057362         -2.980             125.328
780.055082         -2.920             125.327
780.052848         -2.860             125.327
780.050660         -2.800             125.327
780.048518         -2.741             125.327
780.046422         -2.681             125.326
780.044373         -2.621             125.326
780.042370         -2.561             125.326
780.040412         -2.501             125.325
780.038502         -2.441             125.325
780.036637         -2.381             125.325
780.034818         -2.321             125.324
780.033046         -2.262             125.324
780.031320         -2.202             125.324
780.029640         -2.142             125.324
780.028006         -2.082             125.323
780.026419         -2.022             125.323
780.024878         -1.962             125.323
780.023383         -1.902             125.322
780.021935         -1.842             125.322
780.020532         -1.782             125.322
780.019176         -1.723             125.321
780.017866         -1.663             125.321
780.016603         -1.603             125.321
780.015386         -1.543             125.320
780.014215         -1.483             125.320
780.013090         -1.423             125.320
780.012012         -1.363             125.320
780.010980         -1.303             125.319
780.009994         -1.244             125.319
780.009055         -1.184             125.319
780.008162         -1.124             125.318
780.007315         -1.064             125.318
780.006515         -1.004             125.318
780.005761         -0.944             125.317
780.005053         -0.884             125.317
780.004392         -0.824             125.317
780.003777         -0.764             125.316
780.003209         -0.705             125.316
780.002686         -0.645             125.316
780.002210         -0.585             125.316
780.001781         -0.525             125.315
780.001398         -0.465             125.315
780.001061         -0.405             125.315
780.000770         -0.345             125.314
780.000526         -0.285             125.314
780.000329         -0.225             125.314
780.000177         -0.166             125.313
780.000072         -0.106             125.313
780.000014         -0.046             125.313
780.000001         0.014              125.312
780.000035         0.074              125.312
780.000116         0.134              125.312
780.000243         0.194              125.312
780.000416         0.254              125.311
780.000635         0.314              125.311
780.000901         0.373              125.311
780.001214         0.433              125.310
780.001572         0.493              125.310
780.001977         0.553              125.310
780.002429         0.613              125.309
780.002926         0.673              125.309
780.003470         0.733              125.309
780.004061         0.793              125.308
780.004698         0.852              125.308
780.005381         0.912              125.308
780.006110         0.972              125.308
780.006886         1.032              125.307
780.007708         1.092              125.307
780.008577         1.152              125.307
780.009491         1.212              125.306
780.010453         1.272              125.306
780.011460         1.332              125.306
780.012514         1.391              125.305
780.013614         1.451              125.305
780.014760         1.511              125.305
780.015953         1.571              125.304
780.017192         1.631              125.304
780.018477         1.691              125.304
780.019809         1.751              125.304
780.021186         1.811              125.303
780.022611         1.871              125.303
780.024081         1.930              125.303
780.025598         1.990              125.302
780.027160         2.050              125.302
780.028770         2.110              125.302
780.030425         2.170              125.301
780.032127         2.230              125.301
780.033874         2.290              125.301
780.035668         2.350              125.301
780.037509         2.409              125.300
780.039395         2.469              125.300
780.041328         2.529              125.300
780.043307         2.589              125.299
780.045332         2.649              125.299
780.047403         2.709              125.299
780.049520         2.769              125.298
780.051684         2.829              125.298
780.053893         2.889              125.298
780.056149         2.948              125.298
780.058451         3.008              125.297
780.060799         3.068              125.297
780.063193         3.128              125.297
780.065633         3.188              125.296
780.068119         3.248              125.296
780.070652         3.308              125.296
780.073230         3.368              125.295
780.075855         3.428              125.295
780.078525         3.487              125.295
780.081241         3.547              125.295
780.084004         3.607              125.294
780.086812         3.667              125.294
780.089667         3.727              125.294
780.092567         3.787              125.293
780.095514         3.847              125.293
780.098506         3.907              125.293
780.101544         3.966              125.292
780.104629         4.026              125.292
780.107759         4.086              125.292
780.110935         4.146              125.292
780.114157         4.206              125.291
780.117424         4.266              125.291
780.120738         4.326              125.291
780.124097         4.386              125.290
780.127503         4.445              125.290
780.130954         4.505              125.290
780.134451         4.565              125.290
780.137993         4.625              125.289
780.141582         4.685              125.289
780.145216         4.745              125.289
780.148896         4.805              125.288
780.152621         4.865              125.288
780.156392         4.925              125.288
780.160209         4.984              125.288
780.164072         5.044              125.287
780.167980         5.104              125.287
780.171934         5.164              125.287
780.175934         5.224              125.287
780.179979         5.284              125.286
780.184069         5.344              125.286
780.188206         5.404              125.286
780.192387         5.463              125.285
780.196615         5.523              125.285
780.200888         5.583              125.285
780.205206         5.643              125.285
780.209570         5.703              125.284
780.213979         5.763              125.284
780.218433         5.823              125.284
780.222933         5.883              125.284
780.227479         5.942              125.283
780.232070         6.002              125.283
780.236706         6.062              125.283
780.241387         6.122              125.282
780.246114         6.182              125.282
780.250886         6.242              125.282
780.255703         6.302              125.282
780.260566         6.362              125.281
780.265474         6.421              125.281
780.270427         6.481              125.281
780.275425         6.541              125.281
780.280468         6.601              125.280
780.285556         6.661              125.280
780.290690         6.721              125.280
780.295869         6.781              125.280
780.301092         6.841              125.279
780.306361         6.900              125.279
780.311675         6.960              125.279
780.317034         7.020              125.279
780.322437         7.080              125.278
780.327886         7.140              125.278
780.333380         7.200              125.278
780.338918         7.260              125.278
780.344502         7.320              125.277
780.350130         7.379              125.277
780.355803         7.439              125.277
780.361521         7.499              125.277
780.367284         7.559              125.276
780.373091         7.619              125.276
780.378943         7.679              125.276
780.384840         7.739              125.276
780.390782         7.799              125.275
780.396768         7.858              125.275
780.402799         7.918              125.275
780.408874         7.978              125.275
780.414994         8.038              125.274
780.421159         8.098              125.274
780.427368         8.158              125.274
780.433621         8.218              125.274
780.439919         8.277              125.274
780.446262         8.337              125.273
780.452648         8.397              125.273
780.459080         8.457              125.273
780.465555         8.517              125.273
780.472075         8.577              125.272
780.478639         8.637              125.272
780.485248         8.697              125.272
780.491900         8.756              125.272
780.498597         8.816              125.272
780.505338         8.876              125.271
780.512124         8.936              125.271
780.518953         8.996              125.271
780.525826         9.056              125.271
780.532744         9.116              125.270
780.539705         9.175              125.270
780.546711         9.235              125.270
780.553760         9.295              125.270
780.560854         9.355              125.270
780.567991         9.415              125.269
780.575172         9.475              125.269
780.582397         9.535              125.269
780.589666         9.595              125.269
780.596979         9.654              125.269
780.604335         9.714              125.268
780.611735         9.774              125.268
780.619179         9.834              125.268
780.626666         9.894              125.268
780.634197         9.954              125.268
780.641772         10.014             125.267
780.649390         10.073             125.267
780.657052         10.133             125.267
780.664757         10.193             125.267
780.672505         10.253             125.267
780.680297         10.313             125.267
780.688133         10.373             125.266
780.696011         10.433             125.266
780.703933         10.492             125.266
780.711899         10.552             125.266
780.719907         10.612             125.266
780.727959         10.672             125.265
780.736054         10.732             125.265
780.744192         10.792             125.265
780.752373         10.852             125.265
780.760597         10.911             125.265
780.768865         10.971             125.265
780.777175         11.031             125.264
780.785528         11.091             125.264
780.793924         11.151             125.264
780.802363         11.211             125.264
780.810845         11.271             125.264
780.819370         11.330             125.264
780.827937         11.390             125.264
780.836547         11.450             125.263
780.845200         11.510             125.263
780.853896         11.570             125.263
780.862634         11.630             125.263
780.871415         11.690             125.263
780.880238         11.749             125.263
780.889104         11.809             125.262
780.898012         11.869             125.262
780.906962         11.929             125.262
780.915955         11.989             125.262
780.924991         12.049             125.262
780.934068         12.108             125.262
780.943188         12.168             125.262
780.952350         12.228             125.262
780.961555         12.288             125.261
780.970801         12.348             125.261
780.980090         12.408             125.261
780.989421         12.468             125.261
780.998793         12.527             125.261
781.008208         12.587             125.261
781.017665         12.647             125.261
781.027163         12.707             125.261
781.036703         12.767             125.260
781.046286         12.827             125.260
781.055910         12.886             125.260
781.065575         12.946             125.260
781.075283         13.006             125.260
781.085032         13.066             125.260
781.094822         13.126             125.260
781.104654         13.186             125.260
781.114528         13.245             125.260
781.124443         13.305             125.259
781.134400         13.365             125.259
781.144398         13.425             125.259
781.154437         13.485             125.259
781.164518         13.545             125.259
781.174640         13.605             125.259
781.184803         13.664             125.259
781.195007         13.724             125.259
781.205253         13.784             125.259
781.215539         13.844             125.259
781.225866         13.904             125.259
781.236235         13.964             125.259
781.246644         14.023             125.259
781.257095         14.083             125.258
781.267586         14.143             125.258
781.278118         14.203             125.258
781.288691         14.263             125.258
781.299304         14.323             125.258
781.309958         14.382             125.258
781.320653         14.442             125.258
781.331388         14.502             125.258
781.342164         14.562             125.258
781.352980         14.622             125.258
781.363837         14.682             125.258
781.374734         14.741             125.258
781.385672         14.801             125.258
781.396649         14.861             125.258
781.407667         14.921             125.258
781.418725         14.981             125.258
781.429824         15.041             125.258
781.440962         15.100             125.258
781.452141         15.160             125.258
781.463359         15.220             125.258
781.474617         15.280             125.258
781.485916         15.340             125.257
781.497254         15.400             125.257
781.508632         15.459             125.257
781.520049         15.519             125.257
781.531507         15.579             125.257
781.543004         15.639             125.257
781.554540         15.699             125.257
781.566116         15.758             125.257
781.577732         15.818             125.257
781.589387         15.878             125.257
781.601081         15.938             125.257
781.612815         15.998             125.257
781.624588         16.058             125.257
781.636401         16.117             125.257
781.648252         16.177             125.257
781.660143         16.237             125.257
781.672073         16.297             125.257
781.684041         16.357             125.257
781.696049         16.416             125.258
781.708096         16.476             125.258
781.720181         16.536             125.258
781.732306         16.596             125.258
781.744469         16.656             125.258
781.756671         16.716             125.258
781.768911         16.775             125.258
781.781190         16.835             125.258
781.793508         16.895             125.258
781.805864         16.955             125.258
781.818259         17.015             125.258
781.830692         17.074             125.258
781.843163         17.134             125.258
781.855672         17.194             125.258
781.868220         17.254             125.258
781.880806         17.314             125.258
781.893430         17.373             125.258
781.906093         17.433             125.258
781.918793         17.493             125.258
781.931531         17.553             125.258
781.944307         17.613             125.258
781.957121         17.673             125.259
781.969972         17.732             125.259
781.982862         17.792             125.259
781.995789         17.852             125.259
782.008753         17.912             125.259
782.021755         17.972             125.259
782.034795         18.031             125.259
782.047872         18.091             125.259
782.060987         18.151             125.259
782.074139         18.211             125.259
782.087328         18.271             125.260
782.100554         18.330             125.260
782.113817         18.390             125.260
782.127118         18.450             125.260
782.140456         18.510             125.260
782.153830         18.570             125.260
782.167242         18.629             125.260
782.180690         18.689             125.260
782.194175         18.749             125.260
782.207697         18.809             125.261
782.221256         18.869             125.261
782.234851         18.928             125.261
782.248483         18.988             125.261
782.262151         19.048             125.261
782.275856         19.108             125.261
782.289597         19.168             125.261
782.303374         19.227             125.262
782.317188         19.287             125.262
782.331038         19.347             125.262
782.344924         19.407             125.262
782.358846         19.466             125.262
782.372804         19.526             125.262
782.386798         19.586             125.263
782.400828         19.646             125.263
782.414894         19.706             125.263
782.428995         19.765             125.263
782.443133         19.825             125.263
782.457306         19.885             125.264
782.471514         19.945             125.264
782.485758         20.005             125.264
782.500038         20.064             125.264
782.514353         20.124             125.264
782.528703         20.184             125.265
782.543089         20.244             125.265
782.557510         20.304             125.265
782.571965         20.363             125.265
782.586456         20.423             125.265
782.600982         20.483             125.266
782.615543         20.543             125.266
782.630139         20.602             125.266
782.644770         20.662             125.266
782.659436         20.722             125.267
782.674136         20.782             125.267
782.688871         20.842             125.267
782.703640         20.901             125.267
782.718444         20.961             125.268
782.733282         21.021             125.268
782.748155         21.081             125.268
782.763062         21.140             125.268
782.778004         21.200             125.269
782.792979         21.260             125.269
782.807989         21.320             125.269
782.823032         21.379             125.269
782.838110         21.439             125.270
782.853222         21.499             125.270
782.868367         21.559             125.270
782.883546         21.619             125.271
782.898759         21.678             125.271
782.914006         21.738             125.271
782.929286         21.798             125.271
782.944600         21.858             125.272
782.959947         21.917             125.272
782.975328         21.977             125.272
782.990742         22.037             125.273
783.006189         22.097             125.273
783.021669         22.156             125.273
783.037183         22.216             125.274
783.052729         22.276             125.274
783.068309         22.336             125.274
783.083921         22.396             125.275
783.099566         22.455             125.275
783.115244         22.515             125.275
783.130955         22.575             125.276
783.146698         22.635             125.276
783.162474         22.694             125.276
783.178283         22.754             125.277
783.194124         22.814             125.277
783.209997         22.874             125.277
783.225903         22.933             125.278
783.241840         22.993             125.278
783.257810         23.053             125.279
783.273812         23.113             125.279
783.289846         23.172             125.279
783.305912         23.232             125.280
783.322010         23.292             125.280
783.338140         23.352             125.281
783.354301         23.411             125.281
783.370494         23.471             125.281
783.386719         23.531             125.282
783.402975         23.591             125.282
783.419263         23.650             125.283
783.435582         23.710             125.283
783.451932         23.770             125.284
783.468314         23.830             125.284
783.484726         23.889             125.284
783.501170         23.949             125.285
783.517645         24.009             125.285
783.534151         24.069             125.286
783.550688         24.128             125.286
783.567255         24.188             125.287
783.583853         24.248             125.287
783.600482         24.308             125.288
783.617141         24.367             125.288
783.633831         24.427             125.289
783.650552         24.487             125.289
783.667303         24.546             125.290
783.684084         24.606             125.290
783.700895         24.666             125.291
783.717736         24.726             125.291
783.734608         24.785             125.292
783.751509         24.845             125.292
783.768441         24.905             125.293
783.785402         24.965             125.293
783.802393         25.024             125.294
783.819414         25.084             125.294
783.836464         25.144             125.295
783.853544         25.204             125.295
783.870654         25.263             125.296
783.887793         25.323             125.296
783.904961         25.383             125.297
783.922158         25.442             125.297
783.939385         25.502             125.298
783.956640         25.562             125.298
783.973925         25.622             125.299
783.991239         25.681             125.300
784.008581         25.741             125.300
784.025953         25.801             125.301
784.043353         25.860             125.301
784.060782         25.920             125.302
784.078239         25.980             125.303
784.095725         26.040             125.303
784.113239         26.099             125.304
784.130782         26.159             125.304
784.148353         26.219             125.305
784.165952         26.279             125.306
784.183579         26.338             125.306
784.201234         26.398             125.307
784.218917         26.458             125.308
784.236628         26.517             125.308
784.254367         26.577             125.309
784.272134         26.637             125.309
784.289928         26.696             125.310
784.307750         26.756             125.311
784.325599         26.816             125.311
784.343476         26.876             125.312
784.361380         26.935             125.313
784.379311         26.995             125.313
784.397270         27.055             125.314
784.415255         27.114             125.315
784.433268         27.174             125.316
784.451307         27.234             125.316
784.469374         27.294             125.317
784.487467         27.353             125.318
784.505587         27.413             125.318
784.523734         27.473             125.319
784.541907         27.532             125.320
784.560106         27.592             125.321
784.578332         27.652             125.321
784.596585         27.711             125.322
784.614863         27.771             125.323
784.633168         27.831             125.324
784.651499         27.891             125.324
784.669855         27.950             125.325
784.688238         28.010             125.326
784.706647         28.070             125.327
784.725081         28.129             125.327
784.743541         28.189             125.328
784.762026         28.249             125.329
784.780537         28.308             125.330
784.799074         28.368             125.331
784.817636         28.428             125.331
784.836223         28.487             125.332
784.854835         28.547             125.333
784.873472         28.607             125.334
784.892135         28.666             125.335
784.910822         28.726             125.336
784.929534         28.786             125.336
784.948271         28.846             125.337
784.967033         28.905             125.338
784.985819         28.965             125.339
785.004630         29.025             125.340
785.023466         29.084             125.341
785.042325         29.144             125.342
785.061209         29.204             125.342
785.080117         29.263             125.343
785.099050         29.323             125.344
785.118006         29.383             125.345
785.136986         29.442             125.346
785.155990         29.502             125.347
785.175018         29.562             125.348
785.194070         29.621             125.349
785.213145         29.681             125.350
785.232244         29.741             125.351
785.251366         29.800             125.352
785.270512         29.860             125.353
785.289681         29.920             125.354
785.308873         29.979             125.354
785.328088         30.039             125.355
785.347327         30.099             125.356
785.366588         30.158             125.357
785.385872         30.218             125.358
785.405179         30.278             125.359
785.424508         30.337             125.360
785.443861         30.397             125.361
785.463235         30.457             125.362
785.482633         30.516             125.363
785.502052         30.576             125.364
785.521494         30.636             125.365
785.540958         30.695             125.367
785.560444         30.755             125.368
785.579953         30.815             125.369
785.599483         30.874             125.370
785.619035         30.934             125.371
785.638609         30.994             125.372
785.658204         31.053             125.373
785.677821         31.113             125.374
785.697460         31.172             125.375
785.717120         31.232             125.376
785.736801         31.292             125.377
785.756504         31.351             125.378
785.776227         31.411             125.379
785.795972         31.471             125.381
785.815738         31.530             125.382
785.835525         31.590             125.383
785.855332         31.650             125.384
785.875161         31.709             125.385
785.895010         31.769             125.386
785.914879         31.829             125.387
785.934769         31.888             125.389
785.954680         31.948             125.390
785.974611         32.007             125.391
785.994561         32.067             125.392
786.014533         32.127             125.393
786.034524         32.186             125.395
786.054535         32.246             125.396
786.074566         32.306             125.397
786.094616         32.365             125.398
786.114687         32.425             125.399
786.134777         32.485             125.401
786.154887         32.544             125.402
786.175016         32.604             125.403
786.195164         32.663             125.404
786.215332         32.723             125.406
786.235518         32.783             125.407
786.255724         32.842             125.408
786.275949         32.902             125.410
786.296193         32.962             125.411
786.316455         33.021             125.412
786.336737         33.081             125.413
786.357037         33.140             125.415
786.377355         33.200             125.416
786.397692         33.260             125.417
786.418047         33.319             125.419
786.438421         33.379             125.420
786.458813         33.438             125.422
786.479223         33.498             125.423
786.499651         33.558             125.424
786.520097         33.617             125.426
786.540560         33.677             125.427
786.561042         33.737             125.428
786.581541         33.796             125.430
786.602058         33.856             125.431
786.622592         33.915             125.433
786.643144         33.975             125.434
786.663712         34.035             125.435
786.684299         34.094             125.437
786.704902         34.154             125.438
786.725522         34.213             125.440
786.746159         34.273             125.441
786.766813         34.333             125.443
786.787484         34.392             125.444
786.808172         34.452             125.446
786.828876         34.511             125.447
786.849597         34.571             125.449
786.870334         34.631             125.450
786.891087         34.690             125.452
786.911856         34.750             125.453
786.932642         34.809             125.455
786.953444         34.869             125.456
786.974262         34.929             125.458
786.995095         34.988             125.460
787.015945         35.048             125.461
787.036810         35.107             125.463
787.057690         35.167             125.464
787.078586         35.226             125.466
787.099498         35.286             125.467
787.120425         35.346             125.469
787.141367         35.405             125.471
787.162324         35.465             125.472
787.183296         35.524             125.474
787.204283         35.584             125.476
787.225285         35.644             125.477
787.246302         35.703             125.479
787.267334         35.763             125.481
787.288380         35.822             125.482
787.309440         35.882             125.484
787.330515         35.941             125.486
787.351605         36.001             125.487
787.372708         36.061             125.489
787.393826         36.120             125.491
787.414957         36.180             125.493
787.436103         36.239             125.494
787.457263         36.299             125.496
787.478436         36.358             125.498
787.499623         36.418             125.500
787.520823         36.478             125.501
787.542037         36.537             125.503
787.563265         36.597             125.505
787.584505         36.656             125.507
787.605759         36.716             125.509
787.627026         36.775             125.510
787.648306         36.835             125.512
787.669599         36.894             125.514
787.690905         36.954             125.516
787.712223         37.014             125.518
787.733554         37.073             125.520
787.754898         37.133             125.522
787.776254         37.192             125.523
787.797623         37.252             125.525
787.819004         37.311             125.527
787.840397         37.371             125.529
787.861802         37.430             125.531
787.883219         37.490             125.533
787.904648         37.550             125.535
787.926089         37.609             125.537
787.947541         37.669             125.539
787.969006         37.728             125.541
787.990481         37.788             125.543
788.011969         37.847             125.545
788.033467         37.907             125.547
788.054977         37.966             125.549
788.076498         38.026             125.551
788.098030         38.085             125.553
788.119573         38.145             125.555
788.141127         38.205             125.557
788.162691         38.264             125.559
788.184266         38.324             125.561
788.205852         38.383             125.563
788.227449         38.443             125.565
788.249056         38.502             125.567
788.270673         38.562             125.570
788.292300         38.621             125.572
788.313938         38.681             125.574
788.335585         38.740             125.576
788.357243         38.800             125.578
788.378910         38.859             125.580
788.400587         38.919             125.583
788.422274         38.978             125.585
788.443970         39.038             125.587
788.465676         39.097             125.589
788.487391         39.157             125.591
788.509115         39.216             125.594
788.530849         39.276             125.596
788.552591         39.335             125.598
788.574343         39.395             125.600
788.596104         39.455             125.603
788.617873         39.514             125.605
788.639651         39.574             125.607
788.661438         39.633             125.610
788.683233         39.693             125.612
788.705037         39.752             125.614
788.726849         39.812             125.617
788.748669         39.871             125.619
788.770497         39.931             125.621
788.792334         39.990             125.624
788.814178         40.050             125.626
788.836030         40.109             125.628
788.857890         40.169             125.631
788.879758         40.228             125.633
788.901633         40.288             125.636
788.923516         40.347             125.638
788.945406         40.407             125.641
788.967304         40.466             125.643
788.989208         40.526             125.646
789.011120         40.585             125.648
789.033038         40.645             125.651
789.054964         40.704             125.653
789.076896         40.764             125.656
789.098836         40.823             125.658
789.120781         40.883             125.661
789.142734         40.942             125.663
789.164692         41.001             125.666
789.186657         41.061             125.668
789.208629         41.120             125.671
789.230606         41.180             125.674
789.252590         41.239             125.676
789.274579         41.299             125.679
789.296574         41.358             125.682
789.318575         41.418             125.684
789.340582         41.477             125.687
789.362594         41.537             125.690
789.384612         41.596             125.692
789.406635         41.656             125.695
789.428664         41.715             125.698
789.450697         41.775             125.700
789.472736         41.834             125.703
789.494780         41.894             125.706
789.516828         41.953             125.709
789.538882         42.013             125.712
789.560940         42.072             125.714
789.583003         42.131             125.717
789.605070         42.191             125.720
789.627142         42.250             125.723
789.649218         42.310             125.726
789.671298         42.369             125.729
789.693382         42.429             125.731
789.715471         42.488             125.734
789.737563         42.548             125.737
789.759660         42.607             125.740
789.781759         42.667             125.743
789.803863         42.726             125.746
789.825970         42.785             125.749
789.848081         42.845             125.752
789.870195         42.904             125.755
789.892312         42.964             125.758
789.914433         43.023             125.761
789.936556         43.083             125.764
789.958683         43.142             125.767
789.980812         43.202             125.770
790.002945         43.261             125.773
790.025080         43.320             125.776
790.047217         43.380             125.779
790.069357         43.439             125.783
790.091500         43.499             125.786
790.113644         43.558             125.789
790.135791         43.618             125.792
790.157940         43.677             125.795
790.180091         43.737             125.798
790.202245         43.796             125.802
790.224399         43.855             125.805
790.246556         43.915             125.808
790.268714         43.974             125.811
790.290874         44.034             125.815
790.313035         44.093             125.818
790.335198         44.153             125.821
790.357362         44.212             125.824
790.379527         44.271             125.828
790.401693         44.331             125.831
790.423860         44.390             125.834
790.446028         44.450             125.838
790.468197         44.509             125.841
790.490366         44.568             125.845
790.512536         44.628             125.848
790.534706         44.687             125.851
790.556877         44.747             125.855
790.579048         44.806             125.858
790.601220         44.865             125.862
790.623391         44.925             125.865
790.645562         44.984             125.869
790.667734         45.044             125.872
790.689905         45.103             125.876
790.712076         45.163             125.879
790.734246         45.222             125.883
790.756416         45.281             125.887
790.778586         45.341             125.890
790.800754         45.400             125.894
790.822922         45.459             125.897
790.845090         45.519             125.901
790.867256         45.578             125.905
790.889421         45.638             125.908
790.911585         45.697             125.912
790.933748         45.756             125.916
790.955909         45.816             125.920
790.978069         45.875             125.923
791.000227         45.935             125.927
791.022384         45.994             125.931
791.044539         46.053             125.935
791.066693         46.113             125.938
791.088844         46.172             125.942
791.110993         46.232             125.946
791.133141         46.291             125.950
791.155286         46.350             125.954
791.177428         46.410             125.958
791.199569         46.469             125.962
791.221706         46.528             125.966
791.243842         46.588             125.970
791.265974         46.647             125.974
791.288104         46.706             125.978
791.310231         46.766             125.982
791.332355         46.825             125.986
791.354476         46.885             125.990
791.376594         46.944             125.994
791.398708         47.003             125.998
791.420819         47.063             126.002
791.442927         47.122             126.006
791.465031         47.181             126.010
791.487131         47.241             126.014
791.509228         47.300             126.019
791.531321         47.359             126.023
791.553410         47.419             126.027
791.575495         47.478             126.031
791.597576         47.538             126.035
791.619652         47.597             126.040
791.641724         47.656             126.044
791.663792         47.716             126.048
791.685856         47.775             126.053
791.707915         47.834             126.057
791.729969         47.894             126.061
791.752018         47.953             126.066
791.774062         48.012             126.070
791.796102         48.072             126.075
791.818136         48.131             126.079
791.840165         48.190             126.084
791.862189         48.250             126.088
791.884208         48.309             126.093
791.906221         48.368             126.097
791.928228         48.428             126.102
791.950230         48.487             126.106
791.972226         48.546             126.111
791.994217         48.606             126.115
792.016201         48.665             126.120
792.038179         48.724             126.125
792.060152         48.784             126.129
792.082118         48.843             126.134
792.104077         48.902             126.139
792.126031         48.961             126.143
792.147977         49.021             126.148
792.169918         49.080             126.153
792.191851         49.139             126.158
792.213778         49.199             126.163
792.235698         49.258             126.167
792.257610         49.317             126.172
792.279516         49.377             126.177
792.301415         49.436             126.182
792.323306         49.495             126.187
792.345190         49.555             126.192
792.367067         49.614             126.197
792.388936         49.673             126.202
792.410797         49.732             126.207
792.432651         49.792             126.212
792.454496         49.851             126.217
792.476334         49.910             126.222
792.498164         49.970             126.227
792.519986         50.029             126.232
792.541799         50.088             126.237
792.563604         50.147             126.243
792.585401         50.207             126.248
792.607189         50.266             126.253
792.628969         50.325             126.258
792.650740         50.385             126.264
792.672502         50.444             126.269
792.694256         50.503             126.274
792.716000         50.562             126.280
792.737736         50.622             126.285
792.759462         50.681             126.290
792.781179         50.740             126.296
792.802886         50.800             126.301
792.824585         50.859             126.307
792.846273         50.918             126.312
792.867952         50.977             126.318
792.889622         51.037             126.323
792.911281         51.096             126.329
792.932931         51.155             126.334
792.954571         51.214             126.340
792.976200         51.274             126.345
792.997819         51.333             126.351
793.019429         51.392             126.357
793.041027         51.451             126.362
793.062616         51.511             126.368
793.084193         51.570             126.374
793.105760         51.629             126.380
793.127317         51.688             126.386
793.148862         51.748             126.391
793.170397         51.807             126.397
793.191920         51.866             126.403
793.213433         51.925             126.409
793.234934         51.985             126.415
793.256424         52.044             126.421
793.277902         52.103             126.427
793.299369         52.162             126.433
793.320825         52.222             126.439
793.342269         52.281             126.445
793.363701         52.340             126.451
793.385121         52.399             126.457
793.406529         52.459             126.464
793.427925         52.518             126.470
793.449309         52.577             126.476
793.470681         52.636             126.482
793.492040         52.695             126.488
793.513387         52.755             126.495
793.534722         52.814             126.501
793.556044         52.873             126.507
793.577353         52.932             126.514
793.598650         52.991             126.520
793.619933         53.051             126.527
793.641204         53.110             126.533
793.662462         53.169             126.540
793.683706         53.228             126.546
793.704937         53.288             126.553
793.726155         53.347             126.559
793.747360         53.406             126.566
793.768551         53.465             126.573
793.789728         53.524             126.579
793.810892         53.584             126.586
793.832042         53.643             126.593
793.853178         53.702             126.599
793.874300         53.761             126.606
793.895407         53.820             126.613
793.916501         53.879             126.620
793.937581         53.939             126.627
793.958646         53.998             126.634
793.979697         54.057             126.641
794.000733         54.116             126.648
794.021755         54.175             126.655
794.042762         54.235             126.662
794.063754         54.294             126.669
794.084731         54.353             126.676
794.105693         54.412             126.683
794.126641         54.471             126.690
794.147573         54.530             126.698
794.168490         54.590             126.705
794.189391         54.649             126.712
794.210277         54.708             126.719
794.231148         54.767             126.727
794.252003         54.826             126.734
794.272842         54.885             126.742
794.293666         54.945             126.749
794.314473         55.004             126.756
794.335265         55.063             126.764
794.356040         55.122             126.772
794.376800         55.181             126.779
794.397543         55.240             126.787
794.418270         55.299             126.794
794.438981         55.359             126.802
794.459675         55.418             126.810
794.480352         55.477             126.818
794.501013         55.536             126.825
794.521657         55.595             126.833
794.542284         55.654             126.841
794.562894         55.713             126.849
794.583487         55.773             126.857
794.604063         55.832             126.865
794.624622         55.891             126.873
794.645163         55.950             126.881
794.665687         56.009             126.889
794.686194         56.068             126.897
794.706683         56.127             126.905
794.727154         56.186             126.914
794.747608         56.246             126.922
794.768044         56.305             126.930
794.788462         56.364             126.938
794.808862         56.423             126.947
794.829243         56.482             126.955
794.849607         56.541             126.964
794.869952         56.600             126.972
794.890279         56.659             126.981
794.910588         56.718             126.989
794.930878         56.777             126.998
794.951149         56.837             127.006
794.971402         56.896             127.015
794.991635         56.955             127.024
795.011850         57.014             127.033
795.032046         57.073             127.041
795.052223         57.132             127.050
795.072381         57.191             127.059
795.092520         57.250             127.068
795.112639         57.309             127.077
795.132739         57.368             127.086
795.152819         57.427             127.095
795.172880         57.486             127.104
795.192921         57.546             127.113
795.212942         57.605             127.122
795.232944         57.664             127.132
795.252925         57.723             127.141
795.272887         57.782             127.150
795.292828         57.841             127.160
795.312749         57.900             127.169
795.332650         57.959             127.178
795.352531         58.018             127.188
795.372391         58.077             127.197
795.392231         58.136             127.207
795.412050         58.195             127.217
795.431848         58.254             127.226
795.451626         58.313             127.236
795.471382         58.372             127.246
795.491118         58.431             127.256
795.510833         58.490             127.265
795.530526         58.549             127.275
795.550199         58.608             127.285
795.569850         58.668             127.295
795.589479         58.727             127.305
795.609088         58.786             127.315
795.628674         58.845             127.326
795.648239         58.904             127.336
795.667783         58.963             127.346
795.687304         59.022             127.356
795.706804         59.081             127.367
795.726281         59.140             127.377
795.745737         59.199             127.387
795.765171         59.258             127.398
795.784582         59.317             127.408
795.803971         59.376             127.419
795.823337         59.435             127.430
795.842681         59.494             127.440
795.862003         59.553             127.451
795.881302         59.612             127.462
795.900578         59.671             127.473
795.919831         59.730             127.484
795.939062         59.789             127.495
795.958269         59.848             127.506
795.977454         59.907             127.517
795.996615         59.966             127.528
796.015753         60.025             127.539
796.034868         60.084             127.550
796.053960         60.143             127.561
796.073027         60.202             127.573
796.092072         60.260             127.584
796.111093         60.319             127.596
796.130090         60.378             127.607
796.149063         60.437             127.619
796.168012         60.496             127.630
796.186938         60.555             127.642
796.205839         60.614             127.654
796.224717         60.673             127.666
796.243570         60.732             127.677
796.262398         60.791             127.689
796.281203         60.850             127.701
796.299983         60.909             127.713
796.318738         60.968             127.725
796.337469         61.027             127.738
796.356175         61.086             127.750
796.374857         61.145             127.762
796.393513         61.204             127.774
796.412145         61.263             127.787
796.430752         61.321             127.799
796.449333         61.380             127.812
796.467890         61.439             127.824
796.486421         61.498             127.837
796.504927         61.557             127.850
796.523407         61.616             127.862
796.541862         61.675             127.875
796.560291         61.734             127.888
796.578695         61.793             127.901
796.597073         61.852             127.914
796.615425         61.911             127.927
796.633751         61.969             127.940
796.652052         62.028             127.954
796.670326         62.087             127.967
796.688574         62.146             127.980
796.706796         62.205             127.994
796.724992         62.264             128.007
796.743161         62.323             128.021
796.761304         62.382             128.034
796.779420         62.440             128.048
796.797510         62.499             128.062
796.815573         62.558             128.076
796.833610         62.617             128.090
796.851619         62.676             128.104
796.869602         62.735             128.118
796.887558         62.794             128.132
796.905486         62.852             128.146
796.923388         62.911             128.160
796.941262         62.970             128.175
796.959109         63.029             128.189
796.976929         63.088             128.204
796.994721         63.147             128.218
797.012486         63.206             128.233
797.030223         63.264             128.248
797.047932         63.323             128.262
797.065614         63.382             128.277
797.083268         63.441             128.292
797.100894         63.500             128.307
797.118492         63.558             128.323
797.136062         63.617             128.338
797.153604         63.676             128.353
797.171117         63.735             128.368
797.188603         63.794             128.384
797.206060         63.852             128.399
797.223488         63.911             128.415
797.240888         63.970             128.431
797.258260         64.029             128.446
797.275603         64.088             128.462
797.292917         64.146             128.478
797.310202         64.205             128.494
797.327459         64.264             128.510
797.344686         64.323             128.527
797.361885         64.381             128.543
797.379054         64.440             128.559
797.396194         64.499             128.576
797.413305         64.558             128.592
797.430387         64.616             128.609
797.447439         64.675             128.626
797.464462         64.734             128.643
797.481455         64.793             128.660
797.498419         64.851             128.677
797.515353         64.910             128.694
797.532257         64.969             128.711
797.549132         65.028             128.728
797.565976         65.086             128.746
797.582791         65.145             128.763
797.599575         65.204             128.781
797.616330         65.263             128.798
797.633054         65.321             128.816
797.649748         65.380             128.834
797.666411         65.439             128.852
797.683044         65.497             128.870
797.699647         65.556             128.888
797.716219         65.615             128.906
797.732761         65.673             128.925
797.749272         65.732             128.943
797.765752         65.791             128.962
797.782201         65.849             128.980
797.798619         65.908             128.999
797.815007         65.967             129.018
797.831363         66.025             129.037
797.847688         66.084             129.056
797.863983         66.143             129.075
797.880245         66.201             129.095
797.896477         66.260             129.114
797.912677         66.319             129.134
797.928845         66.377             129.153
797.944983         66.436             129.173
797.961088         66.495             129.193
797.977162         66.553             129.213
797.993204         66.612             129.233
798.009214         66.670             129.253
798.025193         66.729             129.274
798.041139         66.788             129.294
798.057053         66.846             129.315
798.072936         66.905             129.335
798.088786         66.963             129.356
798.104604         67.022             129.377
798.120390         67.081             129.398
798.136143         67.139             129.419
798.151864         67.198             129.441
798.167552         67.256             129.462
798.183208         67.315             129.483
798.198831         67.374             129.505
798.214422         67.432             129.527
798.229980         67.491             129.549
798.245504         67.549             129.571
798.260997         67.608             129.593
798.276456         67.666             129.615
798.291882         67.725             129.638
798.307275         67.783             129.660
798.322634         67.842             129.683
798.337961         67.900             129.706
798.353254         67.959             129.729
798.368514         68.017             129.752
798.383741         68.076             129.775
798.398934         68.134             129.799
798.414093         68.193             129.822
798.429219         68.251             129.846
798.444311         68.310             129.870
798.459370         68.368             129.894
798.474394         68.427             129.918
798.489385         68.485             129.942
798.504342         68.544             129.966
798.519265         68.602             129.991
798.534153         68.661             130.016
798.549008         68.719             130.041
798.563828         68.778             130.066
798.578614         68.836             130.091
798.593366         68.894             130.116
798.608084         68.953             130.141
798.622767         69.011             130.167
798.637415         69.070             130.193
798.652029         69.128             130.219
798.666608         69.186             130.245
798.681153         69.245             130.271
798.695662         69.303             130.298
798.710137         69.362             130.324
798.724577         69.420             130.351
798.738983         69.478             130.378
798.753353         69.537             130.405
798.767688         69.595             130.432
798.781988         69.653             130.460
798.796252         69.712             130.487
798.810482         69.770             130.515
798.824676         69.829             130.543
798.838834         69.887             130.571
798.852958         69.945             130.599
798.867045         70.003             130.628
798.881098         70.062             130.657
798.895114         70.120             130.686
798.909095         70.178             130.715
798.923040         70.237             130.744
798.936950         70.295             130.773
798.950823         70.353             130.803
798.964661         70.412             130.833
798.978462         70.470             130.863
798.992228         70.528             130.893
799.005957         70.586             130.923
799.019651         70.645             130.954
799.033308         70.703             130.985
799.046928         70.761             131.016
799.060513         70.819             131.047
799.074061         70.877             131.079
799.087573         70.936             131.110
799.101048         70.994             131.142
799.114486         71.052             131.174
799.127888         71.110             131.206
799.141253         71.168             131.239
799.154582         71.227             131.272
799.167874         71.285             131.304
799.181128         71.343             131.338
799.194346         71.401             131.371
799.207527         71.459             131.405
799.220671         71.517             131.438
799.233778         71.575             131.473
799.246848         71.633             131.507
799.259880         71.692             131.541
799.272875         71.750             131.576
799.285833         71.808             131.611
799.298754         71.866             131.646
799.311637         71.924             131.682
799.324483         71.982             131.718
799.337291         72.040             131.754
799.350062         72.098             131.790
799.362795         72.156             131.826
799.375490         72.214             131.863
799.388148         72.272             131.900
799.400767         72.330             131.937
799.413349         72.388             131.975
799.425893         72.446             132.013
799.438399         72.504             132.051
799.450867         72.562             132.089
799.463297         72.620             132.128
799.475689         72.678             132.167
799.488043         72.736             132.206
799.500358         72.794             132.245
799.512635         72.852             132.285
799.524874         72.910             132.325
799.537074         72.968             132.366
799.549236         73.026             132.406
799.561360         73.083             132.447
799.573445         73.141             132.488
799.585491         73.199             132.530
799.597499         73.257             132.572
799.609468         73.315             132.614
799.621398         73.373             132.656
799.633289         73.431             132.699
799.645142         73.488             132.742
799.656956         73.546             132.786
799.668730         73.604             132.829
799.680466         73.662             132.873
799.692163         73.719             132.918
799.703820         73.777             132.963
799.715439         73.835             133.008
799.727018         73.893             133.053
799.738558         73.950             133.099
799.750059         74.008             133.145
799.761520         74.066             133.191
799.772942         74.123             133.238
799.784324         74.181             133.285
799.795667         74.239             133.333
799.806971         74.296             133.381
799.818234         74.354             133.429
799.829459         74.412             133.478
799.840643         74.469             133.527
799.851788         74.527             133.576
799.862893         74.584             133.626
799.873958         74.642             133.677
799.884983         74.700             133.727
799.895968         74.757             133.778
799.906914         74.815             133.830
799.917819         74.872             133.882
799.928684         74.930             133.934
799.939509         74.987             133.987
799.950294         75.045             134.040
799.961039         75.102             134.093
799.971744         75.159             134.147
799.982408         75.217             134.202
799.993031         75.274             134.257
800.003615         75.332             134.312
800.014158         75.389             134.368
800.024660         75.446             134.424
800.035122         75.504             134.481
800.045544         75.561             134.538
800.055925         75.618             134.595
800.066265         75.676             134.654
800.076564         75.733             134.712
800.086823         75.790             134.771
800.097041         75.847             134.831
800.107218         75.905             134.891
800.117354         75.962             134.952
800.127449         76.019             135.013
800.137503         76.076             135.075
800.147516         76.133             135.137
800.157489         76.191             135.200
800.167420         76.248             135.263
800.177310         76.305             135.327
800.187158         76.362             135.391
800.196966         76.419             135.456
800.206732         76.476             135.522
800.216457         76.533             135.588
800.226141         76.590             135.655
800.235783         76.647             135.722
800.245384         76.704             135.790
800.254943         76.761             135.859
800.264461         76.818             135.928
800.273937         76.875             135.998
800.283372         76.932             136.068
800.292765         76.988             136.139
800.302116         77.045             136.211
800.311425         77.102             136.283
800.320693         77.159             136.356
800.329919         77.216             136.430
800.339103         77.272             136.504
800.348246         77.329             136.579
800.357346         77.386             136.655
800.366405         77.442             136.732
800.375421         77.499             136.809
800.384395         77.556             136.887
800.393328         77.612             136.965
800.402218         77.669             137.045
800.411066         77.725             137.125
800.419872         77.782             137.206
800.428636         77.838             137.288
800.437357         77.895             137.370
800.446036         77.951             137.454
800.454673         78.008             137.538
800.463267         78.064             137.623
800.471819         78.120             137.708
800.480329         78.177             137.795
800.488796         78.233             137.882
800.497220         78.289             137.971
800.505602         78.346             138.060
800.513942         78.402             138.150
800.522238         78.458             138.241
800.530493         78.514             138.333
800.538704         78.570             138.426
800.546873         78.626             138.520
800.554999         78.682             138.615
800.563082         78.738             138.710
800.571122         78.794             138.807
800.579119         78.850             138.905
800.587074         78.906             139.004
800.594985         78.962             139.103
800.602854         79.018             139.204
800.610679         79.074             139.306
800.618462         79.129             139.409
800.626201         79.185             139.513
800.633898         79.241             139.618
800.641551         79.296             139.724
800.649161         79.352             139.832
800.656728         79.408             139.940
800.664251         79.463             140.050
800.671732         79.519             140.161
800.679169         79.574             140.273
800.686562         79.629             140.387
800.693913         79.685             140.501
800.701220         79.740             140.617
800.708483         79.795             140.734
800.715703         79.851             140.853
800.722880         79.906             140.973
800.730013         79.961             141.094
800.737102         80.016             141.216
800.744148         80.071             141.340
800.751150         80.126             141.465
800.758109         80.181             141.592
800.765024         80.236             141.720
800.771895         80.291             141.850
800.778723         80.345             141.981
800.785506         80.400             142.114
800.792246         80.455             142.248
800.798942         80.509             142.384
800.805595         80.564             142.522
800.812203         80.618             142.661
800.818768         80.673             142.802
800.825288         80.727             142.944
800.831765         80.782             143.088
800.838197         80.836             143.234
800.844586         80.890             143.382
800.850931         80.944             143.531
800.857231         80.998             143.682
800.863488         81.052             143.836
800.869700         81.106             143.991
800.875868         81.160             144.148
800.881992         81.214             144.307
800.888072         81.267             144.468
800.894107         81.321             144.630
800.900098         81.375             144.796
800.906045         81.428             144.963
800.911948         81.482             145.132
800.917806         81.535             145.303
800.923620         81.588             145.477
800.929390         81.641             145.653
800.935115         81.694             145.831
800.940796         81.748             146.011
800.946432         81.800             146.194
800.952024         81.853             146.380
800.957571         81.906             146.567
800.963074         81.959             146.758
800.968532         82.011             146.950
800.973946         82.064             147.146
800.979315         82.116             147.344
800.984640         82.168             147.544
800.989919         82.221             147.748
800.995155         82.273             147.954
801.000345         82.325             148.163
801.005491         82.377             148.375
801.010592         82.428             148.590
801.015648         82.480             148.808
801.020660         82.531             149.028
801.025626         82.583             149.252
801.030548         82.634             149.480
801.035425         82.685             149.710
801.040257         82.736             149.944
801.045045         82.787             150.181
801.049787         82.838             150.421
801.054484         82.889             150.665
801.059137         82.939             150.912
801.063745         82.990             151.163
801.068307         83.040             151.418
801.072825         83.090             151.677
801.077297         83.140             151.939
801.081725         83.190             152.205
801.086107         83.240             152.475
801.090445         83.289             152.749
801.094737         83.338             153.028
801.098984         83.388             153.310
801.103186         83.437             153.597
801.107343         83.486             153.888
801.111455         83.534             154.183
801.115521         83.583             154.483
801.119543         83.631             154.788
801.123519         83.679             155.097
801.127450         83.727             155.411
801.131335         83.775             155.730
801.135176         83.822             156.054
801.138971         83.870             156.383
801.142720         83.917             156.717
801.146425         83.964             157.057
801.150084         84.011             157.401
801.153698         84.057             157.752
801.157266         84.103             158.107
801.160789         84.149             158.469
801.164267         84.195             158.836
801.167699         84.241             159.209
801.171086         84.286             159.588
801.174427         84.331             159.973
801.177723         84.376             160.364
801.180973         84.420             160.762
801.184178         84.464             161.166
801.187337         84.508             161.576
801.190451         84.552             161.994
801.193520         84.595             162.417
801.196543         84.638             162.848
801.199520         84.681             163.286
801.202452         84.723             163.731
801.205338         84.765             164.183
801.208178         84.807             164.643
801.210973         84.849             165.109
801.213723         84.890             165.584
801.216426         84.930             166.066
801.219084         84.971             166.556
801.221697         85.011             167.054
801.224264         85.050             167.560
801.226785         85.089             168.074
801.229260         85.128             168.597
801.231690         85.166             169.127
801.234074         85.204             169.667
801.236412         85.242             170.214
801.238705         85.279             170.771
801.240952         85.315             171.336
801.243153         85.351             171.911
801.245308         85.387             172.494
801.247418         85.422             173.086
801.249482         85.457             173.687
801.251500         85.491             174.298
801.253472         85.524             174.918
801.255399         85.557             175.547
801.257279         85.590             176.185
801.259114         85.622             176.833
801.260903         85.653             177.491
801.262647         85.684             178.158
801.264344         85.714             178.834
801.265996         85.744             179.521
801.267601         85.773             -179.784
801.269161         85.801             -179.079
801.270675         85.829             -178.364
801.272143         85.856             -177.640
801.273566         85.882             -176.907
801.274942         85.908             -176.164
801.276272         85.933             -175.412
801.277557         85.957             -174.650
801.278796         85.980             -173.880
801.279989         86.003             -173.101
801.281135         86.025             -172.313
801.282236         86.046             -171.516
801.283292         86.067             -170.711
801.284301         86.086             -169.897
801.285264         86.105             -169.075
801.286181         86.123             -168.246
801.287053         86.140             -167.409
801.287878         86.157             -166.565
801.288657         86.172             -165.713
801.289391         86.187             -164.855
801.290079         86.201             -163.990
801.290720         86.214             -163.120
801.291316         86.226             -162.243
801.291866         86.237             -161.361
801.292369         86.247             -160.474
801.292827         86.256             -159.583
801.293239         86.265             -158.687
801.293605         86.272             -157.787
801.293925         86.279             -156.884
801.294199         86.285             -155.978
801.294427         86.289             -155.069
801.294609         86.293             -154.158
801.294745         86.296             -153.246
801.294835         86.298             -152.332
801.294879         86.299             -151.418
801.294877         86.298             -150.504
801.294829         86.298             -149.590
801.294735         86.296             -148.676
801.294596         86.293             -147.764
801.294410         86.289             -146.854
801.294178         86.284             -145.945
801.293900         86.278             -145.039
801.293577         86.272             -144.136
801.293207         86.264             -143.237
801.292792         86.256             -142.341
801.292330         86.246             -141.450
801.291822         86.236             -140.563
801.291269         86.225             -139.682
801.290670         86.213             -138.806
801.290024         86.200             -137.936
801.289333         86.186             -137.071
801.288596         86.171             -136.214
801.287812         86.155             -135.363
801.286983         86.139             -134.519
801.286108         86.122             -133.683
801.285187         86.104             -132.854
801.284220         86.085             -132.033
801.283207         86.065             -131.220
801.282148         86.044             -130.416
801.281044         86.023             -129.620
801.279893         86.001             -128.832
801.278696         85.978             -128.054
801.277454         85.955             -127.284
801.276166         85.931             -126.524
801.274831         85.906             -125.772
801.273451         85.880             -125.030
801.272025         85.853             -124.297
801.270553         85.826             -123.574
801.269036         85.799             -122.860
801.267472         85.770             -122.156
801.265862         85.741             -121.461
801.264207         85.712             -120.776
801.262506         85.682             -120.100
801.260759         85.651             -119.434
801.258966         85.619             -118.777
801.257128         85.587             -118.130
801.255243         85.555             -117.492
801.253313         85.522             -116.864
801.251337         85.488             -116.245
801.249315         85.454             -115.635
801.247247         85.419             -115.034
801.245134         85.384             -114.443
801.242975         85.348             -113.860
801.240770         85.312             -113.287
801.238519         85.276             -112.722
801.236223         85.239             -112.166
801.233881         85.201             -111.619
801.231493         85.163             -111.081
801.229060         85.125             -110.551
801.226581         85.086             -110.029
801.224056         85.047             -109.515
801.221485         85.007             -109.010
801.218869         84.967             -108.513
801.216207         84.927             -108.023
801.213500         84.886             -107.542
801.210747         84.845             -107.068
801.207948         84.804             -106.602
801.205104         84.762             -106.143
801.202214         84.720             -105.691
801.199278         84.678             -105.247
801.196297         84.635             -104.810
801.193271         84.592             -104.379
801.190199         84.548             -103.956
801.187081         84.505             -103.539
801.183918         84.461             -103.130
801.180709         84.417             -102.726
801.177455         84.372             -102.329
801.174156         84.327             -101.938
801.170811         84.282             -101.554
801.167420         84.237             -101.175
801.163984         84.191             -100.803
801.160503         84.146             -100.436
801.156976         84.100             -100.075
801.153404         84.053             -99.720
801.149787         84.007             -99.370
801.146124         83.960             -99.026
801.142416         83.913             -98.687
801.138662         83.866             -98.353
801.134864         83.819             -98.024
801.131020         83.771             -97.701
801.127130         83.723             -97.382
801.123196         83.675             -97.069
801.119216         83.627             -96.760
801.115191         83.579             -96.455
801.111121         83.530             -96.156
801.107005         83.482             -95.861
801.102845         83.433             -95.570
801.098639         83.384             -95.284
801.094388         83.334             -95.002
801.090092         83.285             -94.724
801.085751         83.236             -94.450
801.081365         83.186             -94.180
801.076934         83.136             -93.914
801.072458         83.086             -93.652
801.067936         83.036             -93.394
801.063370         82.986             -93.140
801.058759         82.935             -92.889
801.054103         82.885             -92.642
801.049402         82.834             -92.398
801.044656         82.783             -92.158
801.039865         82.732             -91.921
801.035029         82.681             -91.688
801.030148         82.630             -91.458
801.025223         82.579             -91.231
801.020252         82.527             -91.007
801.015237         82.476             -90.787
801.010177         82.424             -90.569
801.005072         82.372             -90.354
800.999923         82.320             -90.143
800.994729         82.268             -89.934
800.989490         82.216             -89.728
800.984207         82.164             -89.525
800.978879         82.112             -89.324
800.973506         82.059             -89.126
800.968089         82.007             -88.931
800.962627         81.954             -88.739
800.957120         81.902             -88.549
800.951569         81.849             -88.361
800.945974         81.796             -88.176
800.940334         81.743             -87.994
800.934649         81.690             -87.813
800.928921         81.637             -87.635
800.923147         81.584             -87.460
800.917330         81.531             -87.286
800.911468         81.477             -87.115
800.905562         81.424             -86.946
800.899611         81.370             -86.779
800.893616         81.317             -86.614
800.887577         81.263             -86.451
800.881494         81.209             -86.290
800.875366         81.156             -86.132
800.869194         81.102             -85.975
800.862978         81.048             -85.820
800.856718         80.994             -85.667
800.850414         80.940             -85.516
800.844066         80.886             -85.366
800.837674         80.831             -85.219
800.831238         80.777             -85.073
800.824758         80.723             -84.929
800.818233         80.668             -84.787
800.811665         80.614             -84.646
800.805053         80.559             -84.507
800.798397         80.505             -84.370
800.791698         80.450             -84.234
800.784954         80.396             -84.100
800.778167         80.341             -83.967
800.771336         80.286             -83.836
800.764461         80.231             -83.707
800.757542         80.176             -83.579
800.750580         80.121             -83.452
800.743574         80.066             -83.327
800.736525         80.011             -83.203
800.729432         79.956             -83.081
800.722295         79.901             -82.960
800.715115         79.846             -82.840
800.707892         79.791             -82.722
800.700625         79.736             -82.604
800.693314         79.680             -82.489
800.685960         79.625             -82.374
800.678563         79.569             -82.261
800.671123         79.514             -82.149
800.663639         79.459             -82.038
800.656112         79.403             -81.928
800.648541         79.347             -81.820
800.640928         79.292             -81.713
800.633271         79.236             -81.606
800.625571         79.181             -81.501
800.617828         79.125             -81.397
800.610042         79.069             -81.295
800.602213         79.013             -81.193
800.594341         78.957             -81.092
800.586426         78.902             -80.992
800.578468         78.846             -80.894
800.570467         78.790             -80.796
800.562423         78.734             -80.699
800.554337         78.678             -80.604
800.546207         78.622             -80.509
800.538035         78.566             -80.415
800.529820         78.509             -80.322
800.521563         78.453             -80.231
800.513263         78.397             -80.140
800.504920         78.341             -80.050
800.496534         78.285             -79.960
800.488106         78.228             -79.872
800.479636         78.172             -79.785
800.471123         78.116             -79.698
800.462567         78.059             -79.613
800.453969         78.003             -79.528
800.445329         77.947             -79.444
800.436647         77.890             -79.360
800.427922         77.834             -79.278
800.419155         77.777             -79.196
800.410345         77.721             -79.115
800.401494         77.664             -79.035
800.392600         77.608             -78.956
800.383664         77.551             -78.877
800.374686         77.494             -78.799
800.365667         77.438             -78.722
800.356605         77.381             -78.646
800.347501         77.324             -78.570
800.338355         77.268             -78.495
800.329168         77.211             -78.421
800.319938         77.154             -78.347
800.310667         77.097             -78.274
800.301354         77.041             -78.202
800.291999         76.984             -78.130
800.282603         76.927             -78.059
800.273165         76.870             -77.989
800.263685         76.813             -77.919
800.254164         76.756             -77.850
800.244601         76.699             -77.781
800.234997         76.642             -77.714
800.225352         76.585             -77.646
800.215665         76.528             -77.580
800.205936         76.471             -77.514
800.196167         76.414             -77.448
800.186356         76.357             -77.383
800.176504         76.300             -77.319
800.166611         76.243             -77.255
800.156676         76.186             -77.192
800.146701         76.129             -77.129
800.136684         76.072             -77.067
800.126626         76.014             -77.005
800.116528         75.957             -76.944
800.106388         75.900             -76.883
800.096208         75.843             -76.823
800.085987         75.786             -76.763
800.075725         75.728             -76.704
800.065422         75.671             -76.646
800.055079         75.614             -76.588
800.044695         75.556             -76.530
800.034270         75.499             -76.473
800.023805         75.442             -76.416
800.013299         75.384             -76.360
800.002752         75.327             -76.304
799.992166         75.270             -76.249
799.981539         75.212             -76.194
799.970871         75.155             -76.140
799.960163         75.097             -76.086
799.949415         75.040             -76.032
799.938627         74.982             -75.979
799.927799         74.925             -75.926
799.916930         74.867             -75.874
799.906022         74.810             -75.822
799.895073         74.752             -75.771
799.884085         74.695             -75.720
799.873056         74.637             -75.669
799.861988         74.580             -75.619
799.850880         74.522             -75.569
799.839732         74.465             -75.520
799.828544         74.407             -75.471
799.817316         74.349             -75.422
799.806049         74.292             -75.374
799.794743         74.234             -75.326
799.783397         74.176             -75.278
799.772011         74.119             -75.231
799.760586         74.061             -75.185
799.749121         74.003             -75.138
799.737617         73.946             -75.092
799.726074         73.888             -75.046
799.714492         73.830             -75.001
799.702870         73.773             -74.956
799.691209         73.715             -74.911
799.679509         73.657             -74.867
799.667771         73.599             -74.823
799.655993         73.541             -74.779
799.644176         73.484             -74.736
799.632320         73.426             -74.692
799.620425         73.368             -74.650
799.608492         73.310             -74.607
799.596520         73.252             -74.565
799.584509         73.194             -74.523
799.572460         73.137             -74.482
799.560371         73.079             -74.441
799.548245         73.021             -74.400
799.536080         72.963             -74.359
799.523876         72.905             -74.319
799.511634         72.847             -74.279
799.499354         72.789             -74.239
799.487035         72.731             -74.200
799.474679         72.673             -74.161
799.462284         72.615             -74.122
799.449851         72.557             -74.083
799.437380         72.499             -74.045
799.424871         72.441             -74.007
799.412323         72.383             -73.969
799.399739         72.325             -73.931
799.387116         72.267             -73.894
799.374455         72.209             -73.857
799.361757         72.151             -73.820
799.349021         72.093             -73.784
799.336247         72.035             -73.748
799.323436         71.977             -73.712
799.310587         71.919             -73.676
799.297701         71.861             -73.640
799.284777         71.803             -73.605
799.271816         71.745             -73.570
799.258818         71.687             -73.535
799.245782         71.629             -73.501
799.232709         71.571             -73.467
799.219600         71.513             -73.433
799.206453         71.454             -73.399
799.193269         71.396             -73.365
799.180048         71.338             -73.332
799.166790         71.280             -73.299
799.153495         71.222             -73.266
799.140164         71.164             -73.233
799.126795         71.105             -73.201
799.113391         71.047             -73.168
799.099949         70.989             -73.136
799.086471         70.931             -73.104
799.072956         70.873             -73.073
799.059405         70.814             -73.041
799.045818         70.756             -73.010
799.032194         70.698             -72.979
799.018534         70.640             -72.948
799.004838         70.582             -72.918
798.991106         70.523             -72.887
798.977337         70.465             -72.857
798.963532         70.407             -72.827
798.949692         70.348             -72.797
798.935816         70.290             -72.768
798.921903         70.232             -72.738
798.907955         70.174             -72.709
798.893971         70.115             -72.680
798.879952         70.057             -72.651
798.865897         69.999             -72.623
798.851806         69.940             -72.594
798.837680         69.882             -72.566
798.823518         69.824             -72.538
798.809321         69.765             -72.510
798.795089         69.707             -72.482
798.780822         69.649             -72.454
798.766519         69.590             -72.427
798.752181         69.532             -72.400
798.737808         69.474             -72.373
798.723400         69.415             -72.346
798.708957         69.357             -72.319
798.694479         69.299             -72.292
798.679967         69.240             -72.266
798.665419         69.182             -72.240
798.650837         69.123             -72.214
798.636221         69.065             -72.188
798.621569         69.006             -72.162
798.606884         68.948             -72.136
798.592163         68.890             -72.111
798.577409         68.831             -72.086
798.562620         68.773             -72.060
798.547797         68.714             -72.035
798.532939         68.656             -72.011
798.518048         68.597             -71.986
798.503122         68.539             -71.961
798.488163         68.481             -71.937
798.473169         68.422             -71.913
798.458142         68.364             -71.889
798.443081         68.305             -71.865
798.427986         68.247             -71.841
798.412857         68.188             -71.817
798.397695         68.130             -71.794
798.382499         68.071             -71.770
798.367270         68.013             -71.747
798.352007         67.954             -71.724
798.336711         67.896             -71.701
798.321382         67.837             -71.678
798.306019         67.779             -71.655
798.290624         67.720             -71.633
798.275195         67.661             -71.610
798.259733         67.603             -71.588
798.244238         67.544             -71.566
798.228711         67.486             -71.544
798.213150         67.427             -71.522
798.197557         67.369             -71.500
798.181931         67.310             -71.479
798.166273         67.252             -71.457
798.150582         67.193             -71.436
798.134858         67.134             -71.414
798.119102         67.076             -71.393
798.103314         67.017             -71.372
798.087493         66.959             -71.351
798.071640         66.900             -71.331
798.055755         66.841             -71.310
798.039838         66.783             -71.289
798.023889         66.724             -71.269
798.007908         66.666             -71.249
797.991896         66.607             -71.228
797.975851         66.548             -71.208
797.959774         66.490             -71.188
797.943666         66.431             -71.168
797.927527         66.373             -71.149
797.911356         66.314             -71.129
797.895153         66.255             -71.110
797.878919         66.197             -71.090
797.862654         66.138             -71.071
797.846357         66.079             -71.052
797.830029         66.021             -71.032
797.813670         65.962             -71.013
797.797280         65.903             -70.995
797.780860         65.845             -70.976
797.764408         65.786             -70.957
797.747925         65.727             -70.939
797.731412         65.669             -70.920
797.714868         65.610             -70.902
797.698293         65.551             -70.884
797.681688         65.493             -70.865
797.665052         65.434             -70.847
797.648386         65.375             -70.829
797.631690         65.316             -70.811
797.614963         65.258             -70.794
797.598206         65.199             -70.776
797.581419         65.140             -70.758
797.564602         65.082             -70.741
797.547755         65.023             -70.724
797.530878         64.964             -70.706
797.513972         64.905             -70.689
797.497035         64.847             -70.672
797.480069         64.788             -70.655
797.463074         64.729             -70.638
797.446048         64.670             -70.621
797.428994         64.612             -70.605
797.411910         64.553             -70.588
797.394796         64.494             -70.571
797.377654         64.435             -70.555
797.360482         64.377             -70.539
797.343281         64.318             -70.522
797.326051         64.259             -70.506
797.308792         64.200             -70.490
797.291504         64.142             -70.474
797.274188         64.083             -70.458
797.256843         64.024             -70.442
797.239469         63.965             -70.426
797.222067         63.906             -70.411
797.204636         63.848             -70.395
797.187176         63.789             -70.379
797.169689         63.730             -70.364
797.152173         63.671             -70.349
797.134629         63.612             -70.333
797.117056         63.554             -70.318
797.099456         63.495             -70.303
797.081828         63.436             -70.288
797.064172         63.377             -70.273
797.046488         63.318             -70.258
797.028776         63.260             -70.243
797.011037         63.201             -70.229
796.993270         63.142             -70.214
796.975475         63.083             -70.199
796.957653         63.024             -70.185
796.939804         62.965             -70.170
796.921928         62.907             -70.156
796.904024         62.848             -70.142
796.886093         62.789             -70.128
796.868135         62.730             -70.113
796.850150         62.671             -70.099
796.832138         62.612             -70.085
796.814100         62.553             -70.072
796.796035         62.495             -70.058
796.777943         62.436             -70.044
796.759824         62.377             -70.030
796.741679         62.318             -70.017
796.723507         62.259             -70.003
796.705310         62.200             -69.990
796.687085         62.141             -69.976
796.668835         62.082             -69.963
796.650559         62.024             -69.949
796.632256         61.965             -69.936
796.613928         61.906             -69.923
796.595574         61.847             -69.910
796.577194         61.788             -69.897
796.558788         61.729             -69.884
796.540356         61.670             -69.871
796.521899         61.611             -69.858
796.503417         61.552             -69.845
796.484909         61.493             -69.833
796.466376         61.434             -69.820
796.447817         61.376             -69.808
796.429234         61.317             -69.795
796.410625         61.258             -69.783
796.391991         61.199             -69.770
796.373333         61.140             -69.758
796.354649         61.081             -69.746
796.335941         61.022             -69.733
796.317208         60.963             -69.721
796.298451         60.904             -69.709
796.279669         60.845             -69.697
796.260862         60.786             -69.685
796.242032         60.727             -69.673
796.223176         60.668             -69.661
796.204297         60.609             -69.650
796.185394         60.550             -69.638
796.166466         60.492             -69.626
796.147515         60.433             -69.615
796.128540         60.374             -69.603
796.109541         60.315             -69.592
796.090518         60.256             -69.580
796.071472         60.197             -69.569
796.052402         60.138             -69.557
796.033309         60.079             -69.546
796.014192         60.020             -69.535
795.995052         59.961             -69.524
795.975889         59.902             -69.513
795.956702         59.843             -69.502
795.937493         59.784             -69.491
795.918261         59.725             -69.480
795.899005         59.666             -69.469
795.879727         59.607             -69.458
795.860427         59.548             -69.447
795.841103         59.489             -69.436
795.821757         59.430             -69.426
795.802389         59.371             -69.415
795.782998         59.312             -69.404
795.763585         59.253             -69.394
795.744150         59.194             -69.383
795.724692         59.135             -69.373
795.705213         59.076             -69.363
795.685711         59.017             -69.352
795.666188         58.958             -69.342
795.646643         58.899             -69.332
795.627076         58.840             -69.322
795.607488         58.781             -69.311
795.587878         58.722             -69.301
795.568246         58.663             -69.291
795.548594         58.604             -69.281
795.528919         58.545             -69.271
795.509224         58.486             -69.262
795.489508         58.427             -69.252
795.469770         58.368             -69.242
795.450012         58.308             -69.232
795.430233         58.249             -69.222
795.410433         58.190             -69.213
795.390612         58.131             -69.203
795.370771         58.072             -69.194
795.350909         58.013             -69.184
795.331026         57.954             -69.175
795.311124         57.895             -69.165
795.291201         57.836             -69.156
795.271258         57.777             -69.146
795.251295         57.718             -69.137
795.231311         57.659             -69.128
795.211308         57.600             -69.119
795.191285         57.541             -69.109
795.171243         57.482             -69.100
795.151180         57.423             -69.091
795.131099         57.364             -69.082
795.110997         57.304             -69.073
795.090876         57.245             -69.064
795.070736         57.186             -69.055
795.050577         57.127             -69.046
795.030398         57.068             -69.038
795.010201         57.009             -69.029
794.989984         56.950             -69.020
794.969749         56.891             -69.011
794.949495         56.832             -69.003
794.929222         56.773             -68.994
794.908931         56.714             -68.985
794.888621         56.654             -68.977
794.868292         56.595             -68.968
794.847945         56.536             -68.960
794.827580         56.477             -68.951
794.807197         56.418             -68.943
794.786796         56.359             -68.935
794.766376         56.300             -68.926
794.745939         56.241             -68.918
794.725484         56.182             -68.910
794.705011         56.122             -68.902
794.684521         56.063             -68.893
794.664013         56.004             -68.885
794.643487         55.945             -68.877
794.622944         55.886             -68.869
794.602384         55.827             -68.861
794.581807         55.768             -68.853
794.561212         55.709             -68.845
794.540601         55.649             -68.837
794.519972         55.590             -68.830
794.499327         55.531             -68.822
794.478665         55.472             -68.814
794.457986         55.413             -68.806
794.437291         55.354             -68.798
794.416579         55.295             -68.791
794.395850         55.235             -68.783
794.375106         55.176             -68.775
794.354345         55.117             -68.768
794.333568         55.058             -68.760
794.312775         54.999             -68.753
794.291966         54.940             -68.745
794.271142         54.881             -68.738
794.250301         54.821             -68.730
794.229445         54.762             -68.723
794.208573         54.703             -68.716
794.187685         54.644             -68.708
794.166783         54.585             -68.701
794.145865         54.526             -68.694
794.124931         54.466             -68.687
794.103983         54.407             -68.679
794.083019         54.348             -68.672
794.062041         54.289             -68.665
794.041047         54.230             -68.658
794.020039         54.171             -68.651
793.999016         54.111             -68.644
793.977979         54.052             -68.637
793.956927         53.993             -68.630
793.935861         53.934             -68.623
793.914780         53.875             -68.616
793.893685         53.815             -68.609
793.872576         53.756             -68.603
793.851453         53.697             -68.596
793.830316         53.638             -68.589
793.809165         53.579             -68.582
793.788000         53.519             -68.576
793.766821         53.460             -68.569
793.745629         53.401             -68.562
793.724424         53.342             -68.556
793.703205         53.283             -68.549
793.681972         53.223             -68.543
793.660727         53.164             -68.536
793.639468         53.105             -68.530
793.618196         53.046             -68.523
793.596912         52.987             -68.517
793.575614         52.927             -68.510
793.554304         52.868             -68.504
793.532981         52.809             -68.497
793.511645         52.750             -68.491
793.490297         52.691             -68.485
793.468937         52.631             -68.479
793.447564         52.572             -68.472
793.426179         52.513             -68.466
793.404782         52.454             -68.460
793.383373         52.394             -68.454
793.361951         52.335             -68.448
793.340518         52.276             -68.442
793.319074         52.217             -68.435
793.297617         52.158             -68.429
793.276149         52.098             -68.423
793.254670         52.039             -68.417
793.233179         51.980             -68.411
793.211677         51.921             -68.405
793.190164         51.861             -68.400
793.168639         51.802             -68.394
793.147104         51.743             -68.388
793.125557         51.684             -68.382
793.104000         51.624             -68.376
793.082432         51.565             -68.370
793.060854         51.506             -68.365
793.039265         51.447             -68.359
793.017665         51.387             -68.353
792.996055         51.328             -68.348
792.974435         51.269             -68.342
792.952804         51.210             -68.336
792.931164         51.150             -68.331
792.909514         51.091             -68.325
792.887853         51.032             -68.320
792.866183         50.973             -68.314
792.844503         50.913             -68.308
792.822814         50.854             -68.303
792.801115         50.795             -68.298
792.779406         50.735             -68.292
792.757689         50.676             -68.287
792.735962         50.617             -68.281
792.714226         50.558             -68.276
792.692480         50.498             -68.271
792.670726         50.439             -68.265
792.648963         50.380             -68.260
792.627192         50.321             -68.255
792.605411         50.261             -68.250
792.583622         50.202             -68.244
792.561825         50.143             -68.239
792.540019         50.083             -68.234
792.518205         50.024             -68.229
792.496382         49.965             -68.224
792.474552         49.906             -68.219
792.452713         49.846             -68.213
792.430867         49.787             -68.208
792.409013         49.728             -68.203
792.387151         49.668             -68.198
792.365281         49.609             -68.193
792.343404         49.550             -68.188
792.321519         49.490             -68.183
792.299627         49.431             -68.179
792.277728         49.372             -68.174
792.255822         49.313             -68.169
792.233909         49.253             -68.164
792.211988         49.194             -68.159
792.190061         49.135             -68.154
792.168127         49.075             -68.149
792.146186         49.016             -68.145
792.124239         48.957             -68.140
792.102285         48.897             -68.135
792.080325         48.838             -68.130
792.058358         48.779             -68.126
792.036386         48.719             -68.121
792.014407         48.660             -68.116
791.992422         48.601             -68.112
791.970431         48.541             -68.107
791.948434         48.482             -68.103
791.926432         48.423             -68.098
791.904424         48.363             -68.094
791.882410         48.304             -68.089
791.860391         48.245             -68.085
791.838367         48.185             -68.080
791.816338         48.126             -68.076
791.794303         48.067             -68.071
791.772263         48.007             -68.067
791.750218         47.948             -68.062
791.728168         47.889             -68.058
791.706114         47.829             -68.054
791.684055         47.770             -68.049
791.661991         47.711             -68.045
791.639923         47.651             -68.041
791.617850         47.592             -68.036
791.595773         47.533             -68.032
791.573692         47.473             -68.028
791.551607         47.414             -68.024
791.529518         47.355             -68.019
791.507424         47.295             -68.015
791.485327         47.236             -68.011
791.463227         47.177             -68.007
791.441122         47.117             -68.003
791.419014         47.058             -67.999
791.396903         46.998             -67.994
791.374788         46.939             -67.990
791.352670         46.880             -67.986
791.330549         46.820             -67.982
791.308425         46.761             -67.978
791.286298         46.702             -67.974
791.264168         46.642             -67.970
791.242035         46.583             -67.966
791.219899         46.524             -67.962
791.197761         46.464             -67.958
791.175621         46.405             -67.954
791.153478         46.345             -67.951
791.131333         46.286             -67.947
791.109185         46.227             -67.943
791.087036         46.167             -67.939
791.064884         46.108             -67.935
791.042731         46.049             -67.931
791.020576         45.989             -67.927
790.998419         45.930             -67.924
790.976260         45.870             -67.920
790.954100         45.811             -67.916
790.931938         45.752             -67.912
790.909776         45.692             -67.909
790.887612         45.633             -67.905
790.865446         45.573             -67.901
790.843280         45.514             -67.898
790.821113         45.455             -67.894
790.798945         45.395             -67.890
790.776776         45.336             -67.887
790.754606         45.276             -67.883
790.732436         45.217             -67.880
790.710266         45.158             -67.876
790.688095         45.098             -67.872
790.665924         45.039             -67.869
790.643752         44.979             -67.865
790.621581         44.920             -67.862
790.599410         44.861             -67.858
790.577238         44.801             -67.855
790.555067         44.742             -67.851
790.532896         44.682             -67.848
790.510726         44.623             -67.845
790.488556         44.564             -67.841
790.466387         44.504             -67.838
790.444218         44.445             -67.834
790.422050         44.385             -67.831
790.399883         44.326             -67.828
790.377717         44.267             -67.824
790.355552         44.207             -67.821
790.333389         44.148             -67.818
790.311226         44.088             -67.814
790.289065         44.029             -67.811
790.266905         43.969             -67.808
790.244747         43.910             -67.805
790.222591         43.851             -67.801
790.200436         43.791             -67.798
790.178283         43.732             -67.795
790.156132         43.672             -67.792
790.133983         43.613             -67.789
790.111836         43.553             -67.785
790.089692         43.494             -67.782
790.067550         43.435             -67.779
790.045410         43.375             -67.776
790.023273         43.316             -67.773
790.001138         43.256             -67.770
789.979006         43.197             -67.767
789.956877         43.137             -67.764
789.934750         43.078             -67.761
789.912627         43.018             -67.758
789.890507         42.959             -67.755
789.868390         42.900             -67.752
789.846276         42.840             -67.749
789.824166         42.781             -67.746
789.802059         42.721             -67.743
789.779955         42.662             -67.740
789.757856         42.602             -67.737
789.735760         42.543             -67.734
789.713668         42.483             -67.731
789.691579         42.424             -67.728
789.669495         42.364             -67.725
789.647416         42.305             -67.722
789.625340         42.246             -67.720
789.603268         42.186             -67.717
789.581202         42.127             -67.714
789.559139         42.067             -67.711
789.537081         42.008             -67.708
789.515028         41.948             -67.705
789.492980         41.889             -67.703
789.470937         41.829             -67.700
789.448899         41.770             -67.697
789.426865         41.710             -67.694
789.404837         41.651             -67.692
789.382815         41.591             -67.689
789.360797         41.532             -67.686
789.338785         41.472             -67.684
789.316779         41.413             -67.681
789.294779         41.354             -67.678
789.272784         41.294             -67.676
789.250795         41.235             -67.673
789.228812         41.175             -67.670
789.206835         41.116             -67.668
789.184864         41.056             -67.665
789.162900         40.997             -67.663
789.140941         40.937             -67.660
789.118990         40.878             -67.657
789.097044         40.818             -67.655
789.075106         40.759             -67.652
789.053174         40.699             -67.650
789.031249         40.640             -67.647
789.009331         40.580             -67.645
788.987420         40.521             -67.642
788.965516         40.461             -67.640
788.943619         40.402             -67.637
788.921729         40.342             -67.635
788.899847         40.283             -67.632
788.877973         40.223             -67.630
788.856106         40.164             -67.628
788.834246         40.104             -67.625
788.812395         40.045             -67.623
788.790551         39.985             -67.620
788.768715         39.926             -67.618
788.746887         39.866             -67.616
788.725068         39.807             -67.613
788.703257         39.747             -67.611
788.681454         39.688             -67.609
788.659659         39.628             -67.606
788.637873         39.569             -67.604
788.616096         39.509             -67.602
788.594327         39.450             -67.599
788.572567         39.390             -67.597
788.550816         39.331             -67.595
788.529074         39.271             -67.593
788.507341         39.212             -67.590
788.485618         39.152             -67.588
788.463903         39.093             -67.586
788.442198         39.033             -67.584
788.420503         38.974             -67.581
788.398817         38.914             -67.579
788.377141         38.854             -67.577
788.355474         38.795             -67.575
788.333818         38.735             -67.573
788.312171         38.676             -67.571
788.290534         38.616             -67.568
788.268908         38.557             -67.566
788.247291         38.497             -67.564
788.225685         38.438             -67.562
788.204090         38.378             -67.560
788.182505         38.319             -67.558
788.160930         38.259             -67.556
788.139367         38.200             -67.554
788.117814         38.140             -67.552
788.096272         38.081             -67.550
788.074741         38.021             -67.548
788.053221         37.962             -67.546
788.031712         37.902             -67.544
788.010214         37.842             -67.542
787.988728         37.783             -67.540
787.967253         37.723             -67.538
787.945790         37.664             -67.536
787.924338         37.604             -67.534
787.902898         37.545             -67.532
787.881470         37.485             -67.530
787.860054         37.426             -67.528
787.838650         37.366             -67.526
787.817258         37.307             -67.524
787.795878         37.247             -67.522
787.774511         37.187             -67.520
787.753155         37.128             -67.518
787.731813         37.068             -67.516
787.710483         37.009             -67.515
787.689165         36.949             -67.513
787.667860         36.890             -67.511
787.646568         36.830             -67.509
787.625290         36.771             -67.507
787.604024         36.711             -67.505
787.582771         36.651             -67.503
787.561531         36.592             -67.502
787.540305         36.532             -67.500
787.519092         36.473             -67.498
787.497893         36.413             -67.496
787.476707         36.354             -67.495
787.455535         36.294             -67.493
787.434376         36.234             -67.491
787.413232         36.175             -67.489
787.392101         36.115             -67.488
787.370985         36.056             -67.486
787.349883         35.996             -67.484
787.328794         35.937             -67.482
787.307721         35.877             -67.481
787.286661         35.817             -67.479
787.265616         35.758             -67.477
787.244586         35.698             -67.476
787.223570         35.639             -67.474
787.202569         35.579             -67.472
787.181583         35.520             -67.471
787.160612         35.460             -67.469
787.139657         35.400             -67.467
787.118716         35.341             -67.466
787.097790         35.281             -67.464
787.076880         35.222             -67.463
787.055985         35.162             -67.461
787.035106         35.102             -67.459
787.014242         35.043             -67.458
786.993394         34.983             -67.456
786.972562         34.924             -67.455
786.951745         34.864             -67.453
786.930945         34.804             -67.452
786.910160         34.745             -67.450
786.889392         34.685             -67.449
786.868640         34.626             -67.447
786.847904         34.566             -67.446
786.827185         34.507             -67.444
786.806482         34.447             -67.443
786.785796         34.387             -67.441
786.765127         34.328             -67.440
786.744474         34.268             -67.438
786.723838         34.209             -67.437
786.703219         34.149             -67.435
786.682617         34.089             -67.434
786.662033         34.030             -67.432
786.641465         33.970             -67.431
786.620915         33.910             -67.429
786.600382         33.851             -67.428
786.579867         33.791             -67.427
786.559369         33.732             -67.425
786.538889         33.672             -67.424
786.518427         33.612             -67.422
786.497983         33.553             -67.421
786.477556         33.493             -67.420
786.457148         33.434             -67.418
786.436757         33.374             -67.417
786.416385         33.314             -67.416
786.396031         33.255             -67.414
786.375696         33.195             -67.413
786.355379         33.136             -67.412
786.335080         33.076             -67.410
786.314801         33.016             -67.409
786.294540         32.957             -67.408
786.274297         32.897             -67.406
786.254074         32.837             -67.405
786.233870         32.778             -67.404
786.213684         32.718             -67.403
786.193518         32.659             -67.401
786.173372         32.599             -67.400
786.153244         32.539             -67.399
786.133136         32.480             -67.398
786.113048         32.420             -67.396
786.092979         32.360             -67.395
786.072930         32.301             -67.394
786.052900         32.241             -67.393
786.032891         32.182             -67.391
786.012902         32.122             -67.390
785.992932         32.062             -67.389
785.972983         32.003             -67.388
785.953054         31.943             -67.387
785.933145         31.883             -67.385
785.913257         31.824             -67.384
785.893389         31.764             -67.383
785.873541         31.704             -67.382
785.853715         31.645             -67.381
785.833909         31.585             -67.380
785.814124         31.525             -67.379
785.794360         31.466             -67.377
785.774616         31.406             -67.376
785.754894         31.347             -67.375
785.735194         31.287             -67.374
785.715514         31.227             -67.373
785.695856         31.168             -67.372
785.676219         31.108             -67.371
785.656604         31.048             -67.370
785.637010         30.989             -67.369
785.617438         30.929             -67.368
785.597888         30.869             -67.366
785.578359         30.810             -67.365
785.558853         30.750             -67.364
785.539368         30.690             -67.363
785.519906         30.631             -67.362
785.500466         30.571             -67.361
785.481048         30.511             -67.360
785.461653         30.452             -67.359
785.442280         30.392             -67.358
785.422930         30.332             -67.357
785.403602         30.273             -67.356
785.384297         30.213             -67.355
785.365015         30.153             -67.354
785.345755         30.094             -67.353
785.326519         30.034             -67.352
785.307305         29.974             -67.351
785.288115         29.915             -67.350
785.268948         29.855             -67.349
785.249804         29.795             -67.348
785.230684         29.736             -67.348
785.211587         29.676             -67.347
785.192514         29.616             -67.346
785.173464         29.557             -67.345
785.154438         29.497             -67.344
785.135436         29.437             -67.343
785.116458         29.378             -67.342
785.097503         29.318             -67.341
785.078573         29.258             -67.340
785.059667         29.199             -67.339
785.040785         29.139             -67.338
785.021927         29.079             -67.338
785.003094         29.020             -67.337
784.984285         28.960             -67.336
784.965501         28.900             -67.335
784.946741         28.841             -67.334
784.928006         28.781             -67.333
784.909296         28.721             -67.332
784.890610         28.662             -67.332
784.871950         28.602             -67.331
784.853315         28.542             -67.330
784.834705         28.483             -67.329
784.816120         28.423             -67.328
784.797560         28.363             -67.327
784.779025         28.303             -67.327
784.760516         28.244             -67.326
784.742033         28.184             -67.325
784.723575         28.124             -67.324
784.705143         28.065             -67.323
784.686737         28.005             -67.323
784.668356         27.945             -67.322
784.650001         27.886             -67.321
784.631673         27.826             -67.320
784.613370         27.766             -67.320
784.595094         27.707             -67.319
784.576844         27.647             -67.318
784.558620         27.587             -67.317
784.540422         27.527             -67.317
784.522251         27.468             -67.316
784.504107         27.408             -67.315
784.485989         27.348             -67.315
784.467898         27.289             -67.314
784.449834         27.229             -67.313
784.431796         27.169             -67.312
784.413786         27.110             -67.312
784.395803         27.050             -67.311
784.377846         26.990             -67.310
784.359917         26.930             -67.310
784.342015         26.871             -67.309
784.324141         26.811             -67.308
784.306294         26.751             -67.308
784.288474         26.692             -67.307
784.270682         26.632             -67.306
784.252918         26.572             -67.306
784.235181         26.512             -67.305
784.217473         26.453             -67.304
784.199792         26.393             -67.304
784.182139         26.333             -67.303
784.164514         26.274             -67.302
784.146917         26.214             -67.302
784.129349         26.154             -67.301
784.111808         26.094             -67.301
784.094296         26.035             -67.300
784.076813         25.975             -67.299
784.059358         25.915             -67.299
784.041931         25.856             -67.298
784.024534         25.796             -67.298
784.007165         25.736             -67.297
783.989824         25.676             -67.296
783.972513         25.617             -67.296
783.955231         25.557             -67.295
783.937977         25.497             -67.295
783.920753         25.438             -67.294
783.903558         25.378             -67.294
783.886392         25.318             -67.293
783.869256         25.258             -67.293
783.852149         25.199             -67.292
783.835071         25.139             -67.291
783.818023         25.079             -67.291
783.801005         25.019             -67.290
783.784016         24.960             -67.290
783.767058         24.900             -67.289
783.750129         24.840             -67.289
783.733229         24.781             -67.288
783.716360         24.721             -67.288
783.699521         24.661             -67.287
783.682713         24.601             -67.287
783.665934         24.542             -67.286
783.649186         24.482             -67.286
783.632468         24.422             -67.285
783.615780         24.362             -67.285
783.599123         24.303             -67.284
783.582497         24.243             -67.284
783.565901         24.183             -67.284
783.549336         24.123             -67.283
783.532802         24.064             -67.283
783.516299         24.004             -67.282
783.499827         23.944             -67.282
783.483385         23.884             -67.281
783.466975         23.825             -67.281
783.450596         23.765             -67.280
783.434249         23.705             -67.280
783.417932         23.645             -67.280
783.401647         23.586             -67.279
783.385393         23.526             -67.279
783.369171         23.466             -67.278
783.352981         23.406             -67.278
783.336822         23.347             -67.277
783.320695         23.287             -67.277
783.304600         23.227             -67.277
783.288536         23.167             -67.276
783.272505         23.108             -67.276
783.256505         23.048             -67.275
783.240538         22.988             -67.275
783.224603         22.928             -67.275
783.208700         22.869             -67.274
783.192829         22.809             -67.274
783.176991         22.749             -67.274
783.161185         22.689             -67.273
783.145412         22.630             -67.273
783.129671         22.570             -67.273
783.113963         22.510             -67.272
783.098288         22.450             -67.272
783.082645         22.391             -67.272
783.067036         22.331             -67.271
783.051459         22.271             -67.271
783.035915         22.211             -67.271
783.020404         22.152             -67.270
783.004927         22.092             -67.270
782.989482         22.032             -67.270
782.974071         21.972             -67.269
782.958693         21.913             -67.269
782.943349         21.853             -67.269
782.928038         21.793             -67.268
782.912760         21.733             -67.268
782.897516         21.673             -67.268
782.882306         21.614             -67.267
782.867130         21.554             -67.267
782.851987         21.494             -67.267
782.836878         21.434             -67.267
782.821803         21.375             -67.266
782.806762         21.315             -67.266
782.791755         21.255             -67.266
782.776783         21.195             -67.265
782.761844         21.136             -67.265
782.746940         21.076             -67.265
782.732070         21.016             -67.265
782.717234         20.956             -67.264
782.702433         20.896             -67.264
782.687667         20.837             -67.264
782.672935         20.777             -67.264
782.658237         20.717             -67.263
782.643574         20.657             -67.263
782.628947         20.598             -67.263
782.614354         20.538             -67.263
782.599795         20.478             -67.262
782.585272         20.418             -67.262
782.570784         20.358             -67.262
782.556331         20.299             -67.262
782.541913         20.239             -67.262
782.527530         20.179             -67.261
782.513183         20.119             -67.261
782.498871         20.059             -67.261
782.484594         20.000             -67.261
782.470353         19.940             -67.261
782.456147         19.880             -67.260
782.441977         19.820             -67.260
782.427843         19.761             -67.260
782.413744         19.701             -67.260
782.399681         19.641             -67.260
782.385654         19.581             -67.260
782.371663         19.521             -67.259
782.357708         19.462             -67.259
782.343789         19.402             -67.259
782.329906         19.342             -67.259
782.316059         19.282             -67.259
782.302248         19.222             -67.259
782.288474         19.163             -67.258
782.274735         19.103             -67.258
782.261034         19.043             -67.258
782.247368         18.983             -67.258
782.233740         18.923             -67.258
782.220147         18.864             -67.258
782.206592         18.804             -67.257
782.193073         18.744             -67.257
782.179591         18.684             -67.257
782.166146         18.624             -67.257
782.152737         18.565             -67.257
782.139365         18.505             -67.257
782.126031         18.445             -67.257
782.112733         18.385             -67.257
782.099473         18.325             -67.257
782.086250         18.266             -67.256
782.073064         18.206             -67.256
782.059915         18.146             -67.256
782.046803         18.086             -67.256
782.033729         18.026             -67.256
782.020693         17.967             -67.256
782.007694         17.907             -67.256
781.994732         17.847             -67.256
781.981808         17.787             -67.256
781.968922         17.727             -67.256
781.956073         17.668             -67.255
781.943262         17.608             -67.255
781.930490         17.548             -67.255
781.917755         17.488             -67.255
781.905057         17.428             -67.255
781.892398         17.369             -67.255
781.879777         17.309             -67.255
781.867195         17.249             -67.255
781.854650         17.189             -67.255
781.842143         17.129             -67.255
781.829675         17.070             -67.255
781.817245         17.010             -67.255
781.804854         16.950             -67.255
781.792501         16.890             -67.255
781.780186         16.830             -67.255
781.767910         16.770             -67.255
781.755673         16.711             -67.255
781.743474         16.651             -67.255
781.731314         16.591             -67.254
781.719193         16.531             -67.254
781.707111         16.471             -67.254
781.695067         16.412             -67.254
781.683063         16.352             -67.254
781.671097         16.292             -67.254
781.659171         16.232             -67.254
781.647283         16.172             -67.254
781.635435         16.112             -67.254
781.623626         16.053             -67.254
781.611856         15.993             -67.254
781.600125         15.933             -67.254
781.588434         15.873             -67.254
781.576782         15.813             -67.254
781.565170         15.754             -67.254
781.553597         15.694             -67.254
781.542064         15.634             -67.254
781.530570         15.574             -67.254
781.519116         15.514             -67.254
781.507701         15.454             -67.254
781.496327         15.395             -67.254
781.484992         15.335             -67.254
781.473697         15.275             -67.254
781.462442         15.215             -67.254
781.451226         15.155             -67.254
781.440051         15.095             -67.254
781.428916         15.036             -67.255
781.417821         14.976             -67.255
781.406766         14.916             -67.255
781.395752         14.856             -67.255
781.384777         14.796             -67.255
781.373843         14.737             -67.255
781.362949         14.677             -67.255
781.352096         14.617             -67.255
781.341283         14.557             -67.255
781.330510         14.497             -67.255
781.319778         14.437             -67.255
781.309087         14.378             -67.255
781.298436         14.318             -67.255
781.287826         14.258             -67.255
781.277257         14.198             -67.255
781.266728         14.138             -67.255
781.256240         14.078             -67.255
781.245793         14.019             -67.255
781.235387         13.959             -67.255
781.225022         13.899             -67.256
781.214698         13.839             -67.256
781.204415         13.779             -67.256
781.194173         13.719             -67.256
781.183972         13.659             -67.256
781.173812         13.600             -67.256
781.163693         13.540             -67.256
781.153616         13.480             -67.256
781.143580         13.420             -67.256
781.133586         13.360             -67.256
781.123632         13.300             -67.256
781.113721         13.241             -67.256
781.103850         13.181             -67.257
781.094021         13.121             -67.257
781.084234         13.061             -67.257
781.074489         13.001             -67.257
781.064785         12.941             -67.257
781.055122         12.882             -67.257
781.045502         12.822             -67.257
781.035923         12.762             -67.257
781.026386         12.702             -67.257
781.016891         12.642             -67.258
781.007438         12.582             -67.258
780.998027         12.522             -67.258
780.988657         12.463             -67.258
780.979330         12.403             -67.258
780.970045         12.343             -67.258
780.960802         12.283             -67.258
780.951601         12.223             -67.258
780.942442         12.163             -67.259
780.933326         12.104             -67.259
780.924252         12.044             -67.259
780.915220         11.984             -67.259
780.906230         11.924             -67.259
780.897283         11.864             -67.259
780.888378         11.804             -67.259
780.879516         11.744             -67.260
780.870696         11.685             -67.260
780.861919         11.625             -67.260
780.853184         11.565             -67.260
780.844492         11.505             -67.260
780.835843         11.445             -67.260
780.827236         11.385             -67.260
780.818672         11.326             -67.261
780.810151         11.266             -67.261
780.801673         11.206             -67.261
780.793237         11.146             -67.261
780.784845         11.086             -67.261
780.776495         11.026             -67.261
780.768188         10.966             -67.262
780.759925         10.907             -67.262
780.751704         10.847             -67.262
780.743526         10.787             -67.262
780.735392         10.727             -67.262
780.727300         10.667             -67.262
780.719252         10.607             -67.263
780.711247         10.547             -67.263
780.703285         10.488             -67.263
780.695367         10.428             -67.263
780.687491         10.368             -67.263
780.679660         10.308             -67.263
780.671871         10.248             -67.264
780.664126         10.188             -67.264
780.656425         10.128             -67.264
780.648766         10.069             -67.264
780.641152         10.009             -67.264
780.633581         9.949              -67.265
780.626053         9.889              -67.265
780.618570         9.829              -67.265
780.611129         9.769              -67.265
780.603733         9.709              -67.265
780.596380         9.649              -67.266
780.589071         9.590              -67.266
780.581806         9.530              -67.266
780.574584         9.470              -67.266
780.567407         9.410              -67.266
780.560273         9.350              -67.267
780.553183         9.290              -67.267
780.546137         9.230              -67.267
780.539135         9.171              -67.267
780.532178         9.111              -67.267
780.525264         9.051              -67.268
780.518394         8.991              -67.268
780.511568         8.931              -67.268
780.504786         8.871              -67.268
780.498049         8.811              -67.268
780.491356         8.752              -67.269
780.484707         8.692              -67.269
780.478102         8.632              -67.269
780.471541         8.572              -67.269
780.465025         8.512              -67.270
780.458553         8.452              -67.270
780.452125         8.392              -67.270
780.445742         8.332              -67.270
780.439403         8.273              -67.270
780.433109         8.213              -67.271
780.426859         8.153              -67.271
780.420654         8.093              -67.271
780.414493         8.033              -67.271
780.408376         7.973              -67.272
780.402305         7.913              -67.272
780.396278         7.854              -67.272
780.390295         7.794              -67.272
780.384357         7.734              -67.273
780.378464         7.674              -67.273
780.372615         7.614              -67.273
780.366812         7.554              -67.273
780.361053         7.494              -67.274
780.355338         7.434              -67.274
780.349669         7.375              -67.274
780.344044         7.315              -67.274
780.338465         7.255              -67.275
780.332930         7.195              -67.275
780.327440         7.135              -67.275
780.321995         7.075              -67.275
780.316595         7.015              -67.275
780.311240         6.955              -67.276
780.305929         6.896              -67.276
780.300664         6.836              -67.276
780.295444         6.776              -67.277
780.290269         6.716              -67.277
780.285139         6.656              -67.277
780.280055         6.596              -67.277
780.275015         6.536              -67.278
780.270021         6.476              -67.278
780.265071         6.417              -67.278
780.260167         6.357              -67.278
780.255308         6.297              -67.279
780.250495         6.237              -67.279
780.245726         6.177              -67.279
780.241003         6.117              -67.279
780.236326         6.057              -67.280
780.231693         5.997              -67.280
780.227106         5.938              -67.280
780.222564         5.878              -67.280
780.218068         5.818              -67.281
780.213617         5.758              -67.281
780.209212         5.698              -67.281
780.204852         5.638              -67.282
780.200537         5.578              -67.282
780.196268         5.518              -67.282
780.192044         5.459              -67.282
780.187866         5.399              -67.283
780.183734         5.339              -67.283
780.179647         5.279              -67.283
780.175605         5.219              -67.283
780.171610         5.159              -67.284
780.167660         5.099              -67.284
780.163755         5.039              -67.284
780.159896         4.980              -67.285
780.156083         4.920              -67.285
780.152315         4.860              -67.285
780.148593         4.800              -67.285
780.144917         4.740              -67.286
780.141287         4.680              -67.286
780.137702         4.620              -67.286
780.134163         4.560              -67.287
780.130670         4.500              -67.287
780.127223         4.441              -67.287
780.123821         4.381              -67.287
780.120466         4.321              -67.288
780.117156         4.261              -67.288
780.113892         4.201              -67.288
780.110674         4.141              -67.289
780.107501         4.081              -67.289
780.104375         4.021              -67.289
780.101295         3.962              -67.289
780.098260         3.902              -67.290
780.095272         3.842              -67.290
780.092329         3.782              -67.290
780.089432         3.722              -67.291
780.086581         3.662              -67.291
780.083777         3.602              -67.291
780.081018         3.542              -67.291
780.078305         3.483              -67.292
780.075639         3.423              -67.292
780.073018         3.363              -67.292
780.070443         3.303              -67.293
780.067915         3.243              -67.293
780.065432         3.183              -67.293
780.062996         3.123              -67.294
780.060606         3.063              -67.294
780.058261         3.003              -67.294
780.055963         2.944              -67.294
780.053711         2.884              -67.295
780.051505         2.824              -67.295
780.049346         2.764              -67.295
780.047232         2.704              -67.296
780.045165         2.644              -67.296
780.043143         2.584              -67.296
780.041168         2.524              -67.297
780.039239         2.464              -67.297
780.037357         2.405              -67.297
780.035520         2.345              -67.297
780.033730         2.285              -67.298
780.031986         2.225              -67.298
780.030288         2.165              -67.298
780.028636         2.105              -67.299
780.027031         2.045              -67.299
780.025472         1.985              -67.299
780.023959         1.926              -67.300
780.022493         1.866              -67.300
780.021072         1.806              -67.300
780.019698         1.746              -67.300
780.018370         1.686              -67.301
780.017089         1.626              -67.301
780.015854         1.566              -67.301
780.014665         1.506              -67.302
780.013522         1.446              -67.302
780.012426         1.387              -67.302
780.011376         1.327              -67.303
780.010372         1.267              -67.303
780.009415         1.207              -67.303
780.008504         1.147              -67.304
780.007639         1.087              -67.304
780.006821         1.027              -67.304
780.006049         0.967              -67.304
780.005323         0.907              -67.305
780.004644         0.848              -67.305
780.004011         0.788              -67.305
780.003424         0.728              -67.306
780.002884         0.668              -67.306
780.002390         0.608              -67.306
780.001942         0.548              -67.307
780.001541         0.488              -67.307
780.001186         0.428              -67.307
780.000878         0.369              -67.308
780.000616         0.309              -67.308
780.000400         0.249              -67.308
780.000231         0.189              -67.308
780.000108         0.129              -67.309
780.000031         0.069              -67.309
780.000001         0.009              -67.309
780.000017         -0.051             -67.310
780.000079         -0.111             -67.310
780.000188         -0.170             -67.310
780.000343         -0.230             -67.311
780.000544         -0.290             -67.311
780.000792         -0.350             -67.311
780.001087         -0.410             -67.312
780.001427         -0.470             -67.312
780.001814         -0.530             -67.312
780.002248         -0.590             -67.312
780.002727         -0.650             -67.313
780.003253         -0.709             -67.313
780.003826         -0.769             -67.313
780.004444         -0.829             -67.314
780.005109         -0.889             -67.314
780.005821         -0.949             -67.314
780.006579         -1.009             -67.315
780.007383         -1.069             -67.315
780.008233         -1.129             -67.315
780.009130         -1.189             -67.316
780.010073         -1.248             -67.316
780.011063         -1.308             -67.316
780.012098         -1.368             -67.316
780.013180         -1.428             -67.317
780.014309         -1.488             -67.317
780.015483         -1.548             -67.317
780.016704         -1.608             -67.318
780.017972         -1.668             -67.318
780.019285         -1.727             -67.318
780.020645         -1.787             -67.319
780.022051         -1.847             -67.319
780.023503         -1.907             -67.319
780.025002         -1.967             -67.320
780.026547         -2.027             -67.320
780.028138         -2.087             -67.320
780.029775         -2.147             -67.320
780.031459         -2.207             -67.321
780.033189         -2.266             -67.321
780.034965         -2.326             -67.321
780.036787         -2.386             -67.322
780.038656         -2.446             -67.322
780.040570         -2.506             -67.322
780.042531         -2.566             -67.323
780.044538         -2.626             -67.323
780.046592         -2.686             -67.323
780.048691         -2.746             -67.323
780.050837         -2.805             -67.324
780.053028         -2.865             -67.324
780.055266         -2.925             -67.324
780.057550         -2.985             -67.325
780.059880         -3.045             -67.325
780.062256         -3.105             -67.325
780.064678         -3.165             -67.326
780.067147         -3.225             -67.326
780.069661         -3.284             -67.326
780.072222         -3.344             -67.326
780.074828         -3.404             -67.327
780.077481         -3.464             -67.327
780.080179         -3.524             -67.327
780.082924         -3.584             -67.328
780.085714         -3.644             -67.328
780.088551         -3.704             -67.328
780.091434         -3.764             -67.329
780.094362         -3.823             -67.329
780.097337         -3.883             -67.329
780.100357         -3.943             -67.329
780.103423         -4.003             -67.330
780.106536         -4.063             -67.330
780.109694         -4.123             -67.330
780.112898         -4.183             -67.331
780.116148         -4.243             -67.331
780.119443         -4.302             -67.331
780.122785         -4.362             -67.331
780.126173         -4.422             -67.332
780.129606         -4.482             -67.332
780.133085         -4.542             -67.332
780.136610         -4.602             -67.333
780.140180         -4.662             -67.333
780.143797         -4.722             -67.333
780.147459         -4.781             -67.333
780.151166         -4.841             -67.334
780.154920         -4.901             -67.334
780.158719         -4.961             -67.334
780.162564         -5.021             -67.335
780.166454         -5.081             -67.335
780.170391         -5.141             -67.335
780.174372         -5.201             -67.335
780.178400         -5.261             -67.336
780.182473         -5.320             -67.336
780.186591         -5.380             -67.336
780.190755         -5.440             -67.336
780.194965         -5.500             -67.337
780.199220         -5.560             -67.337
780.203521         -5.620             -67.337
780.207867         -5.680             -67.338
780.212258         -5.740             -67.338
780.216695         -5.799             -67.338
780.221177         -5.859             -67.338
780.225705         -5.919             -67.339
780.230278         -5.979             -67.339
780.234897         -6.039             -67.339
780.239561         -6.099             -67.339
780.244270         -6.159             -67.340
780.249024         -6.219             -67.340
780.253824         -6.278             -67.340
780.258669         -6.338             -67.341
780.263559         -6.398             -67.341
780.268494         -6.458             -67.341
780.273475         -6.518             -67.341
780.278501         -6.578             -67.342
780.283572         -6.638             -67.342
780.288688         -6.698             -67.342
780.293849         -6.757             -67.342
780.299055         -6.817             -67.343
780.304306         -6.877             -67.343
780.309602         -6.937             -67.343
780.314944         -6.997             -67.343
780.320330         -7.057             -67.344
780.325761         -7.117             -67.344
780.331237         -7.177             -67.344
780.336758         -7.236             -67.344
780.342324         -7.296             -67.345
780.347935         -7.356             -67.345
780.353591         -7.416             -67.345
780.359291         -7.476             -67.345
780.365037         -7.536             -67.346
780.370827         -7.596             -67.346
780.376661         -7.656             -67.346
780.382541         -7.715             -67.346
780.388465         -7.775             -67.347
780.394434         -7.835             -67.347
780.400447         -7.895             -67.347
780.406505         -7.955             -67.347
780.412608         -8.015             -67.347
780.418755         -8.075             -67.348
780.424947         -8.134             -67.348
780.431183         -8.194             -67.348
780.437464         -8.254             -67.348
780.443789         -8.314             -67.349
780.450159         -8.374             -67.349
780.456573         -8.434             -67.349
780.463031         -8.494             -67.349
780.469534         -8.554             -67.350
780.476080         -8.613             -67.350
780.482672         -8.673             -67.350
780.489307         -8.733             -67.350
780.495987         -8.793             -67.350
780.502711         -8.853             -67.351
780.509479         -8.913             -67.351
780.516291         -8.973             -67.351
780.523147         -9.032             -67.351
780.530048         -9.092             -67.351
780.536992         -9.152             -67.352
780.543980         -9.212             -67.352
780.551013         -9.272             -67.352
780.558089         -9.332             -67.352
780.565209         -9.392             -67.352
780.572373         -9.452             -67.353
780.579581         -9.511             -67.353
780.586833         -9.571             -67.353
780.594129         -9.631             -67.353
780.601468         -9.691             -67.354
780.608851         -9.751             -67.354
780.616278         -9.811             -67.354
780.623748         -9.871             -67.354
780.631262         -9.930             -67.354
780.638820         -9.990             -67.354
780.646421         -10.050            -67.355
780.654066         -10.110            -67.355
780.661754         -10.170            -67.355
780.669486         -10.230            -67.355
780.677261         -10.290            -67.355
780.685079         -10.349            -67.356
780.692941         -10.409            -67.356
780.700847         -10.469            -67.356
780.708795         -10.529            -67.356
780.716787         -10.589            -67.356
780.724822         -10.649            -67.356
780.732900         -10.709            -67.357
780.741021         -10.768            -67.357
780.749186         -10.828            -67.357
780.757393         -10.888            -67.357
780.765644         -10.948            -67.357
780.773937         -11.008            -67.357
780.782274         -11.068            -67.358
780.790653         -11.128            -67.358
780.799075         -11.187            -67.358
780.807540         -11.247            -67.358
780.816048         -11.307            -67.358
780.824599         -11.367            -67.358
780.833193         -11.427            -67.359
780.841829         -11.487            -67.359
780.850508         -11.547            -67.359
780.859229         -11.606            -67.359
780.867994         -11.666            -67.359
780.876800         -11.726            -67.359
780.885650         -11.786            -67.359
780.894541         -11.846            -67.360
780.903475         -11.906            -67.360
780.912452         -11.965            -67.360
780.921471         -12.025            -67.360
780.930532         -12.085            -67.360
780.939635         -12.145            -67.360
780.948781         -12.205            -67.360
780.957969         -12.265            -67.361
780.967199         -12.325            -67.361
780.976471         -12.384            -67.361
780.985786         -12.444            -67.361
780.995142         -12.504            -67.361
781.004540         -12.564            -67.361
781.013981         -12.624            -67.361
781.023463         -12.684            -67.361
781.032987         -12.743            -67.362
781.042553         -12.803            -67.362
781.052161         -12.863            -67.362
781.061810         -12.923            -67.362
781.071501         -12.983            -67.362
781.081234         -13.043            -67.362
781.091009         -13.103            -67.362
781.100825         -13.162            -67.362
781.110682         -13.222            -67.362
781.120581         -13.282            -67.362
781.130522         -13.342            -67.363
781.140504         -13.402            -67.363
781.150527         -13.462            -67.363
781.160591         -13.521            -67.363
781.170697         -13.581            -67.363
781.180844         -13.641            -67.363
781.191033         -13.701            -67.363
781.201262         -13.761            -67.363
781.211533         -13.821            -67.363
781.221844         -13.880            -67.363
781.232197         -13.940            -67.363
781.242590         -14.000            -67.363
781.253025         -14.060            -67.364
781.263500         -14.120            -67.364
781.274016         -14.180            -67.364
781.284573         -14.239            -67.364
781.295170         -14.299            -67.364
781.305809         -14.359            -67.364
781.316488         -14.419            -67.364
781.327207         -14.479            -67.364
781.337967         -14.539            -67.364
781.348768         -14.598            -67.364
781.359609         -14.658            -67.364
781.370490         -14.718            -67.364
781.381412         -14.778            -67.364
781.392374         -14.838            -67.364
781.403376         -14.898            -67.364
781.414419         -14.957            -67.364
781.425502         -15.017            -67.364
781.436624         -15.077            -67.364
781.447787         -15.137            -67.364
781.458990         -15.197            -67.364
781.470233         -15.257            -67.364
781.481516         -15.316            -67.365
781.492838         -15.376            -67.365
781.504201         -15.436            -67.365
781.515603         -15.496            -67.365
781.527045         -15.556            -67.365
781.538526         -15.616            -67.365
781.550048         -15.675            -67.365
781.561608         -15.735            -67.365
781.573209         -15.795            -67.365
781.584848         -15.855            -67.365
781.596527         -15.915            -67.365
781.608246         -15.974            -67.365
781.620004         -16.034            -67.365
781.631801         -16.094            -67.365
781.643637         -16.154            -67.365
781.655513         -16.214            -67.365
781.667427         -16.274            -67.365
781.679381         -16.333            -67.365
781.691373         -16.393            -67.365
781.703405         -16.453            -67.364
781.715475         -16.513            -67.364
781.727584         -16.573            -67.364
781.739732         -16.632            -67.364
781.751919         -16.692            -67.364
781.764145         -16.752            -67.364
781.776409         -16.812            -67.364
781.788711         -16.872            -67.364
781.801053         -16.932            -67.364
781.813432         -16.991            -67.364
781.825850         -17.051            -67.364
781.838307         -17.111            -67.364
781.850801         -17.171            -67.364
781.863334         -17.231            -67.364
781.875906         -17.290            -67.364
781.888515         -17.350            -67.364
781.901162         -17.410            -67.364
781.913848         -17.470            -67.364
781.926571         -17.530            -67.364
781.939332         -17.589            -67.364
781.952131         -17.649            -67.363
781.964968         -17.709            -67.363
781.977843         -17.769            -67.363
781.990755         -17.829            -67.363
782.003705         -17.888            -67.363
782.016693         -17.948            -67.363
782.029718         -18.008            -67.363
782.042781         -18.068            -67.363
782.055881         -18.128            -67.363
782.069018         -18.188            -67.363
782.082193         -18.247            -67.363
782.095404         -18.307            -67.362
782.108653         -18.367            -67.362
782.121940         -18.427            -67.362
782.135263         -18.487            -67.362
782.148623         -18.546            -67.362
782.162020         -18.606            -67.362
782.175454         -18.666            -67.362
782.188925         -18.726            -67.362
782.202432         -18.786            -67.361
782.215977         -18.845            -67.361
782.229558         -18.905            -67.361
782.243175         -18.965            -67.361
782.256829         -19.025            -67.361
782.270520         -19.084            -67.361
782.284247         -19.144            -67.361
782.298010         -19.204            -67.360
782.311810         -19.264            -67.360
782.325646         -19.324            -67.360
782.339518         -19.383            -67.360
782.353426         -19.443            -67.360
782.367370         -19.503            -67.360
782.381350         -19.563            -67.359
782.395366         -19.623            -67.359
782.409418         -19.682            -67.359
782.423505         -19.742            -67.359
782.437629         -19.802            -67.359
782.451788         -19.862            -67.359
782.465983         -19.922            -67.358
782.480213         -19.981            -67.358
782.494479         -20.041            -67.358
782.508780         -20.101            -67.358
782.523116         -20.161            -67.358
782.537488         -20.220            -67.357
782.551895         -20.280            -67.357
782.566338         -20.340            -67.357
782.580815         -20.400            -67.357
782.595327         -20.460            -67.356
782.609875         -20.519            -67.356
782.624457         -20.579            -67.356
782.639074         -20.639            -67.356
782.653726         -20.699            -67.356
782.668413         -20.758            -67.355
782.683134         -20.818            -67.355
782.697890         -20.878            -67.355
782.712681         -20.938            -67.355
782.727506         -20.998            -67.354
782.742365         -21.057            -67.354
782.757259         -21.117            -67.354
782.772187         -21.177            -67.354
782.787149         -21.237            -67.353
782.802146         -21.296            -67.353
782.817176         -21.356            -67.353
782.832241         -21.416            -67.352
782.847339         -21.476            -67.352
782.862471         -21.536            -67.352
782.877637         -21.595            -67.352
782.892837         -21.655            -67.351
782.908071         -21.715            -67.351
782.923338         -21.775            -67.351
782.938639         -21.834            -67.350
782.953973         -21.894            -67.350
782.969340         -21.954            -67.350
782.984741         -22.014            -67.349
783.000176         -22.073            -67.349
783.015643         -22.133            -67.349
783.031144         -22.193            -67.349
783.046677         -22.253            -67.348
783.062244         -22.313            -67.348
783.077844         -22.372            -67.348
783.093476         -22.432            -67.347
783.109141         -22.492            -67.347
783.124839         -22.552            -67.346
783.140570         -22.611            -67.346
783.156333         -22.671            -67.346
783.172129         -22.731            -67.345
783.187958         -22.791            -67.345
783.203818         -22.850            -67.345
783.219711         -22.910            -67.344
783.235637         -22.970            -67.344
783.251594         -23.030            -67.344
783.267584         -23.089            -67.343
783.283605         -23.149            -67.343
783.299659         -23.209            -67.342
783.315744         -23.269            -67.342
783.331861         -23.328            -67.342
783.348010         -23.388            -67.341
783.364191         -23.448            -67.341
783.380404         -23.508            -67.340
783.396648         -23.567            -67.340
783.412923         -23.627            -67.340
783.429230         -23.687            -67.339
783.445568         -23.747            -67.339
783.461937         -23.806            -67.338
783.478338         -23.866            -67.338
783.494770         -23.926            -67.337
783.511232         -23.986            -67.337
783.527726         -24.045            -67.336
783.544251         -24.105            -67.336
783.560806         -24.165            -67.336
783.577393         -24.225            -67.335
783.594010         -24.284            -67.335
783.610657         -24.344            -67.334
783.627335         -24.404            -67.334
783.644044         -24.463            -67.333
783.660783         -24.523            -67.333
783.677552         -24.583            -67.332
783.694352         -24.643            -67.332
783.711181         -24.702            -67.331
783.728041         -24.762            -67.331
783.744931         -24.822            -67.330
783.761851         -24.882            -67.330
783.778800         -24.941            -67.329
783.795780         -25.001            -67.329
783.812789         -25.061            -67.328
783.829828         -25.121            -67.328
783.846896         -25.180            -67.327
783.863994         -25.240            -67.327
783.881122         -25.300            -67.326
783.898279         -25.359            -67.325
783.915465         -25.419            -67.325
783.932680         -25.479            -67.324
783.949924         -25.539            -67.324
783.967198         -25.598            -67.323
783.984500         -25.658            -67.323
784.001831         -25.718            -67.322
784.019192         -25.778            -67.321
784.036581         -25.837            -67.321
784.053998         -25.897            -67.320
784.071444         -25.957            -67.320
784.088919         -26.016            -67.319
784.106422         -26.076            -67.318
784.123954         -26.136            -67.318
784.141514         -26.196            -67.317
784.159102         -26.255            -67.317
784.176718         -26.315            -67.316
784.194362         -26.375            -67.315
784.212035         -26.434            -67.315
784.229735         -26.494            -67.314
784.247463         -26.554            -67.313
784.265219         -26.614            -67.313
784.283002         -26.673            -67.312
784.300813         -26.733            -67.311
784.318652         -26.793            -67.311
784.336518         -26.852            -67.310
784.354412         -26.912            -67.309
784.372332         -26.972            -67.309
784.390280         -27.032            -67.308
784.408255         -27.091            -67.307
784.426257         -27.151            -67.307
784.444287         -27.211            -67.306
784.462343         -27.270            -67.305
784.480425         -27.330            -67.305
784.498535         -27.390            -67.304
784.516671         -27.449            -67.303
784.534834         -27.509            -67.302
784.553023         -27.569            -67.302
784.571239         -27.629            -67.301
784.589481         -27.688            -67.300
784.607749         -27.748            -67.299
784.626044         -27.808            -67.299
784.644365         -27.867            -67.298
784.662711         -27.927            -67.297
784.681084         -27.987            -67.296
784.699482         -28.046            -67.296
784.717907         -28.106            -67.295
784.736357         -28.166            -67.294
784.754832         -28.225            -67.293
784.773333         -28.285            -67.293
784.791860         -28.345            -67.292
784.810412         -28.405            -67.291
784.828989         -28.464            -67.290
784.847592         -28.524            -67.289
784.866219         -28.584            -67.288
784.884872         -28.643            -67.288
784.903550         -28.703            -67.287
784.922252         -28.763            -67.286
784.940980         -28.822            -67.285
784.959732         -28.882            -67.284
784.978508         -28.942            -67.283
784.997310         -29.001            -67.283
785.016135         -29.061            -67.282
785.034986         -29.121            -67.281
785.053860         -29.180            -67.280
785.072759         -29.240            -67.279
785.091682         -29.300            -67.278
785.110629         -29.359            -67.277
785.129600         -29.419            -67.276
785.148595         -29.479            -67.275
785.167613         -29.538            -67.274
785.186656         -29.598            -67.274
785.205722         -29.658            -67.273
785.224811         -29.717            -67.272
785.243925         -29.777            -67.271
785.263061         -29.837            -67.270
785.282221         -29.896            -67.269
785.301404         -29.956            -67.268
785.320610         -30.016            -67.267
785.339840         -30.075            -67.266
785.359092         -30.135            -67.265
785.378367         -30.195            -67.264
785.397665         -30.254            -67.263
785.416986         -30.314            -67.262
785.436330         -30.374            -67.261
785.455696         -30.433            -67.260
785.475084         -30.493            -67.259
785.494495         -30.553            -67.258
785.513928         -30.612            -67.257
785.533384         -30.672            -67.256
785.552861         -30.732            -67.255
785.572361         -30.791            -67.254
785.591883         -30.851            -67.253
785.611426         -30.911            -67.252
785.630991         -30.970            -67.251
785.650578         -31.030            -67.250
785.670187         -31.090            -67.248
785.689817         -31.149            -67.247
785.709469         -31.209            -67.246
785.729142         -31.269            -67.245
785.748836         -31.328            -67.244
785.768552         -31.388            -67.243
785.788289         -31.448            -67.242
785.808046         -31.507            -67.241
785.827825         -31.567            -67.240
785.847624         -31.626            -67.238
785.867445         -31.686            -67.237
785.887286         -31.746            -67.236
785.907147         -31.805            -67.235
785.927029         -31.865            -67.234
785.946932         -31.925            -67.233
785.966855         -31.984            -67.231
785.986798         -32.044            -67.230
786.006761         -32.104            -67.229
786.026744         -32.163            -67.228
786.046748         -32.223            -67.227
786.066771         -32.282            -67.225
786.086814         -32.342            -67.224
786.106877         -32.402            -67.223
786.126959         -32.461            -67.222
786.147061         -32.521            -67.221
786.167183         -32.581            -67.219
786.187324         -32.640            -67.218
786.207484         -32.700            -67.217
786.227663         -32.759            -67.215
786.247861         -32.819            -67.214
786.268079         -32.879            -67.213
786.288315         -32.938            -67.212
786.308571         -32.998            -67.210
786.328845         -33.058            -67.209
786.349137         -33.117            -67.208
786.369449         -33.177            -67.206
786.389778         -33.236            -67.205
786.410127         -33.296            -67.204
786.430493         -33.356            -67.202
786.450878         -33.415            -67.201
786.471281         -33.475            -67.200
786.491702         -33.535            -67.198
786.512141         -33.594            -67.197
786.532598         -33.654            -67.196
786.553072         -33.713            -67.194
786.573564         -33.773            -67.193
786.594074         -33.833            -67.191
786.614602         -33.892            -67.190
786.635147         -33.952            -67.188
786.655709         -34.011            -67.187
786.676288         -34.071            -67.186
786.696885         -34.131            -67.184
786.717498         -34.190            -67.183
786.738129         -34.250            -67.181
786.758777         -34.309            -67.180
786.779441         -34.369            -67.178
786.800122         -34.429            -67.177
786.820820         -34.488            -67.175
786.841534         -34.548            -67.174
786.862265         -34.607            -67.172
786.883012         -34.667            -67.171
786.903775         -34.727            -67.169
786.924554         -34.786            -67.168
786.945350         -34.846            -67.166
786.966161         -34.905            -67.165
786.986989         -34.965            -67.163
787.007832         -35.025            -67.162
787.028691         -35.084            -67.160
787.049565         -35.144            -67.158
787.070455         -35.203            -67.157
787.091361         -35.263            -67.155
787.112282         -35.322            -67.154
787.133218         -35.382            -67.152
787.154169         -35.442            -67.150
787.175136         -35.501            -67.149
787.196117         -35.561            -67.147
787.217113         -35.620            -67.145
787.238125         -35.680            -67.144
787.259150         -35.740            -67.142
787.280191         -35.799            -67.140
787.301246         -35.859            -67.139
787.322315         -35.918            -67.137
787.343399         -35.978            -67.135
787.364497         -36.037            -67.134
787.385609         -36.097            -67.132
787.406735         -36.157            -67.130
787.427875         -36.216            -67.128
787.449030         -36.276            -67.127
787.470197         -36.335            -67.125
787.491379         -36.395            -67.123
787.512574         -36.454            -67.121
787.533783         -36.514            -67.120
787.555005         -36.574            -67.118
787.576241         -36.633            -67.116
787.597489         -36.693            -67.114
787.618751         -36.752            -67.112
787.640026         -36.812            -67.111
787.661314         -36.871            -67.109
787.682615         -36.931            -67.107
787.703929         -36.990            -67.105
787.725255         -37.050            -67.103
787.746594         -37.110            -67.101
787.767945         -37.169            -67.099
787.789309         -37.229            -67.097
787.810685         -37.288            -67.096
787.832073         -37.348            -67.094
787.853474         -37.407            -67.092
787.874886         -37.467            -67.090
787.896310         -37.526            -67.088
787.917747         -37.586            -67.086
787.939195         -37.645            -67.084
787.960654         -37.705            -67.082
787.982126         -37.765            -67.080
788.003608         -37.824            -67.078
788.025102         -37.884            -67.076
788.046608         -37.943            -67.074
788.068124         -38.003            -67.072
788.089652         -38.062            -67.070
788.111191         -38.122            -67.068
788.132740         -38.181            -67.066
788.154301         -38.241            -67.064
788.175872         -38.300            -67.062
788.197454         -38.360            -67.060
788.219046         -38.419            -67.057
788.240649         -38.479            -67.055
788.262262         -38.539            -67.053
788.283886         -38.598            -67.051
788.305519         -38.658            -67.049
788.327163         -38.717            -67.047
788.348816         -38.777            -67.045
788.370480         -38.836            -67.043
788.392153         -38.896            -67.040
788.413836         -38.955            -67.038
788.435529         -39.015            -67.036
788.457231         -39.074            -67.034
788.478942         -39.134            -67.032
788.500663         -39.193            -67.029
788.522393         -39.253            -67.027
788.544132         -39.312            -67.025
788.565880         -39.372            -67.023
788.587637         -39.431            -67.020
788.609403         -39.491            -67.018
788.631178         -39.550            -67.016
788.652961         -39.610            -67.013
788.674753         -39.669            -67.011
788.696554         -39.729            -67.009
788.718363         -39.788            -67.006
788.740180         -39.848            -67.004
788.762005         -39.907            -67.002
788.783838         -39.967            -66.999
788.805679         -40.026            -66.997
788.827529         -40.086            -66.995
788.849386         -40.145            -66.992
788.871250         -40.205            -66.990
788.893123         -40.264            -66.987
788.915002         -40.324            -66.985
788.936890         -40.383            -66.982
788.958784         -40.443            -66.980
788.980686         -40.502            -66.977
789.002595         -40.562            -66.975
789.024511         -40.621            -66.972
789.046434         -40.681            -66.970
789.068364         -40.740            -66.967
789.090300         -40.800            -66.965
789.112243         -40.859            -66.962
789.134193         -40.919            -66.960
789.156149         -40.978            -66.957
789.178112         -41.038            -66.955
789.200081         -41.097            -66.952
789.222056         -41.157            -66.949
789.244037         -41.216            -66.947
789.266024         -41.276            -66.944
789.288017         -41.335            -66.941
789.310016         -41.395            -66.939
789.332020         -41.454            -66.936
789.354031         -41.514            -66.933
789.376046         -41.573            -66.931
789.398067         -41.633            -66.928
789.420094         -41.692            -66.925
789.442125         -41.752            -66.923
789.464162         -41.811            -66.920
789.486204         -41.870            -66.917
789.508251         -41.930            -66.914
789.530302         -41.989            -66.912
789.552359         -42.049            -66.909
789.574419         -42.108            -66.906
789.596485         -42.168            -66.903
789.618555         -42.227            -66.900
789.640629         -42.287            -66.897
789.662708         -42.346            -66.895
789.684791         -42.406            -66.892
789.706878         -42.465            -66.889
789.728969         -42.525            -66.886
789.751063         -42.584            -66.883
789.773162         -42.643            -66.880
789.795264         -42.703            -66.877
789.817370         -42.762            -66.874
789.839479         -42.822            -66.871
789.861592         -42.881            -66.868
789.883708         -42.941            -66.865
789.905827         -43.000            -66.862
789.927950         -43.060            -66.859
789.950075         -43.119            -66.856
789.972203         -43.178            -66.853
789.994335         -43.238            -66.850
790.016468         -43.297            -66.847
790.038605         -43.357            -66.844
790.060744         -43.416            -66.841
790.082886         -43.476            -66.838
790.105029         -43.535            -66.834
790.127176         -43.595            -66.831
790.149324         -43.654            -66.828
790.171474         -43.713            -66.825
790.193626         -43.773            -66.822
790.215781         -43.832            -66.818
790.237937         -43.892            -66.815
790.260094         -43.951            -66.812
790.282253         -44.011            -66.809
790.304414         -44.070            -66.805
790.326576         -44.129            -66.802
790.348740         -44.189            -66.799
790.370904         -44.248            -66.796
790.393070         -44.308            -66.792
790.415236         -44.367            -66.789
790.437404         -44.426            -66.786
790.459572         -44.486            -66.782
790.481742         -44.545            -66.779
790.503911         -44.605            -66.775
790.526082         -44.664            -66.772
790.548252         -44.724            -66.769
790.570423         -44.783            -66.765
790.592595         -44.842            -66.762
790.614766         -44.902            -66.758
790.636937         -44.961            -66.755
790.659109         -45.021            -66.751
790.681280         -45.080            -66.748
790.703451         -45.139            -66.744
790.725622         -45.199            -66.740
790.747792         -45.258            -66.737
790.769961         -45.318            -66.733
790.792130         -45.377            -66.730
790.814299         -45.436            -66.726
790.836466         -45.496            -66.722
790.858633         -45.555            -66.719
790.880798         -45.615            -66.715
790.902963         -45.674            -66.711
790.925126         -45.733            -66.708
790.947288         -45.793            -66.704
790.969449         -45.852            -66.700
790.991608         -45.912            -66.696
791.013765         -45.971            -66.693
791.035921         -46.030            -66.689
791.058075         -46.090            -66.685
791.080227         -46.149            -66.681
791.102377         -46.208            -66.677
791.124525         -46.268            -66.673
791.146671         -46.327            -66.670
791.168815         -46.387            -66.666
791.190956         -46.446            -66.662
791.213095         -46.505            -66.658
791.235231         -46.565            -66.654
791.257365         -46.624            -66.650
791.279496         -46.683            -66.646
791.301624         -46.743            -66.642
791.323749         -46.802            -66.638
791.345871         -46.861            -66.634
791.367990         -46.921            -66.630
791.390106         -46.980            -66.626
791.412218         -47.040            -66.622
791.434327         -47.099            -66.618
791.456432         -47.158            -66.613
791.478534         -47.218            -66.609
791.500632         -47.277            -66.605
791.522727         -47.336            -66.601
791.544817         -47.396            -66.597
791.566904         -47.455            -66.592
791.588986         -47.514            -66.588
791.611065         -47.574            -66.584
791.633139         -47.633            -66.580
791.655208         -47.692            -66.575
791.677273         -47.752            -66.571
791.699334         -47.811            -66.567
791.721390         -47.870            -66.562
791.743441         -47.930            -66.558
791.765487         -47.989            -66.554
791.787529         -48.049            -66.549
791.809565         -48.108            -66.545
791.831596         -48.167            -66.540
791.853622         -48.227            -66.536
791.875643         -48.286            -66.531
791.897658         -48.345            -66.527
791.919668         -48.405            -66.522
791.941672         -48.464            -66.518
791.963670         -48.523            -66.513
791.985663         -48.582            -66.508
792.007650         -48.642            -66.504
792.029630         -48.701            -66.499
792.051605         -48.760            -66.495
792.073573         -48.820            -66.490
792.095535         -48.879            -66.485
792.117491         -48.938            -66.480
792.139441         -48.998            -66.476
792.161383         -49.057            -66.471
792.183319         -49.116            -66.466
792.205249         -49.176            -66.461
792.227171         -49.235            -66.456
792.249087         -49.294            -66.452
792.270995         -49.354            -66.447
792.292897         -49.413            -66.442
792.314791         -49.472            -66.437
792.336678         -49.531            -66.432
792.358557         -49.591            -66.427
792.380429         -49.650            -66.422
792.402293         -49.709            -66.417
792.424150         -49.769            -66.412
792.445999         -49.828            -66.407
792.467840         -49.887            -66.402
792.489673         -49.947            -66.397
792.511498         -50.006            -66.392
792.533314         -50.065            -66.387
792.555123         -50.124            -66.381
792.576923         -50.184            -66.376
792.598714         -50.243            -66.371
792.620498         -50.302            -66.366
792.642272         -50.362            -66.360
792.664038         -50.421            -66.355
792.685794         -50.480            -66.350
792.707542         -50.539            -66.345
792.729281         -50.599            -66.339
792.751011         -50.658            -66.334
792.772732         -50.717            -66.328
792.794443         -50.777            -66.323
792.816145         -50.836            -66.318
792.837837         -50.895            -66.312
792.859520         -50.954            -66.307
792.881193         -51.014            -66.301
792.902857         -51.073            -66.296
792.924510         -51.132            -66.290
792.946154         -51.191            -66.284
792.967787         -51.251            -66.279
792.989410         -51.310            -66.273
793.011024         -51.369            -66.267
793.032626         -51.428            -66.262
793.054219         -51.488            -66.256
793.075800         -51.547            -66.250
793.097372         -51.606            -66.244
793.118932         -51.665            -66.239
793.140482         -51.725            -66.233
793.162021         -51.784            -66.227
793.183549         -51.843            -66.221
793.205065         -51.902            -66.215
793.226571         -51.962            -66.209
793.248065         -52.021            -66.203
793.269548         -52.080            -66.197
793.291020         -52.139            -66.191
793.312480         -52.199            -66.185
793.333928         -52.258            -66.179
793.355365         -52.317            -66.173
793.376789         -52.376            -66.167
793.398202         -52.435            -66.161
793.419603         -52.495            -66.155
793.440992         -52.554            -66.148
793.462368         -52.613            -66.142
793.483733         -52.672            -66.136
793.505085         -52.732            -66.130
793.526424         -52.791            -66.123
793.547751         -52.850            -66.117
793.569065         -52.909            -66.111
793.590367         -52.968            -66.104
793.611655         -53.028            -66.098
793.632931         -53.087            -66.091
793.654194         -53.146            -66.085
793.675443         -53.205            -66.078
793.696680         -53.264            -66.072
793.717903         -53.324            -66.065
793.739112         -53.383            -66.059
793.760309         -53.442            -66.052
793.781491         -53.501            -66.045
793.802660         -53.560            -66.039
793.823816         -53.620            -66.032
793.844957         -53.679            -66.025
793.866084         -53.738            -66.018
793.887198         -53.797            -66.012
793.908297         -53.856            -66.005
793.929382         -53.916            -65.998
793.950453         -53.975            -65.991
793.971509         -54.034            -65.984
793.992551         -54.093            -65.977
794.013579         -54.152            -65.970
794.034591         -54.212            -65.963
794.055589         -54.271            -65.956
794.076572         -54.330            -65.949
794.097541         -54.389            -65.942
794.118494         -54.448            -65.934
794.139432         -54.507            -65.927
794.160354         -54.567            -65.920
794.181262         -54.626            -65.913
794.202154         -54.685            -65.905
794.223031         -54.744            -65.898
794.243892         -54.803            -65.891
794.264737         -54.862            -65.883
794.285567         -54.922            -65.876
794.306381         -54.981            -65.868
794.327179         -55.040            -65.861
794.347960         -55.099            -65.853
794.368726         -55.158            -65.846
794.389476         -55.217            -65.838
794.410209         -55.276            -65.831
794.430926         -55.336            -65.823
794.451626         -55.395            -65.815
794.472310         -55.454            -65.807
794.492977         -55.513            -65.800
794.513628         -55.572            -65.792
794.534262         -55.631            -65.784
794.554878         -55.690            -65.776
794.575478         -55.750            -65.768
794.596061         -55.809            -65.760
794.616626         -55.868            -65.752
794.637174         -55.927            -65.744
794.657705         -55.986            -65.736
794.678219         -56.045            -65.728
794.698715         -56.104            -65.720
794.719193         -56.163            -65.712
794.739653         -56.223            -65.703
794.760096         -56.282            -65.695
794.780521         -56.341            -65.687
794.800928         -56.400            -65.678
794.821317         -56.459            -65.670
794.841687         -56.518            -65.662
794.862040         -56.577            -65.653
794.882374         -56.636            -65.645
794.902690         -56.695            -65.636
794.922987         -56.754            -65.628
794.943265         -56.814            -65.619
794.963525         -56.873            -65.610
794.983766         -56.932            -65.602
795.003989         -56.991            -65.593
795.024192         -57.050            -65.584
795.044376         -57.109            -65.575
795.064542         -57.168            -65.566
795.084688         -57.227            -65.557
795.104814         -57.286            -65.549
795.124922         -57.345            -65.540
795.145010         -57.404            -65.530
795.165078         -57.464            -65.521
795.185127         -57.523            -65.512
795.205156         -57.582            -65.503
795.225165         -57.641            -65.494
795.245154         -57.700            -65.485
795.265124         -57.759            -65.475
795.285073         -57.818            -65.466
795.305002         -57.877            -65.457
795.324911         -57.936            -65.447
795.344799         -57.995            -65.438
795.364668         -58.054            -65.428
795.384515         -58.113            -65.419
795.404342         -58.172            -65.409
795.424149         -58.231            -65.399
795.443934         -58.290            -65.390
795.463699         -58.349            -65.380
795.483443         -58.408            -65.370
795.503166         -58.467            -65.360
795.522868         -58.526            -65.351
795.542548         -58.586            -65.341
795.562208         -58.645            -65.331
795.581846         -58.704            -65.321
795.601462         -58.763            -65.311
795.621057         -58.822            -65.300
795.640631         -58.881            -65.290
795.660183         -58.940            -65.280
795.679713         -58.999            -65.270
795.699221         -59.058            -65.259
795.718707         -59.117            -65.249
795.738171         -59.176            -65.239
795.757613         -59.235            -65.228
795.777033         -59.294            -65.218
795.796431         -59.353            -65.207
795.815806         -59.412            -65.196
795.835159         -59.471            -65.186
795.854489         -59.530            -65.175
795.873797         -59.589            -65.164
795.893082         -59.648            -65.153
795.912344         -59.707            -65.143
795.931584         -59.766            -65.132
795.950800         -59.825            -65.121
795.969994         -59.884            -65.110
795.989164         -59.943            -65.099
796.008311         -60.002            -65.087
796.027435         -60.061            -65.076
796.046535         -60.120            -65.065
796.065613         -60.179            -65.054
796.084666         -60.238            -65.042
796.103696         -60.296            -65.031
796.122702         -60.355            -65.019
796.141685         -60.414            -65.008
796.160644         -60.473            -64.996
796.179578         -60.532            -64.985
796.198489         -60.591            -64.973
796.217376         -60.650            -64.961
796.236238         -60.709            -64.949
796.255077         -60.768            -64.937
796.273891         -60.827            -64.925
796.292680         -60.886            -64.913
796.311445         -60.945            -64.901
796.330186         -61.004            -64.889
796.348901         -61.063            -64.877
796.367592         -61.122            -64.865
796.386259         -61.181            -64.852
796.404900         -61.240            -64.840
796.423516         -61.299            -64.828
796.442108         -61.357            -64.815
796.460674         -61.416            -64.803
796.479215         -61.475            -64.790
796.497731         -61.534            -64.777
796.516221         -61.593            -64.765
796.534686         -61.652            -64.752
796.553125         -61.711            -64.739
796.571539         -61.770            -64.726
796.589927         -61.829            -64.713
796.608289         -61.888            -64.700
796.626625         -61.947            -64.687
796.644936         -62.005            -64.674
796.663220         -62.064            -64.660
796.681478         -62.123            -64.647
796.699711         -62.182            -64.634
796.717917         -62.241            -64.620
796.736096         -62.300            -64.607
796.754249         -62.359            -64.593
796.772376         -62.418            -64.579
796.790476         -62.476            -64.565
796.808550         -62.535            -64.552
796.826597         -62.594            -64.538
796.844617         -62.653            -64.524
796.862610         -62.712            -64.510
796.880576         -62.771            -64.496
796.898515         -62.830            -64.481
796.916427         -62.888            -64.467
796.934312         -62.947            -64.453
796.952170         -63.006            -64.438
796.970000         -63.065            -64.424
796.987803         -63.124            -64.409
797.005578         -63.183            -64.395
797.023326         -63.241            -64.380
797.041046         -63.300            -64.365
797.058739         -63.359            -64.350
797.076404         -63.418            -64.335
797.094040         -63.477            -64.320
797.111649         -63.536            -64.305
797.129230         -63.594            -64.290
797.146783         -63.653            -64.275
797.164308         -63.712            -64.260
797.181804         -63.771            -64.244
797.199272         -63.830            -64.229
797.216712         -63.888            -64.213
797.234123         -63.947            -64.197
797.251505         -64.006            -64.182
797.268859         -64.065            -64.166
797.286185         -64.124            -64.150
797.303481         -64.182            -64.134
797.320749         -64.241            -64.118
797.337988         -64.300            -64.102
797.355198         -64.359            -64.085
797.372378         -64.417            -64.069
797.389530         -64.476            -64.053
797.406652         -64.535            -64.036
797.423745         -64.594            -64.019
797.440809         -64.652            -64.003
797.457843         -64.711            -63.986
797.474848         -64.770            -63.969
797.491823         -64.829            -63.952
797.508769         -64.887            -63.935
797.525685         -64.946            -63.918
797.542571         -65.005            -63.901
797.559427         -65.064            -63.883
797.576253         -65.122            -63.866
797.593049         -65.181            -63.848
797.609815         -65.240            -63.831
797.626551         -65.298            -63.813
797.643257         -65.357            -63.795
797.659933         -65.416            -63.777
797.676578         -65.475            -63.759
797.693192         -65.533            -63.741
797.709776         -65.592            -63.723
797.726330         -65.651            -63.704
797.742852         -65.709            -63.686
797.759345         -65.768            -63.667
797.775806         -65.827            -63.649
797.792236         -65.885            -63.630
797.808636         -65.944            -63.611
797.825004         -66.003            -63.592
797.841341         -66.061            -63.573
797.857648         -66.120            -63.554
797.873923         -66.179            -63.535
797.890166         -66.237            -63.515
797.906379         -66.296            -63.496
797.922559         -66.355            -63.476
797.938709         -66.413            -63.457
797.954827         -66.472            -63.437
797.970913         -66.530            -63.417
797.986967         -66.589            -63.397
798.002990         -66.648            -63.377
798.018981         -66.706            -63.356
798.034939         -66.765            -63.336
798.050866         -66.823            -63.315
798.066761         -66.882            -63.295
798.082624         -66.941            -63.274
798.098454         -66.999            -63.253
798.114253         -67.058            -63.232
798.130018         -67.116            -63.211
798.145752         -67.175            -63.190
798.161453         -67.234            -63.168
798.177122         -67.292            -63.147
798.192757         -67.351            -63.125
798.208361         -67.409            -63.104
798.223931         -67.468            -63.082
798.239469         -67.526            -63.060
798.254974         -67.585            -63.038
798.270446         -67.643            -63.015
798.285885         -67.702            -62.993
798.301290         -67.761            -62.970
798.316663         -67.819            -62.948
798.332003         -67.878            -62.925
798.347309         -67.936            -62.902
798.362582         -67.995            -62.879
798.377821         -68.053            -62.856
798.393027         -68.112            -62.832
798.408200         -68.170            -62.809
798.423339         -68.229            -62.785
798.438444         -68.287            -62.762
798.453516         -68.346            -62.738
798.468554         -68.404            -62.714
798.483557         -68.463            -62.689
798.498527         -68.521            -62.665
798.513463         -68.579            -62.641
798.528365         -68.638            -62.616
798.543233         -68.696            -62.591
798.558067         -68.755            -62.566
798.572867         -68.813            -62.541
798.587632         -68.872            -62.516
798.602362         -68.930            -62.490
798.617059         -68.989            -62.465
798.631721         -69.047            -62.439
798.646348         -69.105            -62.413
798.660941         -69.164            -62.387
798.675499         -69.222            -62.361
798.690022         -69.281            -62.335
798.704511         -69.339            -62.308
798.718964         -69.397            -62.282
798.733383         -69.456            -62.255
798.747767         -69.514            -62.228
798.762115         -69.572            -62.200
798.776429         -69.631            -62.173
798.790707         -69.689            -62.146
798.804950         -69.747            -62.118
798.819158         -69.806            -62.090
798.833331         -69.864            -62.062
798.847468         -69.922            -62.034
798.861569         -69.981            -62.005
798.875635         -70.039            -61.976
798.889666         -70.097            -61.948
798.903661         -70.156            -61.919
798.917620         -70.214            -61.890
798.931543         -70.272            -61.860
798.945430         -70.331            -61.831
798.959282         -70.389            -61.801
798.973098         -70.447            -61.771
798.986877         -70.505            -61.741
799.000621         -70.564            -61.710
799.014328         -70.622            -61.680
799.027999         -70.680            -61.649
799.041634         -70.738            -61.618
799.055233         -70.797            -61.587
799.068795         -70.855            -61.556
799.082321         -70.913            -61.524
799.095810         -70.971            -61.492
799.109263         -71.029            -61.460
799.122679         -71.088            -61.428
799.136058         -71.146            -61.396
799.149401         -71.204            -61.363
799.162707         -71.262            -61.330
799.175976         -71.320            -61.297
799.189209         -71.378            -61.264
799.202404         -71.437            -61.230
799.215562         -71.495            -61.197
799.228684         -71.553            -61.163
799.241768         -71.611            -61.129
799.254815         -71.669            -61.094
799.267825         -71.727            -61.059
799.280797         -71.785            -61.025
799.293732         -71.843            -60.989
799.306630         -71.901            -60.954
799.319490         -71.959            -60.918
799.332313         -72.017            -60.882
799.345098         -72.076            -60.846
799.357846         -72.134            -60.810
799.370556         -72.192            -60.773
799.383228         -72.250            -60.736
799.395863         -72.308            -60.699
799.408459         -72.366            -60.662
799.421018         -72.424            -60.624
799.433539         -72.482            -60.586
799.446021         -72.540            -60.548
799.458466         -72.598            -60.509
799.470873         -72.656            -60.470
799.483241         -72.713            -60.431
799.495572         -72.771            -60.392
799.507864         -72.829            -60.352
799.520117         -72.887            -60.312
799.532333         -72.945            -60.272
799.544510         -73.003            -60.232
799.556648         -73.061            -60.191
799.568748         -73.119            -60.150
799.580809         -73.177            -60.108
799.592832         -73.235            -60.067
799.604816         -73.292            -60.025
799.616761         -73.350            -59.982
799.628668         -73.408            -59.940
799.640536         -73.466            -59.897
799.652365         -73.524            -59.853
799.664154         -73.581            -59.810
799.675905         -73.639            -59.766
799.687617         -73.697            -59.721
799.699290         -73.755            -59.677
799.710924         -73.813            -59.632
799.722518         -73.870            -59.587
799.734073         -73.928            -59.541
799.745589         -73.986            -59.495
799.757066         -74.043            -59.449
799.768503         -74.101            -59.402
799.779901         -74.159            -59.355
799.791259         -74.216            -59.308
799.802578         -74.274            -59.260
799.813857         -74.332            -59.212
799.825097         -74.389            -59.163
799.836297         -74.447            -59.114
799.847457         -74.504            -59.065
799.858578         -74.562            -59.015
799.869658         -74.620            -58.965
799.880699         -74.677            -58.915
799.891700         -74.735            -58.864
799.902661         -74.792            -58.812
799.913581         -74.850            -58.761
799.924462         -74.907            -58.709
799.935303         -74.965            -58.656
799.946104         -75.022            -58.603
799.956864         -75.080            -58.550
799.967584         -75.137            -58.496
799.978264         -75.195            -58.442
799.988903         -75.252            -58.387
799.999503         -75.309            -58.332
800.010061         -75.367            -58.276
800.020580         -75.424            -58.220
800.031057         -75.481            -58.164
800.041495         -75.539            -58.107
800.051891         -75.596            -58.049
800.062247         -75.653            -57.991
800.072562         -75.711            -57.933
800.082837         -75.768            -57.874
800.093071         -75.825            -57.814
800.103264         -75.882            -57.754
800.113416         -75.940            -57.694
800.123527         -75.997            -57.633
800.133597         -76.054            -57.571
800.143626         -76.111            -57.509
800.153614         -76.168            -57.447
800.163561         -76.225            -57.384
800.173467         -76.283            -57.320
800.183332         -76.340            -57.256
800.193156         -76.397            -57.191
800.202938         -76.454            -57.126
800.212679         -76.511            -57.060
800.222379         -76.568            -56.993
800.232037         -76.625            -56.926
800.241654         -76.682            -56.858
800.251229         -76.739            -56.790
800.260763         -76.796            -56.721
800.270255         -76.853            -56.652
800.279706         -76.909            -56.581
800.289115         -76.966            -56.511
800.298483         -77.023            -56.439
800.307809         -77.080            -56.367
800.317093         -77.137            -56.294
800.326335         -77.194            -56.221
800.335536         -77.250            -56.147
800.344694         -77.307            -56.072
800.353811         -77.364            -55.996
800.362886         -77.420            -55.920
800.371918         -77.477            -55.843
800.380909         -77.534            -55.766
800.389858         -77.590            -55.687
800.398765         -77.647            -55.608
800.407629         -77.703            -55.528
800.416451         -77.760            -55.448
800.425231         -77.816            -55.366
800.433969         -77.873            -55.284
800.442665         -77.929            -55.201
800.451318         -77.986            -55.117
800.459929         -78.042            -55.033
800.468497         -78.099            -54.947
800.477023         -78.155            -54.861
800.485507         -78.211            -54.774
800.493948         -78.267            -54.686
800.502347         -78.324            -54.597
800.510703         -78.380            -54.507
800.519016         -78.436            -54.416
800.527287         -78.492            -54.325
800.535515         -78.548            -54.232
800.543700         -78.604            -54.139
800.551843         -78.660            -54.044
800.559942         -78.716            -53.949
800.567999         -78.772            -53.853
800.576013         -78.828            -53.755
800.583985         -78.884            -53.657
800.591913         -78.940            -53.558
800.599798         -78.996            -53.457
800.607640         -79.052            -53.356
800.615440         -79.108            -53.253
800.623196         -79.163            -53.150
800.630909         -79.219            -53.045
800.638579         -79.275            -52.939
800.646206         -79.330            -52.832
800.653789         -79.386            -52.724
800.661330         -79.441            -52.615
800.668827         -79.497            -52.504
800.676281         -79.552            -52.393
800.683691         -79.608            -52.280
800.691059         -79.663            -52.166
800.698382         -79.719            -52.050
800.705663         -79.774            -51.934
800.712900         -79.829            -51.816
800.720093         -79.884            -51.696
800.727243         -79.939            -51.576
800.734349         -79.994            -51.454
800.741412         -80.050            -51.330
800.748431         -80.105            -51.206
800.755407         -80.159            -51.079
800.762339         -80.214            -50.952
800.769227         -80.269            -50.823
800.776072         -80.324            -50.692
800.782873         -80.379            -50.560
800.789630         -80.433            -50.426
800.796343         -80.488            -50.291
800.803012         -80.543            -50.154
800.809638         -80.597            -50.016
800.816219         -80.652            -49.875
800.822757         -80.706            -49.734
800.829251         -80.760            -49.590
800.835700         -80.815            -49.445
800.842106         -80.869            -49.298
800.848468         -80.923            -49.149
800.854785         -80.977            -48.999
800.861059         -81.031            -48.846
800.867288         -81.085            -48.692
800.873474         -81.139            -48.536
800.879615         -81.193            -48.377
800.885712         -81.247            -48.217
800.891765         -81.300            -48.055
800.897773         -81.354            -47.891
800.903737         -81.407            -47.725
800.909657         -81.461            -47.556
800.915533         -81.514            -47.386
800.921364         -81.567            -47.213
800.927151         -81.621            -47.038
800.932893         -81.674            -46.861
800.938591         -81.727            -46.681
800.944245         -81.780            -46.499
800.949854         -81.833            -46.315
800.955419         -81.886            -46.128
800.960939         -81.938            -45.939
800.966414         -81.991            -45.747
800.971845         -82.043            -45.553
800.977232         -82.096            -45.356
800.982574         -82.148            -45.156
800.987871         -82.200            -44.954
800.993123         -82.252            -44.749
800.998331         -82.304            -44.541
801.003494         -82.356            -44.330
801.008613         -82.408            -44.116
801.013686         -82.460            -43.900
801.018715         -82.511            -43.680
801.023700         -82.563            -43.457
801.028639         -82.614            -43.231
801.033533         -82.665            -43.002
801.038383         -82.717            -42.770
801.043188         -82.768            -42.534
801.047948         -82.818            -42.295
801.052662         -82.869            -42.052
801.057332         -82.920            -41.806
801.061958         -82.970            -41.557
801.066538         -83.020            -41.303
801.071073         -83.071            -41.046
801.075563         -83.121            -40.786
801.080008         -83.171            -40.521
801.084408         -83.220            -40.252
801.088763         -83.270            -39.980
801.093073         -83.319            -39.703
801.097337         -83.369            -39.422
801.101557         -83.418            -39.137
801.105731         -83.467            -38.848
801.109861         -83.515            -38.554
801.113945         -83.564            -38.256
801.117984         -83.612            -37.953
801.121977         -83.661            -37.646
801.125926         -83.709            -37.334
801.129829         -83.756            -37.016
801.133687         -83.804            -36.694
801.137500         -83.851            -36.367
801.141267         -83.899            -36.035
801.144989         -83.946            -35.698
801.148666         -83.992            -35.355
801.152297         -84.039            -35.007
801.155883         -84.085            -34.654
801.159424         -84.131            -34.295
801.162919         -84.177            -33.930
801.166369         -84.223            -33.559
801.169773         -84.268            -33.182
801.173132         -84.313            -32.800
801.176446         -84.358            -32.411
801.179714         -84.403            -32.016
801.182937         -84.447            -31.614
801.186114         -84.491            -31.206
801.189245         -84.535            -30.792
801.192331         -84.578            -30.370
801.195372         -84.622            -29.942
801.198367         -84.664            -29.507
801.201317         -84.707            -29.065
801.204220         -84.749            -28.616
801.207079         -84.791            -28.159
801.209891         -84.833            -27.695
801.212658         -84.874            -27.224
801.215380         -84.915            -26.744
801.218056         -84.955            -26.257
801.220686         -84.995            -25.763
801.223271         -85.035            -25.260
801.225809         -85.074            -24.749
801.228303         -85.113            -24.230
801.230750         -85.151            -23.702
801.233152         -85.190            -23.166
801.235508         -85.227            -22.622
801.237818         -85.264            -22.069
801.240083         -85.301            -21.507
801.242302         -85.337            -20.936
801.244475         -85.373            -20.356
801.246603         -85.408            -19.768
801.248684         -85.443            -19.170
801.250720         -85.478            -18.563
801.252710         -85.511            -17.947
801.254655         -85.545            -17.321
801.256553         -85.577            -16.686
801.258406         -85.610            -16.042
801.260213         -85.641            -15.388
801.261974         -85.672            -14.725
801.263689         -85.703            -14.052
801.265359         -85.732            -13.369
801.266982         -85.762            -12.678
801.268560         -85.790            -11.976
801.270092         -85.818            -11.265
801.271578         -85.845            -10.545
801.273018         -85.872            -9.815
801.274412         -85.898            -9.076
801.275760         -85.923            -8.327
801.277063         -85.947            -7.570
801.278319         -85.971            -6.803
801.279530         -85.994            -6.027
801.280695         -86.016            -5.242
801.281814         -86.038            -4.449
801.282887         -86.059            -3.647
801.283914         -86.079            -2.837
801.284895         -86.098            -2.018
801.285830         -86.116            -1.192
801.286719         -86.134            -0.358
801.287562         -86.150            0.484
801.288360         -86.166            1.333
801.289111         -86.181            2.188
801.289817         -86.195            3.050
801.290476         -86.209            3.919
801.291090         -86.221            4.793
801.291657         -86.233            5.673
801.292179         -86.243            6.558
801.292655         -86.253            7.448
801.293084         -86.262            8.342
801.293468         -86.270            9.241
801.293806         -86.276            10.142
801.294098         -86.282            11.047
801.294344         -86.287            11.955
801.294543         -86.292            12.865
801.294697         -86.295            13.777
801.294805         -86.297            14.690
801.294867         -86.298            15.604
801.294883         -86.299            16.518
801.294853         -86.298            17.433
801.294777         -86.296            18.346
801.294655         -86.294            19.259
801.294488         -86.290            20.170
801.294274         -86.286            21.080
801.294014         -86.281            21.987
801.293708         -86.274            22.891
801.293356         -86.267            23.792
801.292959         -86.259            24.689
801.292515         -86.250            25.582
801.292025         -86.240            26.470
801.291490         -86.229            27.354
801.290908         -86.217            28.232
801.290281         -86.205            29.105
801.289607         -86.191            29.971
801.288888         -86.177            30.831
801.288122         -86.162            31.685
801.287311         -86.145            32.531
801.286454         -86.129            33.371
801.285551         -86.111            34.202
801.284602         -86.092            35.026
801.283607         -86.073            35.842
801.282566         -86.053            36.650
801.281479         -86.032            37.450
801.280346         -86.010            38.240
801.279167         -85.987            39.022
801.277943         -85.964            39.796
801.276672         -85.940            40.560
801.275356         -85.915            41.315
801.273994         -85.890            42.060
801.272585         -85.864            42.797
801.271131         -85.837            43.524
801.269631         -85.810            44.241
801.268086         -85.781            44.949
801.266494         -85.753            45.648
801.264857         -85.723            46.337
801.263173         -85.693            47.016
801.261444         -85.663            47.686
801.259669         -85.632            48.347
801.257848         -85.600            48.997
801.255982         -85.567            49.639
801.254069         -85.535            50.271
801.252111         -85.501            50.894
801.250107         -85.467            51.507
801.248057         -85.433            52.111
801.245962         -85.398            52.706
801.243820         -85.362            53.292
801.241633         -85.326            53.869
801.239400         -85.290            54.437
801.237122         -85.253            54.996
801.234798         -85.216            55.547
801.232428         -85.178            56.089
801.230012         -85.140            56.622
801.227551         -85.101            57.147
801.225043         -85.062            57.664
801.222491         -85.023            58.172
801.219892         -84.983            58.673
801.217248         -84.943            59.165
801.214559         -84.902            59.650
801.211823         -84.861            60.127
801.209042         -84.820            60.596
801.206216         -84.778            61.058
801.203344         -84.736            61.512
801.200426         -84.694            61.959
801.197463         -84.651            62.399
801.194454         -84.609            62.832
801.191399         -84.565            63.258
801.188299         -84.522            63.677
801.185154         -84.478            64.090
801.181963         -84.434            64.496
801.178727         -84.389            64.895
801.175445         -84.345            65.289
801.172117         -84.300            65.675
801.168745         -84.255            66.056
801.165326         -84.209            66.431
801.161863         -84.163            66.800
801.158354         -84.117            67.163
801.154799         -84.071            67.521
801.151200         -84.025            67.873
801.147554         -83.978            68.219
801.143864         -83.931            68.560
801.140128         -83.884            68.896
801.136347         -83.837            69.226
801.132521         -83.790            69.552
801.128649         -83.742            69.872
801.124732         -83.694            70.188
801.120770         -83.646            70.499
801.116762         -83.598            70.805
801.112710         -83.549            71.106
801.108612         -83.501            71.403
801.104469         -83.452            71.695
801.100281         -83.403            71.983
801.096047         -83.354            72.267
801.091769         -83.304            72.547
801.087445         -83.255            72.822
801.083077         -83.205            73.093
801.078663         -83.155            73.361
801.074204         -83.106            73.624
801.069701         -83.055            73.884
801.065152         -83.005            74.140
801.060558         -82.955            74.392
801.055919         -82.904            74.640
801.051236         -82.854            74.885
801.046507         -82.803            75.127
801.041734         -82.752            75.365
801.036915         -82.701            75.600
801.032052         -82.650            75.831
801.027144         -82.599            76.059
801.022191         -82.547            76.284
801.017193         -82.496            76.506
801.012151         -82.444            76.725
801.007064         -82.392            76.941
801.001932         -82.341            77.153
800.996755         -82.289            77.363
800.991533         -82.237            77.570
800.986267         -82.184            77.775
800.980957         -82.132            77.976
800.975601         -82.080            78.175
800.970201         -82.027            78.371
800.964757         -81.975            78.565
800.959268         -81.922            78.756
800.953734         -81.870            78.944
800.948156         -81.817            79.130
800.942533         -81.764            79.314
800.936866         -81.711            79.495
800.931155         -81.658            79.674
800.925399         -81.605            79.850
800.919598         -81.551            80.025
800.913754         -81.498            80.197
800.907865         -81.445            80.367
800.901931         -81.391            80.534
800.895953         -81.338            80.700
800.889932         -81.284            80.864
800.883865         -81.230            81.025
800.877755         -81.176            81.185
800.871601         -81.123            81.342
800.865402         -81.069            81.498
800.859159         -81.015            81.652
800.852872         -80.961            81.804
800.846541         -80.907            81.954
800.840166         -80.852            82.102
800.833747         -80.798            82.248
800.827284         -80.744            82.393
800.820777         -80.690            82.536
800.814226         -80.635            82.677
800.807631         -80.581            82.817
800.800992         -80.526            82.955
800.794309         -80.472            83.091
800.787583         -80.417            83.226
800.780812         -80.362            83.359
800.773998         -80.307            83.491
800.767141         -80.253            83.621
800.760239         -80.198            83.750
800.753294         -80.143            83.877
800.746305         -80.088            84.003
800.739273         -80.033            84.127
800.732197         -79.978            84.250
800.725077         -79.923            84.371
800.717914         -79.867            84.492
800.710707         -79.812            84.611
800.703457         -79.757            84.728
800.696163         -79.702            84.844
800.688826         -79.646            84.959
800.681446         -79.591            85.073
800.674022         -79.536            85.186
800.666555         -79.480            85.297
800.659045         -79.425            85.407
800.651492         -79.369            85.516
800.643895         -79.313            85.624
800.636255         -79.258            85.730
800.628572         -79.202            85.836
800.620846         -79.146            85.940
800.613076         -79.091            86.044
800.605264         -79.035            86.146
800.597409         -78.979            86.247
800.589510         -78.923            86.347
800.581569         -78.867            86.446
800.573585         -78.811            86.544
800.565558         -78.755            86.641
800.557488         -78.699            86.737
800.549375         -78.643            86.832
800.541219         -78.587            86.926
800.533021         -78.531            87.020
800.524780         -78.475            87.112
800.516497         -78.419            87.203
800.508170         -78.363            87.293
800.499801         -78.307            87.383
800.491390         -78.250            87.472
800.482936         -78.194            87.559
800.474439         -78.138            87.646
800.465901         -78.081            87.732
800.457319         -78.025            87.817
800.448695         -77.969            87.902
800.440029         -77.912            87.985
800.431321         -77.856            88.068
800.422570         -77.799            88.150
800.413777         -77.743            88.231
800.404942         -77.686            88.312
800.396065         -77.630            88.391
800.387146         -77.573            88.470
800.378184         -77.516            88.548
800.369181         -77.460            88.626
800.360135         -77.403            88.703
800.351048         -77.346            88.779
800.341918         -77.290            88.854
800.332747         -77.233            88.928
800.323534         -77.176            89.002
800.314279         -77.120            89.076
800.304982         -77.063            89.148
800.295643         -77.006            89.220
800.286263         -76.949            89.291
800.276841         -76.892            89.362
800.267378         -76.835            89.432
800.257873         -76.778            89.501
800.248326         -76.721            89.570
800.238738         -76.664            89.638
800.229109         -76.608            89.706
800.219438         -76.551            89.772
800.209726         -76.494            89.839
800.199972         -76.436            89.905
800.190177         -76.379            89.970
800.180341         -76.322            90.034
800.170464         -76.265            90.098
800.160546         -76.208            90.162
800.150586         -76.151            90.225
800.140586         -76.094            90.287
800.130544         -76.037            90.349
800.120461         -75.980            90.410
800.110338         -75.922            90.471
800.100173         -75.865            90.532
800.089968         -75.808            90.591
800.079722         -75.751            90.651
800.069435         -75.693            90.709
800.059107         -75.636            90.768
800.048739         -75.579            90.826
800.038330         -75.521            90.883
800.027881         -75.464            90.940
800.017391         -75.407            90.996
800.006860         -75.349            91.052
799.996289         -75.292            91.108
799.985678         -75.235            91.163
799.975026         -75.177            91.217
799.964334         -75.120            91.271
799.953601         -75.062            91.325
799.942829         -75.005            91.378
799.932016         -74.947            91.431
799.921163         -74.890            91.484
799.910270         -74.832            91.536
799.899337         -74.775            91.587
799.888364         -74.717            91.638
799.877351         -74.660            91.689
799.866298         -74.602            91.739
799.855206         -74.545            91.789
799.844073         -74.487            91.839
799.832901         -74.429            91.888
799.821689         -74.372            91.937
799.810437         -74.314            91.985
799.799146         -74.257            92.033
799.787815         -74.199            92.081
799.776445         -74.141            92.128
799.765035         -74.084            92.175
799.753586         -74.026            92.222
799.742097         -73.968            92.268
799.730569         -73.910            92.314
799.719002         -73.853            92.360
799.707396         -73.795            92.405
799.695750         -73.737            92.450
799.684066         -73.679            92.494
799.672342         -73.622            92.538
799.660579         -73.564            92.582
799.648777         -73.506            92.626
799.636937         -73.448            92.669
799.625057         -73.390            92.712
799.613139         -73.333            92.754
799.601182         -73.275            92.796
799.589186         -73.217            92.838
799.577152         -73.159            92.880
799.565079         -73.101            92.921
799.552967         -73.043            92.962
799.540817         -72.985            93.003
799.528628         -72.928            93.043
799.516401         -72.870            93.084
799.504136         -72.812            93.123
799.491832         -72.754            93.163
799.479490         -72.696            93.202
799.467110         -72.638            93.241
799.454692         -72.580            93.280
799.442236         -72.522            93.318
799.429741         -72.464            93.357
799.417209         -72.406            93.394
799.404639         -72.348            93.432
799.392031         -72.290            93.469
799.379385         -72.232            93.507
799.366701         -72.174            93.543
799.353980         -72.116            93.580
799.341221         -72.058            93.616
799.328424         -72.000            93.652
799.315590         -71.942            93.688
799.302718         -71.884            93.724
799.289809         -71.826            93.759
799.276863         -71.768            93.794
799.263879         -71.709            93.829
799.250858         -71.651            93.864
799.237799         -71.593            93.898
799.224704         -71.535            93.932
799.211571         -71.477            93.966
799.198402         -71.419            94.000
799.185195         -71.361            94.033
799.171952         -71.303            94.066
799.158671         -71.244            94.099
799.145354         -71.186            94.132
799.132000         -71.128            94.165
799.118610         -71.070            94.197
799.105182         -71.012            94.229
799.091719         -70.954            94.261
799.078218         -70.895            94.293
799.064681         -70.837            94.324
799.051108         -70.779            94.356
799.037498         -70.721            94.387
799.023852         -70.662            94.418
799.010170         -70.604            94.448
798.996452         -70.546            94.479
798.982698         -70.488            94.509
798.968907         -70.429            94.539
798.955080         -70.371            94.569
798.941218         -70.313            94.599
798.927320         -70.255            94.628
798.913386         -70.196            94.657
798.899416         -70.138            94.687
798.885410         -70.080            94.716
798.871369         -70.021            94.744
798.857292         -69.963            94.773
798.843180         -69.905            94.801
798.829032         -69.846            94.829
798.814848         -69.788            94.857
798.800630         -69.730            94.885
798.786376         -69.671            94.913
798.772087         -69.613            94.940
798.757763         -69.555            94.968
798.743403         -69.496            94.995
798.729009         -69.438            95.022
798.714580         -69.380            95.049
798.700116         -69.321            95.075
798.685617         -69.263            95.102
798.671083         -69.204            95.128
798.656514         -69.146            95.154
798.641911         -69.088            95.180
798.627273         -69.029            95.206
798.612601         -68.971            95.232
798.597894         -68.912            95.257
798.583153         -68.854            95.283
798.568377         -68.796            95.308
798.553567         -68.737            95.333
798.538723         -68.679            95.358
798.523845         -68.620            95.383
798.508933         -68.562            95.407
798.493986         -68.503            95.432
798.479006         -68.445            95.456
798.463992         -68.386            95.480
798.448944         -68.328            95.504
798.433862         -68.269            95.528
798.418746         -68.211            95.552
798.403597         -68.152            95.575
798.388414         -68.094            95.599
798.373198         -68.035            95.622
798.357949         -67.977            95.645
798.342665         -67.918            95.668
798.327349         -67.860            95.691
798.312000         -67.801            95.714
798.296617         -67.743            95.736
798.281201         -67.684            95.759
798.265752         -67.626            95.781
798.250270         -67.567            95.803
798.234755         -67.509            95.825
798.219207         -67.450            95.847
798.203627         -67.392            95.869
798.188014         -67.333            95.891
798.172368         -67.274            95.913
798.156690         -67.216            95.934
798.140979         -67.157            95.955
798.125235         -67.099            95.977
798.109460         -67.040            95.998
798.093652         -66.981            96.019
798.077811         -66.923            96.039
798.061939         -66.864            96.060
798.046034         -66.806            96.081
798.030098         -66.747            96.101
798.014129         -66.688            96.122
797.998129         -66.630            96.142
797.982096         -66.571            96.162
797.966032         -66.513            96.182
797.949937         -66.454            96.202
797.933809         -66.395            96.222
797.917650         -66.337            96.241
797.901460         -66.278            96.261
797.885238         -66.219            96.280
797.868985         -66.161            96.300
797.852700         -66.102            96.319
797.836385         -66.043            96.338
797.820038         -65.985            96.357
797.803660         -65.926            96.376
797.787251         -65.867            96.395
797.770811         -65.809            96.414
797.754341         -65.750            96.432
797.737839         -65.691            96.451
797.721307         -65.633            96.469
797.704745         -65.574            96.487
797.688151         -65.515            96.506
797.671527         -65.457            96.524
797.654873         -65.398            96.542
797.638188         -65.339            96.560
797.621474         -65.281            96.577
797.604728         -65.222            96.595
797.587953         -65.163            96.613
797.571148         -65.104            96.630
797.554313         -65.046            96.648
797.537447         -64.987            96.665
797.520552         -64.928            96.682
797.503627         -64.870            96.699
797.486673         -64.811            96.716
797.469689         -64.752            96.733
797.452675         -64.693            96.750
797.435632         -64.635            96.767
797.418559         -64.576            96.784
797.401457         -64.517            96.800
797.384326         -64.458            96.817
797.367165         -64.400            96.833
797.349976         -64.341            96.849
797.332757         -64.282            96.866
797.315510         -64.223            96.882
797.298233         -64.164            96.898
797.280928         -64.106            96.914
797.263594         -64.047            96.930
797.246231         -63.988            96.946
797.228840         -63.929            96.961
797.211420         -63.871            96.977
797.193972         -63.812            96.992
797.176495         -63.753            97.008
797.158990         -63.694            97.023
797.141457         -63.635            97.039
797.123896         -63.577            97.054
797.106306         -63.518            97.069
797.088689         -63.459            97.084
797.071044         -63.400            97.099
797.053370         -63.341            97.114
797.035669         -63.282            97.129
797.017941         -63.224            97.144
797.000185         -63.165            97.158
796.982401         -63.106            97.173
796.964590         -63.047            97.187
796.946751         -62.988            97.202
796.928885         -62.929            97.216
796.910992         -62.871            97.231
796.893072         -62.812            97.245
796.875124         -62.753            97.259
796.857150         -62.694            97.273
796.839149         -62.635            97.287
796.821120         -62.576            97.301
796.803065         -62.517            97.315
796.784984         -62.459            97.329
796.766876         -62.400            97.342
796.748741         -62.341            97.356
796.730580         -62.282            97.370
796.712392         -62.223            97.383
796.694178         -62.164            97.397
796.675938         -62.105            97.410
796.657672         -62.046            97.423
796.639379         -61.988            97.437
796.621061         -61.929            97.450
796.602717         -61.870            97.463
796.584347         -61.811            97.476
796.565951         -61.752            97.489
796.547530         -61.693            97.502
796.529082         -61.634            97.515
796.510610         -61.575            97.528
796.492112         -61.516            97.540
796.473589         -61.457            97.553
796.455040         -61.398            97.566
796.436466         -61.340            97.578
796.417867         -61.281            97.591
796.399243         -61.222            97.603
796.380594         -61.163            97.615
796.361920         -61.104            97.628
796.343222         -61.045            97.640
796.324499         -60.986            97.652
796.305751         -60.927            97.664
796.286978         -60.868            97.676
796.268181         -60.809            97.688
796.249360         -60.750            97.700
796.230514         -60.691            97.712
796.211644         -60.632            97.724
796.192750         -60.573            97.735
796.173832         -60.514            97.747
796.154890         -60.455            97.759
796.135924         -60.397            97.770
796.116935         -60.338            97.782
796.097921         -60.279            97.793
796.078884         -60.220            97.805
796.059823         -60.161            97.816
796.040739         -60.102            97.827
796.021631         -60.043            97.839
796.002500         -59.984            97.850
795.983346         -59.925            97.861
795.964169         -59.866            97.872
795.944968         -59.807            97.883
795.925745         -59.748            97.894
795.906499         -59.689            97.905
795.887229         -59.630            97.916
795.867938         -59.571            97.927
795.848623         -59.512            97.937
795.829286         -59.453            97.948
795.809926         -59.394            97.959
795.790544         -59.335            97.969
795.771140         -59.276            97.980
795.751713         -59.217            97.990
795.732264         -59.158            98.001
795.712793         -59.099            98.011
795.693300         -59.040            98.022
795.673786         -58.981            98.032
795.654249         -58.922            98.042
795.634691         -58.863            98.052
795.615111         -58.804            98.063
795.595509         -58.745            98.073
795.575886         -58.686            98.083
795.556241         -58.627            98.093
795.536576         -58.568            98.103
795.516888         -58.509            98.113
795.497180         -58.450            98.122
795.477451         -58.390            98.132
795.457701         -58.331            98.142
795.437930         -58.272            98.152
795.418138         -58.213            98.161
795.398325         -58.154            98.171
795.378492         -58.095            98.181
795.358638         -58.036            98.190
795.338763         -57.977            98.200
795.318869         -57.918            98.209
795.298954         -57.859            98.219
795.279018         -57.800            98.228
795.259063         -57.741            98.237
795.239088         -57.682            98.247
795.219092         -57.623            98.256
795.199077         -57.564            98.265
795.179042         -57.505            98.274
795.158987         -57.446            98.283
795.138913         -57.386            98.292
795.118819         -57.327            98.301
795.098706         -57.268            98.310
795.078573         -57.209            98.319
795.058422         -57.150            98.328
795.038251         -57.091            98.337
795.018060         -57.032            98.346
794.997851         -56.973            98.355
794.977623         -56.914            98.363
794.957376         -56.855            98.372
794.937111         -56.796            98.381
794.916826         -56.737            98.389
794.896524         -56.677            98.398
794.876202         -56.618            98.406
794.855863         -56.559            98.415
794.835505         -56.500            98.423
794.815129         -56.441            98.432
794.794734         -56.382            98.440
794.774322         -56.323            98.448
794.753892         -56.264            98.457
794.733443         -56.205            98.465
794.712977         -56.145            98.473
794.692494         -56.086            98.481
794.671993         -56.027            98.489
794.651474         -55.968            98.498
794.630938         -55.909            98.506
794.610384         -55.850            98.514
794.589814         -55.791            98.522
794.569226         -55.732            98.530
794.548621         -55.672            98.538
794.527999         -55.613            98.545
794.507360         -55.554            98.553
794.486705         -55.495            98.561
794.466032         -55.436            98.569
794.445343         -55.377            98.577
794.424638         -55.318            98.584
794.403916         -55.258            98.592
794.383178         -55.199            98.600
794.362423         -55.140            98.607
794.341653         -55.081            98.615
794.320866         -55.022            98.622
794.300063         -54.963            98.630
794.279245         -54.904            98.637
794.258410         -54.844            98.645
794.237560         -54.785            98.652
794.216694         -54.726            98.659
794.195813         -54.667            98.667
794.174916         -54.608            98.674
794.154004         -54.549            98.681
794.133077         -54.489            98.689
794.112134         -54.430            98.696
794.091176         -54.371            98.703
794.070204         -54.312            98.710
794.049216         -54.253            98.717
794.028214         -54.194            98.724
794.007196         -54.134            98.731
793.986165         -54.075            98.738
793.965118         -54.016            98.745
793.944057         -53.957            98.752
793.922982         -53.898            98.759
793.901893         -53.838            98.766
793.880789         -53.779            98.773
793.859672         -53.720            98.780
793.838540         -53.661            98.786
793.817394         -53.602            98.793
793.796235         -53.543            98.800
793.775062         -53.483            98.806
793.753875         -53.424            98.813
793.732675         -53.365            98.820
793.711461         -53.306            98.826
793.690234         -53.247            98.833
793.668993         -53.187            98.839
793.647740         -53.128            98.846
793.626473         -53.069            98.852
793.605193         -53.010            98.859
793.583901         -52.950            98.865
793.562596         -52.891            98.872
793.541277         -52.832            98.878
793.519947         -52.773            98.884
793.498603         -52.714            98.891
793.477248         -52.654            98.897
793.455880         -52.595            98.903
793.434500         -52.536            98.909
793.413107         -52.477            98.916
793.391703         -52.417            98.922
793.370286         -52.358            98.928
793.348858         -52.299            98.934
793.327417         -52.240            98.940
793.305966         -52.181            98.946
793.284502         -52.121            98.952
793.263027         -52.062            98.958
793.241541         -52.003            98.964
793.220043         -51.944            98.970
793.198534         -51.884            98.976
793.177014         -51.825            98.982
793.155483         -51.766            98.988
793.133941         -51.707            98.994
793.112388         -51.647            99.000
793.090824         -51.588            99.005
793.069249         -51.529            99.011
793.047664         -51.470            99.017
793.026069         -51.410            99.023
793.004463         -51.351            99.028
792.982847         -51.292            99.034
792.961220         -51.233            99.040
792.939584         -51.173            99.045
792.917937         -51.114            99.051
792.896281         -51.055            99.056
792.874614         -50.996            99.062
792.852938         -50.936            99.067
792.831252         -50.877            99.073
792.809557         -50.818            99.078
792.787852         -50.759            99.084
792.766138         -50.699            99.089
792.744415         -50.640            99.095
792.722682         -50.581            99.100
792.700941         -50.521            99.105
792.679190         -50.462            99.111
792.657430         -50.403            99.116
792.635662         -50.344            99.121
792.613885         -50.284            99.126
792.592099         -50.225            99.132
792.570305         -50.166            99.137
792.548503         -50.106            99.142
792.526692         -50.047            99.147
792.504872         -49.988            99.152
792.483045         -49.929            99.157
792.461210         -49.869            99.163
792.439366         -49.810            99.168
792.417515         -49.751            99.173
792.395656         -49.691            99.178
792.373790         -49.632            99.183
792.351915         -49.573            99.188
792.330034         -49.513            99.193
792.308145         -49.454            99.198
792.286248         -49.395            99.202
792.264345         -49.336            99.207
792.242434         -49.276            99.212
792.220516         -49.217            99.217
792.198592         -49.158            99.222
792.176660         -49.098            99.227
792.154722         -49.039            99.231
792.132777         -48.980            99.236
792.110826         -48.920            99.241
792.088868         -48.861            99.246
792.066904         -48.802            99.250
792.044934         -48.742            99.255
792.022958         -48.683            99.260
792.000975         -48.624            99.264
791.978987         -48.564            99.269
791.956992         -48.505            99.274
791.934992         -48.446            99.278
791.912986         -48.386            99.283
791.890975         -48.327            99.287
791.868958         -48.268            99.292
791.846936         -48.208            99.296
791.824908         -48.149            99.301
791.802875         -48.090            99.305
791.780837         -48.030            99.310
791.758795         -47.971            99.314
791.736747         -47.912            99.318
791.714694         -47.852            99.323
791.692637         -47.793            99.327
791.670575         -47.734            99.331
791.648508         -47.674            99.336
791.626437         -47.615            99.340
791.604362         -47.556            99.344
791.582283         -47.496            99.349
791.560199         -47.437            99.353
791.538111         -47.378            99.357
791.516019         -47.318            99.361
791.493924         -47.259            99.365
791.471825         -47.200            99.370
791.449722         -47.140            99.374
791.427615         -47.081            99.378
791.405505         -47.022            99.382
791.383392         -46.962            99.386
791.361275         -46.903            99.390
791.339155         -46.843            99.394
791.317032         -46.784            99.398
791.294906         -46.725            99.402
791.272777         -46.665            99.406
791.250645         -46.606            99.410
791.228511         -46.547            99.414
791.206374         -46.487            99.418
791.184234         -46.428            99.422
791.162092         -46.369            99.426
791.139948         -46.309            99.430
791.117801         -46.250            99.434
791.095653         -46.190            99.438
791.073502         -46.131            99.441
791.051349         -46.072            99.445
791.029195         -46.012            99.449
791.007038         -45.953            99.453
790.984880         -45.893            99.457
790.962721         -45.834            99.460
790.940560         -45.775            99.464
790.918398         -45.715            99.468
790.896234         -45.656            99.472
790.874069         -45.597            99.475
790.851903         -45.537            99.479
790.829736         -45.478            99.483
790.807569         -45.418            99.486
790.785400         -45.359            99.490
790.763231         -45.300            99.493
790.741061         -45.240            99.497
790.718891         -45.181            99.501
790.696720         -45.121            99.504
790.674549         -45.062            99.508
790.652378         -45.003            99.511
790.630206         -44.943            99.515
790.608035         -44.884            99.518
790.585863         -44.824            99.522
790.563692         -44.765            99.525
790.541521         -44.706            99.529
790.519351         -44.646            99.532
790.497181         -44.587            99.536
790.475011         -44.527            99.539
790.452842         -44.468            99.542
790.430674         -44.408            99.546
790.408507         -44.349            99.549
790.386340         -44.290            99.552
790.364175         -44.230            99.556
790.342011         -44.171            99.559
790.319848         -44.111            99.562
790.297686         -44.052            99.566
790.275526         -43.993            99.569
790.253367         -43.933            99.572
790.231210         -43.874            99.575
790.209054         -43.814            99.579
790.186901         -43.755            99.582
790.164749         -43.695            99.585
790.142599         -43.636            99.588
790.120452         -43.577            99.591
790.098306         -43.517            99.594
790.076163         -43.458            99.598
790.054022         -43.398            99.601
790.031884         -43.339            99.604
790.009748         -43.279            99.607
789.987615         -43.220            99.610
789.965485         -43.160            99.613
789.943357         -43.101            99.616
789.921233         -43.042            99.619
789.899112         -42.982            99.622
789.876993         -42.923            99.625
789.854878         -42.863            99.628
789.832766         -42.804            99.631
789.810658         -42.744            99.634
789.788553         -42.685            99.637
789.766452         -42.625            99.640
789.744355         -42.566            99.643
789.722261         -42.507            99.646
789.700172         -42.447            99.649
789.678086         -42.388            99.652
789.656004         -42.328            99.655
789.633927         -42.269            99.657
789.611854         -42.209            99.660
789.589785         -42.150            99.663
789.567721         -42.090            99.666
789.545662         -42.031            99.669
789.523607         -41.971            99.671
789.501557         -41.912            99.674
789.479511         -41.852            99.677
789.457471         -41.793            99.680
789.435436         -41.733            99.683
789.413406         -41.674            99.685
789.391381         -41.615            99.688
789.369362         -41.555            99.691
789.347348         -41.496            99.693
789.325339         -41.436            99.696
789.303336         -41.377            99.699
789.281339         -41.317            99.701
789.259348         -41.258            99.704
789.237363         -41.198            99.707
789.215384         -41.139            99.709
789.193410         -41.079            99.712
789.171443         -41.020            99.714
789.149483         -40.960            99.717
789.127528         -40.901            99.720
789.105581         -40.841            99.722
789.083640         -40.782            99.725
789.061705         -40.722            99.727
789.039777         -40.663            99.730
789.017857         -40.603            99.732
788.995943         -40.544            99.735
788.974036         -40.484            99.737
788.952136         -40.425            99.740
788.930244         -40.365            99.742
788.908359         -40.306            99.745
788.886481         -40.246            99.747
788.864611         -40.187            99.750
788.842749         -40.127            99.752
788.820894         -40.068            99.754
788.799048         -40.008            99.757
788.777209         -39.949            99.759
788.755378         -39.889            99.761
788.733555         -39.830            99.764
788.711741         -39.770            99.766
788.689934         -39.711            99.769
788.668136         -39.651            99.771
788.646347         -39.592            99.773
788.624566         -39.532            99.775
788.602794         -39.473            99.778
788.581031         -39.413            99.780
788.559277         -39.354            99.782
788.537531         -39.294            99.785
788.515795         -39.235            99.787
788.494068         -39.175            99.789
788.472350         -39.116            99.791
788.450641         -39.056            99.794
788.428942         -38.997            99.796
788.407252         -38.937            99.798
788.385572         -38.878            99.800
788.363902         -38.818            99.802
788.342241         -38.759            99.804
788.320591         -38.699            99.807
788.298950         -38.640            99.809
788.277320         -38.580            99.811
788.255699         -38.520            99.813
788.234089         -38.461            99.815
788.212490         -38.401            99.817
788.190901         -38.342            99.819
788.169322         -38.282            99.821
788.147754         -38.223            99.823
788.126197         -38.163            99.825
788.104651         -38.104            99.828
788.083115         -38.044            99.830
788.061591         -37.985            99.832
788.040078         -37.925            99.834
788.018576         -37.866            99.836
787.997085         -37.806            99.838
787.975606         -37.747            99.840
787.954138         -37.687            99.842
787.932682         -37.627            99.844
787.911237         -37.568            99.846
787.889805         -37.508            99.847
787.868384         -37.449            99.849
787.846975         -37.389            99.851
787.825578         -37.330            99.853
787.804194         -37.270            99.855
787.782821         -37.211            99.857
787.761461         -37.151            99.859
787.740114         -37.091            99.861
787.718779         -37.032            99.863
787.697456         -36.972            99.865
787.676147         -36.913            99.866
787.654850         -36.853            99.868
787.633566         -36.794            99.870
787.612295         -36.734            99.872
787.591037         -36.675            99.874
787.569792         -36.615            99.876
787.548561         -36.555            99.877
787.527343         -36.496            99.879
787.506138         -36.436            99.881
787.484947         -36.377            99.883
787.463769         -36.317            99.885
787.442606         -36.258            99.886
787.421456         -36.198            99.888
787.400320         -36.138            99.890
787.379198         -36.079            99.891
787.358090         -36.019            99.893
787.336996         -35.960            99.895
787.315917         -35.900            99.897
787.294852         -35.841            99.898
787.273801         -35.781            99.900
787.252765         -35.721            99.902
787.231744         -35.662            99.903
787.210737         -35.602            99.905
787.189746         -35.543            99.907
787.168769         -35.483            99.908
787.147807         -35.424            99.910
787.126860         -35.364            99.912
787.105929         -35.304            99.913
787.085012         -35.245            99.915
787.064112         -35.185            99.916
787.043226         -35.126            99.918
787.022356         -35.066            99.920
787.001502         -35.006            99.921
786.980664         -34.947            99.923
786.959841         -34.887            99.924
786.939035         -34.828            99.926
786.918244         -34.768            99.927
786.897469         -34.708            99.929
786.876711         -34.649            99.930
786.855969         -34.589            99.932
786.835243         -34.530            99.933
786.814534         -34.470            99.935
786.793842         -34.410            99.936
786.773166         -34.351            99.938
786.752506         -34.291            99.939
786.731864         -34.232            99.941
786.711238         -34.172            99.942
786.690630         -34.112            99.944
786.670038         -34.053            99.945
786.649464         -33.993            99.947
786.628907         -33.934            99.948
786.608368         -33.874            99.949
786.587846         -33.814            99.951
786.567341         -33.755            99.952
786.546854         -33.695            99.954
786.526385         -33.636            99.955
786.505934         -33.576            99.956
786.485500         -33.516            99.958
786.465085         -33.457            99.959
786.444687         -33.397            99.961
786.424308         -33.338            99.962
786.403947         -33.278            99.963
786.383604         -33.218            99.965
786.363280         -33.159            99.966
786.342975         -33.099            99.967
786.322688         -33.039            99.969
786.302419         -32.980            99.970
786.282170         -32.920            99.971
786.261939         -32.861            99.972
786.241727         -32.801            99.974
786.221535         -32.741            99.975
786.201361         -32.682            99.976
786.181207         -32.622            99.978
786.161072         -32.562            99.979
786.140956         -32.503            99.980
786.120860         -32.443            99.981
786.100784         -32.384            99.982
786.080727         -32.324            99.984
786.060690         -32.264            99.985
786.040673         -32.205            99.986
786.020675         -32.145            99.987
786.000698         -32.085            99.989
785.980741         -32.026            99.990
785.960804         -31.966            99.991
785.940887         -31.907            99.992
785.920991         -31.847            99.993
785.901115         -31.787            99.994
785.881260         -31.728            99.996
785.861425         -31.668            99.997
785.841611         -31.608            99.998
785.821818         -31.549            99.999
785.802046         -31.489            100.000
785.782294         -31.429            100.001
785.762564         -31.370            100.002
785.742855         -31.310            100.004
785.723167         -31.250            100.005
785.703501         -31.191            100.006
785.683855         -31.131            100.007
785.664232         -31.072            100.008
785.644630         -31.012            100.009
785.625049         -30.952            100.010
785.605490         -30.893            100.011
785.585954         -30.833            100.012
785.566439         -30.773            100.013
785.546946         -30.714            100.014
785.527475         -30.654            100.015
785.508026         -30.594            100.016
785.488600         -30.535            100.017
785.469195         -30.475            100.018
785.449814         -30.415            100.019
785.430455         -30.356            100.020
785.411118         -30.296            100.021
785.391804         -30.236            100.022
785.372513         -30.177            100.023
785.353245         -30.117            100.024
785.333999         -30.057            100.025
785.314777         -29.998            100.026
785.295578         -29.938            100.027
785.276402         -29.878            100.028
785.257249         -29.819            100.029
785.238119         -29.759            100.030
785.219013         -29.699            100.031
785.199931         -29.640            100.032
785.180872         -29.580            100.033
785.161837         -29.520            100.034
785.142825         -29.461            100.035
785.123838         -29.401            100.036
785.104874         -29.341            100.037
785.085934         -29.282            100.037
785.067019         -29.222            100.038
785.048127         -29.162            100.039
785.029260         -29.103            100.040
785.010417         -29.043            100.041
784.991599         -28.983            100.042
784.972805         -28.924            100.043
784.954036         -28.864            100.044
784.935291         -28.804            100.044
784.916571         -28.745            100.045
784.897876         -28.685            100.046
784.879206         -28.625            100.047
784.860561         -28.565            100.048
784.841941         -28.506            100.049
784.823346         -28.446            100.049
784.804777         -28.386            100.050
784.786233         -28.327            100.051
784.767714         -28.267            100.052
784.749220         -28.207            100.053
784.730752         -28.148            100.053
784.712310         -28.088            100.054
784.693894         -28.028            100.055
784.675503         -27.969            100.056
784.657139         -27.909            100.057
784.638800         -27.849            100.057
784.620487         -27.789            100.058
784.602200         -27.730            100.059
784.583940         -27.670            100.060
784.565706         -27.610            100.060
784.547498         -27.551            100.061
784.529317         -27.491            100.062
784.511162         -27.431            100.062
784.493034         -27.372            100.063
784.474933         -27.312            100.064
784.456858         -27.252            100.065
784.438810         -27.192            100.065
784.420789         -27.133            100.066
784.402795         -27.073            100.067
784.384828         -27.013            100.067
784.366889         -26.954            100.068
784.348976         -26.894            100.069
784.331091         -26.834            100.069
784.313233         -26.775            100.070
784.295403         -26.715            100.071
784.277600         -26.655            100.071
784.259825         -26.595            100.072
784.242078         -26.536            100.073
784.224358         -26.476            100.073
784.206667         -26.416            100.074
784.189003         -26.357            100.075
784.171367         -26.297            100.075
784.153759         -26.237            100.076
784.136180         -26.177            100.077
784.118628         -26.118            100.077
784.101105         -26.058            100.078
784.083611         -25.998            100.078
784.066145         -25.939            100.079
784.048707         -25.879            100.080
784.031298         -25.819            100.080
784.013918         -25.759            100.081
783.996567         -25.700            100.081
783.979244         -25.640            100.082
783.961950         -25.580            100.082
783.944686         -25.521            100.083
783.927450         -25.461            100.084
783.910244         -25.401            100.084
783.893067         -25.341            100.085
783.875919         -25.282            100.085
783.858800         -25.222            100.086
783.841711         -25.162            100.086
783.824652         -25.102            100.087
783.807622         -25.043            100.087
783.790622         -24.983            100.088
783.773651         -24.923            100.088
783.756711         -24.863            100.089
783.739800         -24.804            100.089
783.722919         -24.744            100.090
783.706069         -24.684            100.090
783.689248         -24.625            100.091
783.672458         -24.565            100.091
783.655698         -24.505            100.092
783.638968         -24.445            100.092
783.622268         -24.386            100.093
783.605600         -24.326            100.093
783.588961         -24.266            100.094
783.572354         -24.206            100.094
783.555777         -24.147            100.095
783.539231         -24.087            100.095
783.522715         -24.027            100.096
783.506231         -23.967            100.096
783.489778         -23.908            100.097
783.473355         -23.848            100.097
783.456964         -23.788            100.097
783.440604         -23.728            100.098
783.424276         -23.669            100.098
783.407978         -23.609            100.099
783.391713         -23.549            100.099
783.375478         -23.489            100.100
783.359275         -23.430            100.100
783.343104         -23.370            100.100
783.326965         -23.310            100.101
783.310857         -23.250            100.101
783.294781         -23.191            100.102
783.278738         -23.131            100.102
783.262726         -23.071            100.102
783.246746         -23.011            100.103
783.230798         -22.952            100.103
783.214883         -22.892            100.103
783.199000         -22.832            100.104
783.183149         -22.772            100.104
783.167330         -22.713            100.105
783.151544         -22.653            100.105
783.135791         -22.593            100.105
783.120070         -22.533            100.106
783.104382         -22.474            100.106
783.088727         -22.414            100.106
783.073104         -22.354            100.107
783.057514         -22.294            100.107
783.041958         -22.235            100.107
783.026434         -22.175            100.108
783.010944         -22.115            100.108
782.995486         -22.055            100.108
782.980062         -21.996            100.109
782.964671         -21.936            100.109
782.949314         -21.876            100.109
782.933990         -21.816            100.110
782.918699         -21.756            100.110
782.903442         -21.697            100.110
782.888219         -21.637            100.110
782.873029         -21.577            100.111
782.857874         -21.517            100.111
782.842752         -21.458            100.111
782.827663         -21.398            100.112
782.812609         -21.338            100.112
782.797589         -21.278            100.112
782.782603         -21.219            100.112
782.767651         -21.159            100.113
782.752734         -21.099            100.113
782.737850         -21.039            100.113
782.723001         -20.979            100.113
782.708187         -20.920            100.114
782.693407         -20.860            100.114
782.678661         -20.800            100.114
782.663951         -20.740            100.114
782.649274         -20.681            100.115
782.634633         -20.621            100.115
782.620026         -20.561            100.115
782.605455         -20.501            100.115
782.590918         -20.441            100.116
782.576416         -20.382            100.116
782.561949         -20.322            100.116
782.547518         -20.262            100.116
782.533121         -20.202            100.116
782.518760         -20.143            100.117
782.504434         -20.083            100.117
782.490144         -20.023            100.117
782.475889         -19.963            100.117
782.461669         -19.903            100.118
782.447486         -19.844            100.118
782.433337         -19.784            100.118
782.419225         -19.724            100.118
782.405148         -19.664            100.118
782.391107         -19.604            100.118
782.377102         -19.545            100.119
782.363132         -19.485            100.119
782.349199         -19.425            100.119
782.335302         -19.365            100.119
782.321441         -19.306            100.119
782.307616         -19.246            100.119
782.293828         -19.186            100.120
782.280076         -19.126            100.120
782.266360         -19.066            100.120
782.252680         -19.007            100.120
782.239037         -18.947            100.120
782.225431         -18.887            100.120
782.211861         -18.827            100.120
782.198328         -18.767            100.121
782.184831         -18.708            100.121
782.171372         -18.648            100.121
782.157949         -18.588            100.121
782.144563         -18.528            100.121
782.131214         -18.468            100.121
782.117902         -18.409            100.121
782.104627         -18.349            100.121
782.091389         -18.289            100.122
782.078189         -18.229            100.122
782.065025         -18.169            100.122
782.051900         -18.110            100.122
782.038811         -18.050            100.122
782.025760         -17.990            100.122
782.012746         -17.930            100.122
781.999770         -17.870            100.122
781.986831         -17.811            100.122
781.973930         -17.751            100.122
781.961067         -17.691            100.122
781.948242         -17.631            100.123
781.935454         -17.571            100.123
781.922704         -17.511            100.123
781.909992         -17.452            100.123
781.897318         -17.392            100.123
781.884683         -17.332            100.123
781.872085         -17.272            100.123
781.859525         -17.212            100.123
781.847004         -17.153            100.123
781.834521         -17.093            100.123
781.822076         -17.033            100.123
781.809670         -16.973            100.123
781.797302         -16.913            100.123
781.784972         -16.854            100.123
781.772681         -16.794            100.123
781.760429         -16.734            100.123
781.748215         -16.674            100.123
781.736040         -16.614            100.124
781.723904         -16.554            100.124
781.711806         -16.495            100.124
781.699748         -16.435            100.124
781.687728         -16.375            100.124
781.675747         -16.315            100.124
781.663806         -16.255            100.124
781.651903         -16.196            100.124
781.640039         -16.136            100.124
781.628215         -16.076            100.124
781.616430         -16.016            100.124
781.604684         -15.956            100.124
781.592977         -15.896            100.124
781.581310         -15.837            100.124
781.569683         -15.777            100.124
781.558094         -15.717            100.124
781.546545         -15.657            100.124
781.535036         -15.597            100.124
781.523567         -15.538            100.124
781.512137         -15.478            100.124
781.500747         -15.418            100.124
781.489396         -15.358            100.124
781.478086         -15.298            100.124
781.466815         -15.238            100.124
781.455585         -15.179            100.124
781.444394         -15.119            100.124
781.433243         -15.059            100.123
781.422133         -14.999            100.123
781.411062         -14.939            100.123
781.400032         -14.879            100.123
781.389042         -14.820            100.123
781.378092         -14.760            100.123
781.367182         -14.700            100.123
781.356313         -14.640            100.123
781.345484         -14.580            100.123
781.334696         -14.520            100.123
781.323948         -14.461            100.123
781.313241         -14.401            100.123
781.302575         -14.341            100.123
781.291949         -14.281            100.123
781.281363         -14.221            100.123
781.270819         -14.161            100.123
781.260315         -14.102            100.123
781.249852         -14.042            100.123
781.239430         -13.982            100.123
781.229049         -13.922            100.122
781.218709         -13.862            100.122
781.208410         -13.802            100.122
781.198152         -13.743            100.122
781.187935         -13.683            100.122
781.177759         -13.623            100.122
781.167625         -13.563            100.122
781.157531         -13.503            100.122
781.147479         -13.443            100.122
781.137469         -13.384            100.122
781.127499         -13.324            100.122
781.117571         -13.264            100.122
781.107685         -13.204            100.121
781.097840         -13.144            100.121
781.088037         -13.084            100.121
781.078275         -13.025            100.121
781.068555         -12.965            100.121
781.058876         -12.905            100.121
781.049239         -12.845            100.121
781.039644         -12.785            100.121
781.030091         -12.725            100.121
781.020580         -12.665            100.120
781.011110         -12.606            100.120
781.001683         -12.546            100.120
780.992297         -12.486            100.120
780.982954         -12.426            100.120
780.973652         -12.366            100.120
780.964393         -12.306            100.120
780.955175         -12.247            100.120
780.946000         -12.187            100.119
780.936867         -12.127            100.119
780.927777         -12.067            100.119
780.918728         -12.007            100.119
780.909722         -11.947            100.119
780.900758         -11.887            100.119
780.891837         -11.828            100.119
780.882958         -11.768            100.119
780.874122         -11.708            100.118
780.865328         -11.648            100.118
780.856577         -11.588            100.118
780.847869         -11.528            100.118
780.839203         -11.468            100.118
780.830579         -11.409            100.118
780.821999         -11.349            100.117
780.813461         -11.289            100.117
780.804966         -11.229            100.117
780.796514         -11.169            100.117
780.788104         -11.109            100.117
780.779738         -11.050            100.117
780.771415         -10.990            100.117
780.763134         -10.930            100.116
780.754897         -10.870            100.116
780.746702         -10.810            100.116
780.738551         -10.750            100.116
780.730443         -10.690            100.116
780.722378         -10.631            100.116
780.714356         -10.571            100.115
780.706377         -10.511            100.115
780.698442         -10.451            100.115
780.690550         -10.391            100.115
780.682701         -10.331            100.115
780.674896         -10.271            100.114
780.667134         -10.212            100.114
780.659415         -10.152            100.114
780.651740         -10.092            100.114
780.644109         -10.032            100.114
780.636521         -9.972             100.114
780.628977         -9.912             100.113
780.621476         -9.852             100.113
780.614019         -9.793             100.113
780.606605         -9.733             100.113
780.599235         -9.673             100.113
780.591909         -9.613             100.112
780.584627         -9.553             100.112
780.577388         -9.493             100.112
780.570194         -9.433             100.112
780.563043         -9.373             100.112
780.555936         -9.314             100.111
780.548873         -9.254             100.111
780.541854         -9.194             100.111
780.534879         -9.134             100.111
780.527948         -9.074             100.110
780.521061         -9.014             100.110
780.514218         -8.954             100.110
780.507419         -8.895             100.110
780.500665         -8.835             100.110
780.493954         -8.775             100.109
780.487288         -8.715             100.109
780.480666         -8.655             100.109
780.474088         -8.595             100.109
780.467555         -8.535             100.109
780.461065         -8.475             100.108
780.454621         -8.416             100.108
780.448220         -8.356             100.108
780.441864         -8.296             100.108
780.435552         -8.236             100.107
780.429285         -8.176             100.107
780.423062         -8.116             100.107
780.416884         -8.056             100.107
780.410751         -7.997             100.106
780.404661         -7.937             100.106
780.398617         -7.877             100.106
780.392617         -7.817             100.106
780.386662         -7.757             100.106
780.380751         -7.697             100.105
780.374885         -7.637             100.105
780.369064         -7.577             100.105
780.363288         -7.518             100.105
780.357556         -7.458             100.104
780.351869         -7.398             100.104
780.346227         -7.338             100.104
780.340630         -7.278             100.104
780.335078         -7.218             100.103
780.329570         -7.158             100.103
780.324108         -7.098             100.103
780.318690         -7.039             100.103
780.313317         -6.979             100.102
780.307990         -6.919             100.102
780.302707         -6.859             100.102
780.297470         -6.799             100.102
780.292277         -6.739             100.101
780.287130         -6.679             100.101
780.282027         -6.619             100.101
780.276970         -6.560             100.101
780.271958         -6.500             100.100
780.266991         -6.440             100.100
780.262070         -6.380             100.100
780.257193         -6.320             100.100
780.252362         -6.260             100.099
780.247576         -6.200             100.099
780.242835         -6.140             100.099
780.238140         -6.081             100.098
780.233490         -6.021             100.098
780.228885         -5.961             100.098
780.224326         -5.901             100.098
780.219812         -5.841             100.097
780.215343         -5.781             100.097
780.210920         -5.721             100.097
780.206542         -5.661             100.097
780.202210         -5.602             100.096
780.197923         -5.542             100.096
780.193682         -5.482             100.096
780.189486         -5.422             100.095
780.185336         -5.362             100.095
780.181231         -5.302             100.095
780.177172         -5.242             100.095
780.173159         -5.182             100.094
780.169191         -5.123             100.094
780.165269         -5.063             100.094
780.161392         -5.003             100.094
780.157561         -4.943             100.093
780.153776         -4.883             100.093
780.150036         -4.823             100.093
780.146342         -4.763             100.092
780.142694         -4.703             100.092
780.139091         -4.644             100.092
780.135535         -4.584             100.092
780.132024         -4.524             100.091
780.128559         -4.464             100.091
780.125139         -4.404             100.091
780.121766         -4.344             100.090
780.118438         -4.284             100.090
780.115156         -4.224             100.090
780.111920         -4.164             100.090
780.108730         -4.105             100.089
780.105586         -4.045             100.089
780.102488         -3.985             100.089
780.099435         -3.925             100.088
780.096429         -3.865             100.088
780.093468         -3.805             100.088
780.090554         -3.745             100.088
780.087685         -3.685             100.087
780.084862         -3.626             100.087
780.082086         -3.566             100.087
780.079355         -3.506             100.086
780.076671         -3.446             100.086
780.074032         -3.386             100.086
780.071439         -3.326             100.085
780.068893         -3.266             100.085
780.066393         -3.206             100.085
780.063938         -3.147             100.085
780.061530         -3.087             100.084
780.059168         -3.027             100.084
780.056852         -2.967             100.084
780.054582         -2.907             100.083
780.052358         -2.847             100.083
780.050180         -2.787             100.083
780.048049         -2.727             100.082
780.045963         -2.667             100.082
780.043924         -2.608             100.082
780.041931         -2.548             100.082
780.039984         -2.488             100.081
780.038084         -2.428             100.081
780.036229         -2.368             100.081
780.034421         -2.308             100.080
780.032659         -2.248             100.080
780.030943         -2.188             100.080
780.029273         -2.128             100.079
780.027650         -2.069             100.079
780.026073         -2.009             100.079
780.024542         -1.949             100.079
780.023058         -1.889             100.078
780.021619         -1.829             100.078
780.020227         -1.769             100.078
780.018881         -1.709             100.077
780.017582         -1.649             100.077
780.016329         -1.590             100.077
780.015122         -1.530             100.076
780.013961         -1.470             100.076
780.012847         -1.410             100.076
780.011779         -1.350             100.075
780.010757         -1.290             100.075
780.009782         -1.230             100.075
780.008853         -1.170             100.075
780.007970         -1.110             100.074
780.007134         -1.051             100.074
780.006344         -0.991             100.074
780.005600         -0.931             100.073
780.004903         -0.871             100.073
780.004252         -0.811             100.073
780.003647         -0.751             100.072
780.003089         -0.691             100.072
780.002577         -0.631             100.072
780.002111         -0.571             100.071
780.001692         -0.512             100.071
780.001319         -0.452             100.071
780.000992         -0.392             100.071
780.000712         -0.332             100.070
780.000478         -0.272             100.070
780.000291         -0.212             100.070
780.000150         -0.152             100.069
780.000055         -0.092             100.069
780.000007         -0.033             100.069
780.000005         0.027              100.068
780.000049         0.087              100.068
780.000140         0.147              100.068
780.000277         0.207              100.067
780.000461         0.267              100.067
780.000690         0.327              100.067
780.000967         0.387              100.067
780.001289         0.447              100.066
780.001658         0.506              100.066
780.002073         0.566              100.066
780.002535         0.626              100.065
780.003043         0.686              100.065
780.003597         0.746              100.065
780.004198         0.806              100.064
780.004845         0.866              100.064
780.005539         0.926              100.064
780.006278         0.986              100.063
780.007064         1.045              100.063
780.007897         1.105              100.063
780.008776         1.165              100.063
780.009701         1.225              100.062
780.010672         1.285              100.062
780.011690         1.345              100.062
780.012754         1.405              100.061
780.013864         1.465              100.061
780.015021         1.525              100.061
780.016224         1.584              100.060
780.017473         1.644              100.060
780.018769         1.704              100.060
780.020110         1.764              100.059
780.021499         1.824              100.059
780.022933         1.884              100.059
780.024414         1.944              100.059
780.025940         2.004              100.058
780.027514         2.063              100.058
780.029133         2.123              100.058
780.030799         2.183              100.057
780.032511         2.243              100.057
780.034269         2.303              100.057
780.036073         2.363              100.056
780.037923         2.423              100.056
780.039820         2.483              100.056
780.041763         2.543              100.056
780.043752         2.602              100.055
780.045787         2.662              100.055
780.047869         2.722              100.055
780.049996         2.782              100.054
780.052170         2.842              100.054
780.054390         2.902              100.054
780.056656         2.962              100.053
780.058968         3.022              100.053
780.061326         3.082              100.053
780.063731         3.141              100.053
780.066181         3.201              100.052
780.068678         3.261              100.052
780.071220         3.321              100.052
780.073809         3.381              100.051
780.076443         3.441              100.051
780.079124         3.501              100.051
780.081851         3.561              100.050
780.084623         3.620              100.050
780.087442         3.680              100.050
780.090307         3.740              100.050
780.093217         3.800              100.049
780.096174         3.860              100.049
780.099177         3.920              100.049
780.102225         3.980              100.048
780.105319         4.040              100.048
780.108460         4.100              100.048
780.111646         4.159              100.048
780.114878         4.219              100.047
780.118156         4.279              100.047
780.121480         4.339              100.047
780.124849         4.399              100.046
780.128265         4.459              100.046
780.131726         4.519              100.046
780.135233         4.579              100.046
780.138786         4.638              100.045
780.142384         4.698              100.045
780.146029         4.758              100.045
780.149719         4.818              100.044
780.153454         4.878              100.044
780.157236         4.938              100.044
780.161063         4.998              100.044
780.164936         5.058              100.043
780.168854         5.117              100.043
780.172818         5.177              100.043
780.176828         5.237              100.042
780.180883         5.297              100.042
780.184984         5.357              100.042
780.189130         5.417              100.042
780.193322         5.477              100.041
780.197559         5.537              100.041
780.201842         5.596              100.041
780.206170         5.656              100.041
780.210544         5.716              100.040
780.214964         5.776              100.040
780.219428         5.836              100.040
780.223938         5.896              100.039
780.228494         5.956              100.039
780.233095         6.016              100.039
780.237741         6.076              100.039
780.242432         6.135              100.038
780.247169         6.195              100.038
780.251951         6.255              100.038
780.256779         6.315              100.038
780.261651         6.375              100.037
780.266569         6.435              100.037
780.271532         6.495              100.037
780.276540         6.555              100.037
780.281594         6.614              100.036
780.286692         6.674              100.036
780.291836         6.734              100.036
780.297024         6.794              100.036
780.302258         6.854              100.035
780.307537         6.914              100.035
780.312861         6.974              100.035
780.318229         7.033              100.035
780.323643         7.093              100.034
780.329102         7.153              100.034
780.334605         7.213              100.034
780.340154         7.273              100.034
780.345747         7.333              100.033
780.351385         7.393              100.033
780.357068         7.453              100.033
780.362796         7.512              100.033
780.368569         7.572              100.032
780.374386         7.632              100.032
780.380248         7.692              100.032
780.386155         7.752              100.032
780.392107         7.812              100.031
780.398103         7.872              100.031
780.404143         7.932              100.031
780.410229         7.991              100.031
780.416359         8.051              100.030
780.422533         8.111              100.030
780.428752         8.171              100.030
780.435015         8.231              100.030
780.441323         8.291              100.029
780.447675         8.351              100.029
780.454072         8.411              100.029
780.460513         8.470              100.029
780.466999         8.530              100.029
780.473528         8.590              100.028
780.480102         8.650              100.028
780.486721         8.710              100.028
780.493383         8.770              100.028
780.500090         8.830              100.027
780.506841         8.889              100.027
780.513636         8.949              100.027
780.520475         9.009              100.027
780.527358         9.069              100.027
780.534285         9.129              100.026
780.541257         9.189              100.026
780.548272         9.249              100.026
780.555331         9.308              100.026
780.562434         9.368              100.026
780.569581         9.428              100.025
780.576772         9.488              100.025
780.584007         9.548              100.025
780.591285         9.608              100.025
780.598608         9.668              100.025
780.605974         9.728              100.024
780.613384         9.787              100.024
780.620837         9.847              100.024
780.628334         9.907              100.024
780.635875         9.967              100.024
780.643459         10.027             100.023
780.651087         10.087             100.023
780.658758         10.147             100.023
780.666473         10.206             100.023
780.674231         10.266             100.023
780.682033         10.326             100.022
780.689878         10.386             100.022
780.697766         10.446             100.022
780.705698         10.506             100.022
780.713673         10.566             100.022
780.721691         10.625             100.022
780.729752         10.685             100.021
780.737857         10.745             100.021
780.746004         10.805             100.021
780.754195         10.865             100.021
780.762429         10.925             100.021
780.770706         10.985             100.021
780.779025         11.044             100.020
780.787388         11.104             100.020
780.795794         11.164             100.020
780.804242         11.224             100.020
780.812734         11.284             100.020
780.821268         11.344             100.020
780.829845         11.404             100.019
780.838464         11.463             100.019
780.847127         11.523             100.019
780.855832         11.583             100.019
780.864579         11.643             100.019
780.873369         11.703             100.019
780.882202         11.763             100.019
780.891077         11.822             100.018
780.899995         11.882             100.018
780.908955         11.942             100.018
780.917957         12.002             100.018
780.927002         12.062             100.018
780.936089         12.122             100.018
780.945218         12.182             100.018
780.954390         12.241             100.017
780.963604         12.301             100.017
780.972859         12.361             100.017
780.982157         12.421             100.017
780.991497         12.481             100.017
781.000879         12.541             100.017
781.010303         12.601             100.017
781.019769         12.660             100.017
781.029277         12.720             100.017
781.038827         12.780             100.016
781.048418         12.840             100.016
781.058051         12.900             100.016
781.067726         12.960             100.016
781.077443         13.019             100.016
781.087201         13.079             100.016
781.097001         13.139             100.016
781.106842         13.199             100.016
781.116725         13.259             100.016
781.126650         13.319             100.015
781.136616         13.378             100.015
781.146623         13.438             100.015
781.156671         13.498             100.015
781.166761         13.558             100.015
781.176892         13.618             100.015
781.187064         13.678             100.015
781.197278         13.737             100.015
781.207532         13.797             100.015
781.217828         13.857             100.015
781.228164         13.917             100.015
781.238542         13.977             100.015
781.248961         14.037             100.014
781.259420         14.097             100.014
781.269920         14.156             100.014
781.280461         14.216             100.014
781.291043         14.276             100.014
781.301665         14.336             100.014
781.312329         14.396             100.014
781.323032         14.456             100.014
781.333777         14.515             100.014
781.344561         14.575             100.014
781.355387         14.635             100.014
781.366252         14.695             100.014
781.377158         14.755             100.014
781.388105         14.815             100.014
781.399091         14.874             100.014
781.410118         14.934             100.014
781.421185         14.994             100.014
781.432293         15.054             100.014
781.443440         15.114             100.014
781.454627         15.173             100.014
781.465854         15.233             100.014
781.477122         15.293             100.013
781.488429         15.353             100.013
781.499776         15.413             100.013
781.511162         15.473             100.013
781.522589         15.532             100.013
781.534055         15.592             100.013
781.545561         15.652             100.013
781.557106         15.712             100.013
781.568691         15.772             100.013
781.580316         15.832             100.013
781.591979         15.891             100.013
781.603683         15.951             100.013
781.615425         16.011             100.013
781.627207         16.071             100.013
781.639028         16.131             100.013
781.650888         16.190             100.013
781.662787         16.250             100.013
781.674726         16.310             100.013
781.686703         16.370             100.013
781.698720         16.430             100.013
781.710775         16.490             100.014
781.722869         16.549             100.014
781.735002         16.609             100.014
781.747174         16.669             100.014
781.759384         16.729             100.014
781.771633         16.789             100.014
781.783921         16.848             100.014
781.796247         16.908             100.014
781.808612         16.968             100.014
781.821015         17.028             100.014
781.833456         17.088             100.014
781.845936         17.148             100.014
781.858454         17.207             100.014
781.871011         17.267             100.014
781.883605         17.327             100.014
781.896238         17.387             100.014
781.908908         17.447             100.014
781.921617         17.506             100.014
781.934363         17.566             100.014
781.947148         17.626             100.014
781.959970         17.686             100.015
781.972830         17.746             100.015
781.985728         17.805             100.015
781.998663         17.865             100.015
782.011636         17.925             100.015
782.024647         17.985             100.015
782.037695         18.045             100.015
782.050780         18.104             100.015
782.063903         18.164             100.015
782.077063         18.224             100.015
782.090260         18.284             100.016
782.103495         18.344             100.016
782.116767         18.403             100.016
782.130075         18.463             100.016
782.143421         18.523             100.016
782.156804         18.583             100.016
782.170224         18.643             100.016
782.183680         18.702             100.016
782.197173         18.762             100.016
782.210703         18.822             100.017
782.224270         18.882             100.017
782.237874         18.942             100.017
782.251513         19.001             100.017
782.265190         19.061             100.017
782.278903         19.121             100.017
782.292652         19.181             100.017
782.306437         19.241             100.018
782.320259         19.300             100.018
782.334117         19.360             100.018
782.348011         19.420             100.018
782.361941         19.480             100.018
782.375907         19.540             100.018
782.389909         19.599             100.019
782.403947         19.659             100.019
782.418021         19.719             100.019
782.432130         19.779             100.019
782.446276         19.838             100.019
782.460456         19.898             100.020
782.474673         19.958             100.020
782.488925         20.018             100.020
782.503212         20.078             100.020
782.517535         20.137             100.020
782.531893         20.197             100.021
782.546287         20.257             100.021
782.560715         20.317             100.021
782.575179         20.377             100.021
782.589678         20.436             100.021
782.604212         20.496             100.022
782.618780         20.556             100.022
782.633384         20.616             100.022
782.648022         20.675             100.022
782.662696         20.735             100.023
782.677404         20.795             100.023
782.692146         20.855             100.023
782.706923         20.915             100.023
782.721735         20.974             100.024
782.736581         21.034             100.024
782.751461         21.094             100.024
782.766376         21.154             100.024
782.781325         21.213             100.025
782.796308         21.273             100.025
782.811325         21.333             100.025
782.826376         21.393             100.025
782.841461         21.453             100.026
782.856581         21.512             100.026
782.871734         21.572             100.026
782.886920         21.632             100.027
782.902141         21.692             100.027
782.917395         21.751             100.027
782.932682         21.811             100.027
782.948004         21.871             100.028
782.963358         21.931             100.028
782.978746         21.990             100.028
782.994168         22.050             100.029
783.009622         22.110             100.029
783.025110         22.170             100.029
783.040631         22.229             100.030
783.056184         22.289             100.030
783.071771         22.349             100.030
783.087391         22.409             100.031
783.103043         22.469             100.031
783.118729         22.528             100.031
783.134447         22.588             100.032
783.150197         22.648             100.032
783.165981         22.708             100.032
783.181796         22.767             100.033
783.197644         22.827             100.033
783.213525         22.887             100.034
783.229438         22.947             100.034
783.245382         23.006             100.034
783.261359         23.066             100.035
783.277369         23.126             100.035
783.293410         23.186             100.035
783.309483         23.245             100.036
783.325588         23.305             100.036
783.341724         23.365             100.037
783.357893         23.425             100.037
783.374093         23.484             100.037
783.390325         23.544             100.038
783.406588         23.604             100.038
783.422882         23.664             100.039
783.439208         23.723             100.039
783.455566         23.783             100.040
783.471954         23.843             100.040
783.488374         23.903             100.040
783.504824         23.962             100.041
783.521306         24.022             100.041
783.537819         24.082             100.042
783.554362         24.142             100.042
783.570937         24.201             100.043
783.587542         24.261             100.043
783.604177         24.321             100.044
783.620843         24.381             100.044
783.637540         24.440             100.045
783.654267         24.500             100.045
783.671025         24.560             100.046
783.687813         24.619             100.046
783.704631         24.679             100.047
783.721479         24.739             100.047
783.738357         24.799             100.048
783.755265         24.858             100.048
783.772203         24.918             100.049
783.789171         24.978             100.049
783.806169         25.038             100.050
783.823196         25.097             100.050
783.840253         25.157             100.051
783.857339         25.217             100.051
783.874455         25.276             100.052
783.891601         25.336             100.052
783.908775         25.396             100.053
783.925979         25.456             100.053
783.943212         25.515             100.054
783.960475         25.575             100.055
783.977766         25.635             100.055
783.995086         25.695             100.056
784.012435         25.754             100.056
784.029813         25.814             100.057
784.047219         25.874             100.057
784.064654         25.933             100.058
784.082118         25.993             100.059
784.099610         26.053             100.059
784.117131         26.113             100.060
784.134679         26.172             100.061
784.152257         26.232             100.061
784.169862         26.292             100.062
784.187495         26.351             100.062
784.205157         26.411             100.063
784.222846         26.471             100.064
784.240563         26.531             100.064
784.258308         26.590             100.065
784.276081         26.650             100.066
784.293881         26.710             100.066
784.311709         26.769             100.067
784.329565         26.829             100.068
784.347447         26.889             100.068
784.365358         26.949             100.069
784.383295         27.008             100.070
784.401259         27.068             100.070
784.419251         27.128             100.071
784.437270         27.187             100.072
784.455315         27.247             100.072
784.473388         27.307             100.073
784.491487         27.367             100.074
784.509613         27.426             100.075
784.527765         27.486             100.075
784.545944         27.546             100.076
784.564150         27.605             100.077
784.582382         27.665             100.077
784.600640         27.725             100.078
784.618924         27.784             100.079
784.637235         27.844             100.080
784.655571         27.904             100.080
784.673934         27.963             100.081
784.692322         28.023             100.082
784.710736         28.083             100.083
784.729176         28.143             100.084
784.747642         28.202             100.084
784.766133         28.262             100.085
784.784650         28.322             100.086
784.803192         28.381             100.087
784.821759         28.441             100.088
784.840352         28.501             100.088
784.858970         28.560             100.089
784.877613         28.620             100.090
784.896281         28.680             100.091
784.914974         28.739             100.092
784.933691         28.799             100.093
784.952434         28.859             100.093
784.971201         28.918             100.094
784.989993         28.978             100.095
785.008809         29.038             100.096
785.027650         29.097             100.097
785.046515         29.157             100.098
785.065404         29.217             100.099
785.084318         29.277             100.100
785.103255         29.336             100.100
785.122217         29.396             100.101
785.141202         29.456             100.102
785.160212         29.515             100.103
785.179245         29.575             100.104
785.198302         29.635             100.105
785.217382         29.694             100.106
785.236486         29.754             100.107
785.255614         29.814             100.108
785.274765         29.873             100.109
785.293939         29.933             100.110
785.313136         29.993             100.111
785.332357         30.052             100.112
785.351600         30.112             100.113
785.370866         30.172             100.114
785.390155         30.231             100.115
785.409467         30.291             100.116
785.428802         30.351             100.117
785.448159         30.410             100.118
785.467539         30.470             100.119
785.486941         30.530             100.120
785.506366         30.589             100.121
785.525813         30.649             100.122
785.545282         30.708             100.123
785.564773         30.768             100.124
785.584286         30.828             100.125
785.603821         30.887             100.126
785.623378         30.947             100.127
785.642956         31.007             100.128
785.662556         31.066             100.129
785.682178         31.126             100.130
785.701822         31.186             100.131
785.721486         31.245             100.132
785.741172         31.305             100.133
785.760880         31.365             100.135
785.780608         31.424             100.136
785.800358         31.484             100.137
785.820128         31.544             100.138
785.839920         31.603             100.139
785.859732         31.663             100.140
785.879565         31.723             100.141
785.899418         31.782             100.143
785.919292         31.842             100.144
785.939187         31.901             100.145
785.959102         31.961             100.146
785.979037         32.021             100.147
785.998993         32.080             100.148
786.018968         32.140             100.150
786.038964         32.200             100.151
786.058979         32.259             100.152
786.079015         32.319             100.153
786.099070         32.379             100.154
786.119145         32.438             100.156
786.139239         32.498             100.157
786.159353         32.557             100.158
786.179486         32.617             100.159
786.199639         32.677             100.161
786.219811         32.736             100.162
786.240002         32.796             100.163
786.260212         32.856             100.165
786.280441         32.915             100.166
786.300689         32.975             100.167
786.320956         33.034             100.168
786.341241         33.094             100.170
786.361545         33.154             100.171
786.381868         33.213             100.172
786.402209         33.273             100.174
786.422568         33.332             100.175
786.442946         33.392             100.176
786.463342         33.452             100.178
786.483756         33.511             100.179
786.504188         33.571             100.181
786.524637         33.631             100.182
786.545105         33.690             100.183
786.565591         33.750             100.185
786.586094         33.809             100.186
786.606614         33.869             100.188
786.627152         33.929             100.189
786.647708         33.988             100.190
786.668280         34.048             100.192
786.688870         34.107             100.193
786.709477         34.167             100.195
786.730101         34.227             100.196
786.750742         34.286             100.198
786.771400         34.346             100.199
786.792075         34.405             100.201
786.812766         34.465             100.202
786.833474         34.525             100.204
786.854198         34.584             100.205
786.874939         34.644             100.207
786.895696         34.703             100.208
786.916469         34.763             100.210
786.937258         34.823             100.211
786.958063         34.882             100.213
786.978885         34.942             100.214
786.999722         35.001             100.216
787.020575         35.061             100.217
787.041443         35.121             100.219
787.062327         35.180             100.221
787.083227         35.240             100.222
787.104142         35.299             100.224
787.125072         35.359             100.225
787.146017         35.418             100.227
787.166978         35.478             100.229
787.187953         35.538             100.230
787.208944         35.597             100.232
787.229949         35.657             100.234
787.250969         35.716             100.235
787.272004         35.776             100.237
787.293053         35.836             100.239
787.314117         35.895             100.240
787.335195         35.955             100.242
787.356288         36.014             100.244
787.377394         36.074             100.245
787.398515         36.133             100.247
787.419650         36.193             100.249
787.440799         36.253             100.251
787.461961         36.312             100.252
787.483137         36.372             100.254
787.504327         36.431             100.256
787.525531         36.491             100.258
787.546748         36.550             100.260
787.567978         36.610             100.261
787.589222         36.669             100.263
787.610479         36.729             100.265
787.631748         36.789             100.267
787.653031         36.848             100.269
787.674327         36.908             100.270
787.695636         36.967             100.272
787.716957         37.027             100.274
787.738291         37.086             100.276
787.759638         37.146             100.278
787.780996         37.205             100.280
787.802368         37.265             100.282
787.823751         37.325             100.284
787.845147         37.384             100.286
787.866555         37.444             100.287
787.887975         37.503             100.289
787.909406         37.563             100.291
787.930850         37.622             100.293
787.952305         37.682             100.295
787.973772         37.741             100.297
787.995250         37.801             100.299
788.016740         37.860             100.301
788.038241         37.920             100.303
788.059753         37.980             100.305
788.081276         38.039             100.307
788.102811         38.099             100.309
788.124356         38.158             100.311
788.145912         38.218             100.313
788.167479         38.277             100.316
788.189057         38.337             100.318
788.210645         38.396             100.320
788.232244         38.456             100.322
788.253853         38.515             100.324
788.275472         38.575             100.326
788.297102         38.634             100.328
788.318742         38.694             100.330
788.340392         38.754             100.332
788.362051         38.813             100.335
788.383721         38.873             100.337
788.405400         38.932             100.339
788.427089         38.992             100.341
788.448787         39.051             100.343
788.470495         39.111             100.346
788.492212         39.170             100.348
788.513939         39.230             100.350
788.535674         39.289             100.352
788.557419         39.349             100.355
788.579173         39.408             100.357
788.600935         39.468             100.359
788.622706         39.527             100.361
788.644486         39.587             100.364
788.666275         39.646             100.366
788.688072         39.706             100.368
788.709878         39.765             100.371
788.731691         39.825             100.373
788.753513         39.884             100.375
788.775344         39.944             100.378
788.797182         40.003             100.380
788.819028         40.063             100.383
788.840882         40.122             100.385
788.862744         40.182             100.387
788.884613         40.241             100.390
788.906490         40.301             100.392
788.928374         40.360             100.395
788.950266         40.420             100.397
788.972165         40.479             100.400
788.994071         40.539             100.402
789.015984         40.598             100.405
789.037905         40.658             100.407
789.059832         40.717             100.410
789.081766         40.777             100.412
789.103706         40.836             100.415
789.125654         40.896             100.417
789.147607         40.955             100.420
789.169567         41.015             100.422
789.191534         41.074             100.425
789.213506         41.134             100.428
789.235485         41.193             100.430
789.257470         41.253             100.433
789.279461         41.312             100.435
789.301457         41.372             100.438
789.323460         41.431             100.441
789.345468         41.491             100.443
789.367481         41.550             100.446
789.389500         41.609             100.449
789.411524         41.669             100.452
789.433554         41.728             100.454
789.455589         41.788             100.457
789.477629         41.847             100.460
789.499674         41.907             100.463
789.521723         41.966             100.465
789.543778         42.026             100.468
789.565837         42.085             100.471
789.587901         42.145             100.474
789.609969         42.204             100.477
789.632042         42.264             100.479
789.654119         42.323             100.482
789.676200         42.383             100.485
789.698285         42.442             100.488
789.720374         42.501             100.491
789.742468         42.561             100.494
789.764565         42.620             100.497
789.786665         42.680             100.500
789.808770         42.739             100.503
789.830878         42.799             100.506
789.852989         42.858             100.509
789.875104         42.918             100.512
789.897222         42.977             100.515
789.919343         43.036             100.518
789.941468         43.096             100.521
789.963595         43.155             100.524
789.985725         43.215             100.527
790.007858         43.274             100.530
790.029993         43.334             100.533
790.052131         43.393             100.536
790.074272         43.453             100.539
790.096415         43.512             100.542
790.118560         43.571             100.546
790.140708         43.631             100.549
790.162857         43.690             100.552
790.185009         43.750             100.555
790.207162         43.809             100.558
790.229317         43.869             100.561
790.251474         43.928             100.565
790.273633         43.987             100.568
790.295793         44.047             100.571
790.317955         44.106             100.575
790.340118         44.166             100.578
790.362282         44.225             100.581
790.384447         44.285             100.584
790.406613         44.344             100.588
790.428780         44.403             100.591
790.450949         44.463             100.594
790.473117         44.522             100.598
790.495287         44.582             100.601
790.517457         44.641             100.605
790.539627         44.700             100.608
790.561798         44.760             100.612
790.583970         44.819             100.615
790.606141         44.879             100.619
790.628312         44.938             100.622
790.650484         44.997             100.626
790.672655         45.057             100.629
790.694826         45.116             100.633
790.716997         45.176             100.636
790.739167         45.235             100.640
790.761337         45.294             100.643
790.783506         45.354             100.647
790.805675         45.413             100.651
790.827843         45.473             100.654
790.850010         45.532             100.658
790.872176         45.591             100.662
790.894341         45.651             100.665
790.916504         45.710             100.669
790.938667         45.770             100.673
790.960828         45.829             100.676
790.982988         45.888             100.680
791.005146         45.948             100.684
791.027302         46.007             100.688
791.049457         46.067             100.691
791.071610         46.126             100.695
791.093761         46.185             100.699
791.115909         46.245             100.703
791.138056         46.304             100.707
791.160201         46.363             100.711
791.182343         46.423             100.715
791.204483         46.482             100.719
791.226620         46.542             100.723
791.248755         46.601             100.727
791.270887         46.660             100.731
791.293016         46.720             100.735
791.315142         46.779             100.739
791.337265         46.838             100.743
791.359386         46.898             100.747
791.381503         46.957             100.751
791.403616         47.016             100.755
791.425727         47.076             100.759
791.447833         47.135             100.763
791.469937         47.195             100.767
791.492036         47.254             100.771
791.514132         47.313             100.775
791.536224         47.373             100.780
791.558312         47.432             100.784
791.580396         47.491             100.788
791.602476         47.551             100.792
791.624552         47.610             100.797
791.646623         47.669             100.801
791.668690         47.729             100.805
791.690752         47.788             100.810
791.712810         47.847             100.814
791.734863         47.907             100.818
791.756911         47.966             100.823
791.778955         48.025             100.827
791.800993         48.085             100.832
791.823026         48.144             100.836
791.845054         48.203             100.840
791.867077         48.263             100.845
791.889094         48.322             100.849
791.911106         48.381             100.854
791.933113         48.441             100.859
791.955113         48.500             100.863
791.977108         48.559             100.868
791.999097         48.619             100.872
792.021080         48.678             100.877
792.043057         48.737             100.882
792.065028         48.797             100.886
792.086993         48.856             100.891
792.108951         48.915             100.896
792.130903         48.975             100.900
792.152848         49.034             100.905
792.174787         49.093             100.910
792.196719         49.153             100.915
792.218644         49.212             100.920
792.240562         49.271             100.924
792.262473         49.331             100.929
792.284378         49.390             100.934
792.306275         49.449             100.939
792.328164         49.508             100.944
792.350047         49.568             100.949
792.371922         49.627             100.954
792.393789         49.686             100.959
792.415648         49.746             100.964
792.437500         49.805             100.969
792.459344         49.864             100.974
792.481180         49.924             100.979
792.503008         49.983             100.984
792.524828         50.042             100.989
792.546640         50.101             100.995
792.568443         50.161             101.000
792.590238         50.220             101.005
792.612025         50.279             101.010
792.633802         50.339             101.015
792.655571         50.398             101.021
792.677332         50.457             101.026
792.699083         50.516             101.031
792.720826         50.576             101.037
792.742559         50.635             101.042
792.764283         50.694             101.047
792.785998         50.753             101.053
792.807704         50.813             101.058
792.829400         50.872             101.064
792.851086         50.931             101.069
792.872763         50.991             101.075
792.894430         51.050             101.080
792.916088         51.109             101.086
792.937735         51.168             101.091
792.959373         51.228             101.097
792.981000         51.287             101.103
793.002617         51.346             101.108
793.024224         51.405             101.114
793.045820         51.465             101.120
793.067406         51.524             101.125
793.088981         51.583             101.131
793.110546         51.642             101.137
793.132100         51.702             101.143
793.153643         51.761             101.149
793.175175         51.820             101.155
793.196696         51.879             101.160
793.218206         51.939             101.166
793.239705         51.998             101.172
793.261192         52.057             101.178
793.282668         52.116             101.184
793.304133         52.176             101.190
793.325586         52.235             101.196
793.347027         52.294             101.202
793.368456         52.353             101.209
793.389874         52.412             101.215
793.411279         52.472             101.221
793.432673         52.531             101.227
793.454054         52.590             101.233
793.475423         52.649             101.240
793.496780         52.709             101.246
793.518124         52.768             101.252
793.539456         52.827             101.258
793.560775         52.886             101.265
793.582082         52.945             101.271
793.603375         53.005             101.278
793.624656         53.064             101.284
793.645924         53.123             101.291
793.667178         53.182             101.297
793.688420         53.241             101.304
793.709648         53.301             101.310
793.730863         53.360             101.317
793.752065         53.419             101.323
793.773253         53.478             101.330
793.794427         53.537             101.337
793.815588         53.597             101.343
793.836734         53.656             101.350
793.857867         53.715             101.357
793.878986         53.774             101.364
793.900091         53.833             101.371
793.921182         53.893             101.377
793.942258         53.952             101.384
793.963320         54.011             101.391
793.984367         54.070             101.398
794.005401         54.129             101.405
794.026419         54.189             101.412
794.047423         54.248             101.419
794.068411         54.307             101.426
794.089385         54.366             101.434
794.110344         54.425             101.441
794.131288         54.484             101.448
794.152217         54.544             101.455
794.173130         54.603             101.462
794.194029         54.662             101.470
794.214911         54.721             101.477
794.235778         54.780             101.484
794.256630         54.839             101.492
794.277466         54.899             101.499
794.298286         54.958             101.507
794.319090         55.017             101.514
794.339878         55.076             101.522
794.360650         55.135             101.529
794.381406         55.194             101.537
794.402145         55.253             101.544
794.422869         55.313             101.552
794.443575         55.372             101.560
794.464266         55.431             101.568
794.484939         55.490             101.575
794.505596         55.549             101.583
794.526237         55.608             101.591
794.546860         55.667             101.599
794.567466         55.727             101.607
794.588056         55.786             101.615
794.608628         55.845             101.623
794.629183         55.904             101.631
794.649720         55.963             101.639
794.670241         56.022             101.647
794.690743         56.081             101.655
794.711229         56.140             101.663
794.731696         56.200             101.671
794.752146         56.259             101.680
794.772577         56.318             101.688
794.792991         56.377             101.696
794.813387         56.436             101.705
794.833765         56.495             101.713
794.854125         56.554             101.722
794.874466         56.613             101.730
794.894789         56.672             101.739
794.915093         56.731             101.747
794.935379         56.791             101.756
794.955646         56.850             101.764
794.975895         56.909             101.773
794.996124         56.968             101.782
795.016335         57.027             101.791
795.036527         57.086             101.799
795.056699         57.145             101.808
795.076853         57.204             101.817
795.096987         57.263             101.826
795.117102         57.322             101.835
795.137198         57.381             101.844
795.157274         57.441             101.853
795.177330         57.500             101.862
795.197367         57.559             101.871
795.217383         57.618             101.880
795.237381         57.677             101.890
795.257358         57.736             101.899
795.277315         57.795             101.908
795.297252         57.854             101.918
795.317168         57.913             101.927
795.337065         57.972             101.937
795.356941         58.031             101.946
795.376797         58.090             101.956
795.396632         58.149             101.965
795.416446         58.208             101.975
795.436240         58.267             101.984
795.456013         58.326             101.994
795.475765         58.385             102.004
795.495496         58.444             102.014
795.515206         58.504             102.024
795.534895         58.563             102.034
795.554562         58.622             102.043
795.574209         58.681             102.053
795.593834         58.740             102.064
795.613437         58.799             102.074
795.633019         58.858             102.084
795.652579         58.917             102.094
795.672118         58.976             102.104
795.691634         59.035             102.115
795.711129         59.094             102.125
795.730602         59.153             102.135
795.750053         59.212             102.146
795.769481         59.271             102.156
795.788887         59.330             102.167
795.808271         59.389             102.177
795.827633         59.448             102.188
795.846972         59.507             102.199
795.866289         59.566             102.210
795.885583         59.625             102.220
795.904854         59.684             102.231
795.924102         59.743             102.242
795.943327         59.802             102.253
795.962530         59.861             102.264
795.981709         59.920             102.275
796.000865         59.979             102.286
796.019998         60.038             102.297
796.039108         60.097             102.309
796.058194         60.156             102.320
796.077257         60.215             102.331
796.096296         60.274             102.343
796.115311         60.333             102.354
796.134303         60.391             102.366
796.153271         60.450             102.377
796.172215         60.509             102.389
796.191135         60.568             102.401
796.210032         60.627             102.412
796.228903         60.686             102.424
796.247751         60.745             102.436
796.266575         60.804             102.448
796.285374         60.863             102.460
796.304148         60.922             102.472
796.322898         60.981             102.484
796.341624         61.040             102.496
796.360324         61.099             102.508
796.379000         61.158             102.521
796.397651         61.217             102.533
796.416277         61.276             102.545
796.434878         61.335             102.558
796.453454         61.393             102.570
796.472005         61.452             102.583
796.490531         61.511             102.596
796.509031         61.570             102.608
796.527506         61.629             102.621
796.545955         61.688             102.634
796.564379         61.747             102.647
796.582777         61.806             102.660
796.601149         61.865             102.673
796.619495         61.924             102.686
796.637816         61.983             102.699
796.656110         62.041             102.713
796.674379         62.100             102.726
796.692621         62.159             102.739
796.710837         62.218             102.753
796.729027         62.277             102.766
796.747191         62.336             102.780
796.765328         62.395             102.793
796.783438         62.454             102.807
796.801522         62.512             102.821
796.819579         62.571             102.835
796.837610         62.630             102.849
796.855613         62.689             102.863
796.873590         62.748             102.877
796.891540         62.807             102.891
796.909462         62.866             102.905
796.927358         62.924             102.920
796.945226         62.983             102.934
796.963067         63.042             102.948
796.980881         63.101             102.963
796.998667         63.160             102.978
797.016425         63.219             102.992
797.034156         63.277             103.007
797.051860         63.336             103.022
797.069535         63.395             103.037
797.087183         63.454             103.052
797.104802         63.513             103.067
797.122394         63.571             103.082
797.139958         63.630             103.097
797.157494         63.689             103.112
797.175001         63.748             103.128
797.192480         63.807             103.143
797.209931         63.865             103.159
797.227353         63.924             103.174
797.244747         63.983             103.190
797.262112         64.042             103.206
797.279448         64.101             103.222
797.296756         64.159             103.238
797.314035         64.218             103.254
797.331285         64.277             103.270
797.348506         64.336             103.286
797.365698         64.395             103.303
797.382861         64.453             103.319
797.399995         64.512             103.335
797.417099         64.571             103.352
797.434175         64.630             103.369
797.451220         64.688             103.385
797.468237         64.747             103.402
797.485223         64.806             103.419
797.502180         64.864             103.436
797.519108         64.923             103.453
797.536005         64.982             103.471
797.552873         65.041             103.488
797.569711         65.099             103.505
797.586519         65.158             103.523
797.603297         65.217             103.540
797.620044         65.276             103.558
797.636762         65.334             103.576
797.653449         65.393             103.594
797.670106         65.452             103.612
797.686732         65.510             103.630
797.703328         65.569             103.648
797.719894         65.628             103.666
797.736428         65.686             103.685
797.752933         65.745             103.703
797.769406         65.804             103.722
797.785848         65.862             103.741
797.802260         65.921             103.759
797.818640         65.980             103.778
797.834990         66.038             103.797
797.851308         66.097             103.816
797.867595         66.156             103.836
797.883851         66.214             103.855
797.900075         66.273             103.875
797.916269         66.332             103.894
797.932430         66.390             103.914
797.948560         66.449             103.934
797.964659         66.508             103.953
797.980725         66.566             103.973
797.996760         66.625             103.994
798.012764         66.683             104.014
798.028735         66.742             104.034
798.044674         66.801             104.055
798.060582         66.859             104.075
798.076457         66.918             104.096
798.092300         66.976             104.117
798.108111         67.035             104.138
798.123889         67.094             104.159
798.139635         67.152             104.180
798.155349         67.211             104.201
798.171030         67.269             104.223
798.186679         67.328             104.244
798.202295         67.387             104.266
798.217878         67.445             104.288
798.233428         67.504             104.310
798.248946         67.562             104.332
798.264431         67.621             104.354
798.279883         67.679             104.376
798.295301         67.738             104.399
798.310687         67.796             104.421
798.326039         67.855             104.444
798.341359         67.913             104.467
798.356644         67.972             104.490
798.371897         68.030             104.513
798.387116         68.089             104.536
798.402302         68.147             104.560
798.417454         68.206             104.583
798.432572         68.264             104.607
798.447657         68.323             104.631
798.462708         68.381             104.655
798.477725         68.440             104.679
798.492708         68.498             104.703
798.507657         68.557             104.728
798.522572         68.615             104.752
798.537454         68.674             104.777
798.552301         68.732             104.802
798.567113         68.791             104.827
798.581892         68.849             104.852
798.596636         68.907             104.878
798.611346         68.966             104.903
798.626021         69.024             104.929
798.640662         69.083             104.955
798.655268         69.141             104.981
798.669840         69.199             105.007
798.684376         69.258             105.033
798.698879         69.316             105.059
798.713346         69.375             105.086
798.727778         69.433             105.113
798.742175         69.491             105.140
798.756538         69.550             105.167
798.770865         69.608             105.194
798.785157         69.666             105.222
798.799414         69.725             105.249
798.813635         69.783             105.277
798.827822         69.841             105.305
798.841972         69.900             105.333
798.856088         69.958             105.362
798.870168         70.016             105.390
798.884212         70.075             105.419
798.898221         70.133             105.448
798.912194         70.191             105.477
798.926131         70.250             105.506
798.940032         70.308             105.536
798.953898         70.366             105.566
798.967727         70.424             105.595
798.981521         70.483             105.625
798.995279         70.541             105.656
799.009000         70.599             105.686
799.022685         70.657             105.717
799.036334         70.716             105.748
799.049947         70.774             105.779
799.063523         70.832             105.810
799.077063         70.890             105.841
799.090567         70.949             105.873
799.104034         71.007             105.905
799.117464         71.065             105.937
799.130858         71.123             105.970
799.144215         71.181             106.002
799.157535         71.239             106.035
799.170819         71.298             106.068
799.184066         71.356             106.101
799.197275         71.414             106.134
799.210448         71.472             106.168
799.223584         71.530             106.202
799.236682         71.588             106.236
799.249744         71.646             106.270
799.262768         71.704             106.305
799.275755         71.763             106.340
799.288705         71.821             106.375
799.301617         71.879             106.410
799.314492         71.937             106.446
799.327329         71.995             106.482
799.340129         72.053             106.518
799.352891         72.111             106.554
799.365616         72.169             106.591
799.378303         72.227             106.627
799.390952         72.285             106.664
799.403563         72.343             106.702
799.416137         72.401             106.739
799.428672         72.459             106.777
799.441170         72.517             106.815
799.453630         72.575             106.854
799.466051         72.633             106.892
799.478434         72.691             106.931
799.490779         72.749             106.971
799.503086         72.807             107.010
799.515355         72.865             107.050
799.527585         72.923             107.090
799.539777         72.981             107.131
799.551931         73.038             107.171
799.564046         73.096             107.212
799.576122         73.154             107.254
799.588160         73.212             107.295
799.600159         73.270             107.337
799.612119         73.328             107.379
799.624041         73.386             107.422
799.635924         73.443             107.465
799.647768         73.501             107.508
799.659573         73.559             107.551
799.671339         73.617             107.595
799.683066         73.675             107.639
799.694754         73.732             107.684
799.706403         73.790             107.729
799.718012         73.848             107.774
799.729583         73.906             107.819
799.741114         73.963             107.865
799.752606         74.021             107.911
799.764059         74.079             107.958
799.775472         74.136             108.005
799.786845         74.194             108.052
799.798180         74.252             108.100
799.809474         74.309             108.148
799.820729         74.367             108.196
799.831945         74.424             108.245
799.843120         74.482             108.294
799.854256         74.540             108.343
799.865352         74.597             108.393
799.876409         74.655             108.444
799.887425         74.712             108.494
799.898401         74.770             108.546
799.909338         74.827             108.597
799.920234         74.885             108.649
799.931091         74.942             108.701
799.941907         75.000             108.754
799.952683         75.057             108.807
799.963419         75.115             108.861
799.974114         75.172             108.915
799.984769         75.230             108.970
799.995384         75.287             109.025
800.005959         75.344             109.080
800.016493         75.402             109.136
800.026986         75.459             109.192
800.037439         75.517             109.249
800.047852         75.574             109.307
800.058223         75.631             109.364
800.068554         75.688             109.423
800.078845         75.746             109.481
800.089094         75.803             109.541
800.099303         75.860             109.600
800.109471         75.917             109.661
800.119598         75.975             109.721
800.129684         76.032             109.783
800.139729         76.089             109.845
800.149734         76.146             109.907
800.159697         76.203             109.970
800.169619         76.260             110.033
800.179499         76.317             110.097
800.189339         76.375             110.162
800.199137         76.432             110.227
800.208894         76.489             110.293
800.218610         76.546             110.359
800.228285         76.603             110.426
800.237918         76.660             110.493
800.247509         76.717             110.561
800.257059         76.774             110.630
800.266568         76.830             110.699
800.276035         76.887             110.769
800.285460         76.944             110.840
800.294844         77.001             110.911
800.304186         77.058             110.983
800.313486         77.115             111.055
800.322745         77.171             111.129
800.331961         77.228             111.202
800.341136         77.285             111.277
800.350269         77.342             111.352
800.359360         77.398             111.428
800.368410         77.455             111.505
800.377417         77.512             111.582
800.386382         77.568             111.660
800.395305         77.625             111.739
800.404186         77.681             111.819
800.413024         77.738             111.899
800.421821         77.794             111.980
800.430575         77.851             112.062
800.439287         77.907             112.145
800.447957         77.964             112.228
800.456584         78.020             112.312
800.465169         78.077             112.398
800.473712         78.133             112.484
800.482212         78.189             112.570
800.490670         78.246             112.658
800.499085         78.302             112.747
800.507457         78.358             112.836
800.515787         78.414             112.926
800.524074         78.470             113.017
800.532319         78.526             113.110
800.540521         78.583             113.203
800.548680         78.639             113.297
800.556797         78.695             113.392
800.564870         78.751             113.488
800.572901         78.807             113.585
800.580889         78.863             113.683
800.588834         78.918             113.782
800.596736         78.974             113.882
800.604595         79.030             113.983
800.612411         79.086             114.085
800.620184         79.142             114.188
800.627914         79.197             114.292
800.635600         79.253             114.398
800.643244         79.309             114.504
800.650844         79.364             114.612
800.658402         79.420             114.721
800.665916         79.475             114.831
800.673386         79.531             114.942
800.680814         79.586             115.054
800.688198         79.642             115.168
800.695538         79.697             115.283
800.702836         79.752             115.399
800.710090         79.808             115.516
800.717300         79.863             115.635
800.724467         79.918             115.755
800.731590         79.973             115.877
800.738670         80.028             116.000
800.745706         80.083             116.124
800.752699         80.138             116.249
800.759648         80.193             116.377
800.766553         80.248             116.505
800.773414         80.303             116.635
800.780232         80.357             116.767
800.787006         80.412             116.900
800.793736         80.467             117.034
800.800423         80.521             117.171
800.807065         80.576             117.308
800.813664         80.630             117.448
800.820219         80.685             117.589
800.826730         80.739             117.732
800.833197         80.794             117.876
800.839619         80.848             118.023
800.845998         80.902             118.171
800.852333         80.956             118.321
800.858624         81.010             118.472
800.864870         81.064             118.626
800.871073         81.118             118.781
800.877231         81.172             118.939
800.883345         81.226             119.098
800.889415         81.279             119.260
800.895441         81.333             119.423
800.901422         81.387             119.588
800.907359         81.440             119.756
800.913252         81.493             119.926
800.919101         81.547             120.098
800.924905         81.600             120.272
800.930665         81.653             120.448
800.936380         81.706             120.627
800.942051         81.759             120.808
800.947677         81.812             120.991
800.953259         81.865             121.177
800.958797         81.918             121.365
800.964290         81.970             121.556
800.969738         82.023             121.749
800.975142         82.075             121.945
800.980501         82.128             122.144
800.985816         82.180             122.345
800.991085         82.232             122.549
800.996311         82.284             122.756
801.001491         82.336             122.966
801.006627         82.388             123.178
801.011718         82.440             123.394
801.016764         82.491             123.612
801.021766         82.543             123.834
801.026723         82.594             124.059
801.031635         82.646             124.286
801.036502         82.697             124.518
801.041324         82.748             124.752
801.046101         82.799             124.990
801.050834         82.849             125.231
801.055521         82.900             125.476
801.060164         82.951             125.724
801.064761         83.001             125.976
801.069314         83.051             126.231
801.073821         83.101             126.490
801.078284         83.151             126.754
801.082702         83.201             127.021
801.087074         83.251             127.292
801.091401         83.300             127.567
801.095684         83.349             127.846
801.099921         83.399             128.129
801.104113         83.448             128.417
801.108260         83.496             128.709
801.112361         83.545             129.005
801.116418         83.593             129.306
801.120429         83.642             129.612
801.124395         83.690             129.922
801.128316         83.738             130.238
801.132192         83.785             130.558
801.136022         83.833             130.883
801.139807         83.880             131.213
801.143547         83.927             131.548
801.147241         83.974             131.889
801.150890         84.021             132.235
801.154494         84.067             132.586
801.158052         84.114             132.943
801.161565         84.159             133.306
801.165032         84.205             133.674
801.168455         84.251             134.048
801.171831         84.296             134.429
801.175162         84.341             134.815
801.178448         84.386             135.208
801.181688         84.430             135.607
801.184883         84.474             136.012
801.188033         84.518             136.424
801.191136         84.562             136.843
801.194195         84.605             137.268
801.197207         84.648             137.701
801.200175         84.690             138.140
801.203096         84.733             138.587
801.205972         84.775             139.040
801.208803         84.816             139.501
801.211587         84.858             139.970
801.214327         84.899             140.446
801.217020         84.939             140.930
801.219668         84.980             141.422
801.222271         85.019             141.922
801.224827         85.059             142.429
801.227338         85.098             142.945
801.229803         85.137             143.470
801.232223         85.175             144.002
801.234597         85.213             144.543
801.236925         85.250             145.093
801.239208         85.287             145.652
801.241444         85.323             146.219
801.243635         85.359             146.795
801.245781         85.395             147.380
801.247880         85.430             147.975
801.249934         85.464             148.578
801.251942         85.498             149.191
801.253904         85.532             149.813
801.255820         85.565             150.444
801.257691         85.597             151.084
801.259515         85.629             151.735
801.261294         85.660             152.394
801.263027         85.691             153.063
801.264715         85.721             153.742
801.266356         85.750             154.430
801.267952         85.779             155.128
801.269501         85.807             155.835
801.271005         85.835             156.552
801.272463         85.862             157.278
801.273875         85.888             158.014
801.275241         85.913             158.758
801.276562         85.938             159.513
801.277836         85.962             160.276
801.279065         85.985             161.048
801.280247         86.008             161.830
801.281384         86.030             162.620
801.282475         86.051             163.418
801.283520         86.071             164.225
801.284519         86.091             165.041
801.285472         86.109             165.864
801.286379         86.127             166.695
801.287240         86.144             167.534
801.288055         86.160             168.380
801.288824         86.176             169.233
801.289548         86.190             170.092
801.290225         86.204             170.958
801.290856         86.216             171.830
801.291442         86.228             172.708
801.291981         86.239             173.591
801.292475         86.249             174.479
801.292923         86.258             175.372
801.293324         86.267             176.269
801.293680         86.274             177.169
801.293990         86.280             178.073
801.294253         86.286             178.980
801.294471         86.290             179.889
801.294643         86.294             -179.200
801.294769         86.296             -178.287
801.294849         86.298             -177.374
801.294883         86.299             -176.459
801.294870         86.298             -175.545
801.294812         86.297             -174.631
801.294708         86.295             -173.718
801.294558         86.292             -172.806
801.294362         86.288             -171.896
801.294121         86.283             -170.988
801.293833         86.277             -170.083
801.293499         86.270             -169.180
801.293119         86.262             -168.282
801.292693         86.254             -167.387
801.292221         86.244             -166.497
801.291704         86.234             -165.611
801.291140         86.222             -164.731
801.290530         86.210             -163.856
801.289875         86.197             -162.987
801.289173         86.183             -162.125
801.288426         86.168             -161.268
801.287632         86.152             -160.419
801.286793         86.135             -159.577
801.285908         86.118             -158.742
801.284976         86.099             -157.915
801.283999         86.080             -157.096
801.282976         86.060             -156.285
801.281907         86.040             -155.482
801.280792         86.018             -154.688
801.279631         85.996             -153.903
801.278425         85.973             -153.126
801.277172         85.949             -152.359
801.275873         85.925             -151.600
801.274529         85.900             -150.851
801.273139         85.874             -150.111
801.271702         85.848             -149.380
801.270220         85.820             -148.659
801.268692         85.792             -147.947
801.267119         85.764             -147.245
801.265499         85.735             -146.552
801.263834         85.705             -145.869
801.262122         85.675             -145.195
801.260365         85.644             -144.531
801.258562         85.612             -143.877
801.256713         85.580             -143.231
801.254819         85.547             -142.596
801.252878         85.514             -141.969
801.250892         85.481             -141.352
801.248860         85.446             -140.745
801.246782         85.411             -140.146
801.244659         85.376             -139.557
801.242490         85.340             -138.976
801.240274         85.304             -138.405
801.238014         85.268             -137.842
801.235707         85.230             -137.288
801.233355         85.193             -136.743
801.230957         85.155             -136.206
801.228513         85.116             -135.678
801.226024         85.077             -135.158
801.223489         85.038             -134.647
801.220909         84.998             -134.143
801.218282         84.958             -133.647
801.215610         84.918             -133.160
801.212893         84.877             -132.680
801.210130         84.836             -132.208
801.207321         84.795             -131.743
801.204466         84.753             -131.286
801.201566         84.711             -130.836
801.198621         84.668             -130.393
801.195630         84.625             -129.958
801.192593         84.582             -129.529
801.189511         84.539             -129.107
801.186383         84.495             -128.692
801.183210         84.451             -128.283
801.179991         84.407             -127.881
801.176727         84.362             -127.486
801.173417         84.317             -127.096
801.170062         84.272             -126.713
801.166662         84.227             -126.336
801.163216         84.181             -125.965
801.159724         84.135             -125.599
801.156188         84.089             -125.240
801.152605         84.043             -124.886
801.148978         83.996             -124.537
801.145305         83.950             -124.194
801.141587         83.903             -123.856
801.137823         83.855             -123.524
801.134014         83.808             -123.196
801.130160         83.760             -122.874
801.126261         83.713             -122.556
801.122316         83.665             -122.244
801.118327         83.616             -121.936
801.114292         83.568             -121.633
801.110211         83.519             -121.334
801.106086         83.471             -121.040
801.101915         83.422             -120.750
801.097699         83.373             -120.465
801.093439         83.324             -120.183
801.089133         83.274             -119.906
801.084782         83.225             -119.634
801.080385         83.175             -119.365
801.075944         83.125             -119.100
801.071458         83.075             -118.839
801.066927         83.025             -118.581
801.062351         82.974             -118.328
801.057729         82.924             -118.078
801.053063         82.873             -117.831
801.048352         82.823             -117.589
801.043596         82.772             -117.349
801.038795         82.721             -117.113
801.033949         82.670             -116.881
801.029059         82.619             -116.651
801.024123         82.567             -116.425
801.019143         82.516             -116.202
801.014118         82.464             -115.982
801.009048         82.413             -115.765
801.003933         82.361             -115.551
800.998774         82.309             -115.340
800.993570         82.257             -115.132
800.988321         82.205             -114.927
800.983028         82.153             -114.724
800.977690         82.100             -114.524
800.972307         82.048             -114.327
800.966880         81.995             -114.132
800.961408         81.943             -113.940
800.955892         81.890             -113.751
800.950331         81.837             -113.564
800.944726         81.784             -113.379
800.939076         81.731             -113.197
800.933382         81.678             -113.018
800.927643         81.625             -112.840
800.921860         81.572             -112.665
800.916033         81.519             -112.492
800.910161         81.465             -112.321
800.904245         81.412             -112.153
800.898284         81.358             -111.986
800.892279         81.305             -111.822
800.886231         81.251             -111.659
800.880137         81.197             -111.499
800.874000         81.144             -111.341
800.867818         81.090             -111.184
800.861593         81.036             -111.030
800.855323         80.982             -110.877
800.849009         80.928             -110.726
800.842651         80.874             -110.578
800.836249         80.819             -110.430
800.829803         80.765             -110.285
800.823313         80.711             -110.141
800.816779         80.656             -110.000
800.810202         80.602             -109.859
800.803580         80.547             -109.721
800.796914         80.493             -109.584
800.790205         80.438             -109.448
800.783451         80.383             -109.314
800.776654         80.329             -109.182
800.769814         80.274             -109.051
800.762929         80.219             -108.922
800.756001         80.164             -108.794
800.749029         80.109             -108.668
800.742014         80.054             -108.543
800.734954         79.999             -108.420
800.727852         79.944             -108.298
800.720706         79.889             -108.177
800.713516         79.834             -108.058
800.706283         79.779             -107.939
800.699006         79.723             -107.823
800.691686         79.668             -107.707
800.684322         79.613             -107.593
800.676916         79.557             -107.480
800.669465         79.502             -107.368
800.661972         79.446             -107.258
800.654435         79.391             -107.148
800.646855         79.335             -107.040
800.639232         79.279             -106.933
800.631566         79.224             -106.827
800.623856         79.168             -106.722
800.616104         79.112             -106.618
800.608308         79.057             -106.516
800.600470         79.001             -106.414
800.592588         78.945             -106.314
800.584663         78.889             -106.214
800.576696         78.833             -106.116
800.568685         78.777             -106.018
800.560632         78.721             -105.922
800.552536         78.665             -105.827
800.544397         78.609             -105.732
800.536216         78.553             -105.639
800.527991         78.497             -105.546
800.519724         78.441             -105.454
800.511414         78.385             -105.364
800.503062         78.328             -105.274
800.494667         78.272             -105.185
800.486230         78.216             -105.097
800.477750         78.160             -105.010
800.469227         78.103             -104.923
800.460663         78.047             -104.838
800.452055         77.991             -104.753
800.443406         77.934             -104.669
800.434714         77.878             -104.586
800.425979         77.821             -104.504
800.417203         77.765             -104.422
800.408384         77.708             -104.342
800.399523         77.652             -104.262
800.390620         77.595             -104.182
800.381675         77.539             -104.104
800.372688         77.482             -104.026
800.363659         77.425             -103.949
800.354588         77.369             -103.873
800.345475         77.312             -103.797
800.336320         77.255             -103.723
800.327123         77.198             -103.648
800.317884         77.142             -103.575
800.308603         77.085             -103.502
800.299281         77.028             -103.430
800.289917         76.971             -103.358
800.280512         76.914             -103.288
800.271064         76.857             -103.217
800.261576         76.801             -103.148
800.252045         76.744             -103.079
800.242473         76.687             -103.010
800.232860         76.630             -102.943
800.223205         76.573             -102.875
800.213509         76.516             -102.809
800.203772         76.459             -102.743
800.193993         76.402             -102.678
800.184173         76.345             -102.613
800.174311         76.287             -102.548
800.164409         76.230             -102.485
800.154466         76.173             -102.422
800.144481         76.116             -102.359
800.134455         76.059             -102.297
800.124388         76.002             -102.235
800.114281         75.945             -102.174
800.104132         75.887             -102.114
800.093943         75.830             -102.054
800.083713         75.773             -101.994
800.073442         75.716             -101.935
800.063130         75.658             -101.877
800.052777         75.601             -101.819
800.042384         75.544             -101.761
800.031951         75.486             -101.704
800.021476         75.429             -101.648
800.010961         75.372             -101.592
800.000406         75.314             -101.536
799.989810         75.257             -101.481
799.979174         75.199             -101.426
799.968498         75.142             -101.372
799.957781         75.085             -101.318
799.947024         75.027             -101.264
799.936227         74.970             -101.211
799.925390         74.912             -101.159
799.914512         74.855             -101.107
799.903595         74.797             -101.055
799.892638         74.740             -101.004
799.881640         74.682             -100.953
799.870603         74.625             -100.902
799.859526         74.567             -100.852
799.848409         74.509             -100.802
799.837252         74.452             -100.753
799.826055         74.394             -100.704
799.814819         74.337             -100.655
799.803543         74.279             -100.607
799.792228         74.221             -100.559
799.780873         74.164             -100.512
799.769478         74.106             -100.465
799.758044         74.048             -100.418
799.746571         73.991             -100.372
799.735059         73.933             -100.326
799.723507         73.875             -100.280
799.711916         73.817             -100.235
799.700285         73.760             -100.190
799.688616         73.702             -100.145
799.676907         73.644             -100.101
799.665160         73.586             -100.057
799.653373         73.529             -100.013
799.641548         73.471             -99.970
799.629683         73.413             -99.927
799.617780         73.355             -99.884
799.605838         73.297             -99.842
799.593857         73.239             -99.800
799.581838         73.182             -99.758
799.569780         73.124             -99.717
799.557683         73.066             -99.676
799.545548         73.008             -99.635
799.533374         72.950             -99.594
799.521162         72.892             -99.554
799.508912         72.834             -99.514
799.496623         72.776             -99.474
799.484296         72.718             -99.435
799.471931         72.660             -99.396
799.459527         72.603             -99.357
799.447086         72.545             -99.319
799.434606         72.487             -99.280
799.422089         72.429             -99.242
799.409533         72.371             -99.205
799.396940         72.313             -99.167
799.384309         72.255             -99.130
799.371640         72.197             -99.093
799.358933         72.139             -99.056
799.346189         72.080             -99.020
799.333407         72.022             -98.984
799.320587         71.964             -98.948
799.307730         71.906             -98.912
799.294835         71.848             -98.877
799.281903         71.790             -98.841
799.268934         71.732             -98.806
799.255928         71.674             -98.772
799.242884         71.616             -98.737
799.229803         71.558             -98.703
799.216685         71.500             -98.669
799.203529         71.441             -98.635
799.190337         71.383             -98.602
799.177108         71.325             -98.568
799.163842         71.267             -98.535
799.150539         71.209             -98.502
799.137200         71.151             -98.470
799.123823         71.093             -98.437
799.110410         71.034             -98.405
799.096961         70.976             -98.373
799.083474         70.918             -98.341
799.069952         70.860             -98.310
799.056393         70.802             -98.278
799.042797         70.743             -98.247
799.029165         70.685             -98.216
799.015497         70.627             -98.186
799.001793         70.569             -98.155
798.988053         70.510             -98.125
798.974276         70.452             -98.095
798.960464         70.394             -98.065
798.946615         70.336             -98.035
798.932731         70.277             -98.005
798.918810         70.219             -97.976
798.904854         70.161             -97.947
798.890863         70.102             -97.918
798.876835         70.044             -97.889
798.862772         69.986             -97.860
798.848674         69.927             -97.832
798.834540         69.869             -97.804
798.820370         69.811             -97.775
798.806165         69.752             -97.748
798.791925         69.694             -97.720
798.777650         69.636             -97.692
798.763339         69.577             -97.665
798.748994         69.519             -97.638
798.734613         69.461             -97.611
798.720197         69.402             -97.584
798.705747         69.344             -97.557
798.691261         69.286             -97.530
798.676741         69.227             -97.504
798.662186         69.169             -97.478
798.647596         69.110             -97.452
798.632972         69.052             -97.426
798.618313         68.994             -97.400
798.603619         68.935             -97.375
798.588891         68.877             -97.349
798.574129         68.818             -97.324
798.559333         68.760             -97.299
798.544502         68.701             -97.274
798.529637         68.643             -97.249
798.514738         68.584             -97.224
798.499805         68.526             -97.200
798.484838         68.468             -97.176
798.469836         68.409             -97.151
798.454802         68.351             -97.127
798.439733         68.292             -97.103
798.424631         68.234             -97.080
798.409494         68.175             -97.056
798.394325         68.117             -97.032
798.379122         68.058             -97.009
798.363885         68.000             -96.986
798.348615         67.941             -96.963
798.333311         67.883             -96.940
798.317975         67.824             -96.917
798.302605         67.766             -96.894
798.287202         67.707             -96.872
798.271766         67.648             -96.850
798.256297         67.590             -96.827
798.240795         67.531             -96.805
798.225260         67.473             -96.783
798.209692         67.414             -96.761
798.194092         67.356             -96.739
798.178458         67.297             -96.718
798.162793         67.239             -96.696
798.147094         67.180             -96.675
798.131364         67.121             -96.654
798.115601         67.063             -96.633
798.099805         67.004             -96.612
798.083977         66.946             -96.591
798.068117         66.887             -96.570
798.052225         66.828             -96.549
798.036301         66.770             -96.529
798.020345         66.711             -96.508
798.004357         66.653             -96.488
797.988337         66.594             -96.468
797.972285         66.535             -96.448
797.956202         66.477             -96.428
797.940087         66.418             -96.408
797.923940         66.360             -96.388
797.907762         66.301             -96.369
797.891552         66.242             -96.349
797.875311         66.184             -96.330
797.859039         66.125             -96.311
797.842735         66.066             -96.291
797.826401         66.008             -96.272
797.810035         65.949             -96.253
797.793638         65.890             -96.234
797.777210         65.832             -96.216
797.760752         65.773             -96.197
797.744262         65.714             -96.179
797.727742         65.656             -96.160
797.711191         65.597             -96.142
797.694610         65.538             -96.123
797.677998         65.480             -96.105
797.661356         65.421             -96.087
797.644683         65.362             -96.069
797.627980         65.303             -96.052
797.611246         65.245             -96.034
797.594483         65.186             -96.016
797.577689         65.127             -95.999
797.560865         65.069             -95.981
797.544012         65.010             -95.964
797.527128         64.951             -95.947
797.510215         64.892             -95.929
797.493272         64.834             -95.912
797.476299         64.775             -95.895
797.459297         64.716             -95.878
797.442265         64.657             -95.862
797.425204         64.599             -95.845
797.408114         64.540             -95.828
797.390994         64.481             -95.812
797.373845         64.422             -95.795
797.356666         64.364             -95.779
797.339459         64.305             -95.763
797.322223         64.246             -95.746
797.304957         64.187             -95.730
797.287663         64.129             -95.714
797.270340         64.070             -95.698
797.252989         64.011             -95.683
797.235609         63.952             -95.667
797.218200         63.893             -95.651
797.200763         63.835             -95.636
797.183297         63.776             -95.620
797.165803         63.717             -95.605
797.148281         63.658             -95.589
797.130731         63.599             -95.574
797.113152         63.541             -95.559
797.095546         63.482             -95.544
797.077911         63.423             -95.529
797.060249         63.364             -95.514
797.042559         63.305             -95.499
797.024841         63.246             -95.484
797.007095         63.188             -95.469
796.989322         63.129             -95.455
796.971522         63.070             -95.440
796.953694         63.011             -95.426
796.935838         62.952             -95.411
796.917956         62.893             -95.397
796.900046         62.835             -95.383
796.882109         62.776             -95.368
796.864145         62.717             -95.354
796.846155         62.658             -95.340
796.828137         62.599             -95.326
796.810092         62.540             -95.312
796.792021         62.481             -95.299
796.773923         62.423             -95.285
796.755799         62.364             -95.271
796.737648         62.305             -95.258
796.719470         62.246             -95.244
796.701267         62.187             -95.231
796.683037         62.128             -95.217
796.664781         62.069             -95.204
796.646499         62.010             -95.190
796.628190         61.952             -95.177
796.609856         61.893             -95.164
796.591496         61.834             -95.151
796.573110         61.775             -95.138
796.554699         61.716             -95.125
796.536262         61.657             -95.112
796.517799         61.598             -95.099
796.499311         61.539             -95.087
796.480797         61.480             -95.074
796.462259         61.421             -95.061
796.443695         61.362             -95.049
796.425105         61.304             -95.036
796.406491         61.245             -95.024
796.387852         61.186             -95.011
796.369188         61.127             -94.999
796.350499         61.068             -94.987
796.331785         61.009             -94.975
796.313047         60.950             -94.963
796.294284         60.891             -94.951
796.275497         60.832             -94.939
796.256685         60.773             -94.927
796.237848         60.714             -94.915
796.218988         60.655             -94.903
796.200103         60.596             -94.891
796.181195         60.537             -94.879
796.162262         60.478             -94.868
796.143305         60.419             -94.856
796.124325         60.361             -94.845
796.105321         60.302             -94.833
796.086293         60.243             -94.822
796.067241         60.184             -94.810
796.048166         60.125             -94.799
796.029067         60.066             -94.788
796.009945         60.007             -94.776
795.990800         59.948             -94.765
795.971632         59.889             -94.754
795.952440         59.830             -94.743
795.933226         59.771             -94.732
795.913989         59.712             -94.721
795.894728         59.653             -94.710
795.875445         59.594             -94.700
795.856139         59.535             -94.689
795.836811         59.476             -94.678
795.817460         59.417             -94.667
795.798087         59.358             -94.657
795.778691         59.299             -94.646
795.759273         59.240             -94.636
795.739833         59.181             -94.625
795.720370         59.122             -94.615
795.700886         59.063             -94.604
795.681380         59.004             -94.594
795.661852         58.945             -94.584
795.642302         58.886             -94.574
795.622730         58.827             -94.563
795.603137         58.768             -94.553
795.583522         58.709             -94.543
795.563886         58.650             -94.533
795.544228         58.591             -94.523
795.524550         58.532             -94.513
795.504850         58.472             -94.503
795.485129         58.413             -94.494
795.465386         58.354             -94.484
795.445623         58.295             -94.474
795.425840         58.236             -94.464
795.406035         58.177             -94.455
795.386210         58.118             -94.445
795.366364         58.059             -94.435
795.346497         58.000             -94.426
795.326611         57.941             -94.416
795.306703         57.882             -94.407
795.286776         57.823             -94.398
795.266828         57.764             -94.388
795.246861         57.705             -94.379
795.226873         57.646             -94.370
795.206866         57.587             -94.361
795.186838         57.528             -94.351
795.166791         57.469             -94.342
795.146725         57.409             -94.333
795.126638         57.350             -94.324
795.106533         57.291             -94.315
795.086408         57.232             -94.306
795.066263         57.173             -94.297
795.046100         57.114             -94.288
795.025917         57.055             -94.280
795.005715         56.996             -94.271
794.985495         56.937             -94.262
794.965255         56.878             -94.253
794.944997         56.819             -94.245
794.924720         56.760             -94.236
794.904424         56.700             -94.228
794.884110         56.641             -94.219
794.863777         56.582             -94.210
794.843427         56.523             -94.202
794.823057         56.464             -94.194
794.802670         56.405             -94.185
794.782265         56.346             -94.177
794.761841         56.287             -94.169
794.741400         56.228             -94.160
794.720941         56.168             -94.152
794.700464         56.109             -94.144
794.679970         56.050             -94.136
794.659458         55.991             -94.128
794.638929         55.932             -94.119
794.618382         55.873             -94.111
794.597818         55.814             -94.103
794.577237         55.755             -94.095
794.556639         55.695             -94.088
794.536023         55.636             -94.080
794.515391         55.577             -94.072
794.494742         55.518             -94.064
794.474076         55.459             -94.056
794.453394         55.400             -94.048
794.432695         55.341             -94.041
794.411979         55.281             -94.033
794.391247         55.222             -94.025
794.370499         55.163             -94.018
794.349735         55.104             -94.010
794.328954         55.045             -94.003
794.308158         54.986             -93.995
794.287345         54.927             -93.988
794.266517         54.867             -93.980
794.245673         54.808             -93.973
794.224813         54.749             -93.965
794.203938         54.690             -93.958
794.183047         54.631             -93.951
794.162141         54.572             -93.944
794.141219         54.512             -93.936
794.120283         54.453             -93.929
794.099331         54.394             -93.922
794.078364         54.335             -93.915
794.057382         54.276             -93.908
794.036386         54.217             -93.901
794.015374         54.157             -93.894
793.994348         54.098             -93.887
793.973307         54.039             -93.880
793.952252         53.980             -93.873
793.931183         53.921             -93.866
793.910099         53.862             -93.859
793.889001         53.802             -93.852
793.867888         53.743             -93.845
793.846762         53.684             -93.838
793.825622         53.625             -93.832
793.804468         53.566             -93.825
793.783300         53.506             -93.818
793.762119         53.447             -93.811
793.740924         53.388             -93.805
793.719715         53.329             -93.798
793.698493         53.270             -93.792
793.677258         53.210             -93.785
793.656009         53.151             -93.779
793.634748         53.092             -93.772
793.613473         53.033             -93.766
793.592186         52.974             -93.759
793.570885         52.914             -93.753
793.549572         52.855             -93.746
793.528246         52.796             -93.740
793.506908         52.737             -93.734
793.485557         52.677             -93.727
793.464194         52.618             -93.721
793.442818         52.559             -93.715
793.421431         52.500             -93.709
793.400031         52.441             -93.703
793.378619         52.381             -93.696
793.357195         52.322             -93.690
793.335759         52.263             -93.684
793.314312         52.204             -93.678
793.292853         52.144             -93.672
793.271383         52.085             -93.666
793.249901         52.026             -93.660
793.228407         51.967             -93.654
793.206903         51.907             -93.648
793.185387         51.848             -93.642
793.163860         51.789             -93.636
793.142322         51.730             -93.631
793.120773         51.670             -93.625
793.099214         51.611             -93.619
793.077643         51.552             -93.613
793.056063         51.493             -93.607
793.034471         51.433             -93.602
793.012869         51.374             -93.596
792.991257         51.315             -93.590
792.969635         51.256             -93.585
792.948002         51.196             -93.579
792.926359         51.137             -93.573
792.904707         51.078             -93.568
792.883044         51.019             -93.562
792.861372         50.959             -93.557
792.839690         50.900             -93.551
792.817998         50.841             -93.546
792.796297         50.782             -93.540
792.774587         50.722             -93.535
792.752867         50.663             -93.530
792.731138         50.604             -93.524
792.709400         50.544             -93.519
792.687652         50.485             -93.513
792.665896         50.426             -93.508
792.644131         50.367             -93.503
792.622358         50.307             -93.498
792.600575         50.248             -93.492
792.578785         50.189             -93.487
792.556985         50.129             -93.482
792.535177         50.070             -93.477
792.513361         50.011             -93.472
792.491537         49.952             -93.467
792.469705         49.892             -93.461
792.447865         49.833             -93.456
792.426017         49.774             -93.451
792.404161         49.714             -93.446
792.382297         49.655             -93.441
792.360426         49.596             -93.436
792.338547         49.537             -93.431
792.316661         49.477             -93.426
792.294767         49.418             -93.421
792.272866         49.359             -93.417
792.250959         49.299             -93.412
792.229044         49.240             -93.407
792.207122         49.181             -93.402
792.185193         49.121             -93.397
792.163257         49.062             -93.392
792.141315         49.003             -93.388
792.119366         48.943             -93.383
792.097411         48.884             -93.378
792.075450         48.825             -93.373
792.053482         48.766             -93.369
792.031508         48.706             -93.364
792.009527         48.647             -93.359
791.987541         48.588             -93.355
791.965549         48.528             -93.350
791.943551         48.469             -93.346
791.921548         48.410             -93.341
791.899538         48.350             -93.337
791.877524         48.291             -93.332
791.855503         48.232             -93.328
791.833478         48.172             -93.323
791.811447         48.113             -93.319
791.789411         48.054             -93.314
791.767370         47.994             -93.310
791.745324         47.935             -93.305
791.723274         47.876             -93.301
791.701218         47.816             -93.297
791.679158         47.757             -93.292
791.657093         47.698             -93.288
791.635024         47.638             -93.284
791.612950         47.579             -93.279
791.590872         47.519             -93.275
791.568790         47.460             -93.271
791.546704         47.401             -93.267
791.524614         47.341             -93.262
791.502520         47.282             -93.258
791.480422         47.223             -93.254
791.458320         47.163             -93.250
791.436215         47.104             -93.246
791.414107         47.045             -93.242
791.391994         46.985             -93.238
791.369879         46.926             -93.233
791.347760         46.867             -93.229
791.325638         46.807             -93.225
791.303514         46.748             -93.221
791.281386         46.688             -93.217
791.259255         46.629             -93.213
791.237122         46.570             -93.209
791.214986         46.510             -93.205
791.192847         46.451             -93.201
791.170706         46.392             -93.198
791.148563         46.332             -93.194
791.126417         46.273             -93.190
791.104269         46.213             -93.186
791.082119         46.154             -93.182
791.059967         46.095             -93.178
791.037813         46.035             -93.174
791.015658         45.976             -93.171
790.993500         45.917             -93.167
790.971341         45.857             -93.163
790.949181         45.798             -93.159
790.927019         45.738             -93.156
790.904856         45.679             -93.152
790.882692         45.620             -93.148
790.860526         45.560             -93.145
790.838360         45.501             -93.141
790.816192         45.441             -93.137
790.794024         45.382             -93.134
790.771855         45.323             -93.130
790.749685         45.263             -93.126
790.727515         45.204             -93.123
790.705345         45.144             -93.119
790.683174         45.085             -93.116
790.661003         45.026             -93.112
790.638831         44.966             -93.109
790.616660         44.907             -93.105
790.594488         44.847             -93.102
790.572317         44.788             -93.098
790.550146         44.729             -93.095
790.527975         44.669             -93.091
790.505805         44.610             -93.088
790.483635         44.550             -93.084
790.461466         44.491             -93.081
790.439298         44.432             -93.078
790.417130         44.372             -93.074
790.394963         44.313             -93.071
790.372797         44.253             -93.068
790.350633         44.194             -93.064
790.328469         44.134             -93.061
790.306307         44.075             -93.058
790.284146         44.016             -93.054
790.261987         43.956             -93.051
790.239829         43.897             -93.048
790.217673         43.837             -93.045
790.195519         43.778             -93.041
790.173366         43.718             -93.038
790.151216         43.659             -93.035
790.129067         43.600             -93.032
790.106921         43.540             -93.029
790.084777         43.481             -93.026
790.062635         43.421             -93.023
790.040496         43.362             -93.019
790.018359         43.302             -93.016
789.996225         43.243             -93.013
789.974094         43.184             -93.010
789.951965         43.124             -93.007
789.929839         43.065             -93.004
789.907717         43.005             -93.001
789.885597         42.946             -92.998
789.863481         42.886             -92.995
789.841368         42.827             -92.992
789.819258         42.767             -92.989
789.797152         42.708             -92.986
789.775050         42.649             -92.983
789.752951         42.589             -92.980
789.730856         42.530             -92.977
789.708764         42.470             -92.974
789.686677         42.411             -92.971
789.664594         42.351             -92.969
789.642515         42.292             -92.966
789.620440         42.232             -92.963
789.598370         42.173             -92.960
789.576304         42.113             -92.957
789.554243         42.054             -92.954
789.532186         41.994             -92.952
789.510134         41.935             -92.949
789.488087         41.876             -92.946
789.466045         41.816             -92.943
789.444007         41.757             -92.941
789.421975         41.697             -92.938
789.399949         41.638             -92.935
789.377927         41.578             -92.932
789.355911         41.519             -92.930
789.333900         41.459             -92.927
789.311895         41.400             -92.924
789.289896         41.340             -92.922
789.267902         41.281             -92.919
789.245915         41.221             -92.916
789.223933         41.162             -92.914
789.201958         41.102             -92.911
789.179988         41.043             -92.909
789.158025         40.983             -92.906
789.136068         40.924             -92.903
789.114118         40.864             -92.901
789.092174         40.805             -92.898
789.070237         40.745             -92.896
789.048307         40.686             -92.893
789.026383         40.626             -92.891
789.004467         40.567             -92.888
788.982557         40.508             -92.886
788.960655         40.448             -92.883
788.938760         40.389             -92.881
788.916872         40.329             -92.878
788.894991         40.270             -92.876
788.873118         40.210             -92.873
788.851253         40.151             -92.871
788.829395         40.091             -92.869
788.807545         40.032             -92.866
788.785703         39.972             -92.864
788.763869         39.913             -92.861
788.742044         39.853             -92.859
788.720226         39.794             -92.857
788.698416         39.734             -92.854
788.676615         39.674             -92.852
788.654823         39.615             -92.850
788.633038         39.555             -92.847
788.611263         39.496             -92.845
788.589496         39.436             -92.843
788.567738         39.377             -92.841
788.545989         39.317             -92.838
788.524250         39.258             -92.836
788.502519         39.198             -92.834
788.480797         39.139             -92.832
788.459085         39.079             -92.829
788.437382         39.020             -92.827
788.415689         38.960             -92.825
788.394005         38.901             -92.823
788.372331         38.841             -92.821
788.350666         38.782             -92.818
788.329012         38.722             -92.816
788.307367         38.663             -92.814
788.285733         38.603             -92.812
788.264109         38.544             -92.810
788.242495         38.484             -92.808
788.220891         38.425             -92.806
788.199298         38.365             -92.804
788.177715         38.306             -92.801
788.156143         38.246             -92.799
788.134582         38.186             -92.797
788.113031         38.127             -92.795
788.091491         38.067             -92.793
788.069963         38.008             -92.791
788.048445         37.948             -92.789
788.026939         37.889             -92.787
788.005444         37.829             -92.785
787.983960         37.770             -92.783
787.962488         37.710             -92.781
787.941027         37.651             -92.779
787.919578         37.591             -92.777
787.898141         37.531             -92.775
787.876716         37.472             -92.773
787.855302         37.412             -92.771
787.833901         37.353             -92.769
787.812511         37.293             -92.768
787.791134         37.234             -92.766
787.769769         37.174             -92.764
787.748417         37.115             -92.762
787.727077         37.055             -92.760
787.705750         36.996             -92.758
787.684435         36.936             -92.756
787.663133         36.876             -92.754
787.641844         36.817             -92.753
787.620568         36.757             -92.751
787.599305         36.698             -92.749
787.578055         36.638             -92.747
787.556819         36.579             -92.745
787.535595         36.519             -92.743
787.514385         36.459             -92.742
787.493189         36.400             -92.740
787.472006         36.340             -92.738
787.450837         36.281             -92.736
787.429682         36.221             -92.735
787.408540         36.162             -92.733
787.387413         36.102             -92.731
787.366300         36.042             -92.729
787.345200         35.983             -92.728
787.324115         35.923             -92.726
787.303045         35.864             -92.724
787.281989         35.804             -92.723
787.260947         35.745             -92.721
787.239920         35.685             -92.719
787.218908         35.625             -92.718
787.197910         35.566             -92.716
787.176927         35.506             -92.714
787.155960         35.447             -92.713
787.135007         35.387             -92.711
787.114070         35.328             -92.709
787.093147         35.268             -92.708
787.072241         35.208             -92.706
787.051349         35.149             -92.705
787.030473         35.089             -92.703
787.009613         35.030             -92.702
786.988768         34.970             -92.700
786.967940         34.910             -92.698
786.947127         34.851             -92.697
786.926330         34.791             -92.695
786.905549         34.732             -92.694
786.884785         34.672             -92.692
786.864036         34.612             -92.691
786.843304         34.553             -92.689
786.822588         34.493             -92.688
786.801889         34.434             -92.686
786.781207         34.374             -92.685
786.760541         34.314             -92.683
786.739892         34.255             -92.682
786.719260         34.195             -92.680
786.698645         34.136             -92.679
786.678047         34.076             -92.677
786.657466         34.016             -92.676
786.636902         33.957             -92.675
786.616356         33.897             -92.673
786.595827         33.838             -92.672
786.575316         33.778             -92.670
786.554822         33.718             -92.669
786.534346         33.659             -92.668
786.513887         33.599             -92.666
786.493447         33.540             -92.665
786.473024         33.480             -92.663
786.452620         33.420             -92.662
786.432234         33.361             -92.661
786.411866         33.301             -92.659
786.391516         33.242             -92.658
786.371185         33.182             -92.657
786.350872         33.122             -92.655
786.330577         33.063             -92.654
786.310302         33.003             -92.653
786.290045         32.943             -92.651
786.269807         32.884             -92.650
786.249588         32.824             -92.649
786.229388         32.765             -92.648
786.209207         32.705             -92.646
786.189045         32.645             -92.645
786.168902         32.586             -92.644
786.148779         32.526             -92.642
786.128676         32.466             -92.641
786.108591         32.407             -92.640
786.088527         32.347             -92.639
786.068482         32.288             -92.638
786.048457         32.228             -92.636
786.028452         32.168             -92.635
786.008467         32.109             -92.634
785.988502         32.049             -92.633
785.968557         31.989             -92.632
785.948633         31.930             -92.630
785.928729         31.870             -92.629
785.908845         31.810             -92.628
785.888981         31.751             -92.627
785.869139         31.691             -92.626
785.849317         31.632             -92.625
785.829515         31.572             -92.623
785.809735         31.512             -92.622
785.789975         31.453             -92.621
785.770237         31.393             -92.620
785.750520         31.333             -92.619
785.730824         31.274             -92.618
785.711149         31.214             -92.617
785.691495         31.154             -92.616
785.671863         31.095             -92.615
785.652253         31.035             -92.613
785.632664         30.975             -92.612
785.613097         30.916             -92.611
785.593551         30.856             -92.610
785.574028         30.796             -92.609
785.554526         30.737             -92.608
785.535047         30.677             -92.607
785.515589         30.617             -92.606
785.496154         30.558             -92.605
785.476741         30.498             -92.604
785.457351         30.439             -92.603
785.437983         30.379             -92.602
785.418638         30.319             -92.601
785.399315         30.260             -92.600
785.380015         30.200             -92.599
785.360738         30.140             -92.598
785.341483         30.081             -92.597
785.322252         30.021             -92.596
785.303044         29.961             -92.595
785.283859         29.902             -92.594
785.264697         29.842             -92.593
785.245558         29.782             -92.592
785.226443         29.723             -92.591
785.207351         29.663             -92.590
785.188283         29.603             -92.589
785.169239         29.544             -92.589
785.150218         29.484             -92.588
785.131221         29.424             -92.587
785.112248         29.365             -92.586
785.093299         29.305             -92.585
785.074374         29.245             -92.584
785.055473         29.185             -92.583
785.036597         29.126             -92.582
785.017745         29.066             -92.581
784.998917         29.006             -92.580
784.980113         28.947             -92.580
784.961334         28.887             -92.579
784.942580         28.827             -92.578
784.923851         28.768             -92.577
784.905146         28.708             -92.576
784.886466         28.648             -92.575
784.867812         28.589             -92.575
784.849182         28.529             -92.574
784.830577         28.469             -92.573
784.811998         28.410             -92.572
784.793444         28.350             -92.571
784.774915         28.290             -92.570
784.756412         28.231             -92.570
784.737934         28.171             -92.569
784.719482         28.111             -92.568
784.701055         28.051             -92.567
784.682654         27.992             -92.567
784.664280         27.932             -92.566
784.645931         27.872             -92.565
784.627608         27.813             -92.564
784.609311         27.753             -92.563
784.591041         27.693             -92.563
784.572796         27.634             -92.562
784.554578         27.574             -92.561
784.536387         27.514             -92.561
784.518222         27.455             -92.560
784.500083         27.395             -92.559
784.481971         27.335             -92.558
784.463886         27.275             -92.558
784.445828         27.216             -92.557
784.427796         27.156             -92.556
784.409792         27.096             -92.556
784.391815         27.037             -92.555
784.373864         26.977             -92.554
784.355941         26.917             -92.554
784.338045         26.857             -92.553
784.320177         26.798             -92.552
784.302336         26.738             -92.551
784.284523         26.678             -92.551
784.266737         26.619             -92.550
784.248979         26.559             -92.550
784.231248         26.499             -92.549
784.213546         26.440             -92.548
784.195871         26.380             -92.548
784.178224         26.320             -92.547
784.160606         26.260             -92.546
784.143015         26.201             -92.546
784.125453         26.141             -92.545
784.107919         26.081             -92.545
784.090413         26.022             -92.544
784.072936         25.962             -92.543
784.055487         25.902             -92.543
784.038067         25.842             -92.542
784.020676         25.783             -92.542
784.003313         25.723             -92.541
783.985979         25.663             -92.540
783.968675         25.603             -92.540
783.951399         25.544             -92.539
783.934152         25.484             -92.539
783.916934         25.424             -92.538
783.899745         25.365             -92.538
783.882586         25.305             -92.537
783.865456         25.245             -92.536
783.848356         25.185             -92.536
783.831285         25.126             -92.535
783.814243         25.066             -92.535
783.797232         25.006             -92.534
783.780250         24.946             -92.534
783.763297         24.887             -92.533
783.746375         24.827             -92.533
783.729483         24.767             -92.532
783.712620         24.708             -92.532
783.695788         24.648             -92.531
783.678986         24.588             -92.531
783.662214         24.528             -92.530
783.645472         24.469             -92.530
783.628761         24.409             -92.529
783.612080         24.349             -92.529
783.595430         24.289             -92.528
783.578811         24.230             -92.528
783.562222         24.170             -92.527
783.545664         24.110             -92.527
783.529136         24.050             -92.527
783.512640         23.991             -92.526
783.496175         23.931             -92.526
783.479740         23.871             -92.525
783.463337         23.811             -92.525
783.446965         23.752             -92.524
783.430624         23.692             -92.524
783.414315         23.632             -92.523
783.398037         23.572             -92.523
783.381790         23.513             -92.523
783.365575         23.453             -92.522
783.349391         23.393             -92.522
783.333240         23.333             -92.521
783.317120         23.274             -92.521
783.301031         23.214             -92.521
783.284975         23.154             -92.520
783.268951         23.094             -92.520
783.252958         23.035             -92.519
783.236998         22.975             -92.519
783.221070         22.915             -92.519
783.205175         22.855             -92.518
783.189311         22.796             -92.518
783.173480         22.736             -92.518
783.157681         22.676             -92.517
783.141915         22.616             -92.517
783.126182         22.557             -92.516
783.110481         22.497             -92.516
783.094813         22.437             -92.516
783.079178         22.377             -92.515
783.063575         22.318             -92.515
783.048006         22.258             -92.515
783.032469         22.198             -92.514
783.016966         22.138             -92.514
783.001496         22.079             -92.514
782.986058         22.019             -92.513
782.970655         21.959             -92.513
782.955284         21.899             -92.513
782.939947         21.839             -92.513
782.924644         21.780             -92.512
782.909374         21.720             -92.512
782.894137         21.660             -92.512
782.878934         21.600             -92.511
782.863765         21.541             -92.511
782.848630         21.481             -92.511
782.833529         21.421             -92.510
782.818462         21.361             -92.510
782.803428         21.302             -92.510
782.788429         21.242             -92.510
782.773464         21.182             -92.509
782.758533         21.122             -92.509
782.743636         21.062             -92.509
782.728774         21.003             -92.509
782.713946         20.943             -92.508
782.699152         20.883             -92.508
782.684394         20.823             -92.508
782.669669         20.764             -92.508
782.654980         20.704             -92.507
782.640325         20.644             -92.507
782.625704         20.584             -92.507
782.611119         20.524             -92.507
782.596569         20.465             -92.506
782.582053         20.405             -92.506
782.567573         20.345             -92.506
782.553128         20.285             -92.506
782.538718         20.226             -92.506
782.524343         20.166             -92.505
782.510003         20.106             -92.505
782.495699         20.046             -92.505
782.481430         19.986             -92.505
782.467197         19.927             -92.505
782.452999         19.867             -92.504
782.438837         19.807             -92.504
782.424710         19.747             -92.504
782.410620         19.688             -92.504
782.396565         19.628             -92.504
782.382546         19.568             -92.503
782.368562         19.508             -92.503
782.354615         19.448             -92.503
782.340704         19.389             -92.503
782.326829         19.329             -92.503
782.312990         19.269             -92.503
782.299187         19.209             -92.502
782.285421         19.149             -92.502
782.271691         19.090             -92.502
782.257997         19.030             -92.502
782.244340         18.970             -92.502
782.230720         18.910             -92.502
782.217135         18.850             -92.502
782.203588         18.791             -92.501
782.190077         18.731             -92.501
782.176603         18.671             -92.501
782.163166         18.611             -92.501
782.149766         18.551             -92.501
782.136402         18.492             -92.501
782.123076         18.432             -92.501
782.109787         18.372             -92.501
782.096535         18.312             -92.500
782.083320         18.252             -92.500
782.070142         18.193             -92.500
782.057001         18.133             -92.500
782.043898         18.073             -92.500
782.030832         18.013             -92.500
782.017804         17.953             -92.500
782.004813         17.894             -92.500
781.991860         17.834             -92.500
781.978944         17.774             -92.500
781.966067         17.714             -92.500
781.953226         17.654             -92.499
781.940424         17.595             -92.499
781.927660         17.535             -92.499
781.914933         17.475             -92.499
781.902244         17.415             -92.499
781.889594         17.355             -92.499
781.876981         17.296             -92.499
781.864407         17.236             -92.499
781.851870         17.176             -92.499
781.839373         17.116             -92.499
781.826913         17.056             -92.499
781.814491         16.996             -92.499
781.802109         16.937             -92.499
781.789764         16.877             -92.499
781.777458         16.817             -92.499
781.765191         16.757             -92.499
781.752962         16.697             -92.499
781.740772         16.638             -92.499
781.728621         16.578             -92.498
781.716508         16.518             -92.498
781.704434         16.458             -92.498
781.692399         16.398             -92.498
781.680403         16.338             -92.498
781.668447         16.279             -92.498
781.656529         16.219             -92.498
781.644650         16.159             -92.498
781.632810         16.099             -92.498
781.621010         16.039             -92.498
781.609249         15.980             -92.498
781.597527         15.920             -92.498
781.585844         15.860             -92.498
781.574201         15.800             -92.498
781.562598         15.740             -92.498
781.551033         15.680             -92.498
781.539509         15.621             -92.498
781.528024         15.561             -92.498
781.516579         15.501             -92.498
781.505173         15.441             -92.498
781.493807         15.381             -92.498
781.482481         15.322             -92.498
781.471195         15.262             -92.498
781.459949         15.202             -92.498
781.448743         15.142             -92.498
781.437576         15.082             -92.499
781.426450         15.022             -92.499
781.415364         14.963             -92.499
781.404318         14.903             -92.499
781.393312         14.843             -92.499
781.382347         14.783             -92.499
781.371422         14.723             -92.499
781.360537         14.663             -92.499
781.349692         14.604             -92.499
781.338888         14.544             -92.499
781.328125         14.484             -92.499
781.317402         14.424             -92.499
781.306719         14.364             -92.499
781.296078         14.304             -92.499
781.285476         14.245             -92.499
781.274916         14.185             -92.499
781.264396         14.125             -92.499
781.253918         14.065             -92.499
781.243480         14.005             -92.499
781.233083         13.945             -92.500
781.222727         13.886             -92.500
781.212412         13.826             -92.500
781.202138         13.766             -92.500
781.191905         13.706             -92.500
781.181713         13.646             -92.500
781.171562         13.586             -92.500
781.161453         13.527             -92.500
781.151385         13.467             -92.500
781.141358         13.407             -92.500
781.131373         13.347             -92.500
781.121429         13.287             -92.500
781.111526         13.227             -92.501
781.101665         13.167             -92.501
781.091845         13.108             -92.501
781.082067         13.048             -92.501
781.072331         12.988             -92.501
781.062636         12.928             -92.501
781.052983         12.868             -92.501
781.043372         12.808             -92.501
781.033803         12.749             -92.501
781.024275         12.689             -92.501
781.014789         12.629             -92.502
781.005345         12.569             -92.502
780.995943         12.509             -92.502
780.986583         12.449             -92.502
780.977265         12.390             -92.502
780.967990         12.330             -92.502
780.958756         12.270             -92.502
780.949564         12.210             -92.502
780.940415         12.150             -92.503
780.931308         12.090             -92.503
780.922243         12.030             -92.503
780.913221         11.971             -92.503
780.904240         11.911             -92.503
780.895303         11.851             -92.503
780.886407         11.791             -92.503
780.877555         11.731             -92.504
780.868744         11.671             -92.504
780.859976         11.611             -92.504
780.851251         11.552             -92.504
780.842569         11.492             -92.504
780.833929         11.432             -92.504
780.825332         11.372             -92.504
780.816777         11.312             -92.505
780.808266         11.252             -92.505
780.799797         11.193             -92.505
780.791371         11.133             -92.505
780.782988         11.073             -92.505
780.774647         11.013             -92.505
780.766350         10.953             -92.506
780.758096         10.893             -92.506
780.749885         10.833             -92.506
780.741717         10.774             -92.506
780.733592         10.714             -92.506
780.725510         10.654             -92.506
780.717471         10.594             -92.507
780.709476         10.534             -92.507
780.701524         10.474             -92.507
780.693615         10.414             -92.507
780.685749         10.355             -92.507
780.677927         10.295             -92.507
780.670148         10.235             -92.508
780.662413         10.175             -92.508
780.654721         10.115             -92.508
780.647073         10.055             -92.508
780.639468         9.995              -92.508
780.631906         9.936              -92.509
780.624388         9.876              -92.509
780.616914         9.816              -92.509
780.609484         9.756              -92.509
780.602097         9.696              -92.509
780.594754         9.636              -92.510
780.587455         9.576              -92.510
780.580199         9.516              -92.510
780.572987         9.457              -92.510
780.565820         9.397              -92.510
780.558696         9.337              -92.511
780.551615         9.277              -92.511
780.544579         9.217              -92.511
780.537587         9.157              -92.511
780.530639         9.097              -92.511
780.523735         9.038              -92.512
780.516875         8.978              -92.512
780.510059         8.918              -92.512
780.503287         8.858              -92.512
780.496559         8.798              -92.513
780.489876         8.738              -92.513
780.483237         8.678              -92.513
780.476642         8.619              -92.513
780.470091         8.559              -92.513
780.463585         8.499              -92.514
780.457122         8.439              -92.514
780.450705         8.379              -92.514
780.444331         8.319              -92.514
780.438002         8.259              -92.515
780.431718         8.199              -92.515
780.425478         8.140              -92.515
780.419282         8.080              -92.515
780.413131         8.020              -92.515
780.407025         7.960              -92.516
780.400963         7.900              -92.516
780.394946         7.840              -92.516
780.388973         7.780              -92.516
780.383045         7.720              -92.517
780.377162         7.661              -92.517
780.371323         7.601              -92.517
780.365529         7.541              -92.517
780.359780         7.481              -92.518
780.354076         7.421              -92.518
780.348417         7.361              -92.518
780.342802         7.301              -92.518
780.337232         7.242              -92.519
780.331707         7.182              -92.519
780.326227         7.122              -92.519
780.320792         7.062              -92.519
780.315402         7.002              -92.520
780.310057         6.942              -92.520
780.304757         6.882              -92.520
780.299502         6.822              -92.520
780.294292         6.763              -92.521
780.289127         6.703              -92.521
780.284007         6.643              -92.521
780.278932         6.583              -92.521
780.273903         6.523              -92.522
780.268918         6.463              -92.522
780.263979         6.403              -92.522
780.259085         6.343              -92.522
780.254236         6.284              -92.523
780.249432         6.224              -92.523
780.244674         6.164              -92.523
780.239961         6.104              -92.523
780.235293         6.044              -92.524
780.230671         5.984              -92.524
780.226094         5.924              -92.524
780.221562         5.864              -92.525
780.217076         5.805              -92.525
780.212635         5.745              -92.525
780.208240         5.685              -92.525
780.203890         5.625              -92.526
780.199586         5.565              -92.526
780.195327         5.505              -92.526
780.191113         5.445              -92.526
780.186945         5.385              -92.527
780.182823         5.326              -92.527
780.178746         5.266              -92.527
780.174715         5.206              -92.528
780.170729         5.146              -92.528
780.166789         5.086              -92.528
780.162895         5.026              -92.528
780.159046         4.966              -92.529
780.155243         4.906              -92.529
780.151485         4.846              -92.529
780.147774         4.787              -92.529
780.144108         4.727              -92.530
780.140487         4.667              -92.530
780.136913         4.607              -92.530
780.133384         4.547              -92.531
780.129901         4.487              -92.531
780.126464         4.427              -92.531
780.123073         4.367              -92.531
780.119727         4.308              -92.532
780.116427         4.248              -92.532
780.113174         4.188              -92.532
780.109966         4.128              -92.533
780.106804         4.068              -92.533
780.103687         4.008              -92.533
780.100617         3.948              -92.533
780.097593         3.888              -92.534
780.094614         3.829              -92.534
780.091682         3.769              -92.534
780.088795         3.709              -92.535
780.085955         3.649              -92.535
780.083160         3.589              -92.535
780.080412         3.529              -92.536
780.077709         3.469              -92.536
780.075053         3.409              -92.536
780.072442         3.349              -92.536
780.069878         3.290              -92.537
780.067360         3.230              -92.537
780.064887         3.170              -92.537
780.062461         3.110              -92.538
780.060081         3.050              -92.538
780.057747         2.990              -92.538
780.055459         2.930              -92.539
780.053218         2.870              -92.539
780.051022         2.810              -92.539
780.048872         2.751              -92.539
780.046769         2.691              -92.540
780.044712         2.631              -92.540
780.042701         2.571              -92.540
780.040736         2.511              -92.541
780.038818         2.451              -92.541
780.036945         2.391              -92.541
780.035119         2.331              -92.542
780.033339         2.272              -92.542
780.031605         2.212              -92.542
780.029917         2.152              -92.542
780.028276         2.092              -92.543
780.026681         2.032              -92.543
780.025132         1.972              -92.543
780.023630         1.912              -92.544
780.022173         1.852              -92.544
780.020763         1.792              -92.544
780.019399         1.733              -92.545
780.018082         1.673              -92.545
780.016811         1.613              -92.545
780.015586         1.553              -92.545
780.014407         1.493              -92.546
780.013275         1.433              -92.546
780.012189         1.373              -92.546
780.011149         1.313              -92.547
780.010156         1.254              -92.547
780.009209         1.194              -92.547
780.008308         1.134              -92.548
780.007454         1.074              -92.548
780.006646         1.014              -92.548
780.005884         0.954              -92.549
780.005168         0.894              -92.549
780.004499         0.834              -92.549
780.003877         0.774              -92.549
780.003300         0.715              -92.550
780.002770         0.655              -92.550
780.002287         0.595              -92.550
780.001849         0.535              -92.551
780.001458         0.475              -92.551
780.001114         0.415              -92.551
780.000816         0.355              -92.552
780.000564         0.295              -92.552
780.000358         0.235              -92.552
780.000199         0.176              -92.553
780.000087         0.116              -92.553
780.000020         0.056              -92.553
780.000000         -0.004             -92.553
780.000026         -0.064             -92.554
780.000099         -0.124             -92.554
780.000218         -0.184             -92.554
780.000384         -0.244             -92.555
780.000596         -0.304             -92.555
780.000854         -0.363             -92.555
780.001158         -0.423             -92.556
780.001509         -0.483             -92.556
780.001906         -0.543             -92.556
780.002350         -0.603             -92.557
780.002840         -0.663             -92.557
780.003376         -0.723             -92.557
780.003959         -0.783             -92.557
780.004588         -0.842             -92.558
780.005263         -0.902             -92.558
780.005985         -0.962             -92.558
780.006753         -1.022             -92.559
780.007568         -1.082             -92.559
780.008428         -1.142             -92.559
780.009335         -1.202             -92.560
780.010289         -1.262             -92.560
780.011288         -1.322             -92.560
780.012334         -1.381             -92.561
780.013427         -1.441             -92.561
780.014565         -1.501             -92.561
780.015750         -1.561             -92.561
780.016982         -1.621             -92.562
780.018259         -1.681             -92.562
780.019583         -1.741             -92.562
780.020953         -1.801             -92.563
780.022369         -1.861             -92.563
780.023832         -1.920             -92.563
780.025341         -1.980             -92.564
780.026896         -2.040             -92.564
780.028498         -2.100             -92.564
780.030145         -2.160             -92.565
780.031839         -2.220             -92.565
780.033579         -2.280             -92.565
780.035366         -2.340             -92.565
780.037198         -2.399             -92.566
780.039077         -2.459             -92.566
780.041002         -2.519             -92.566
780.042973         -2.579             -92.567
780.044990         -2.639             -92.567
780.047054         -2.699             -92.567
780.049163         -2.759             -92.568
780.051319         -2.819             -92.568
780.053521         -2.879             -92.568
780.055769         -2.938             -92.568
780.058063         -2.998             -92.569
780.060403         -3.058             -92.569
780.062790         -3.118             -92.569
780.065222         -3.178             -92.570
780.067701         -3.238             -92.570
780.070226         -3.298             -92.570
780.072796         -3.358             -92.571
780.075413         -3.418             -92.571
780.078076         -3.477             -92.571
780.080785         -3.537             -92.571
780.083539         -3.597             -92.572
780.086340         -3.657             -92.572
780.089187         -3.717             -92.572
780.092080         -3.777             -92.573
780.095018         -3.837             -92.573
780.098003         -3.897             -92.573
780.101034         -3.956             -92.573
780.104110         -4.016             -92.574
780.107233         -4.076             -92.574
780.110401         -4.136             -92.574
780.113615         -4.196             -92.575
780.116875         -4.256             -92.575
780.120181         -4.316             -92.575
780.123533         -4.376             -92.576
780.126931         -4.435             -92.576
780.130374         -4.495             -92.576
780.133863         -4.555             -92.576
780.137398         -4.615             -92.577
780.140979         -4.675             -92.577
780.144605         -4.735             -92.577
780.148278         -4.795             -92.577
780.151996         -4.855             -92.578
780.155759         -4.915             -92.578
780.159569         -4.974             -92.578
780.163424         -5.034             -92.579
780.167324         -5.094             -92.579
780.171271         -5.154             -92.579
780.175262         -5.214             -92.579
780.179300         -5.274             -92.580
780.183383         -5.334             -92.580
780.187512         -5.394             -92.580
780.191686         -5.453             -92.581
780.195905         -5.513             -92.581
780.200171         -5.573             -92.581
780.204481         -5.633             -92.581
780.208837         -5.693             -92.582
780.213239         -5.753             -92.582
780.217686         -5.813             -92.582
780.222179         -5.873             -92.582
780.226716         -5.932             -92.583
780.231300         -5.992             -92.583
780.235928         -6.052             -92.583
780.240602         -6.112             -92.584
780.245321         -6.172             -92.584
780.250086         -6.232             -92.584
780.254895         -6.292             -92.584
780.259750         -6.352             -92.585
780.264651         -6.411             -92.585
780.269596         -6.471             -92.585
780.274587         -6.531             -92.585
780.279622         -6.591             -92.586
780.284703         -6.651             -92.586
780.289829         -6.711             -92.586
780.295000         -6.771             -92.586
780.300217         -6.831             -92.587
780.305478         -6.890             -92.587
780.310784         -6.950             -92.587
780.316135         -7.010             -92.587
780.321532         -7.070             -92.588
780.326973         -7.130             -92.588
780.332459         -7.190             -92.588
780.337990         -7.250             -92.588
780.343566         -7.310             -92.589
780.349187         -7.369             -92.589
780.354852         -7.429             -92.589
780.360563         -7.489             -92.589
780.366318         -7.549             -92.590
780.372118         -7.609             -92.590
780.377963         -7.669             -92.590
780.383852         -7.729             -92.590
780.389786         -7.789             -92.591
780.395765         -7.848             -92.591
780.401788         -7.908             -92.591
780.407856         -7.968             -92.591
780.413969         -8.028             -92.592
780.420126         -8.088             -92.592
780.426327         -8.148             -92.592
780.432573         -8.208             -92.592
780.438864         -8.267             -92.592
780.445199         -8.327             -92.593
780.451578         -8.387             -92.593
780.458002         -8.447             -92.593
780.464470         -8.507             -92.593
780.470983         -8.567             -92.594
780.477540         -8.627             -92.594
780.484141         -8.687             -92.594
780.490786         -8.746             -92.594
780.497476         -8.806             -92.594
780.504209         -8.866             -92.595
780.510987         -8.926             -92.595
780.517809         -8.986             -92.595
780.524675         -9.046             -92.595
780.531585         -9.106             -92.596
780.538539         -9.165             -92.596
780.545538         -9.225             -92.596
780.552580         -9.285             -92.596
780.559666         -9.345             -92.596
780.566796         -9.405             -92.597
780.573970         -9.465             -92.597
780.581187         -9.525             -92.597
780.588449         -9.585             -92.597
780.595754         -9.644             -92.597
780.603103         -9.704             -92.598
780.610496         -9.764             -92.598
780.617932         -9.824             -92.598
780.625412         -9.884             -92.598
780.632936         -9.944             -92.598
780.640503         -10.004            -92.599
780.648114         -10.063            -92.599
780.655769         -10.123            -92.599
780.663467         -10.183            -92.599
780.671208         -10.243            -92.599
780.678993         -10.303            -92.599
780.686821         -10.363            -92.600
780.694692         -10.423            -92.600
780.702607         -10.482            -92.600
780.710565         -10.542            -92.600
780.718567         -10.602            -92.600
780.726611         -10.662            -92.601
780.734699         -10.722            -92.601
780.742830         -10.782            -92.601
780.751004         -10.842            -92.601
780.759221         -10.901            -92.601
780.767481         -10.961            -92.601
780.775784         -11.021            -92.602
780.784130         -11.081            -92.602
780.792519         -11.141            -92.602
780.800951         -11.201            -92.602
780.809425         -11.261            -92.602
780.817943         -11.320            -92.602
780.826503         -11.380            -92.602
780.835106         -11.440            -92.603
780.843752         -11.500            -92.603
780.852440         -11.560            -92.603
780.861171         -11.620            -92.603
780.869945         -11.680            -92.603
780.878761         -11.739            -92.603
780.887620         -11.799            -92.604
780.896521         -11.859            -92.604
780.905464         -11.919            -92.604
780.914450         -11.979            -92.604
780.923478         -12.039            -92.604
780.932549         -12.098            -92.604
780.941662         -12.158            -92.604
780.950817         -12.218            -92.604
780.960014         -12.278            -92.605
780.969254         -12.338            -92.605
780.978535         -12.398            -92.605
780.987859         -12.458            -92.605
780.997225         -12.517            -92.605
781.006632         -12.577            -92.605
781.016082         -12.637            -92.605
781.025573         -12.697            -92.605
781.035107         -12.757            -92.606
781.044682         -12.817            -92.606
781.054299         -12.876            -92.606
781.063958         -12.936            -92.606
781.073658         -12.996            -92.606
781.083400         -13.056            -92.606
781.093184         -13.116            -92.606
781.103009         -13.176            -92.606
781.112876         -13.236            -92.606
781.122784         -13.295            -92.607
781.132734         -13.355            -92.607
781.142725         -13.415            -92.607
781.152757         -13.475            -92.607
781.162831         -13.535            -92.607
781.172946         -13.595            -92.607
781.183102         -13.654            -92.607
781.193300         -13.714            -92.607
781.203538         -13.774            -92.607
781.213818         -13.834            -92.607
781.224138         -13.894            -92.607
781.234500         -13.954            -92.607
781.244903         -14.013            -92.608
781.255346         -14.073            -92.608
781.265831         -14.133            -92.608
781.276356         -14.193            -92.608
781.286922         -14.253            -92.608
781.297528         -14.313            -92.608
781.308176         -14.372            -92.608
781.318864         -14.432            -92.608
781.329592         -14.492            -92.608
781.340361         -14.552            -92.608
781.351171         -14.612            -92.608
781.362021         -14.672            -92.608
781.372911         -14.731            -92.608
781.383842         -14.791            -92.608
781.394813         -14.851            -92.608
781.405824         -14.911            -92.608
781.416875         -14.971            -92.608
781.427967         -15.031            -92.608
781.439099         -15.090            -92.608
781.450270         -15.150            -92.608
781.461482         -15.210            -92.608
781.472734         -15.270            -92.609
781.484025         -15.330            -92.609
781.495357         -15.390            -92.609
781.506728         -15.449            -92.609
781.518139         -15.509            -92.609
781.529590         -15.569            -92.609
781.541080         -15.629            -92.609
781.552610         -15.689            -92.609
781.564180         -15.748            -92.609
781.575789         -15.808            -92.609
781.587437         -15.868            -92.609
781.599125         -15.928            -92.609
781.610852         -15.988            -92.609
781.622619         -16.048            -92.609
781.634425         -16.107            -92.609
781.646270         -16.167            -92.609
781.658154         -16.227            -92.609
781.670077         -16.287            -92.609
781.682039         -16.347            -92.609
781.694040         -16.406            -92.609
781.706081         -16.466            -92.608
781.718160         -16.526            -92.608
781.730278         -16.586            -92.608
781.742434         -16.646            -92.608
781.754630         -16.706            -92.608
781.766864         -16.765            -92.608
781.779136         -16.825            -92.608
781.791447         -16.885            -92.608
781.803797         -16.945            -92.608
781.816185         -17.005            -92.608
781.828612         -17.064            -92.608
781.841077         -17.124            -92.608
781.853580         -17.184            -92.608
781.866122         -17.244            -92.608
781.878701         -17.304            -92.608
781.891319         -17.363            -92.608
781.903975         -17.423            -92.608
781.916668         -17.483            -92.608
781.929400         -17.543            -92.608
781.942170         -17.603            -92.608
781.954977         -17.663            -92.607
781.967823         -17.722            -92.607
781.980706         -17.782            -92.607
781.993627         -17.842            -92.607
782.006585         -17.902            -92.607
782.019581         -17.962            -92.607
782.032614         -18.021            -92.607
782.045685         -18.081            -92.607
782.058793         -18.141            -92.607
782.071939         -18.201            -92.607
782.085122         -18.261            -92.607
782.098342         -18.320            -92.606
782.111599         -18.380            -92.606
782.124894         -18.440            -92.606
782.138225         -18.500            -92.606
782.151593         -18.560            -92.606
782.164999         -18.619            -92.606
782.178441         -18.679            -92.606
782.191920         -18.739            -92.606
782.205436         -18.799            -92.605
782.218988         -18.859            -92.605
782.232577         -18.918            -92.605
782.246203         -18.978            -92.605
782.259865         -19.038            -92.605
782.273564         -19.098            -92.605
782.287299         -19.158            -92.605
782.301070         -19.217            -92.604
782.314878         -19.277            -92.604
782.328722         -19.337            -92.604
782.342602         -19.397            -92.604
782.356518         -19.457            -92.604
782.370470         -19.516            -92.604
782.384458         -19.576            -92.603
782.398482         -19.636            -92.603
782.412542         -19.696            -92.603
782.426637         -19.755            -92.603
782.440769         -19.815            -92.603
782.454936         -19.875            -92.603
782.469138         -19.935            -92.602
782.483376         -19.995            -92.602
782.497650         -20.054            -92.602
782.511959         -20.114            -92.602
782.526304         -20.174            -92.602
782.540683         -20.234            -92.601
782.555098         -20.294            -92.601
782.569548         -20.353            -92.601
782.584033         -20.413            -92.601
782.598554         -20.473            -92.600
782.613109         -20.533            -92.600
782.627699         -20.592            -92.600
782.642324         -20.652            -92.600
782.656983         -20.712            -92.600
782.671678         -20.772            -92.599
782.686407         -20.832            -92.599
782.701170         -20.891            -92.599
782.715969         -20.951            -92.599
782.730801         -21.011            -92.598
782.745668         -21.071            -92.598
782.760570         -21.130            -92.598
782.775505         -21.190            -92.597
782.790475         -21.250            -92.597
782.805479         -21.310            -92.597
782.820517         -21.370            -92.597
782.835589         -21.429            -92.596
782.850695         -21.489            -92.596
782.865835         -21.549            -92.596
782.881008         -21.609            -92.596
782.896216         -21.668            -92.595
782.911457         -21.728            -92.595
782.926731         -21.788            -92.595
782.942039         -21.848            -92.594
782.957381         -21.907            -92.594
782.972756         -21.967            -92.594
782.988164         -22.027            -92.593
783.003606         -22.087            -92.593
783.019081         -22.146            -92.593
783.034589         -22.206            -92.592
783.050130         -22.266            -92.592
783.065704         -22.326            -92.592
783.081311         -22.386            -92.591
783.096950         -22.445            -92.591
783.112623         -22.505            -92.591
783.128328         -22.565            -92.590
783.144066         -22.625            -92.590
783.159837         -22.684            -92.590
783.175640         -22.744            -92.589
783.191475         -22.804            -92.589
783.207343         -22.864            -92.589
783.223243         -22.923            -92.588
783.239176         -22.983            -92.588
783.255140         -23.043            -92.587
783.271137         -23.103            -92.587
783.287166         -23.162            -92.587
783.303226         -23.222            -92.586
783.319319         -23.282            -92.586
783.335443         -23.342            -92.585
783.351599         -23.401            -92.585
783.367787         -23.461            -92.585
783.384007         -23.521            -92.584
783.400257         -23.581            -92.584
783.416540         -23.640            -92.583
783.432854         -23.700            -92.583
783.449199         -23.760            -92.583
783.465575         -23.820            -92.582
783.481983         -23.879            -92.582
783.498421         -23.939            -92.581
783.514891         -23.999            -92.581
783.531391         -24.059            -92.580
783.547923         -24.118            -92.580
783.564485         -24.178            -92.579
783.581078         -24.238            -92.579
783.597702         -24.298            -92.578
783.614356         -24.357            -92.578
783.631041         -24.417            -92.578
783.647757         -24.477            -92.577
783.664502         -24.536            -92.577
783.681278         -24.596            -92.576
783.698085         -24.656            -92.576
783.714921         -24.716            -92.575
783.731787         -24.775            -92.575
783.748684         -24.835            -92.574
783.765610         -24.895            -92.574
783.782567         -24.955            -92.573
783.799553         -25.014            -92.573
783.816569         -25.074            -92.572
783.833614         -25.134            -92.571
783.850689         -25.194            -92.571
783.867794         -25.253            -92.570
783.884927         -25.313            -92.570
783.902091         -25.373            -92.569
783.919283         -25.432            -92.569
783.936505         -25.492            -92.568
783.953756         -25.552            -92.568
783.971036         -25.612            -92.567
783.988345         -25.671            -92.566
784.005682         -25.731            -92.566
784.023049         -25.791            -92.565
784.040444         -25.851            -92.565
784.057868         -25.910            -92.564
784.075321         -25.970            -92.564
784.092802         -26.030            -92.563
784.110311         -26.089            -92.562
784.127849         -26.149            -92.562
784.145415         -26.209            -92.561
784.163010         -26.269            -92.560
784.180632         -26.328            -92.560
784.198283         -26.388            -92.559
784.215961         -26.448            -92.559
784.233668         -26.507            -92.558
784.251402         -26.567            -92.557
784.269164         -26.627            -92.557
784.286953         -26.687            -92.556
784.304771         -26.746            -92.555
784.322615         -26.806            -92.555
784.340488         -26.866            -92.554
784.358387         -26.925            -92.553
784.376314         -26.985            -92.553
784.394268         -27.045            -92.552
784.412249         -27.104            -92.551
784.430257         -27.164            -92.551
784.448292         -27.224            -92.550
784.466354         -27.284            -92.549
784.484443         -27.343            -92.548
784.502558         -27.403            -92.548
784.520700         -27.463            -92.547
784.538869         -27.522            -92.546
784.557064         -27.582            -92.546
784.575286         -27.642            -92.545
784.593534         -27.701            -92.544
784.611808         -27.761            -92.543
784.630108         -27.821            -92.543
784.648435         -27.881            -92.542
784.666787         -27.940            -92.541
784.685166         -28.000            -92.540
784.703570         -28.060            -92.540
784.722000         -28.119            -92.539
784.740455         -28.179            -92.538
784.758937         -28.239            -92.537
784.777443         -28.298            -92.536
784.795976         -28.358            -92.536
784.814533         -28.418            -92.535
784.833116         -28.477            -92.534
784.851724         -28.537            -92.533
784.870357         -28.597            -92.532
784.889016         -28.657            -92.531
784.907699         -28.716            -92.531
784.926407         -28.776            -92.530
784.945140         -28.836            -92.529
784.963897         -28.895            -92.528
784.982679         -28.955            -92.527
785.001486         -29.015            -92.526
785.020317         -29.074            -92.525
785.039173         -29.134            -92.525
785.058053         -29.194            -92.524
785.076957         -29.253            -92.523
785.095885         -29.313            -92.522
785.114838         -29.373            -92.521
785.133814         -29.432            -92.520
785.152814         -29.492            -92.519
785.171838         -29.552            -92.518
785.190886         -29.611            -92.517
785.209957         -29.671            -92.516
785.229052         -29.731            -92.515
785.248170         -29.790            -92.515
785.267312         -29.850            -92.514
785.286477         -29.910            -92.513
785.305665         -29.969            -92.512
785.324877         -30.029            -92.511
785.344111         -30.089            -92.510
785.363369         -30.148            -92.509
785.382649         -30.208            -92.508
785.401952         -30.268            -92.507
785.421278         -30.327            -92.506
785.440626         -30.387            -92.505
785.459997         -30.447            -92.504
785.479391         -30.506            -92.503
785.498807         -30.566            -92.502
785.518245         -30.626            -92.501
785.537705         -30.685            -92.500
785.557188         -30.745            -92.499
785.576692         -30.805            -92.498
785.596219         -30.864            -92.497
785.615767         -30.924            -92.495
785.635337         -30.984            -92.494
785.654929         -31.043            -92.493
785.674543         -31.103            -92.492
785.694178         -31.163            -92.491
785.713834         -31.222            -92.490
785.733512         -31.282            -92.489
785.753211         -31.341            -92.488
785.772931         -31.401            -92.487
785.792672         -31.461            -92.486
785.812435         -31.520            -92.484
785.832218         -31.580            -92.483
785.852022         -31.640            -92.482
785.871847         -31.699            -92.481
785.891693         -31.759            -92.480
785.911559         -31.819            -92.479
785.931445         -31.878            -92.478
785.951352         -31.938            -92.476
785.971280         -31.998            -92.475
785.991227         -32.057            -92.474
786.011195         -32.117            -92.473
786.031183         -32.176            -92.472
786.051191         -32.236            -92.470
786.071218         -32.296            -92.469
786.091266         -32.355            -92.468
786.111333         -32.415            -92.467
786.131420         -32.475            -92.466
786.151526         -32.534            -92.464
786.171652         -32.594            -92.463
786.191797         -32.653            -92.462
786.211961         -32.713            -92.460
786.232145         -32.773            -92.459
786.252347         -32.832            -92.458
786.272569         -32.892            -92.457
786.292810         -32.952            -92.455
786.313069         -33.011            -92.454
786.333347         -33.071            -92.453
786.353644         -33.130            -92.451
786.373960         -33.190            -92.450
786.394294         -33.250            -92.449
786.414646         -33.309            -92.447
786.435016         -33.369            -92.446
786.455405         -33.429            -92.445
786.475812         -33.488            -92.443
786.496237         -33.548            -92.442
786.516680         -33.607            -92.441
786.537141         -33.667            -92.439
786.557619         -33.727            -92.438
786.578115         -33.786            -92.436
786.598629         -33.846            -92.435
786.619161         -33.905            -92.434
786.639709         -33.965            -92.432
786.660275         -34.025            -92.431
786.680859         -34.084            -92.429
786.701459         -34.144            -92.428
786.722076         -34.203            -92.426
786.742711         -34.263            -92.425
786.763362         -34.323            -92.423
786.784030         -34.382            -92.422
786.804715         -34.442            -92.421
786.825416         -34.501            -92.419
786.846134         -34.561            -92.418
786.866868         -34.621            -92.416
786.887619         -34.680            -92.414
786.908386         -34.740            -92.413
786.929169         -34.799            -92.411
786.949968         -34.859            -92.410
786.970783         -34.919            -92.408
786.991614         -34.978            -92.407
787.012461         -35.038            -92.405
787.033323         -35.097            -92.404
787.054201         -35.157            -92.402
787.075095         -35.217            -92.400
787.096003         -35.276            -92.399
787.116928         -35.336            -92.397
787.137867         -35.395            -92.396
787.158822         -35.455            -92.394
787.179792         -35.514            -92.392
787.200776         -35.574            -92.391
787.221776         -35.634            -92.389
787.242790         -35.693            -92.387
787.263819         -35.753            -92.386
787.284863         -35.812            -92.384
787.305921         -35.872            -92.382
787.326994         -35.931            -92.381
787.348081         -35.991            -92.379
787.369182         -36.051            -92.377
787.390297         -36.110            -92.376
787.411427         -36.170            -92.374
787.432570         -36.229            -92.372
787.453727         -36.289            -92.370
787.474898         -36.348            -92.369
787.496083         -36.408            -92.367
787.517281         -36.468            -92.365
787.538493         -36.527            -92.363
787.559718         -36.587            -92.361
787.580956         -36.646            -92.360
787.602208         -36.706            -92.358
787.623473         -36.765            -92.356
787.644750         -36.825            -92.354
787.666041         -36.885            -92.352
787.687345         -36.944            -92.350
787.708661         -37.004            -92.349
787.729990         -37.063            -92.347
787.751332         -37.123            -92.345
787.772686         -37.182            -92.343
787.794053         -37.242            -92.341
787.815431         -37.301            -92.339
787.836822         -37.361            -92.337
787.858225         -37.421            -92.335
787.879641         -37.480            -92.333
787.901068         -37.540            -92.331
787.922506         -37.599            -92.329
787.943957         -37.659            -92.327
787.965419         -37.718            -92.325
787.986893         -37.778            -92.324
788.008378         -37.837            -92.322
788.029875         -37.897            -92.320
788.051383         -37.956            -92.317
788.072902         -38.016            -92.315
788.094432         -38.075            -92.313
788.115973         -38.135            -92.311
788.137525         -38.195            -92.309
788.159088         -38.254            -92.307
788.180662         -38.314            -92.305
788.202246         -38.373            -92.303
788.223840         -38.433            -92.301
788.245446         -38.492            -92.299
788.267061         -38.552            -92.297
788.288687         -38.611            -92.295
788.310322         -38.671            -92.293
788.331968         -38.730            -92.290
788.353624         -38.790            -92.288
788.375290         -38.849            -92.286
788.396965         -38.909            -92.284
788.418650         -38.968            -92.282
788.440345         -39.028            -92.279
788.462049         -39.087            -92.277
788.483763         -39.147            -92.275
788.505486         -39.207            -92.273
788.527218         -39.266            -92.271
788.548959         -39.326            -92.268
788.570709         -39.385            -92.266
788.592468         -39.445            -92.264
788.614236         -39.504            -92.261
788.636013         -39.564            -92.259
788.657798         -39.623            -92.257
788.679592         -39.683            -92.255
788.701394         -39.742            -92.252
788.723205         -39.802            -92.250
788.745023         -39.861            -92.248
788.766850         -39.921            -92.245
788.788685         -39.980            -92.243
788.810529         -40.040            -92.240
788.832379         -40.099            -92.238
788.854238         -40.159            -92.236
788.876105         -40.218            -92.233
788.897979         -40.278            -92.231
788.919860         -40.337            -92.228
788.941749         -40.397            -92.226
788.963645         -40.456            -92.223
788.985548         -40.516            -92.221
789.007459         -40.575            -92.218
789.029377         -40.635            -92.216
789.051301         -40.694            -92.213
789.073232         -40.754            -92.211
789.095170         -40.813            -92.208
789.117115         -40.873            -92.206
789.139066         -40.932            -92.203
789.161024         -40.992            -92.201
789.182988         -41.051            -92.198
789.204958         -41.111            -92.195
789.226934         -41.170            -92.193
789.248917         -41.229            -92.190
789.270905         -41.289            -92.188
789.292900         -41.348            -92.185
789.314900         -41.408            -92.182
789.336906         -41.467            -92.180
789.358917         -41.527            -92.177
789.380934         -41.586            -92.174
789.402956         -41.646            -92.171
789.424984         -41.705            -92.169
789.447016         -41.765            -92.166
789.469054         -41.824            -92.163
789.491097         -41.884            -92.160
789.513145         -41.943            -92.158
789.535198         -42.003            -92.155
789.557255         -42.062            -92.152
789.579317         -42.122            -92.149
789.601383         -42.181            -92.146
789.623454         -42.240            -92.144
789.645530         -42.300            -92.141
789.667609         -42.359            -92.138
789.689693         -42.419            -92.135
789.711781         -42.478            -92.132
789.733873         -42.538            -92.129
789.755968         -42.597            -92.126
789.778067         -42.657            -92.123
789.800171         -42.716            -92.120
789.822277         -42.776            -92.117
789.844387         -42.835            -92.114
789.866501         -42.894            -92.112
789.888617         -42.954            -92.109
789.910737         -43.013            -92.105
789.932860         -43.073            -92.102
789.954987         -43.132            -92.099
789.977116         -43.192            -92.096
789.999247         -43.251            -92.093
790.021382         -43.311            -92.090
790.043519         -43.370            -92.087
790.065659         -43.429            -92.084
790.087801         -43.489            -92.081
790.109945         -43.548            -92.078
790.132092         -43.608            -92.075
790.154240         -43.667            -92.071
790.176391         -43.727            -92.068
790.198544         -43.786            -92.065
790.220698         -43.845            -92.062
790.242855         -43.905            -92.059
790.265013         -43.964            -92.055
790.287172         -44.024            -92.052
790.309333         -44.083            -92.049
790.331496         -44.143            -92.045
790.353659         -44.202            -92.042
790.375824         -44.261            -92.039
790.397990         -44.321            -92.036
790.420157         -44.380            -92.032
790.442325         -44.440            -92.029
790.464493         -44.499            -92.025
790.486663         -44.559            -92.022
790.508832         -44.618            -92.019
790.531003         -44.677            -92.015
790.553173         -44.737            -92.012
790.575345         -44.796            -92.008
790.597516         -44.856            -92.005
790.619687         -44.915            -92.001
790.641859         -44.974            -91.998
790.664030         -45.034            -91.994
790.686201         -45.093            -91.991
790.708372         -45.153            -91.987
790.730543         -45.212            -91.984
790.752713         -45.271            -91.980
790.774882         -45.331            -91.976
790.797051         -45.390            -91.973
790.819219         -45.450            -91.969
790.841387         -45.509            -91.966
790.863553         -45.568            -91.962
790.885718         -45.628            -91.958
790.907883         -45.687            -91.955
790.930046         -45.747            -91.951
790.952207         -45.806            -91.947
790.974367         -45.865            -91.943
790.996526         -45.925            -91.940
791.018683         -45.984            -91.936
791.040839         -46.043            -91.932
791.062992         -46.103            -91.928
791.085144         -46.162            -91.924
791.107293         -46.222            -91.920
791.129441         -46.281            -91.917
791.151586         -46.340            -91.913
791.173730         -46.400            -91.909
791.195870         -46.459            -91.905
791.218009         -46.518            -91.901
791.240144         -46.578            -91.897
791.262277         -46.637            -91.893
791.284408         -46.697            -91.889
791.306535         -46.756            -91.885
791.328659         -46.815            -91.881
791.350781         -46.875            -91.877
791.372899         -46.934            -91.873
791.395014         -46.993            -91.869
791.417126         -47.053            -91.865
791.439234         -47.112            -91.861
791.461339         -47.171            -91.856
791.483440         -47.231            -91.852
791.505537         -47.290            -91.848
791.527631         -47.350            -91.844
791.549720         -47.409            -91.840
791.571806         -47.468            -91.836
791.593887         -47.528            -91.831
791.615965         -47.587            -91.827
791.638038         -47.646            -91.823
791.660106         -47.706            -91.818
791.682170         -47.765            -91.814
791.704230         -47.824            -91.810
791.726285         -47.884            -91.805
791.748335         -47.943            -91.801
791.770380         -48.002            -91.797
791.792420         -48.062            -91.792
791.814456         -48.121            -91.788
791.836486         -48.180            -91.783
791.858511         -48.240            -91.779
791.880530         -48.299            -91.774
791.902544         -48.358            -91.770
791.924552         -48.418            -91.765
791.946555         -48.477            -91.761
791.968552         -48.536            -91.756
791.990544         -48.596            -91.751
792.012529         -48.655            -91.747
792.034508         -48.714            -91.742
792.056482         -48.774            -91.738
792.078449         -48.833            -91.733
792.100410         -48.892            -91.728
792.122364         -48.952            -91.723
792.144312         -49.011            -91.719
792.166253         -49.070            -91.714
792.188188         -49.130            -91.709
792.210115         -49.189            -91.704
792.232036         -49.248            -91.699
792.253950         -49.307            -91.695
792.275857         -49.367            -91.690
792.297757         -49.426            -91.685
792.319650         -49.485            -91.680
792.341535         -49.545            -91.675
792.363413         -49.604            -91.670
792.385283         -49.663            -91.665
792.407146         -49.723            -91.660
792.429000         -49.782            -91.655
792.450848         -49.841            -91.650
792.472687         -49.900            -91.645
792.494518         -49.960            -91.640
792.516341         -50.019            -91.635
792.538156         -50.078            -91.629
792.559962         -50.138            -91.624
792.581761         -50.197            -91.619
792.603550         -50.256            -91.614
792.625332         -50.315            -91.609
792.647104         -50.375            -91.603
792.668868         -50.434            -91.598
792.690623         -50.493            -91.593
792.712369         -50.553            -91.587
792.734105         -50.612            -91.582
792.755833         -50.671            -91.577
792.777552         -50.730            -91.571
792.799261         -50.790            -91.566
792.820961         -50.849            -91.560
792.842651         -50.908            -91.555
792.864332         -50.967            -91.549
792.886003         -51.027            -91.544
792.907664         -51.086            -91.538
792.929315         -51.145            -91.533
792.950956         -51.205            -91.527
792.972588         -51.264            -91.522
792.994209         -51.323            -91.516
793.015820         -51.382            -91.510
793.037420         -51.442            -91.504
793.059010         -51.501            -91.499
793.080590         -51.560            -91.493
793.102158         -51.619            -91.487
793.123716         -51.679            -91.481
793.145264         -51.738            -91.476
793.166800         -51.797            -91.470
793.188326         -51.856            -91.464
793.209840         -51.916            -91.458
793.231343         -51.975            -91.452
793.252835         -52.034            -91.446
793.274315         -52.093            -91.440
793.295784         -52.152            -91.434
793.317242         -52.212            -91.428
793.338687         -52.271            -91.422
793.360121         -52.330            -91.416
793.381543         -52.389            -91.410
793.402954         -52.449            -91.404
793.424352         -52.508            -91.397
793.445738         -52.567            -91.391
793.467112         -52.626            -91.385
793.488473         -52.686            -91.379
793.509822         -52.745            -91.372
793.531159         -52.804            -91.366
793.552483         -52.863            -91.360
793.573795         -52.922            -91.353
793.595093         -52.982            -91.347
793.616379         -53.041            -91.340
793.637652         -53.100            -91.334
793.658912         -53.159            -91.327
793.680158         -53.218            -91.321
793.701392         -53.278            -91.314
793.722612         -53.337            -91.308
793.743819         -53.396            -91.301
793.765012         -53.455            -91.295
793.786191         -53.514            -91.288
793.807357         -53.574            -91.281
793.828510         -53.633            -91.274
793.849648         -53.692            -91.268
793.870772         -53.751            -91.261
793.891882         -53.810            -91.254
793.912979         -53.870            -91.247
793.934061         -53.929            -91.240
793.955128         -53.988            -91.233
793.976181         -54.047            -91.226
793.997220         -54.106            -91.219
794.018244         -54.166            -91.212
794.039254         -54.225            -91.205
794.060248         -54.284            -91.198
794.081228         -54.343            -91.191
794.102193         -54.402            -91.184
794.123143         -54.461            -91.177
794.144077         -54.521            -91.170
794.164997         -54.580            -91.162
794.185901         -54.639            -91.155
794.206789         -54.698            -91.148
794.227663         -54.757            -91.140
794.248520         -54.816            -91.133
794.269362         -54.876            -91.126
794.290188         -54.935            -91.118
794.310998         -54.994            -91.111
794.331793         -55.053            -91.103
794.352571         -55.112            -91.096
794.373333         -55.171            -91.088
794.394079         -55.230            -91.081
794.414809         -55.290            -91.073
794.435522         -55.349            -91.065
794.456219         -55.408            -91.057
794.476899         -55.467            -91.050
794.497563         -55.526            -91.042
794.518209         -55.585            -91.034
794.538839         -55.644            -91.026
794.559452         -55.704            -91.018
794.580048         -55.763            -91.010
794.600627         -55.822            -91.002
794.621189         -55.881            -90.994
794.641733         -55.940            -90.986
794.662260         -55.999            -90.978
794.682770         -56.058            -90.970
794.703262         -56.117            -90.962
794.723736         -56.177            -90.954
794.744193         -56.236            -90.946
794.764631         -56.295            -90.937
794.785052         -56.354            -90.929
794.805455         -56.413            -90.921
794.825840         -56.472            -90.912
794.846207         -56.531            -90.904
794.866555         -56.590            -90.895
794.886885         -56.649            -90.887
794.907197         -56.708            -90.878
794.927490         -56.768            -90.870
794.947764         -56.827            -90.861
794.968020         -56.886            -90.852
794.988257         -56.945            -90.844
795.008475         -57.004            -90.835
795.028674         -57.063            -90.826
795.048854         -57.122            -90.817
795.069015         -57.181            -90.808
795.089157         -57.240            -90.799
795.109279         -57.299            -90.791
795.129382         -57.358            -90.782
795.149466         -57.418            -90.772
795.169530         -57.477            -90.763
795.189574         -57.536            -90.754
795.209599         -57.595            -90.745
795.229604         -57.654            -90.736
795.249589         -57.713            -90.727
795.269553         -57.772            -90.717
795.289498         -57.831            -90.708
795.309423         -57.890            -90.699
795.329327         -57.949            -90.689
795.349211         -58.008            -90.680
795.369075         -58.067            -90.670
795.388918         -58.126            -90.661
795.408740         -58.185            -90.651
795.428542         -58.244            -90.641
795.448323         -58.303            -90.632
795.468083         -58.362            -90.622
795.487823         -58.422            -90.612
795.507541         -58.481            -90.602
795.527238         -58.540            -90.592
795.546914         -58.599            -90.582
795.566569         -58.658            -90.572
795.586202         -58.717            -90.562
795.605814         -58.776            -90.552
795.625404         -58.835            -90.542
795.644973         -58.894            -90.532
795.664520         -58.953            -90.522
795.684045         -59.012            -90.511
795.703548         -59.071            -90.501
795.723029         -59.130            -90.491
795.742489         -59.189            -90.480
795.761926         -59.248            -90.470
795.781341         -59.307            -90.459
795.800733         -59.366            -90.449
795.820104         -59.425            -90.438
795.839452         -59.484            -90.427
795.858777         -59.543            -90.417
795.878080         -59.602            -90.406
795.897360         -59.661            -90.395
795.916617         -59.720            -90.384
795.935851         -59.779            -90.373
795.955062         -59.838            -90.362
795.974251         -59.897            -90.351
795.993416         -59.956            -90.340
796.012558         -60.015            -90.329
796.031677         -60.074            -90.318
796.050772         -60.133            -90.306
796.069844         -60.192            -90.295
796.088892         -60.251            -90.284
796.107917         -60.310            -90.272
796.126918         -60.369            -90.261
796.145895         -60.428            -90.249
796.164849         -60.486            -90.238
796.183778         -60.545            -90.226
796.202684         -60.604            -90.214
796.221565         -60.663            -90.202
796.240422         -60.722            -90.191
796.259255         -60.781            -90.179
796.278063         -60.840            -90.167
796.296848         -60.899            -90.155
796.315607         -60.958            -90.143
796.334342         -61.017            -90.131
796.353052         -61.076            -90.118
796.371738         -61.135            -90.106
796.390399         -61.194            -90.094
796.409035         -61.253            -90.081
796.427645         -61.312            -90.069
796.446231         -61.371            -90.056
796.464792         -61.429            -90.044
796.483327         -61.488            -90.031
796.501837         -61.547            -90.019
796.520322         -61.606            -90.006
796.538781         -61.665            -89.993
796.557214         -61.724            -89.980
796.575622         -61.783            -89.967
796.594005         -61.842            -89.954
796.612361         -61.901            -89.941
796.630692         -61.960            -89.928
796.648997         -62.018            -89.915
796.667275         -62.077            -89.901
796.685528         -62.136            -89.888
796.703754         -62.195            -89.875
796.721954         -62.254            -89.861
796.740128         -62.313            -89.848
796.758275         -62.372            -89.834
796.776396         -62.431            -89.820
796.794490         -62.490            -89.806
796.812558         -62.548            -89.793
796.830599         -62.607            -89.779
796.848613         -62.666            -89.765
796.866600         -62.725            -89.751
796.884560         -62.784            -89.737
796.902493         -62.843            -89.722
796.920399         -62.901            -89.708
796.938278         -62.960            -89.694
796.956130         -63.019            -89.679
796.973954         -63.078            -89.665
796.991751         -63.137            -89.650
797.009520         -63.196            -89.636
797.027262         -63.255            -89.621
797.044976         -63.313            -89.606
797.062662         -63.372            -89.591
797.080321         -63.431            -89.576
797.097951         -63.490            -89.561
797.115554         -63.549            -89.546
797.133129         -63.607            -89.531
797.150675         -63.666            -89.516
797.168194         -63.725            -89.500
797.185684         -63.784            -89.485
797.203146         -63.843            -89.469
797.220579         -63.901            -89.454
797.237984         -63.960            -89.438
797.255360         -64.019            -89.422
797.272708         -64.078            -89.406
797.290027         -64.137            -89.390
797.307317         -64.195            -89.374
797.324578         -64.254            -89.358
797.341810         -64.313            -89.342
797.359014         -64.372            -89.326
797.376188         -64.430            -89.309
797.393333         -64.489            -89.293
797.410449         -64.548            -89.276
797.427536         -64.607            -89.260
797.444593         -64.665            -89.243
797.461621         -64.724            -89.226
797.478619         -64.783            -89.209
797.495587         -64.842            -89.192
797.512526         -64.900            -89.175
797.529436         -64.959            -89.158
797.546315         -65.018            -89.141
797.563164         -65.077            -89.123
797.579984         -65.135            -89.106
797.596774         -65.194            -89.088
797.613533         -65.253            -89.071
797.630262         -65.311            -89.053
797.646961         -65.370            -89.035
797.663630         -65.429            -89.017
797.680268         -65.488            -88.999
797.696876         -65.546            -88.981
797.713453         -65.605            -88.963
797.730000         -65.664            -88.944
797.746516         -65.722            -88.926
797.763001         -65.781            -88.907
797.779456         -65.840            -88.889
797.795879         -65.898            -88.870
797.812272         -65.957            -88.851
797.828633         -66.016            -88.832
797.844964         -66.074            -88.813
797.861263         -66.133            -88.794
797.877531         -66.192            -88.774
797.893768         -66.250            -88.755
797.909973         -66.309            -88.736
797.926147         -66.368            -88.716
797.942289         -66.426            -88.696
797.958400         -66.485            -88.676
797.974479         -66.543            -88.656
797.990526         -66.602            -88.636
798.006542         -66.661            -88.616
798.022526         -66.719            -88.596
798.038477         -66.778            -88.575
798.054397         -66.836            -88.555
798.070285         -66.895            -88.534
798.086140         -66.954            -88.513
798.101964         -67.012            -88.492
798.117755         -67.071            -88.471
798.133514         -67.129            -88.450
798.149240         -67.188            -88.429
