CaseIndex,Scenario,ModType,ChannelCoding,Rate,NumBytesInTransferFrame,NumBitsInInformationBlock,IsLDPCOnSMTF,TPCBlocksPerTF,HEnabled,EqualizerEnabled,NormalizeHChannel,NormalizeEqualizerOutput,BER,LockRate_pct,FER,CountedFrames,MatchedFrames,FrameDuration_s,MatchedDuration_s,CountedDuration_s,EVM_post_pct,MER_dB,SNR_est_dB,ResidualCFO_Hz,HGain_dB,HNormalizationGain_dB,HMeanCoeffMagnitude,HOutOfRangeMode,HSourceDuration_s,WaveformDuration_s,ExceedsHDuration,NoisePlacement,NoiseMode,NoisePSD_dBmHz,NoiseBandwidthHz,NoisePower_dBm,NoiseEquivalentSNR_dB,EqualizerMode,Success,Status,ErrorMessage,Runtime_s
1,NoH_baseline,BPSK,none,none,1115,NaN,0,NaN,0,0,0,0,0,100,0,37,39,0.000446,0.017394,0.016502,1.17245909787286,38.6180459808367,38.6180459808298,8.41443812737959e-17,0,NaN,NaN,,NaN,NaN,0,afterChannel,snr,NaN,NaN,NaN,NaN,,1,OK,,2.5233906
2,NoH_baseline,BPSK,convolutional,1/2,1115,NaN,0,NaN,0,0,0,0,0,100,0,36,38,0.000892,0.033896,0.032112,1.159486668733,38.7146848064788,38.7146848064718,2.10297335017659e-15,0,NaN,NaN,,NaN,NaN,0,afterChannel,snr,NaN,NaN,NaN,NaN,,1,OK,,2.4651481
3,NoH_baseline,BPSK,convolutional,2/3,1115,NaN,0,NaN,0,0,0,0,0,100,0,36,38,0.000669,0.025422,0.024084,1.18178299046959,38.5492453031763,38.5492453031695,-6.3522739601162e-16,0,NaN,NaN,,NaN,NaN,0,afterChannel,snr,NaN,NaN,NaN,NaN,,1,OK,,2.7436726
4,NoH_baseline,BPSK,convolutional,3/4,1115,NaN,0,NaN,0,0,0,0,0,100,0,35,37,0.000594666666666667,0.0220026666666667,0.0208133333333333,1.16636685040327,38.6632966408017,38.6632966407948,1.20983042125896e-15,0,NaN,NaN,,NaN,NaN,0,afterChannel,snr,NaN,NaN,NaN,NaN,,1,OK,,2.3977936
5,NoH_baseline,BPSK,convolutional,5/6,1116,NaN,0,NaN,0,0,0,0,0,100,0,35,38,0.00053568,0.02035584,0.0187488,1.18888400435915,38.497210320985,38.4972103209783,-1.0624608088702e-15,0,NaN,NaN,,NaN,NaN,0,afterChannel,snr,NaN,NaN,NaN,NaN,,1,OK,,2.900114
6,NoH_baseline,BPSK,convolutional,7/8,1123,NaN,0,NaN,0,0,0,0,0,100,0,35,37,0.000513371428571429,0.0189947428571429,0.017968,1.15501558577979,38.748243107255,38.7482431072479,-1.93013775982175e-15,0,NaN,NaN,,NaN,NaN,0,afterChannel,snr,NaN,NaN,NaN,NaN,,1,OK,,2.956891
7,NoH_baseline,QPSK,none,none,1115,NaN,0,NaN,0,0,0,0,0,100,0,37,39,0.000223,0.008697,0.008251,1.0237738930278,39.7959189893376,39.7959189893286,0.034363415714722,0,NaN,NaN,,NaN,NaN,0,afterChannel,snr,NaN,NaN,NaN,NaN,,1,OK,,1.7988517
8,NoH_baseline,QPSK,convolutional,1/2,1115,NaN,0,NaN,0,0,0,0,0,100,0,36,38,0.000446,0.016948,0.016056,1.04039978380303,39.6559949344666,39.6559949344579,-0.0305574247786337,0,NaN,NaN,,NaN,NaN,0,afterChannel,snr,NaN,NaN,NaN,NaN,,1,OK,,2.4819893
9,NoH_baseline,QPSK,convolutional,2/3,1115,NaN,0,NaN,0,0,0,0,0,100,0,36,38,0.0003345,0.012711,0.012042,1.0362603196862,39.6906226292346,39.6906226292258,-0.078755292424214,0,NaN,NaN,,NaN,NaN,0,afterChannel,snr,NaN,NaN,NaN,NaN,,1,OK,,2.4347266
10,NoH_baseline,QPSK,convolutional,3/4,1115,NaN,0,NaN,0,0,0,0,0,100,0,35,37,0.000297333333333333,0.0110013333333333,0.0104066666666667,1.01865832819759,39.8394291964364,39.8394291964273,-0.036393385753767,0,NaN,NaN,,NaN,NaN,0,afterChannel,snr,NaN,NaN,NaN,NaN,,1,OK,,2.2688058
11,NoH_baseline,QPSK,convolutional,5/6,1116,NaN,0,NaN,0,0,0,0,0,100,0,35,37,0.00026784,0.00991008,0.0093744,1.02319636115068,39.8008202606385,39.8008202606295,-0.0111460023151107,0,NaN,NaN,,NaN,NaN,0,afterChannel,snr,NaN,NaN,NaN,NaN,,1,OK,,2.6098241
12,NoH_baseline,QPSK,convolutional,7/8,1123,NaN,0,NaN,0,0,0,0,0,100,0,35,37,0.000256685714285714,0.00949737142857143,0.008984,1.02860902064478,39.7549934268768,39.7549934268679,-0.00394443968957968,0,NaN,NaN,,NaN,NaN,0,afterChannel,snr,NaN,NaN,NaN,NaN,,1,OK,,3.0442113
13,NoH_baseline,8PSK,none,none,1115,NaN,0,NaN,0,0,0,0,0,97.4358974358974,0,36,38,0.000148666666666667,0.00564933333333333,0.005352,1.03565708259729,39.6956804089724,39.6956804089636,0.0235806670752372,0,NaN,NaN,,NaN,NaN,0,afterChannel,snr,NaN,NaN,NaN,NaN,,1,OK,,1.9000439
14,NoH_baseline,8PSK,convolutional,1/2,1115,NaN,0,NaN,0,0,0,0,0,100,0,35,37,0.000297333333333333,0.0110013333333333,0.0104066666666667,1.02210807551914,39.810063608096,39.810063608087,0.0731640684729494,0,NaN,NaN,,NaN,NaN,0,afterChannel,snr,NaN,NaN,NaN,NaN,,1,OK,,2.4997006
15,NoH_baseline,8PSK,convolutional,2/3,1115,NaN,0,NaN,0,0,0,0,0,100,0,35,37,0.000223,0.008251,0.007805,1.00291669398957,39.9747027920978,39.9747027920884,-0.0292941720849137,0,NaN,NaN,,NaN,NaN,0,afterChannel,snr,NaN,NaN,NaN,NaN,,1,OK,,2.6851722
16,NoH_baseline,8PSK,convolutional,3/4,1115,NaN,0,NaN,0,0,0,0,0,100,0,35,37,0.000198222222222222,0.00733422222222222,0.00693777777777778,1.00061757121814,39.9946375002478,39.9946375002384,0.0312711264446356,0,NaN,NaN,,NaN,NaN,0,afterChannel,snr,NaN,NaN,NaN,NaN,,1,OK,,2.6241472
17,NoH_baseline,8PSK,convolutional,5/6,1116,NaN,0,NaN,0,0,0,0,0,100,0,35,37,0.00017856,0.00660672,0.0062496,1.03491718262955,39.7018880488958,39.701888048887,-0.0295543983149284,0,NaN,NaN,,NaN,NaN,0,afterChannel,snr,NaN,NaN,NaN,NaN,,1,OK,,2.8722679
18,NoH_baseline,8PSK,convolutional,7/8,1123,NaN,0,NaN,0,0,0,0,0,100,0,35,37,0.00017112380952381,0.00633158095238095,0.00598933333333333,1.04088961954084,39.6519064504422,39.6519064504334,0.0679303411804173,0,NaN,NaN,,NaN,NaN,0,afterChannel,snr,NaN,NaN,NaN,NaN,,1,OK,,3.1241897
19,NoH_baseline,16QAM,none,none,1115,NaN,0,NaN,0,0,0,0,0,100,0,36,39,0.0001115,0.0043485,0.004014,3.17501696621927,29.9650789928528,29.97479630991,-5.47764646810847,0,NaN,NaN,,NaN,NaN,0,afterChannel,snr,NaN,NaN,NaN,NaN,,1,OK,,1.2717347
20,NoH_baseline,16QAM,convolutional,1/2,1115,NaN,0,NaN,0,0,0,0,0,100,0,36,38,0.000223,0.008474,0.008028,2.9197052406038,30.6932198124069,30.6653356407309,7.76784126286882,0,NaN,NaN,,NaN,NaN,0,afterChannel,snr,NaN,NaN,NaN,NaN,,1,OK,,1.8677739
21,NoH_baseline,16QAM,convolutional,2/3,1115,NaN,0,NaN,0,0,0,0,0,100,0,36,38,0.00016725,0.0063555,0.006021,2.88418513801045,30.7995373073762,30.8127198323239,-8.18217612676022,0,NaN,NaN,,NaN,NaN,0,afterChannel,snr,NaN,NaN,NaN,NaN,,1,OK,,2.2006866
22,NoH_baseline,16QAM,convolutional,3/4,1115,NaN,0,NaN,0,0,0,0,0,100,0,35,37,0.000148666666666667,0.00550066666666667,0.00520333333333333,2.28831819921182,32.809671708128,32.7684795748146,2.15807719304134,0,NaN,NaN,,NaN,NaN,0,afterChannel,snr,NaN,NaN,NaN,NaN,,1,OK,,2.0344575
23,NoH_baseline,16QAM,convolutional,5/6,1116,NaN,0,NaN,0,0,0,0,0,100,0,35,37,0.00013392,0.00495504,0.0046872,2.48924296538647,32.0786542303283,32.0800437503576,-18.2358617408453,0,NaN,NaN,,NaN,NaN,0,afterChannel,snr,NaN,NaN,NaN,NaN,,1,OK,,2.2410519
24,NoH_baseline,16QAM,convolutional,7/8,1123,NaN,0,NaN,0,0,0,0,0,100,0,35,37,0.000128342857142857,0.00474868571428571,0.004492,2.75140032254948,31.2089243228813,31.2290289800229,9.26292505627304,0,NaN,NaN,,NaN,NaN,0,afterChannel,snr,NaN,NaN,NaN,NaN,,1,OK,,2.4962806
25,NoH_baseline,32QAM,none,none,1115,NaN,0,NaN,0,0,0,0,0,100,0,36,39,8.92e-05,0.0034788,0.0032112,3.91569681666339,28.1438188396632,28.0769464264478,5.46140115140586,0,NaN,NaN,,NaN,NaN,0,afterChannel,snr,NaN,NaN,NaN,NaN,,1,OK,,1.1617437
26,NoH_baseline,32QAM,convolutional,1/2,1115,NaN,0,NaN,0,0,0,0,0,100,0,35,37,0.0001784,0.0066008,0.006244,2.78459702754435,31.1047528958115,31.075819576934,-20.6697390643983,0,NaN,NaN,,NaN,NaN,0,afterChannel,snr,NaN,NaN,NaN,NaN,,1,OK,,1.9354561
27,NoH_baseline,32QAM,convolutional,2/3,1115,NaN,0,NaN,0,0,0,0,0,100,0,35,37,0.0001338,0.0049506,0.004683,3.50786801820819,29.0991351022555,29.1001772839545,-7.01991973669768,0,NaN,NaN,,NaN,NaN,0,afterChannel,snr,NaN,NaN,NaN,NaN,,1,OK,,2.0273832
28,NoH_baseline,32QAM,convolutional,3/4,1115,NaN,0,NaN,0,0,0,0,0,100,0,35,38,0.000118933333333333,0.00451946666666667,0.00416266666666667,3.63209602792648,28.7968535562829,28.8041435816701,-2.1127648644467,0,NaN,NaN,,NaN,NaN,0,afterChannel,snr,NaN,NaN,NaN,NaN,,1,OK,,1.9769302
29,NoH_baseline,32QAM,convolutional,5/6,1116,NaN,0,NaN,0,0,0,0,0,100,0,35,37,0.000107136,0.003964032,0.00374976,2.55035272501012,31.8679950114632,31.8599966322272,13.8971437464976,0,NaN,NaN,,NaN,NaN,0,afterChannel,snr,NaN,NaN,NaN,NaN,,1,OK,,2.2035512
30,NoH_baseline,32QAM,convolutional,7/8,1123,NaN,0,NaN,0,0,0,0,0,100,0,35,37,0.000102674285714286,0.00379894857142857,0.0035936,2.52784299838076,31.9449980623364,31.9802926850455,-17.1969210170533,0,NaN,NaN,,NaN,NaN,0,afterChannel,snr,NaN,NaN,NaN,NaN,,1,OK,,2.433359
31,NoH_baseline,GMSK,none,none,1115,NaN,0,NaN,0,0,0,0,0,100,0,37,39,0.000446,0.017394,0.016502,3.63537729355874,28.7890101939943,28.7890101939943,NaN,0,NaN,NaN,,NaN,NaN,0,afterChannel,snr,NaN,NaN,NaN,NaN,,1,OK,,1.9298448
32,NoH_baseline,GMSK,convolutional,1/2,1115,NaN,0,NaN,0,0,0,0,0,100,0,36,38,0.000892,0.033896,0.032112,3.63897997948375,28.7804066751598,28.7804066751598,NaN,0,NaN,NaN,,NaN,NaN,0,afterChannel,snr,NaN,NaN,NaN,NaN,,1,OK,,3.0604477
33,NoH_baseline,GMSK,convolutional,2/3,1115,NaN,0,NaN,0,0,0,0,0,100,0,36,38,0.000669,0.025422,0.024084,3.63514649192468,28.7895616583954,28.7895616583954,NaN,0,NaN,NaN,,NaN,NaN,0,afterChannel,snr,NaN,NaN,NaN,NaN,,1,OK,,2.6639256
34,NoH_baseline,GMSK,convolutional,3/4,1115,NaN,0,NaN,0,0,0,0,0,100,0,36,38,0.000594666666666667,0.0225973333333333,0.021408,3.63384163866826,28.7926800598282,28.7926800598282,NaN,0,NaN,NaN,,NaN,NaN,0,afterChannel,snr,NaN,NaN,NaN,NaN,,1,OK,,2.2958839
35,NoH_baseline,GMSK,convolutional,5/6,1116,NaN,0,NaN,0,0,0,0,0,100,0,36,38,0.00053568,0.02035584,0.01928448,3.63475778683926,28.7904904875374,28.7904904875374,NaN,0,NaN,NaN,,NaN,NaN,0,afterChannel,snr,NaN,NaN,NaN,NaN,,1,OK,,2.1627997
36,NoH_baseline,GMSK,convolutional,7/8,1123,NaN,0,NaN,0,0,0,0,0,100,0,36,38,0.000513371428571429,0.0195081142857143,0.0184813714285714,3.63669321139351,28.7858666828849,28.7858666828849,NaN,0,NaN,NaN,,NaN,NaN,0,afterChannel,snr,NaN,NaN,NaN,NaN,,1,OK,,2.0855619
37,H_EQ_rawGain_default_ChannelData,BPSK,none,none,1115,NaN,0,NaN,1,1,0,1,0,100,0,37,39,0.000446,0.017394,0.016502,1.17246913834443,38.6179715986645,38.6179715986576,-4.26862117363413e-05,16.3020446326259,1.92865493310657e-15,6.0405964252986,wrap,10,0.017904,0,afterChannel,snr,NaN,NaN,NaN,NaN,mmse,1,OK,,2.3017106
38,H_EQ_rawGain_default_ChannelData,BPSK,convolutional,1/2,1115,NaN,0,NaN,1,1,0,1,0,100,0,36,38,0.000892,0.033896,0.032112,1.15948612113081,38.7146889086505,38.7146889086434,-5.05198937176964e-06,17.144785237628,1.92865493310657e-15,6.43488121895885,wrap,10,0.035808,0,afterChannel,snr,NaN,NaN,NaN,NaN,mmse,1,OK,,3.8599358
39,H_EQ_rawGain_default_ChannelData,BPSK,convolutional,2/3,1115,NaN,0,NaN,1,1,0,1,0,100,0,36,38,0.000669,0.025422,0.024084,1.15975656706804,38.7126631925954,38.7126631925884,2.65708546352376e-05,15.9474754202051,1.92865493310657e-15,5.75870095386115,wrap,10,0.026856,0,afterChannel,snr,NaN,NaN,NaN,NaN,mmse,1,OK,,3.6177153
40,H_EQ_rawGain_default_ChannelData,BPSK,convolutional,3/4,1115,NaN,0,NaN,1,1,0,1,0,100,0,35,37,0.000594666666666667,0.0220026666666667,0.0208133333333333,1.16635860494448,38.6633580446372,38.6633580446303,-2.25099731096093e-05,16.1324801271855,1.92865493310657e-15,5.86832223523122,wrap,10,0.023872,0,afterChannel,snr,NaN,NaN,NaN,NaN,mmse,1,OK,,3.3621605
41,H_EQ_rawGain_default_ChannelData,BPSK,convolutional,5/6,1116,NaN,0,NaN,1,1,0,1,0,100,0,35,38,0.00053568,0.02035584,0.0187488,1.18886669720597,38.4973367665559,38.4973367665493,2.93049002408438e-05,16.4258284965844,1.92865493310657e-15,6.13196143267201,wrap,10,0.021504,0,afterChannel,snr,NaN,NaN,NaN,NaN,mmse,1,OK,,3.485216
42,H_EQ_rawGain_default_ChannelData,BPSK,convolutional,7/8,1123,NaN,0,NaN,1,1,0,1,0,100,0,35,37,0.000513371428571429,0.0189947428571429,0.017968,1.15500882558497,38.748293945078,38.7482939450709,-8.49209458700656e-06,16.5292322707021,1.92865493310657e-15,6.21585051123339,wrap,10,0.020608,0,afterChannel,snr,NaN,NaN,NaN,NaN,mmse,1,OK,,3.7260285
43,H_EQ_rawGain_default_ChannelData,QPSK,none,none,1115,NaN,0,NaN,1,1,0,1,0,100,0,37,39,0.000223,0.008697,0.008251,1.02607597069705,39.7764096571338,39.7764096571248,0.0448582062374304,15.5912001973869,1.92865493310657e-15,5.6909542787064,wrap,10,0.008952,0,afterChannel,snr,NaN,NaN,NaN,NaN,mmse,1,OK,,1.8192473
44,H_EQ_rawGain_default_ChannelData,QPSK,convolutional,1/2,1115,NaN,0,NaN,1,1,0,1,0,100,0,36,38,0.000446,0.016948,0.016056,1.04039886651233,39.6560025925702,39.6560025925615,-0.0305372458642043,16.301996501494,1.92865493310657e-15,6.0405964252986,wrap,10,0.017904,0,afterChannel,snr,NaN,NaN,NaN,NaN,mmse,1,OK,,2.8453493
45,H_EQ_rawGain_default_ChannelData,QPSK,convolutional,2/3,1115,NaN,0,NaN,1,1,0,1,0,100,0,36,38,0.0003345,0.012711,0.012042,1.03240305166248,39.723014408053,39.7230144080441,-0.0527660859525605,16.2379358238548,1.92865493310657e-15,6.06757655972507,wrap,10,0.013428,0,afterChannel,snr,NaN,NaN,NaN,NaN,mmse,1,OK,,2.9078371
46,H_EQ_rawGain_default_ChannelData,QPSK,convolutional,3/4,1115,NaN,0,NaN,1,1,0,1,0,100,0,35,37,0.000297333333333333,0.0110013333333333,0.0104066666666667,1.01863722271735,39.8396091603813,39.8396091603722,-0.0363617890120195,15.6684015068039,1.92865493310657e-15,5.69369944953125,wrap,10,0.011936,0,afterChannel,snr,NaN,NaN,NaN,NaN,mmse,1,OK,,2.7669913
47,H_EQ_rawGain_default_ChannelData,QPSK,convolutional,5/6,1116,NaN,0,NaN,1,1,0,1,0,100,0,35,37,0.00026784,0.00991008,0.0093744,1.02320775706431,39.8007235215368,39.8007235215277,-0.0111308386810908,15.7361348221137,1.92865493310657e-15,5.77481037320778,wrap,10,0.010752,0,afterChannel,snr,NaN,NaN,NaN,NaN,mmse,1,OK,,2.9514346
48,H_EQ_rawGain_default_ChannelData,QPSK,convolutional,7/8,1123,NaN,0,NaN,1,1,0,1,0,100,0,35,37,0.000256685714285714,0.00949737142857143,0.008984,1.02859228351045,39.7551347615156,39.7551347615067,-0.00389613319702641,15.8805430540307,1.92865493310657e-15,5.90890068330012,wrap,10,0.010304,0,afterChannel,snr,NaN,NaN,NaN,NaN,mmse,1,OK,,3.2598657
49,H_EQ_rawGain_default_ChannelData,8PSK,none,none,1115,NaN,0,NaN,1,1,0,1,0,97.4358974358974,0,36,38,0.000148666666666667,0.00564933333333333,0.005352,1.03565541986563,39.695694354047,39.6956943540382,0.0235901172974738,15.8601503255711,1.92865493310657e-15,5.85667458774498,wrap,10,0.005968,0,afterChannel,snr,NaN,NaN,NaN,NaN,mmse,1,OK,,1.9947847
50,H_EQ_rawGain_default_ChannelData,8PSK,convolutional,1/2,1115,NaN,0,NaN,1,1,0,1,0,100,0,35,37,0.000297333333333333,0.0110013333333333,0.0104066666666667,1.02210949709985,39.8100515274904,39.8100515274814,0.0731785095940051,15.6683887959863,1.92865493310657e-15,5.69369944953125,wrap,10,0.011936,0,afterChannel,snr,NaN,NaN,NaN,NaN,mmse,1,OK,,2.8739226
51,H_EQ_rawGain_default_ChannelData,8PSK,convolutional,2/3,1115,NaN,0,NaN,1,1,0,1,0,100,0,35,37,0.000223,0.008251,0.007805,1.0029231671466,39.9746467306657,39.9746467306564,-0.0292977493092771,15.5912926859656,1.92865493310657e-15,5.6909542787064,wrap,10,0.008952,0,afterChannel,snr,NaN,NaN,NaN,NaN,mmse,1,OK,,2.9916645
52,H_EQ_rawGain_default_ChannelData,8PSK,convolutional,3/4,1115,NaN,0,NaN,1,1,0,1,0,100,0,35,37,0.000198222222222222,0.00733422222222222,0.00693777777777778,1.00061593820032,39.9946516757176,39.9946516757081,0.0313581362167044,15.7482297097528,1.92865493310657e-15,5.80763619638666,wrap,10,0.007956,0,afterChannel,snr,NaN,NaN,NaN,NaN,mmse,1,OK,,2.9439643
53,H_EQ_rawGain_default_ChannelData,8PSK,convolutional,5/6,1116,NaN,0,NaN,1,1,0,1,0,100,0,35,37,0.00017856,0.00660672,0.0062496,1.03491397490582,39.701914970835,39.7019149708262,-0.0295051899089472,16.0001853729726,1.92865493310657e-15,6.01131997594111,wrap,10,0.007168,0,afterChannel,snr,NaN,NaN,NaN,NaN,mmse,1,OK,,3.1323181
54,H_EQ_rawGain_default_ChannelData,8PSK,convolutional,7/8,1123,NaN,0,NaN,1,1,0,1,0,100,0,35,37,0.00017112380952381,0.00633158095238095,0.00598933333333333,1.04088793872215,39.6519204763457,39.651920476337,0.0678576614065266,15.9834314334139,1.92865493310657e-15,5.98656283501094,wrap,10,0.006868,0,afterChannel,snr,NaN,NaN,NaN,NaN,mmse,1,OK,,3.3982328
55,H_EQ_rawGain_default_ChannelData,16QAM,none,none,1115,NaN,0,NaN,1,1,0,1,0,100,0,36,39,0.0001115,0.0043485,0.004014,3.17501610161928,29.9650813581382,29.9747986751954,-5.47767246040833,16.0678898931555,1.92865493310657e-15,5.90095048785848,wrap,10,0.004476,0,afterChannel,snr,NaN,NaN,NaN,NaN,mmse,1,OK,,1.4137919
56,H_EQ_rawGain_default_ChannelData,16QAM,convolutional,1/2,1115,NaN,0,NaN,1,1,0,1,0,100,0,36,38,0.000223,0.008474,0.008028,2.91969934021729,30.6932373656027,30.6653531939267,7.76779849978228,15.5918602137683,1.92865493310657e-15,5.6909542787064,wrap,10,0.008952,0,afterChannel,snr,NaN,NaN,NaN,NaN,mmse,1,OK,,2.1887562
57,H_EQ_rawGain_default_ChannelData,16QAM,convolutional,2/3,1115,NaN,0,NaN,1,1,0,1,0,100,0,36,38,0.00016725,0.0063555,0.006021,2.88419242827634,30.7995153523484,30.8126978772962,-8.1822530344626,15.968912399178,1.92865493310657e-15,5.96124021156482,wrap,10,0.006714,0,afterChannel,snr,NaN,NaN,NaN,NaN,mmse,1,OK,,2.453718
58,H_EQ_rawGain_default_ChannelData,16QAM,convolutional,3/4,1115,NaN,0,NaN,1,1,0,1,0,100,0,35,37,0.000148666666666667,0.00550066666666667,0.00520333333333333,2.28833459902578,32.8096094587154,32.768417325402,2.15807700988548,15.8564519778762,1.92865493310657e-15,5.85667458774498,wrap,10,0.005968,0,afterChannel,snr,NaN,NaN,NaN,NaN,mmse,1,OK,,2.2802715
59,H_EQ_rawGain_default_ChannelData,16QAM,convolutional,5/6,1116,NaN,0,NaN,1,1,0,1,0,100,0,35,37,0.00013392,0.00495504,0.0046872,2.48924116173793,32.0786605239276,32.0800500439569,-18.2358124809524,15.9277219116268,1.92865493310657e-15,5.87312894529173,wrap,10,0.005376,0,afterChannel,snr,NaN,NaN,NaN,NaN,mmse,1,OK,,2.5707195
60,H_EQ_rawGain_default_ChannelData,16QAM,convolutional,7/8,1123,NaN,0,NaN,1,1,0,1,0,100,0,35,37,0.000128342857142857,0.00474868571428571,0.004492,2.7514035269078,31.2089142070555,31.229018864197,9.26308434388559,15.9597880028417,1.92865493310657e-15,5.87906043358474,wrap,10,0.005152,0,afterChannel,snr,NaN,NaN,NaN,NaN,mmse,1,OK,,2.7748181
61,H_EQ_rawGain_default_ChannelData,32QAM,none,none,1115,NaN,0,NaN,1,1,0,1,0,100,0,36,39,8.92e-05,0.0034788,0.0032112,3.91568653492591,28.143841646882,28.0769692336666,5.46197975810328,16.7840313257154,1.92865493310657e-15,6.5549187719607,wrap,10,0.00358,0,afterChannel,snr,NaN,NaN,NaN,NaN,mmse,1,OK,,1.3391795
62,H_EQ_rawGain_default_ChannelData,32QAM,convolutional,1/2,1115,NaN,0,NaN,1,1,0,1,0,100,0,35,37,0.0001784,0.0066008,0.006244,2.78459730690448,31.104752024414,31.0758187055364,-20.6698213245543,16.0046107004028,1.92865493310657e-15,6.01125580844736,wrap,10,0.00716,0,afterChannel,snr,NaN,NaN,NaN,NaN,mmse,1,OK,,2.2078886
63,H_EQ_rawGain_default_ChannelData,32QAM,convolutional,2/3,1115,NaN,0,NaN,1,1,0,1,0,100,0,35,37,0.0001338,0.0049506,0.004683,3.50785365962525,29.0991706558514,29.1002128375504,-7.01987904383774,15.936057642745,1.92865493310657e-15,5.87338033699224,wrap,10,0.00537,0,afterChannel,snr,NaN,NaN,NaN,NaN,mmse,1,OK,,2.4423412
64,H_EQ_rawGain_default_ChannelData,32QAM,convolutional,3/4,1115,NaN,0,NaN,1,1,0,1,0,100,0,35,38,0.000118933333333333,0.00451946666666667,0.00416266666666667,3.63211197072474,28.796815430341,28.8041054557281,-2.11273958550691,15.9978637177919,1.92865493310657e-15,5.87821854278635,wrap,10,0.004774,0,afterChannel,snr,NaN,NaN,NaN,NaN,mmse,1,OK,,2.2601223
65,H_EQ_rawGain_default_ChannelData,32QAM,convolutional,5/6,1116,NaN,0,NaN,1,1,0,1,0,100,0,35,37,0.000107136,0.003964032,0.00374976,2.55035200119357,31.8679974766091,31.8599990973731,13.8974177428917,16.1470126659628,1.92865493310657e-15,5.94705958064567,wrap,10,0.0043,0,afterChannel,snr,NaN,NaN,NaN,NaN,mmse,1,OK,,2.4636141
66,H_EQ_rawGain_default_ChannelData,32QAM,convolutional,7/8,1123,NaN,0,NaN,1,1,0,1,0,100,0,35,37,0.000102674285714286,0.00379894857142857,0.0035936,2.52786087461644,31.9449366382442,31.9802312609533,-17.1971941713002,16.2468170264104,1.92865493310657e-15,6.0355681356457,wrap,10,0.00412,0,afterChannel,snr,NaN,NaN,NaN,NaN,mmse,1,OK,,2.6687099
67,H_EQ_rawGain_default_ChannelData,GMSK,none,none,1115,NaN,0,NaN,1,1,0,1,0,100,0,37,39,0.000446,0.017394,0.016502,3.63538601642734,28.7889893527509,28.7889893527509,NaN,16.3019610834679,1.92865493310657e-15,6.0405964252986,wrap,10,0.017904,0,afterChannel,snr,NaN,NaN,NaN,NaN,mmse,1,OK,,2.5386115
68,H_EQ_rawGain_default_ChannelData,GMSK,convolutional,1/2,1115,NaN,0,NaN,1,1,0,1,0,100,0,36,38,0.000892,0.033896,0.032112,3.63891580958914,28.7805598437786,28.7805598437786,NaN,17.1448430738708,1.92865493310657e-15,6.43488121895885,wrap,10,0.035808,0,afterChannel,snr,NaN,NaN,NaN,NaN,mmse,1,OK,,4.0742144
69,H_EQ_rawGain_default_ChannelData,GMSK,convolutional,2/3,1115,NaN,0,NaN,1,1,0,1,0,100,0,36,38,0.000669,0.025422,0.024084,3.63515316446895,28.7895457149031,28.7895457149031,NaN,15.9474426690022,1.92865493310657e-15,5.75870095386115,wrap,10,0.026856,0,afterChannel,snr,NaN,NaN,NaN,NaN,mmse,1,OK,,3.3872195
70,H_EQ_rawGain_default_ChannelData,GMSK,convolutional,3/4,1115,NaN,0,NaN,1,1,0,1,0,100,0,36,38,0.000594666666666667,0.0225973333333333,0.021408,3.63383570070776,28.7926942532128,28.7926942532128,NaN,16.1323808442305,1.92865493310657e-15,5.86832223523122,wrap,10,0.023872,0,afterChannel,snr,NaN,NaN,NaN,NaN,mmse,1,OK,,3.1950108
71,H_EQ_rawGain_default_ChannelData,GMSK,convolutional,5/6,1116,NaN,0,NaN,1,1,0,1,0,100,0,36,38,0.00053568,0.02035584,0.01928448,3.634735667897,28.7905433447805,28.7905433447805,NaN,16.4257973417965,1.92865493310657e-15,6.13196143267201,wrap,10,0.021504,0,afterChannel,snr,NaN,NaN,NaN,NaN,mmse,1,OK,,2.9227631
72,H_EQ_rawGain_default_ChannelData,GMSK,convolutional,7/8,1123,NaN,0,NaN,1,1,0,1,0,100,0,36,38,0.000513371428571429,0.0195081142857143,0.0184813714285714,3.63666980360917,28.7859225902914,28.7859225902914,NaN,16.5293509973349,1.92865493310657e-15,6.21585051123339,wrap,10,0.020608,0,afterChannel,snr,NaN,NaN,NaN,NaN,mmse,1,OK,,2.8982464
73,H_EQ_rawGain_std2_likely_TDL,BPSK,none,none,1115,NaN,0,NaN,1,1,0,1,0,100,0,37,39,0.000446,0.017394,0.016502,1.17246228910382,38.6180223393789,38.6180223393721,3.59647091490294e-05,14.7584278177779,1.92865493310657e-15,5.26393696534763,wrap,10,0.017904,0,afterChannel,snr,NaN,NaN,NaN,NaN,mmse,1,OK,,2.2780547
74,H_EQ_rawGain_std2_likely_TDL,BPSK,convolutional,1/2,1115,NaN,0,NaN,1,1,0,1,0,100,0,36,38,0.000892,0.033896,0.032112,1.15947988617082,38.7147356158244,38.7147356158174,-6.97088451889776e-06,16.3043836215528,1.92865493310657e-15,5.92784786775793,wrap,10,0.035808,0,afterChannel,snr,NaN,NaN,NaN,NaN,mmse,1,OK,,3.8429325
75,H_EQ_rawGain_std2_likely_TDL,BPSK,convolutional,2/3,1115,NaN,0,NaN,1,1,0,1,0,100,0,36,38,0.000669,0.025422,0.024084,1.15977105965037,38.7125546524175,38.7125546524105,-4.82047497216211e-05,15.0957692382497,1.92865493310657e-15,5.34509786088241,wrap,10,0.026856,0,afterChannel,snr,NaN,NaN,NaN,NaN,mmse,1,OK,,3.6953871
76,H_EQ_rawGain_std2_likely_TDL,BPSK,convolutional,3/4,1115,NaN,0,NaN,1,1,0,1,0,100,0,35,37,0.000594666666666667,0.0220026666666667,0.0208133333333333,1.16637399369272,38.6632434451594,38.6632434451524,-1.24167568998536e-05,14.9987823484279,1.92865493310657e-15,5.28244824745131,wrap,10,0.023872,0,afterChannel,snr,NaN,NaN,NaN,NaN,mmse,1,OK,,3.5288809
77,H_EQ_rawGain_std2_likely_TDL,BPSK,convolutional,5/6,1116,NaN,0,NaN,1,1,0,1,0,100,0,35,38,0.00053568,0.02035584,0.0187488,1.18888127208856,38.4972302827542,38.4972302827475,1.39796709122842e-05,15.2353138372403,1.92865493310657e-15,5.44588706466916,wrap,10,0.021504,0,afterChannel,snr,NaN,NaN,NaN,NaN,mmse,1,OK,,3.5978215
78,H_EQ_rawGain_std2_likely_TDL,BPSK,convolutional,7/8,1123,NaN,0,NaN,1,1,0,1,0,100,0,35,37,0.000513371428571429,0.0189947428571429,0.017968,1.15500218258924,38.7483439018337,38.7483439018266,1.13825879851197e-05,15.0146771363239,1.92865493310657e-15,5.31776710732109,wrap,10,0.020608,0,afterChannel,snr,NaN,NaN,NaN,NaN,mmse,1,OK,,3.8301855
79,H_EQ_rawGain_std2_likely_TDL,QPSK,none,none,1115,NaN,0,NaN,1,1,0,1,0,100,0,37,39,0.000223,0.008697,0.008251,1.02606743839206,39.7764818846976,39.7764818846886,0.0448422008612252,13.6783233957212,1.92865493310657e-15,4.6841080166737,wrap,10,0.008952,0,afterChannel,snr,NaN,NaN,NaN,NaN,mmse,1,OK,,1.8801298
80,H_EQ_rawGain_std2_likely_TDL,QPSK,convolutional,1/2,1115,NaN,0,NaN,1,1,0,1,0,100,0,36,38,0.000446,0.016948,0.016056,1.04040516583013,39.65595000215,39.6559500021413,-0.0305339009493764,14.7583902571755,1.92865493310657e-15,5.26393696534763,wrap,10,0.017904,0,afterChannel,snr,NaN,NaN,NaN,NaN,mmse,1,OK,,2.9199438
81,H_EQ_rawGain_std2_likely_TDL,QPSK,convolutional,2/3,1115,NaN,0,NaN,1,1,0,1,0,100,0,36,38,0.0003345,0.012711,0.012042,1.03625575219225,39.6906609138577,39.6906609138489,-0.0787668934597334,14.2767672572541,1.92865493310657e-15,4.94348087163615,wrap,10,0.013428,0,afterChannel,snr,NaN,NaN,NaN,NaN,mmse,1,OK,,2.9579396
82,H_EQ_rawGain_std2_likely_TDL,QPSK,convolutional,3/4,1115,NaN,0,NaN,1,1,0,1,0,100,0,35,37,0.000297333333333333,0.0110013333333333,0.0104066666666667,1.01865502864525,39.8394573310848,39.8394573310757,-0.0364091952862453,13.5477035674082,1.92865493310657e-15,4.59571122161988,wrap,10,0.011936,0,afterChannel,snr,NaN,NaN,NaN,NaN,mmse,1,OK,,2.9019528
83,H_EQ_rawGain_std2_likely_TDL,QPSK,convolutional,5/6,1116,NaN,0,NaN,1,1,0,1,0,100,0,35,37,0.00026784,0.00991008,0.0093744,1.02319387127367,39.8008413971711,39.8008413971621,-0.0110720513777944,13.6435720886396,1.92865493310657e-15,4.66043792896671,wrap,10,0.010752,0,afterChannel,snr,NaN,NaN,NaN,NaN,mmse,1,OK,,3.0607933
84,H_EQ_rawGain_std2_likely_TDL,QPSK,convolutional,7/8,1123,NaN,0,NaN,1,1,0,1,0,100,0,35,37,0.000256685714285714,0.00949737142857143,0.008984,1.02859463611626,39.755114895091,39.7551148950821,-0.00392170142991558,13.7705132059285,1.92865493310657e-15,4.74639414382105,wrap,10,0.010304,0,afterChannel,snr,NaN,NaN,NaN,NaN,mmse,1,OK,,3.3146628
85,H_EQ_rawGain_std2_likely_TDL,8PSK,none,none,1115,NaN,0,NaN,1,1,0,1,0,97.4358974358974,0,36,38,0.000148666666666667,0.00564933333333333,0.005352,1.03565621441044,39.6956876903192,39.6956876903104,0.0236057518189653,13.4066273761538,1.92865493310657e-15,4.50050501766133,wrap,10,0.005968,0,afterChannel,snr,NaN,NaN,NaN,NaN,mmse,1,OK,,2.0715267
86,H_EQ_rawGain_std2_likely_TDL,8PSK,convolutional,1/2,1115,NaN,0,NaN,1,1,0,1,0,100,0,35,37,0.000297333333333333,0.0110013333333333,0.0104066666666667,1.02211216829019,39.8100288277364,39.8100288277273,0.0731823656618163,13.5476509474705,1.92865493310657e-15,4.59571122161988,wrap,10,0.011936,0,afterChannel,snr,NaN,NaN,NaN,NaN,mmse,1,OK,,2.9523394
87,H_EQ_rawGain_std2_likely_TDL,8PSK,convolutional,2/3,1115,NaN,0,NaN,1,1,0,1,0,100,0,35,37,0.000223,0.008251,0.007805,1.00291737736523,39.9746968736366,39.9746968736272,-0.0292959300698789,13.6782990667422,1.92865493310657e-15,4.6841080166737,wrap,10,0.008952,0,afterChannel,snr,NaN,NaN,NaN,NaN,mmse,1,OK,,3.049714
88,H_EQ_rawGain_std2_likely_TDL,8PSK,convolutional,3/4,1115,NaN,0,NaN,1,1,0,1,0,100,0,35,37,0.000198222222222222,0.00733422222222222,0.00693777777777778,1.00061545910459,39.9946558345296,39.9946558345202,0.0312323826984533,13.6760611185218,1.92865493310657e-15,4.66824454134775,wrap,10,0.007956,0,afterChannel,snr,NaN,NaN,NaN,NaN,mmse,1,OK,,3.0251735
89,H_EQ_rawGain_std2_likely_TDL,8PSK,convolutional,5/6,1116,NaN,0,NaN,1,1,0,1,0,100,0,35,37,0.00017856,0.00660672,0.0062496,1.03491726423398,39.7018873640033,39.7018873639944,-0.0295203336626411,13.7886195759037,1.92865493310657e-15,4.7194541423526,wrap,10,0.007168,0,afterChannel,snr,NaN,NaN,NaN,NaN,mmse,1,OK,,3.2099399
90,H_EQ_rawGain_std2_likely_TDL,8PSK,convolutional,7/8,1123,NaN,0,NaN,1,1,0,1,0,100,0,35,37,0.00017112380952381,0.00633158095238095,0.00598933333333333,1.04089347949029,39.6518742404631,39.6518742404544,0.0678796483115703,13.7692135934003,1.92865493310657e-15,4.70134461289889,wrap,10,0.006868,0,afterChannel,snr,NaN,NaN,NaN,NaN,mmse,1,OK,,3.4801407
91,H_EQ_rawGain_std2_likely_TDL,16QAM,none,none,1115,NaN,0,NaN,1,1,0,1,0,100,0,36,39,0.0001115,0.0043485,0.004014,3.17502101466056,29.9650679175445,29.9747852346017,-5.47753834829003,12.9057002383583,1.92865493310657e-15,4.22274481809163,wrap,10,0.004476,0,afterChannel,snr,NaN,NaN,NaN,NaN,mmse,1,OK,,1.4668007
92,H_EQ_rawGain_std2_likely_TDL,16QAM,convolutional,1/2,1115,NaN,0,NaN,1,1,0,1,0,100,0,36,38,0.000223,0.008474,0.008028,2.91970803234924,30.6932115071914,30.6653273355154,7.76772505839531,13.6790237313557,1.92865493310657e-15,4.6841080166737,wrap,10,0.008952,0,afterChannel,snr,NaN,NaN,NaN,NaN,mmse,1,OK,,2.2960903
93,H_EQ_rawGain_std2_likely_TDL,16QAM,convolutional,2/3,1115,NaN,0,NaN,1,1,0,1,0,100,0,36,38,0.00016725,0.0063555,0.006021,2.88418619596569,30.7995341212837,30.8127166462314,-8.18227355413434,13.746809819189,1.92865493310657e-15,4.68102499681904,wrap,10,0.006714,0,afterChannel,snr,NaN,NaN,NaN,NaN,mmse,1,OK,,2.5337001
94,H_EQ_rawGain_std2_likely_TDL,16QAM,convolutional,3/4,1115,NaN,0,NaN,1,1,0,1,0,100,0,35,37,0.000148666666666667,0.00550066666666667,0.00520333333333333,2.28831609009482,32.809679713818,32.7684875805045,2.15802929603348,13.4054920207221,1.92865493310657e-15,4.50050501766133,wrap,10,0.005968,0,afterChannel,snr,NaN,NaN,NaN,NaN,mmse,1,OK,,2.3584486
95,H_EQ_rawGain_std2_likely_TDL,16QAM,convolutional,5/6,1116,NaN,0,NaN,1,1,0,1,0,100,0,35,37,0.00013392,0.00495504,0.0046872,2.48923527030617,32.0786810813519,32.0800706013812,-18.235750645961,13.060277701954,1.92865493310657e-15,4.32633594651332,wrap,10,0.005376,0,afterChannel,snr,NaN,NaN,NaN,NaN,mmse,1,OK,,2.5295531
96,H_EQ_rawGain_std2_likely_TDL,16QAM,convolutional,7/8,1123,NaN,0,NaN,1,1,0,1,0,100,0,35,37,0.000128342857142857,0.00474868571428571,0.004492,2.75140432373452,31.2089116915583,31.2290163486998,9.26296862348016,12.9623442685875,1.92865493310657e-15,4.27254661211693,wrap,10,0.005152,0,afterChannel,snr,NaN,NaN,NaN,NaN,mmse,1,OK,,2.7914257
97,H_EQ_rawGain_std2_likely_TDL,32QAM,none,none,1115,NaN,0,NaN,1,1,0,1,0,100,0,36,39,8.92e-05,0.0034788,0.0032112,3.91568476788188,28.1438455665913,28.0769731533759,5.4617133826254,13.5373013611081,1.92865493310657e-15,4.60993011145219,wrap,10,0.00358,0,afterChannel,snr,NaN,NaN,NaN,NaN,mmse,1,OK,,1.3543192
98,H_EQ_rawGain_std2_likely_TDL,32QAM,convolutional,1/2,1115,NaN,0,NaN,1,1,0,1,0,100,0,35,37,0.0001784,0.0066008,0.006244,2.78459687768362,31.1047533632665,31.075820044389,-20.6698819355633,13.7912814275294,1.92865493310657e-15,4.71933767787835,wrap,10,0.00716,0,afterChannel,snr,NaN,NaN,NaN,NaN,mmse,1,OK,,2.168974
99,H_EQ_rawGain_std2_likely_TDL,32QAM,convolutional,2/3,1115,NaN,0,NaN,1,1,0,1,0,100,0,35,37,0.0001338,0.0049506,0.004683,3.50786196648222,29.0991500870465,29.1001922687455,-7.01992955471483,13.0568094183291,1.92865493310657e-15,4.32475102598328,wrap,10,0.00537,0,afterChannel,snr,NaN,NaN,NaN,NaN,mmse,1,OK,,2.2978993
100,H_EQ_rawGain_std2_likely_TDL,32QAM,convolutional,3/4,1115,NaN,0,NaN,1,1,0,1,0,100,0,35,38,0.000118933333333333,0.00451946666666667,0.00416266666666667,3.63211000529208,28.7968201305088,28.804110155896,-2.11282994674404,12.873744790606,1.92865493310657e-15,4.21784658797929,wrap,10,0.004774,0,afterChannel,snr,NaN,NaN,NaN,NaN,mmse,1,OK,,2.2493776
101,H_EQ_rawGain_std2_likely_TDL,32QAM,convolutional,5/6,1116,NaN,0,NaN,1,1,0,1,0,100,0,35,37,0.000107136,0.003964032,0.00374976,2.55035803628583,31.8679769225509,31.8599785433149,13.8973606533748,12.9757960766859,1.92865493310657e-15,4.2522856837266,wrap,10,0.0043,0,afterChannel,snr,NaN,NaN,NaN,NaN,mmse,1,OK,,2.4216933
102,H_EQ_rawGain_std2_likely_TDL,32QAM,convolutional,7/8,1123,NaN,0,NaN,1,1,0,1,0,100,0,35,37,0.000102674285714286,0.00379894857142857,0.0035936,2.52783765885231,31.9450164094425,31.9803110321516,-17.1969169737303,13.061363477852,1.92865493310657e-15,4.30655358176907,wrap,10,0.00412,0,afterChannel,snr,NaN,NaN,NaN,NaN,mmse,1,OK,,2.7286546
103,H_EQ_rawGain_std2_likely_TDL,GMSK,none,none,1115,NaN,0,NaN,1,1,0,1,0,100,0,37,39,0.000446,0.017394,0.016502,3.63537224024046,28.789022267733,28.789022267733,NaN,14.7583332980081,1.92865493310657e-15,5.26393696534763,wrap,10,0.017904,0,afterChannel,snr,NaN,NaN,NaN,NaN,mmse,1,OK,,2.4774463
104,H_EQ_rawGain_std2_likely_TDL,GMSK,convolutional,1/2,1115,NaN,0,NaN,1,1,0,1,0,100,0,36,38,0.000892,0.033896,0.032112,3.63892184627392,28.7805454345597,28.7805454345597,NaN,16.3044241641523,1.92865493310657e-15,5.92784786775793,wrap,10,0.035808,0,afterChannel,snr,NaN,NaN,NaN,NaN,mmse,1,OK,,4.1047821
105,H_EQ_rawGain_std2_likely_TDL,GMSK,convolutional,2/3,1115,NaN,0,NaN,1,1,0,1,0,100,0,36,38,0.000669,0.025422,0.024084,3.63514780950741,28.7895585101382,28.7895585101382,NaN,15.0956798891421,1.92865493310657e-15,5.34509786088241,wrap,10,0.026856,0,afterChannel,snr,NaN,NaN,NaN,NaN,mmse,1,OK,,3.3920747
106,H_EQ_rawGain_std2_likely_TDL,GMSK,convolutional,3/4,1115,NaN,0,NaN,1,1,0,1,0,100,0,36,38,0.000594666666666667,0.0225973333333333,0.021408,3.63387778460649,28.7925936614377,28.7925936614377,NaN,14.9987145227978,1.92865493310657e-15,5.28244824745131,wrap,10,0.023872,0,afterChannel,snr,NaN,NaN,NaN,NaN,mmse,1,OK,,3.1599711
107,H_EQ_rawGain_std2_likely_TDL,GMSK,convolutional,5/6,1116,NaN,0,NaN,1,1,0,1,0,100,0,36,38,0.00053568,0.02035584,0.01928448,3.63474691164877,28.7905164757466,28.7905164757466,NaN,15.2353635443599,1.92865493310657e-15,5.44588706466916,wrap,10,0.021504,0,afterChannel,snr,NaN,NaN,NaN,NaN,mmse,1,OK,,3.0514643
108,H_EQ_rawGain_std2_likely_TDL,GMSK,convolutional,7/8,1123,NaN,0,NaN,1,1,0,1,0,100,0,36,38,0.000513371428571429,0.0195081142857143,0.0184813714285714,3.63667965221179,28.7858990677381,28.7858990677381,NaN,15.0147326475902,1.92865493310657e-15,5.31776710732109,wrap,10,0.020608,0,afterChannel,snr,NaN,NaN,NaN,NaN,mmse,1,OK,,2.8946181
109,H_EQ_rawGain_std3_likely_CDL,BPSK,none,none,1115,NaN,0,NaN,1,1,0,1,0,100,0,37,39,0.000446,0.017394,0.016502,1.17246857216409,38.6179757930445,38.6179757930376,2.59796529439766e-05,16.1009394730613,1.92865493310657e-15,5.85082815244608,wrap,10,0.017904,0,afterChannel,snr,NaN,NaN,NaN,NaN,mmse,1,OK,,2.3195252
110,H_EQ_rawGain_std3_likely_CDL,BPSK,convolutional,1/2,1115,NaN,0,NaN,1,1,0,1,0,100,0,36,38,0.000892,0.033896,0.032112,1.15948308494006,38.7147116532541,38.7147116532471,2.32016114164925e-05,16.4378826417476,1.92865493310657e-15,5.88142990639879,wrap,10,0.035808,0,afterChannel,snr,NaN,NaN,NaN,NaN,mmse,1,OK,,3.9299086
111,H_EQ_rawGain_std3_likely_CDL,BPSK,convolutional,2/3,1115,NaN,0,NaN,1,1,0,1,0,100,0,36,38,0.000669,0.025422,0.024084,1.18175694187915,38.5494367576795,38.5494367576728,-7.98046059986996e-05,15.7183098102281,1.92865493310657e-15,5.59892212816039,wrap,10,0.026856,0,afterChannel,snr,NaN,NaN,NaN,NaN,mmse,1,OK,,3.6890902
112,H_EQ_rawGain_std3_likely_CDL,BPSK,convolutional,3/4,1115,NaN,0,NaN,1,1,0,1,0,100,0,35,37,0.000594666666666667,0.0220026666666667,0.0208133333333333,1.16636206401818,38.6633322849028,38.6633322848959,-4.93250013190245e-05,15.8284944758018,1.92865493310657e-15,5.66713878823609,wrap,10,0.023872,0,afterChannel,snr,NaN,NaN,NaN,NaN,mmse,1,OK,,3.4937449
113,H_EQ_rawGain_std3_likely_CDL,BPSK,convolutional,5/6,1116,NaN,0,NaN,1,1,0,1,0,100,0,35,38,0.00053568,0.02035584,0.0187488,1.18828536952916,38.5015849997385,38.5015849997318,-3.27505582310886e-05,16.017662466743,1.92865493310657e-15,5.77874163482803,wrap,10,0.021504,0,afterChannel,snr,NaN,NaN,NaN,NaN,mmse,1,OK,,3.6305603
114,H_EQ_rawGain_std3_likely_CDL,BPSK,convolutional,7/8,1123,NaN,0,NaN,1,1,0,1,0,100,0,35,37,0.000513371428571429,0.0189947428571429,0.017968,1.15501415535872,38.7482538642416,38.7482538642345,8.53573297281147e-06,16.1478695094322,1.92865493310657e-15,5.8798354265235,wrap,10,0.020608,0,afterChannel,snr,NaN,NaN,NaN,NaN,mmse,1,OK,,3.7667068
115,H_EQ_rawGain_std3_likely_CDL,QPSK,none,none,1115,NaN,0,NaN,1,1,0,1,0,100,0,37,39,0.000223,0.008697,0.008251,1.02606843620399,39.7764734380012,39.7764734379923,0.0448517618799389,13.8690398387119,1.92865493310657e-15,4.72318272911757,wrap,10,0.008952,0,afterChannel,snr,NaN,NaN,NaN,NaN,mmse,1,OK,,1.8473342
116,H_EQ_rawGain_std3_likely_CDL,QPSK,convolutional,1/2,1115,NaN,0,NaN,1,1,0,1,0,100,0,36,38,0.000446,0.016948,0.016056,1.04040722726547,39.6559327921411,39.6559327921324,-0.0305235217089592,16.1007953543803,1.92865493310657e-15,5.85082815244608,wrap,10,0.017904,0,afterChannel,snr,NaN,NaN,NaN,NaN,mmse,1,OK,,2.8374561
117,H_EQ_rawGain_std3_likely_CDL,QPSK,convolutional,2/3,1115,NaN,0,NaN,1,1,0,1,0,100,0,36,38,0.0003345,0.012711,0.012042,1.03712880550407,39.6833460670921,39.6833460670833,0.0546970973577219,15.2571527488917,1.92865493310657e-15,5.42514071569369,wrap,10,0.013428,0,afterChannel,snr,NaN,NaN,NaN,NaN,mmse,1,OK,,2.8885895
118,H_EQ_rawGain_std3_likely_CDL,QPSK,convolutional,3/4,1115,NaN,0,NaN,1,1,0,1,0,100,0,35,37,0.000297333333333333,0.0110013333333333,0.0104066666666667,1.01864391751708,39.8395520742085,39.8395520741994,-0.0364128422420123,14.242957105506,1.92865493310657e-15,4.92628022072505,wrap,10,0.011936,0,afterChannel,snr,NaN,NaN,NaN,NaN,mmse,1,OK,,2.7458248
119,H_EQ_rawGain_std3_likely_CDL,QPSK,convolutional,5/6,1116,NaN,0,NaN,1,1,0,1,0,100,0,35,37,0.00026784,0.00991008,0.0093744,1.02319116815198,39.8008643439932,39.8008643439841,-0.0111443703947814,14.339075042785,1.92865493310657e-15,4.98620765549392,wrap,10,0.010752,0,afterChannel,snr,NaN,NaN,NaN,NaN,mmse,1,OK,,2.9599215
120,H_EQ_rawGain_std3_likely_CDL,QPSK,convolutional,7/8,1123,NaN,0,NaN,1,1,0,1,0,100,0,35,37,0.000256685714285714,0.00949737142857143,0.008984,1.02860991847254,39.7549858453475,39.7549858453386,-0.00394795414358012,14.1225498185767,1.92865493310657e-15,4.87344824265656,wrap,10,0.010304,0,afterChannel,snr,NaN,NaN,NaN,NaN,mmse,1,OK,,3.2626974
121,H_EQ_rawGain_std3_likely_CDL,8PSK,none,none,1115,NaN,0,NaN,1,1,0,1,0,97.4358974358974,0,36,38,0.000148666666666667,0.00564933333333333,0.005352,1.03910076333744,39.6668467227817,39.666846722773,-0.011570415383998,14.4408433578893,1.92865493310657e-15,5.09324742305439,wrap,10,0.005968,0,afterChannel,snr,NaN,NaN,NaN,NaN,mmse,1,OK,,1.9914174
122,H_EQ_rawGain_std3_likely_CDL,8PSK,convolutional,1/2,1115,NaN,0,NaN,1,1,0,1,0,100,0,35,37,0.000297333333333333,0.0110013333333333,0.0104066666666667,1.0221153067454,39.810002157245,39.810002157236,0.0731898560188579,14.2430037430828,1.92865493310657e-15,4.92628022072505,wrap,10,0.011936,0,afterChannel,snr,NaN,NaN,NaN,NaN,mmse,1,OK,,2.8809191
123,H_EQ_rawGain_std3_likely_CDL,8PSK,convolutional,2/3,1115,NaN,0,NaN,1,1,0,1,0,100,0,35,37,0.000223,0.008251,0.007805,1.00292352542405,39.9746436277781,39.9746436277687,-0.0292979590683088,13.8690949231381,1.92865493310657e-15,4.72318272911757,wrap,10,0.008952,0,afterChannel,snr,NaN,NaN,NaN,NaN,mmse,1,OK,,2.9671389
124,H_EQ_rawGain_std3_likely_CDL,8PSK,convolutional,3/4,1115,NaN,0,NaN,1,1,0,1,0,100,0,35,37,0.000198222222222222,0.00733422222222222,0.00693777777777778,1.00062052866209,39.9946118281083,39.9946118280989,0.0311919927333368,13.6950885024133,1.92865493310657e-15,4.60758367182172,wrap,10,0.007956,0,afterChannel,snr,NaN,NaN,NaN,NaN,mmse,1,OK,,2.9517914
125,H_EQ_rawGain_std3_likely_CDL,8PSK,convolutional,5/6,1116,NaN,0,NaN,1,1,0,1,0,100,0,35,37,0.00017856,0.00660672,0.0062496,1.03492535919776,39.7018194245752,39.7018194245664,-0.0295079658279231,13.9390631655199,1.92865493310657e-15,4.75567031687267,wrap,10,0.007168,0,afterChannel,snr,NaN,NaN,NaN,NaN,mmse,1,OK,,3.1481631
126,H_EQ_rawGain_std3_likely_CDL,8PSK,convolutional,7/8,1123,NaN,0,NaN,1,1,0,1,0,100,0,35,37,0.00017112380952381,0.00633158095238095,0.00598933333333333,1.04088793169108,39.6519205350178,39.6519205350091,0.0678412724109958,14.0775862737755,1.92865493310657e-15,4.85305591708535,wrap,10,0.006868,0,afterChannel,snr,NaN,NaN,NaN,NaN,mmse,1,OK,,3.3346263
127,H_EQ_rawGain_std3_likely_CDL,16QAM,none,none,1115,NaN,0,NaN,1,1,0,1,0,100,0,36,39,0.0001115,0.0043485,0.004014,3.17501620456066,29.9650810765215,29.9747983935787,-5.47762974789863,14.4196128049698,1.92865493310657e-15,5.02945530751402,wrap,10,0.004476,0,afterChannel,snr,NaN,NaN,NaN,NaN,mmse,1,OK,,1.4114826
128,H_EQ_rawGain_std3_likely_CDL,16QAM,convolutional,1/2,1115,NaN,0,NaN,1,1,0,1,0,100,0,36,38,0.000223,0.008474,0.008028,2.91970693919822,30.6932147592258,30.6653305875498,7.7677879882975,13.8677502421757,1.92865493310657e-15,4.72318272911757,wrap,10,0.008952,0,afterChannel,snr,NaN,NaN,NaN,NaN,mmse,1,OK,,2.1657803
129,H_EQ_rawGain_std3_likely_CDL,16QAM,convolutional,2/3,1115,NaN,0,NaN,1,1,0,1,0,100,0,36,38,0.00016725,0.0063555,0.006021,2.88418714054309,30.7995312766359,30.8127138015837,-8.18230170487625,14.1497516082624,1.92865493310657e-15,4.90126830444121,wrap,10,0.006714,0,afterChannel,snr,NaN,NaN,NaN,NaN,mmse,1,OK,,2.4341101
130,H_EQ_rawGain_std3_likely_CDL,16QAM,convolutional,3/4,1115,NaN,0,NaN,1,1,0,1,0,100,0,35,37,0.000148666666666667,0.00550066666666667,0.00520333333333333,2.2883216454451,32.8096586270891,32.7684664937757,2.15799321505078,14.4347203402134,1.92865493310657e-15,5.09324742305439,wrap,10,0.005968,0,afterChannel,snr,NaN,NaN,NaN,NaN,mmse,1,OK,,2.2818665
131,H_EQ_rawGain_std3_likely_CDL,16QAM,convolutional,5/6,1116,NaN,0,NaN,1,1,0,1,0,100,0,35,37,0.00013392,0.00495504,0.0046872,2.48923952633339,32.0786662304651,32.0800557504944,-18.2358211049468,14.5087192797371,1.92865493310657e-15,5.12032152731346,wrap,10,0.005376,0,afterChannel,snr,NaN,NaN,NaN,NaN,mmse,1,OK,,2.4789731
132,H_EQ_rawGain_std3_likely_CDL,16QAM,convolutional,7/8,1123,NaN,0,NaN,1,1,0,1,0,100,0,35,37,0.000128342857142857,0.00474868571428571,0.004492,2.75140555468246,31.2089078055879,31.2290124627294,9.26292779925116,14.4722133262322,1.92865493310657e-15,5.09222090541483,wrap,10,0.005152,0,afterChannel,snr,NaN,NaN,NaN,NaN,mmse,1,OK,,2.7835634
133,H_EQ_rawGain_std3_likely_CDL,32QAM,none,none,1115,NaN,0,NaN,1,1,0,1,0,100,0,36,39,8.92e-05,0.0034788,0.0032112,3.91569120673011,28.1438312837564,28.076958870541,5.4613403065151,14.988264814033,1.92865493310657e-15,5.4279347918529,wrap,10,0.00358,0,afterChannel,snr,NaN,NaN,NaN,NaN,mmse,1,OK,,1.2929123
134,H_EQ_rawGain_std3_likely_CDL,32QAM,convolutional,1/2,1115,NaN,0,NaN,1,1,0,1,0,100,0,35,37,0.0001784,0.0066008,0.006244,2.7845977654568,31.1047505940691,31.0758172751916,-20.66974098463,13.9478123303014,1.92865493310657e-15,4.75825042986331,wrap,10,0.00716,0,afterChannel,snr,NaN,NaN,NaN,NaN,mmse,1,OK,,2.1561171
135,H_EQ_rawGain_std3_likely_CDL,32QAM,convolutional,2/3,1115,NaN,0,NaN,1,1,0,1,0,100,0,35,37,0.0001338,0.0049506,0.004683,3.50785072301031,29.0991779272847,29.1002201089837,-7.02011415096449,14.5128646601973,1.92865493310657e-15,5.1197908840137,wrap,10,0.00537,0,afterChannel,snr,NaN,NaN,NaN,NaN,mmse,1,OK,,2.2597959
136,H_EQ_rawGain_std3_likely_CDL,32QAM,convolutional,3/4,1115,NaN,0,NaN,1,1,0,1,0,100,0,35,38,0.000118933333333333,0.00451946666666667,0.00416266666666667,3.63210254238609,28.7968379774475,28.8041280028346,-2.11274506298017,14.3977389722595,1.92865493310657e-15,5.03350444131949,wrap,10,0.004774,0,afterChannel,snr,NaN,NaN,NaN,NaN,mmse,1,OK,,2.2138927
137,H_EQ_rawGain_std3_likely_CDL,32QAM,convolutional,5/6,1116,NaN,0,NaN,1,1,0,1,0,100,0,35,37,0.000107136,0.003964032,0.00374976,2.55035458314137,31.8679886831161,31.8599903038801,13.8972716677025,14.4796918954283,1.92865493310657e-15,5.06828548822991,wrap,10,0.0043,0,afterChannel,snr,NaN,NaN,NaN,NaN,mmse,1,OK,,2.3790171
138,H_EQ_rawGain_std3_likely_CDL,32QAM,convolutional,7/8,1123,NaN,0,NaN,1,1,0,1,0,100,0,35,37,0.000102674285714286,0.00379894857142857,0.0035936,2.52785033940639,31.9449728379669,31.980267460676,-17.196710141834,14.6031154749462,1.92865493310657e-15,5.14797336985426,wrap,10,0.00412,0,afterChannel,snr,NaN,NaN,NaN,NaN,mmse,1,OK,,2.5701624
139,H_EQ_rawGain_std3_likely_CDL,GMSK,none,none,1115,NaN,0,NaN,1,1,0,1,0,100,0,37,39,0.000446,0.017394,0.016502,3.63538245899599,28.7889978523906,28.7889978523906,NaN,16.1007425880782,1.92865493310657e-15,5.85082815244608,wrap,10,0.017904,0,afterChannel,snr,NaN,NaN,NaN,NaN,mmse,1,OK,,2.3863807
140,H_EQ_rawGain_std3_likely_CDL,GMSK,convolutional,1/2,1115,NaN,0,NaN,1,1,0,1,0,100,0,36,38,0.000892,0.033896,0.032112,3.63892027645318,28.7805491816291,28.7805491816291,NaN,16.4378350376663,1.92865493310657e-15,5.88142990639879,wrap,10,0.035808,0,afterChannel,snr,NaN,NaN,NaN,NaN,mmse,1,OK,,3.966531
141,H_EQ_rawGain_std3_likely_CDL,GMSK,convolutional,2/3,1115,NaN,0,NaN,1,1,0,1,0,100,0,36,38,0.000669,0.025422,0.024084,3.63517705685939,28.7894886262537,28.7894886262537,NaN,15.7181600047366,1.92865493310657e-15,5.59892212816039,wrap,10,0.026856,0,afterChannel,snr,NaN,NaN,NaN,NaN,mmse,1,OK,,3.299702
142,H_EQ_rawGain_std3_likely_CDL,GMSK,convolutional,3/4,1115,NaN,0,NaN,1,1,0,1,0,100,0,36,38,0.000594666666666667,0.0225973333333333,0.021408,3.63382606634502,28.7927172820807,28.7927172820807,NaN,15.8283751547981,1.92865493310657e-15,5.66713878823609,wrap,10,0.023872,0,afterChannel,snr,NaN,NaN,NaN,NaN,mmse,1,OK,,3.1292683
143,H_EQ_rawGain_std3_likely_CDL,GMSK,convolutional,5/6,1116,NaN,0,NaN,1,1,0,1,0,100,0,36,38,0.00053568,0.02035584,0.01928448,3.63474111804814,28.7905303206214,28.7905303206214,NaN,16.0175891807929,1.92865493310657e-15,5.77874163482803,wrap,10,0.021504,0,afterChannel,snr,NaN,NaN,NaN,NaN,mmse,1,OK,,2.8813641
144,H_EQ_rawGain_std3_likely_CDL,GMSK,convolutional,7/8,1123,NaN,0,NaN,1,1,0,1,0,100,0,36,38,0.000513371428571429,0.0195081142857143,0.0184813714285714,3.63666979036395,28.7859226219266,28.7859226219266,NaN,16.1480006204231,1.92865493310657e-15,5.8798354265235,wrap,10,0.020608,0,afterChannel,snr,NaN,NaN,NaN,NaN,mmse,1,OK,,2.8104101
145,H_EQ_rawGain_std4_likely_ITU_P681,BPSK,none,none,1115,NaN,0,NaN,1,1,0,1,0,100,0,37,39,0.000446,0.017394,0.016502,1.17246145915173,38.6180284878708,38.6180284878639,-1.86569058587881e-05,15.8961239776115,1.92865493310657e-15,5.65528363681581,wrap,10,0.017904,0,afterChannel,snr,NaN,NaN,NaN,NaN,mmse,1,OK,,2.2329075
146,H_EQ_rawGain_std4_likely_ITU_P681,BPSK,convolutional,1/2,1115,NaN,0,NaN,1,1,0,1,0,100,0,36,38,0.000892,0.033896,0.032112,1.15947038680045,38.7148067777493,38.7148067777423,-0.000139197835321381,15.9104531271049,1.92865493310657e-15,5.56582206987132,wrap,10,0.035808,0,afterChannel,snr,NaN,NaN,NaN,NaN,mmse,1,OK,,3.7429265
147,H_EQ_rawGain_std4_likely_ITU_P681,BPSK,convolutional,2/3,1115,NaN,0,NaN,1,1,0,1,0,100,0,36,38,0.000669,0.025422,0.024084,1.1597546771988,38.7126773466079,38.7126773466009,9.57489225158447e-06,15.9383508509658,1.92865493310657e-15,5.60979803740263,wrap,10,0.026856,0,afterChannel,snr,NaN,NaN,NaN,NaN,mmse,1,OK,,3.5915819
148,H_EQ_rawGain_std4_likely_ITU_P681,BPSK,convolutional,3/4,1115,NaN,0,NaN,1,1,0,1,0,100,0,35,37,0.000594666666666667,0.0220026666666667,0.0208133333333333,1.16633843557968,38.6635082474914,38.6635082474845,-5.67068302250691e-05,16.2107680538157,1.92865493310657e-15,5.78871765635339,wrap,10,0.023872,0,afterChannel,snr,NaN,NaN,NaN,NaN,mmse,1,OK,,3.4280281
149,H_EQ_rawGain_std4_likely_ITU_P681,BPSK,convolutional,5/6,1116,NaN,0,NaN,1,1,0,1,0,100,0,35,38,0.00053568,0.02035584,0.0187488,1.18888647920619,38.4971922399731,38.4971922399664,-1.41776391811978e-05,16.263537905538,1.92865493310657e-15,5.80892286225016,wrap,10,0.021504,0,afterChannel,snr,NaN,NaN,NaN,NaN,mmse,1,OK,,3.4577972
150,H_EQ_rawGain_std4_likely_ITU_P681,BPSK,convolutional,7/8,1123,NaN,0,NaN,1,1,0,1,0,100,0,35,37,0.000513371428571429,0.0189947428571429,0.017968,1.1550163140645,38.7482376304469,38.7482376304398,-1.13566312415354e-05,16.3442995685798,1.92865493310657e-15,5.87352345194337,wrap,10,0.020608,0,afterChannel,snr,NaN,NaN,NaN,NaN,mmse,1,OK,,3.7493914
151,H_EQ_rawGain_std4_likely_ITU_P681,QPSK,none,none,1115,NaN,0,NaN,1,1,0,1,0,100,0,37,39,0.000223,0.008697,0.008251,1.02606409670361,39.7765101728815,39.7765101728725,0.044852331345211,14.4315576001165,1.92865493310657e-15,4.99622386751506,wrap,10,0.008952,0,afterChannel,snr,NaN,NaN,NaN,NaN,mmse,1,OK,,1.816213
152,H_EQ_rawGain_std4_likely_ITU_P681,QPSK,convolutional,1/2,1115,NaN,0,NaN,1,1,0,1,0,100,0,36,38,0.000446,0.016948,0.016056,1.04041092233533,39.655901943728,39.6559019437193,-0.0305371517696573,15.8961680478995,1.92865493310657e-15,5.65528363681581,wrap,10,0.017904,0,afterChannel,snr,NaN,NaN,NaN,NaN,mmse,1,OK,,2.8343082
153,H_EQ_rawGain_std4_likely_ITU_P681,QPSK,convolutional,2/3,1115,NaN,0,NaN,1,1,0,1,0,100,0,36,38,0.0003345,0.012711,0.012042,1.03240614809298,39.7229883569742,39.7229883569653,-0.0526953205005741,15.3387319711581,1.92865493310657e-15,5.3024535151063,wrap,10,0.013428,0,afterChannel,snr,NaN,NaN,NaN,NaN,mmse,1,OK,,2.923392
154,H_EQ_rawGain_std4_likely_ITU_P681,QPSK,convolutional,3/4,1115,NaN,0,NaN,1,1,0,1,0,100,0,35,37,0.000297333333333333,0.0110013333333333,0.0104066666666667,1.018648169286,39.8395158198139,39.8395158198048,-0.0364008278792813,14.446478376656,1.92865493310657e-15,4.90861269275756,wrap,10,0.011936,0,afterChannel,snr,NaN,NaN,NaN,NaN,mmse,1,OK,,2.7634516
155,H_EQ_rawGain_std4_likely_ITU_P681,QPSK,convolutional,5/6,1116,NaN,0,NaN,1,1,0,1,0,100,0,35,37,0.00026784,0.00991008,0.0093744,1.02319490373118,39.8008326326469,39.8008326326379,-0.0111561686367648,14.2690456423841,1.92865493310657e-15,4.80431836782375,wrap,10,0.010752,0,afterChannel,snr,NaN,NaN,NaN,NaN,mmse,1,OK,,2.9547525
156,H_EQ_rawGain_std4_likely_ITU_P681,QPSK,convolutional,7/8,1123,NaN,0,NaN,1,1,0,1,0,100,0,35,37,0.000256685714285714,0.00949737142857143,0.008984,1.0286074381124,39.7550067902752,39.7550067902663,-0.00394929703330265,14.0281250861293,1.92865493310657e-15,4.67752618793605,wrap,10,0.010304,0,afterChannel,snr,NaN,NaN,NaN,NaN,mmse,1,OK,,3.2588792
157,H_EQ_rawGain_std4_likely_ITU_P681,8PSK,none,none,1115,NaN,0,NaN,1,1,0,1,0,97.4358974358974,0,36,38,0.000148666666666667,0.00564933333333333,0.005352,1.03565429487476,39.6957037891851,39.6957037891763,0.0235574906606872,14.040748838279,1.92865493310657e-15,4.76855136943806,wrap,10,0.005968,0,afterChannel,snr,NaN,NaN,NaN,NaN,mmse,1,OK,,2.0052956
158,H_EQ_rawGain_std4_likely_ITU_P681,8PSK,convolutional,1/2,1115,NaN,0,NaN,1,1,0,1,0,100,0,35,37,0.000297333333333333,0.0110013333333333,0.0104066666666667,1.02818991338244,39.7585332181684,39.7585332181594,0.0316201825149247,14.4464209875004,1.92865493310657e-15,4.90861269275756,wrap,10,0.011936,0,afterChannel,snr,NaN,NaN,NaN,NaN,mmse,1,OK,,2.892205
159,H_EQ_rawGain_std4_likely_ITU_P681,8PSK,convolutional,2/3,1115,NaN,0,NaN,1,1,0,1,0,100,0,35,37,0.000223,0.008251,0.007805,1.00292218276537,39.9746552559757,39.9746552559663,-0.0292907265960203,14.4314558333188,1.92865493310657e-15,4.99622386751506,wrap,10,0.008952,0,afterChannel,snr,NaN,NaN,NaN,NaN,mmse,1,OK,,3.0345194
160,H_EQ_rawGain_std4_likely_ITU_P681,8PSK,convolutional,3/4,1115,NaN,0,NaN,1,1,0,1,0,100,0,35,37,0.000198222222222222,0.00733422222222222,0.00693777777777778,1.00062646865621,39.9945602661238,39.9945602661143,0.0312377394573208,14.3965109473411,1.92865493310657e-15,4.9509623219501,wrap,10,0.007956,0,afterChannel,snr,NaN,NaN,NaN,NaN,mmse,1,OK,,2.9338001
161,H_EQ_rawGain_std4_likely_ITU_P681,8PSK,convolutional,5/6,1116,NaN,0,NaN,1,1,0,1,0,100,0,35,37,0.00017856,0.00660672,0.0062496,1.03491590138169,39.701898802205,39.7018988021961,-0.0295312997170906,14.5923578118485,1.92865493310657e-15,5.06789729914634,wrap,10,0.007168,0,afterChannel,snr,NaN,NaN,NaN,NaN,mmse,1,OK,,3.2078865
162,H_EQ_rawGain_std4_likely_ITU_P681,8PSK,convolutional,7/8,1123,NaN,0,NaN,1,1,0,1,0,100,0,35,37,0.00017112380952381,0.00633158095238095,0.00598933333333333,1.04089254339808,39.6518820518266,39.6518820518179,0.0678682439961594,14.4367074626324,1.92865493310657e-15,4.97563770096965,wrap,10,0.006868,0,afterChannel,snr,NaN,NaN,NaN,NaN,mmse,1,OK,,3.3894098
163,H_EQ_rawGain_std4_likely_ITU_P681,16QAM,none,none,1115,NaN,0,NaN,1,1,0,1,0,100,0,36,39,0.0001115,0.0043485,0.004014,3.17501255031265,29.965091073451,29.9748083905082,-5.4777458767125,13.8613683410848,1.92865493310657e-15,4.63289572906319,wrap,10,0.004476,0,afterChannel,snr,NaN,NaN,NaN,NaN,mmse,1,OK,,1.397702
164,H_EQ_rawGain_std4_likely_ITU_P681,16QAM,convolutional,1/2,1115,NaN,0,NaN,1,1,0,1,0,100,0,36,38,0.000223,0.008474,0.008028,2.91969058635804,30.6932634077257,30.6653792360497,7.76782171426299,14.4352438375486,1.92865493310657e-15,4.99622386751506,wrap,10,0.008952,0,afterChannel,snr,NaN,NaN,NaN,NaN,mmse,1,OK,,2.170579
165,H_EQ_rawGain_std4_likely_ITU_P681,16QAM,convolutional,2/3,1115,NaN,0,NaN,1,1,0,1,0,100,0,36,38,0.00016725,0.0063555,0.006021,2.88418917670341,30.7995251446283,30.812707669576,-8.18222770771725,14.2769736759324,1.92865493310657e-15,4.89920022040114,wrap,10,0.006714,0,afterChannel,snr,NaN,NaN,NaN,NaN,mmse,1,OK,,2.5163289
166,H_EQ_rawGain_std4_likely_ITU_P681,16QAM,convolutional,3/4,1115,NaN,0,NaN,1,1,0,1,0,100,0,35,37,0.000148666666666667,0.00550066666666667,0.00520333333333333,2.2883294574897,32.8096289745962,32.7684368412827,2.15807972945923,14.0403711710695,1.92865493310657e-15,4.76855136943806,wrap,10,0.005968,0,afterChannel,snr,NaN,NaN,NaN,NaN,mmse,1,OK,,2.3088057
167,H_EQ_rawGain_std4_likely_ITU_P681,16QAM,convolutional,5/6,1116,NaN,0,NaN,1,1,0,1,0,100,0,35,37,0.00013392,0.00495504,0.0046872,2.48924227409247,32.0786566425092,32.0800461625384,-18.2358398491722,14.0305329417021,1.92865493310657e-15,4.75061611756806,wrap,10,0.005376,0,afterChannel,snr,NaN,NaN,NaN,NaN,mmse,1,OK,,2.4800276
168,H_EQ_rawGain_std4_likely_ITU_P681,16QAM,convolutional,7/8,1123,NaN,0,NaN,1,1,0,1,0,100,0,35,37,0.000128342857142857,0.00474868571428571,0.004492,2.75140357217785,31.2089140641427,31.2290187212843,9.26298585398128,13.8657066291868,1.92865493310657e-15,4.65952821175276,wrap,10,0.005152,0,afterChannel,snr,NaN,NaN,NaN,NaN,mmse,1,OK,,2.7709641
169,H_EQ_rawGain_std4_likely_ITU_P681,32QAM,none,none,1115,NaN,0,NaN,1,1,0,1,0,100,0,36,39,8.92e-05,0.0034788,0.0032112,3.91568413744267,28.1438469650506,28.0769745518352,5.46142708111567,12.3609106578627,1.92865493310657e-15,3.99908489868051,wrap,10,0.00358,0,afterChannel,snr,NaN,NaN,NaN,NaN,mmse,1,OK,,1.3009885
170,H_EQ_rawGain_std4_likely_ITU_P681,32QAM,convolutional,1/2,1115,NaN,0,NaN,1,1,0,1,0,100,0,35,37,0.0001784,0.0066008,0.006244,2.78459885915255,31.1047471825463,31.0758138636688,-20.6698719968519,14.5869219473378,1.92865493310657e-15,5.06692508767499,wrap,10,0.00716,0,afterChannel,snr,NaN,NaN,NaN,NaN,mmse,1,OK,,2.1639892
171,H_EQ_rawGain_std4_likely_ITU_P681,32QAM,convolutional,2/3,1115,NaN,0,NaN,1,1,0,1,0,100,0,35,37,0.0001338,0.0049506,0.004683,3.50784703595983,29.0991870569008,29.1002292385998,-7.02011775573911,14.0250883263139,1.92865493310657e-15,4.74831505372218,wrap,10,0.00537,0,afterChannel,snr,NaN,NaN,NaN,NaN,mmse,1,OK,,2.2562118
172,H_EQ_rawGain_std4_likely_ITU_P681,32QAM,convolutional,3/4,1115,NaN,0,NaN,1,1,0,1,0,100,0,35,38,0.000118933333333333,0.00451946666666667,0.00416266666666667,3.63210290961607,28.7968370992457,28.8041271246328,-2.11295397689459,13.7715505555347,1.92865493310657e-15,4.59058321127467,wrap,10,0.004774,0,afterChannel,snr,NaN,NaN,NaN,NaN,mmse,1,OK,,2.1757438
173,H_EQ_rawGain_std4_likely_ITU_P681,32QAM,convolutional,5/6,1116,NaN,0,NaN,1,1,0,1,0,100,0,35,37,0.000107136,0.003964032,0.00374976,2.55035331505974,31.8679930018959,31.8599946226599,13.8972020281959,13.8507497114774,1.92865493310657e-15,4.61266623101707,wrap,10,0.0043,0,afterChannel,snr,NaN,NaN,NaN,NaN,mmse,1,OK,,2.4251157
174,H_EQ_rawGain_std4_likely_ITU_P681,32QAM,convolutional,7/8,1123,NaN,0,NaN,1,1,0,1,0,100,0,35,37,0.000102674285714286,0.00379894857142857,0.0035936,2.5278464696073,31.9449861349066,31.9802807576157,-17.1970542712535,13.7011954795361,1.92865493310657e-15,4.52325275837683,wrap,10,0.00412,0,afterChannel,snr,NaN,NaN,NaN,NaN,mmse,1,OK,,2.6049109
175,H_EQ_rawGain_std4_likely_ITU_P681,GMSK,none,none,1115,NaN,0,NaN,1,1,0,1,0,100,0,37,39,0.000446,0.017394,0.016502,3.6353602901584,28.789050819765,28.789050819765,NaN,15.8960300786933,1.92865493310657e-15,5.65528363681581,wrap,10,0.017904,0,afterChannel,snr,NaN,NaN,NaN,NaN,mmse,1,OK,,2.4355999
176,H_EQ_rawGain_std4_likely_ITU_P681,GMSK,convolutional,1/2,1115,NaN,0,NaN,1,1,0,1,0,100,0,36,38,0.000892,0.033896,0.032112,3.63890942801294,28.7805750762594,28.7805750762594,NaN,15.910454234356,1.92865493310657e-15,5.56582206987132,wrap,10,0.035808,0,afterChannel,snr,NaN,NaN,NaN,NaN,mmse,1,OK,,3.9857061
177,H_EQ_rawGain_std4_likely_ITU_P681,GMSK,convolutional,2/3,1115,NaN,0,NaN,1,1,0,1,0,100,0,36,38,0.000669,0.025422,0.024084,3.63515623036521,28.7895383892076,28.7895383892076,NaN,15.9382876152674,1.92865493310657e-15,5.60979803740263,wrap,10,0.026856,0,afterChannel,snr,NaN,NaN,NaN,NaN,mmse,1,OK,,3.395749
178,H_EQ_rawGain_std4_likely_ITU_P681,GMSK,convolutional,3/4,1115,NaN,0,NaN,1,1,0,1,0,100,0,36,38,0.000594666666666667,0.0225973333333333,0.021408,3.63381854408171,28.7927352624725,28.7927352624725,NaN,16.2106391297352,1.92865493310657e-15,5.78871765635339,wrap,10,0.023872,0,afterChannel,snr,NaN,NaN,NaN,NaN,mmse,1,OK,,3.0749997
179,H_EQ_rawGain_std4_likely_ITU_P681,GMSK,convolutional,5/6,1116,NaN,0,NaN,1,1,0,1,0,100,0,36,38,0.00053568,0.02035584,0.01928448,3.63473402633176,28.7905472676126,28.7905472676126,NaN,16.2634750720115,1.92865493310657e-15,5.80892286225016,wrap,10,0.021504,0,afterChannel,snr,NaN,NaN,NaN,NaN,mmse,1,OK,,2.8559844
180,H_EQ_rawGain_std4_likely_ITU_P681,GMSK,convolutional,7/8,1123,NaN,0,NaN,1,1,0,1,0,100,0,36,38,0.000513371428571429,0.0195081142857143,0.0184813714285714,3.63667039165616,28.7859211857892,28.7859211857892,NaN,16.3444226926791,1.92865493310657e-15,5.87352345194337,wrap,10,0.020608,0,afterChannel,snr,NaN,NaN,NaN,NaN,mmse,1,OK,,2.8311279
181,H_EQ_rawGain_std5_likely_Jakes,BPSK,none,none,1115,NaN,0,NaN,1,1,0,1,0,100,0,37,39,0.000446,0.017394,0.016502,1.1724576117726,38.6180569902707,38.6180569902638,4.40964774906392e-06,-65.3049673350765,1.92865493310657e-15,0.000536944010835308,wrap,2,0.017904,0,afterChannel,snr,NaN,NaN,NaN,NaN,mmse,1,OK,,2.1820213
182,H_EQ_rawGain_std5_likely_Jakes,BPSK,convolutional,1/2,1115,NaN,0,NaN,1,1,0,1,0,100,0,36,38,0.000892,0.033896,0.032112,1.15948937750997,38.7146645146454,38.7146645146384,2.75091614244834e-06,-65.2987336931224,1.92865493310657e-15,0.000536890598665992,wrap,2,0.035808,0,afterChannel,snr,NaN,NaN,NaN,NaN,mmse,1,OK,,3.7337232
183,H_EQ_rawGain_std5_likely_Jakes,BPSK,convolutional,2/3,1115,NaN,0,NaN,1,1,0,1,0,100,0,36,38,0.000669,0.025422,0.024084,1.15975293227626,38.7126904150752,38.7126904150682,-1.85125452200398e-05,-65.338072299997,1.92865493310657e-15,0.000534780475781873,wrap,2,0.026856,0,afterChannel,snr,NaN,NaN,NaN,NaN,mmse,1,OK,,3.5384997
184,H_EQ_rawGain_std5_likely_Jakes,BPSK,convolutional,3/4,1115,NaN,0,NaN,1,1,0,1,0,100,0,35,37,0.000594666666666667,0.0220026666666667,0.0208133333333333,1.16635891455912,38.6633557389327,38.6633557389258,-3.89907396728582e-06,-65.3822646202291,1.92865493310657e-15,0.000531775524485992,wrap,2,0.023872,0,afterChannel,snr,NaN,NaN,NaN,NaN,mmse,1,OK,,3.3549795
185,H_EQ_rawGain_std5_likely_Jakes,BPSK,convolutional,5/6,1116,NaN,0,NaN,1,1,0,1,0,100,0,35,38,0.00053568,0.02035584,0.0187488,1.18887454693454,38.4972794164332,38.4972794164265,5.66139637056552e-05,-65.4978040439647,1.92865493310657e-15,0.00052446432222616,wrap,2,0.021504,0,afterChannel,snr,NaN,NaN,NaN,NaN,mmse,1,OK,,3.4167257
186,H_EQ_rawGain_std5_likely_Jakes,BPSK,convolutional,7/8,1123,NaN,0,NaN,1,1,0,1,0,100,0,35,37,0.000513371428571429,0.0189947428571429,0.017968,1.1550152208569,38.74824585153,38.7482458515229,-5.95986903185522e-06,-65.4591542165681,1.92865493310657e-15,0.000526717889681309,wrap,2,0.020608,0,afterChannel,snr,NaN,NaN,NaN,NaN,mmse,1,OK,,3.6761138
187,H_EQ_rawGain_std5_likely_Jakes,QPSK,none,none,1115,NaN,0,NaN,1,1,0,1,0,100,0,37,39,0.000223,0.008697,0.008251,1.02606287749343,39.7765204938072,39.7765204937982,0.0448783205407628,-65.1774414630433,1.92865493310657e-15,0.000547973694991045,wrap,2,0.008952,0,afterChannel,snr,NaN,NaN,NaN,NaN,mmse,1,OK,,1.7571504
188,H_EQ_rawGain_std5_likely_Jakes,QPSK,convolutional,1/2,1115,NaN,0,NaN,1,1,0,1,0,100,0,36,38,0.000446,0.016948,0.016056,1.04041166496259,39.6558957438929,39.6558957438842,-0.030547112841656,-65.3049432600243,1.92865493310657e-15,0.000536944010835308,wrap,2,0.017904,0,afterChannel,snr,NaN,NaN,NaN,NaN,mmse,1,OK,,2.7989332
189,H_EQ_rawGain_std5_likely_Jakes,QPSK,convolutional,2/3,1115,NaN,0,NaN,1,1,0,1,0,100,0,36,38,0.0003345,0.012711,0.012042,1.0233318424051,39.7996702396189,39.7996702396099,0.038570883695979,-65.3977899888243,1.92865493310657e-15,0.000532747332590002,wrap,2,0.013428,0,afterChannel,snr,NaN,NaN,NaN,NaN,mmse,1,OK,,2.8501999
190,H_EQ_rawGain_std5_likely_Jakes,QPSK,convolutional,3/4,1115,NaN,0,NaN,1,1,0,1,0,100,0,35,37,0.000297333333333333,0.0110013333333333,0.0104066666666667,1.01863942524329,39.8395903795277,39.8395903795186,-0.0364229912265656,-65.2198038395486,1.92865493310657e-15,0.000545710034867374,wrap,2,0.011936,0,afterChannel,snr,NaN,NaN,NaN,NaN,mmse,1,OK,,2.726946
191,H_EQ_rawGain_std5_likely_Jakes,QPSK,convolutional,5/6,1116,NaN,0,NaN,1,1,0,1,0,100,0,35,37,0.00026784,0.00991008,0.0093744,1.02319089904741,39.8008666284274,39.8008666284183,-0.0111531386127319,-65.1703866053071,1.92865493310657e-15,0.000548824325931533,wrap,2,0.010752,0,afterChannel,snr,NaN,NaN,NaN,NaN,mmse,1,OK,,2.9741907
192,H_EQ_rawGain_std5_likely_Jakes,QPSK,convolutional,7/8,1123,NaN,0,NaN,1,1,0,1,0,100,0,35,37,0.000256685714285714,0.00949737142857143,0.008984,1.02861587857979,39.754935516566,39.7549355165571,-0.0039116469385725,-65.1473676142481,1.92865493310657e-15,0.000550243016450151,wrap,2,0.010304,0,afterChannel,snr,NaN,NaN,NaN,NaN,mmse,1,OK,,3.2192
193,H_EQ_rawGain_std5_likely_Jakes,8PSK,none,none,1115,NaN,0,NaN,1,1,0,1,0,97.4358974358974,0,36,38,0.000148666666666667,0.00564933333333333,0.005352,1.03566173523614,39.6956413881252,39.6956413881164,0.0236380567338653,-65.4055103188206,1.92865493310657e-15,0.00053297319208573,wrap,2,0.005968,0,afterChannel,snr,NaN,NaN,NaN,NaN,mmse,1,OK,,1.9857286
194,H_EQ_rawGain_std5_likely_Jakes,8PSK,convolutional,1/2,1115,NaN,0,NaN,1,1,0,1,0,100,0,35,37,0.000297333333333333,0.0110013333333333,0.0104066666666667,1.02818944999104,39.7585371327832,39.7585371327742,0.0316291986004984,-65.2197977479758,1.92865493310657e-15,0.000545710034867374,wrap,2,0.011936,0,afterChannel,snr,NaN,NaN,NaN,NaN,mmse,1,OK,,2.8711083
195,H_EQ_rawGain_std5_likely_Jakes,8PSK,convolutional,2/3,1115,NaN,0,NaN,1,1,0,1,0,100,0,35,37,0.000223,0.008251,0.007805,1.00291793704189,39.9746920264892,39.9746920264798,-0.0292951067405708,-65.1774166131208,1.92865493310657e-15,0.000547973694991045,wrap,2,0.008952,0,afterChannel,snr,NaN,NaN,NaN,NaN,mmse,1,OK,,2.9517755
196,H_EQ_rawGain_std5_likely_Jakes,8PSK,convolutional,3/4,1115,NaN,0,NaN,1,1,0,1,0,100,0,35,37,0.000198222222222222,0.00733422222222222,0.00693777777777778,1.00062389189982,39.9945826335618,39.9945826335523,0.0312253774728328,-65.2680725239529,1.92865493310657e-15,0.000542157073005965,wrap,2,0.007956,0,afterChannel,snr,NaN,NaN,NaN,NaN,mmse,1,OK,,2.8780655
197,H_EQ_rawGain_std5_likely_Jakes,8PSK,convolutional,5/6,1116,NaN,0,NaN,1,1,0,1,0,100,0,35,37,0.00017856,0.00660672,0.0062496,1.03491444388434,39.7019110347642,39.7019110347554,-0.0295267510461363,-65.3415910371642,1.92865493310657e-15,0.000537415420439637,wrap,2,0.007168,0,afterChannel,snr,NaN,NaN,NaN,NaN,mmse,1,OK,,3.0595012
198,H_EQ_rawGain_std5_likely_Jakes,8PSK,convolutional,7/8,1123,NaN,0,NaN,1,1,0,1,0,100,0,35,37,0.00017112380952381,0.00633158095238095,0.00598933333333333,1.04089450141905,39.6518657128316,39.6518657128229,0.0678662029522465,-65.3642643700047,1.92865493310657e-15,0.000535906201118795,wrap,2,0.006868,0,afterChannel,snr,NaN,NaN,NaN,NaN,mmse,1,OK,,3.2920217
199,H_EQ_rawGain_std5_likely_Jakes,16QAM,none,none,1115,NaN,0,NaN,1,1,0,1,0,100,0,36,39,0.0001115,0.0043485,0.004014,3.17501863588932,29.9650744251399,29.9747917421971,-5.47755197562626,-65.0132064086864,1.92865493310657e-15,0.000559733337305693,wrap,2,0.004476,0,afterChannel,snr,NaN,NaN,NaN,NaN,mmse,1,OK,,1.3717546
200,H_EQ_rawGain_std5_likely_Jakes,16QAM,convolutional,1/2,1115,NaN,0,NaN,1,1,0,1,0,100,0,36,38,0.000223,0.008474,0.008028,2.91970817246302,30.6932110903645,30.6653269186885,7.76784753446175,-65.1797246407866,1.92865493310657e-15,0.000547973694991045,wrap,2,0.008952,0,afterChannel,snr,NaN,NaN,NaN,NaN,mmse,1,OK,,2.2487864
201,H_EQ_rawGain_std5_likely_Jakes,16QAM,convolutional,2/3,1115,NaN,0,NaN,1,1,0,1,0,100,0,36,38,0.00016725,0.0063555,0.006021,2.88419240163978,30.7995154325657,30.8126979575135,-8.18229489483051,-65.377072988081,1.92865493310657e-15,0.00053498186201435,wrap,2,0.006714,0,afterChannel,snr,NaN,NaN,NaN,NaN,mmse,1,OK,,2.624905
202,H_EQ_rawGain_std5_likely_Jakes,16QAM,convolutional,3/4,1115,NaN,0,NaN,1,1,0,1,0,100,0,35,37,0.000148666666666667,0.00550066666666667,0.00520333333333333,2.28832227834721,32.8096562247533,32.7684640914398,2.15794191896381,-65.4054715439712,1.92865493310657e-15,0.00053297319208573,wrap,2,0.005968,0,afterChannel,snr,NaN,NaN,NaN,NaN,mmse,1,OK,,2.4017544
203,H_EQ_rawGain_std5_likely_Jakes,16QAM,convolutional,5/6,1116,NaN,0,NaN,1,1,0,1,0,100,0,35,37,0.00013392,0.00495504,0.0046872,2.4892393912493,32.0786667018242,32.0800562218534,-18.2357666178019,-65.2552606002413,1.92865493310657e-15,0.000543152032218482,wrap,2,0.005376,0,afterChannel,snr,NaN,NaN,NaN,NaN,mmse,1,OK,,2.5481984
204,H_EQ_rawGain_std5_likely_Jakes,16QAM,convolutional,7/8,1123,NaN,0,NaN,1,1,0,1,0,100,0,35,37,0.000128342857142857,0.00474868571428571,0.004492,2.75141014036431,31.2088933290986,31.2289979862401,9.26305249008594,-65.1727760140345,1.92865493310657e-15,0.000548889500200176,wrap,2,0.005152,0,afterChannel,snr,NaN,NaN,NaN,NaN,mmse,1,OK,,2.736541
205,H_EQ_rawGain_std5_likely_Jakes,32QAM,none,none,1115,NaN,0,NaN,1,1,0,1,0,100,0,36,39,8.92e-05,0.0034788,0.0032112,3.91569250900169,28.1438283950237,28.0769559818083,5.46145311152479,-64.820902392766,1.92865493310657e-15,0.00057251217733727,wrap,2,0.00358,0,afterChannel,snr,NaN,NaN,NaN,NaN,mmse,1,OK,,1.3139476
206,H_EQ_rawGain_std5_likely_Jakes,32QAM,convolutional,1/2,1115,NaN,0,NaN,1,1,0,1,0,100,0,35,37,0.0001784,0.0066008,0.006244,2.78459899662646,31.1047467537293,31.0758134348518,-20.6699693409162,-65.3420284807187,1.92865493310657e-15,0.00053737901409472,wrap,2,0.00716,0,afterChannel,snr,NaN,NaN,NaN,NaN,mmse,1,OK,,2.3139791
207,H_EQ_rawGain_std5_likely_Jakes,32QAM,convolutional,2/3,1115,NaN,0,NaN,1,1,0,1,0,100,0,35,37,0.0001338,0.0049506,0.004683,3.50784818899821,29.0991842018269,29.1002263835259,-7.01995546272665,-65.2528421347729,1.92865493310657e-15,0.000543305143942505,wrap,2,0.00537,0,afterChannel,snr,NaN,NaN,NaN,NaN,mmse,1,OK,,2.3346475
208,H_EQ_rawGain_std5_likely_Jakes,32QAM,convolutional,3/4,1115,NaN,0,NaN,1,1,0,1,0,100,0,35,38,0.000118933333333333,0.00451946666666667,0.00416266666666667,3.63209194928201,28.7968633100657,28.8041533354528,-2.11278046541459,-65.0634841294414,1.92865493310657e-15,0.000556499919441674,wrap,2,0.004774,0,afterChannel,snr,NaN,NaN,NaN,NaN,mmse,1,OK,,2.3197998
209,H_EQ_rawGain_std5_likely_Jakes,32QAM,convolutional,5/6,1116,NaN,0,NaN,1,1,0,1,0,100,0,35,37,0.000107136,0.003964032,0.00374976,2.55034421679641,31.8680239884466,31.8600256092106,13.8973095342887,-64.9929011736721,1.92865493310657e-15,0.000561050395457276,wrap,2,0.0043,0,afterChannel,snr,NaN,NaN,NaN,NaN,mmse,1,OK,,2.4722665
210,H_EQ_rawGain_std5_likely_Jakes,32QAM,convolutional,7/8,1123,NaN,0,NaN,1,1,0,1,0,100,0,35,37,0.000102674285714286,0.00379894857142857,0.0035936,2.52784210118067,31.9450011451949,31.980295767904,-17.1970420160354,-64.9713567299938,1.92865493310657e-15,0.000562583152719408,wrap,2,0.00412,0,afterChannel,snr,NaN,NaN,NaN,NaN,mmse,1,OK,,2.8871498
211,H_EQ_rawGain_std5_likely_Jakes,GMSK,none,none,1115,NaN,0,NaN,1,1,0,1,0,100,0,37,39,0.000446,0.017394,0.016502,3.63538727293931,28.7889863506151,28.7889863506151,NaN,-65.3049095405636,1.92865493310657e-15,0.000536944010835308,wrap,2,0.017904,0,afterChannel,snr,NaN,NaN,NaN,NaN,mmse,1,OK,,2.6170261
212,H_EQ_rawGain_std5_likely_Jakes,GMSK,convolutional,1/2,1115,NaN,0,NaN,1,1,0,1,0,100,0,36,38,0.000892,0.033896,0.032112,3.63891742264933,28.7805559934945,28.7805559934945,NaN,-65.2987096553475,1.92865493310657e-15,0.000536890598665992,wrap,2,0.035808,0,afterChannel,snr,NaN,NaN,NaN,NaN,mmse,1,OK,,4.4644942
213,H_EQ_rawGain_std5_likely_Jakes,GMSK,convolutional,2/3,1115,NaN,0,NaN,1,1,0,1,0,100,0,36,38,0.000669,0.025422,0.024084,3.63515624497842,28.7895383542906,28.7895383542906,NaN,-65.3380667162985,1.92865493310657e-15,0.000534780475781873,wrap,2,0.026856,0,afterChannel,snr,NaN,NaN,NaN,NaN,mmse,1,OK,,3.5450419
214,H_EQ_rawGain_std5_likely_Jakes,GMSK,convolutional,3/4,1115,NaN,0,NaN,1,1,0,1,0,100,0,36,38,0.000594666666666667,0.0225973333333333,0.021408,3.63388157820819,28.7925845937722,28.7925845937722,NaN,-65.3822764109202,1.92865493310657e-15,0.000531775524485992,wrap,2,0.023872,0,afterChannel,snr,NaN,NaN,NaN,NaN,mmse,1,OK,,3.1062751
215,H_EQ_rawGain_std5_likely_Jakes,GMSK,convolutional,5/6,1116,NaN,0,NaN,1,1,0,1,0,100,0,36,38,0.00053568,0.02035584,0.01928448,3.63475056808013,28.7905077380424,28.7905077380424,NaN,-65.4978215071008,1.92865493310657e-15,0.00052446432222616,wrap,2,0.021504,0,afterChannel,snr,NaN,NaN,NaN,NaN,mmse,1,OK,,2.8576059
216,H_EQ_rawGain_std5_likely_Jakes,GMSK,convolutional,7/8,1123,NaN,0,NaN,1,1,0,1,0,100,0,36,38,0.000513371428571429,0.0195081142857143,0.0184813714285714,3.63665986003922,28.7859463397309,28.7859463397309,NaN,-65.4592010064685,1.92865493310657e-15,0.000526717889681309,wrap,2,0.020608,0,afterChannel,snr,NaN,NaN,NaN,NaN,mmse,1,OK,,2.7309538
217,H_EQ_rawGain_std6_likely_CLoo,BPSK,none,none,1115,NaN,0,NaN,1,1,0,1,0,100,0,37,39,0.000446,0.017394,0.016502,1.17245337425584,38.6180883830213,38.6180883830145,2.83981135424337e-05,-70.2059831228884,1.92865493310657e-15,0.000283055294050648,wrap,2,0.017904,0,afterChannel,snr,NaN,NaN,NaN,NaN,mmse,1,OK,,2.1551519
218,H_EQ_rawGain_std6_likely_CLoo,BPSK,convolutional,1/2,1115,NaN,0,NaN,1,1,0,1,0,100,0,36,38,0.000892,0.033896,0.032112,1.15949132774584,38.7146499051805,38.7146499051735,-1.00623630892411e-05,-69.869054119213,1.92865493310657e-15,0.000284535766256951,wrap,2,0.035808,0,afterChannel,snr,NaN,NaN,NaN,NaN,mmse,1,OK,,4.1560633
219,H_EQ_rawGain_std6_likely_CLoo,BPSK,convolutional,2/3,1115,NaN,0,NaN,1,1,0,1,0,100,0,36,38,0.000669,0.025422,0.024084,1.15974034902023,38.712784657015,38.7127846570081,3.89348987344672e-05,-70.5886108559224,1.92865493310657e-15,0.000270868415215811,wrap,2,0.026856,0,afterChannel,snr,NaN,NaN,NaN,NaN,mmse,1,OK,,6.3382302
220,H_EQ_rawGain_std6_likely_CLoo,BPSK,convolutional,3/4,1115,NaN,0,NaN,1,1,0,1,0,100,0,35,37,0.000594666666666667,0.0220026666666667,0.0208133333333333,1.16635506008462,38.6633844433007,38.6633844432938,-2.03025182704896e-05,-70.4784274727075,1.92865493310657e-15,0.000274168646614473,wrap,2,0.023872,0,afterChannel,snr,NaN,NaN,NaN,NaN,mmse,1,OK,,6.7571962
221,H_EQ_rawGain_std6_likely_CLoo,BPSK,convolutional,5/6,1116,NaN,0,NaN,1,1,0,1,0,100,0,35,38,0.00053568,0.02035584,0.0187488,1.18887076567973,38.4973070422363,38.4973070422297,2.02608526472867e-05,-70.2892607830329,1.92865493310657e-15,0.000279567844084623,wrap,2,0.021504,0,afterChannel,snr,NaN,NaN,NaN,NaN,mmse,1,OK,,5.6648771
222,H_EQ_rawGain_std6_likely_CLoo,BPSK,convolutional,7/8,1123,NaN,0,NaN,1,1,0,1,0,100,0,35,37,0.000513371428571429,0.0189947428571429,0.017968,1.15500411104613,38.7483293993938,38.7483293993867,5.14859761550806e-06,-70.1590534213829,1.92865493310657e-15,0.000284458627438616,wrap,2,0.020608,0,afterChannel,snr,NaN,NaN,NaN,NaN,mmse,1,OK,,6.0773932
223,H_EQ_rawGain_std6_likely_CLoo,QPSK,none,none,1115,NaN,0,NaN,1,1,0,1,0,100,0,37,39,0.000223,0.008697,0.008251,1.02606655616341,39.776489352963,39.776489352954,0.0448571355248297,-72.4378965752264,1.92865493310657e-15,0.000228501306381112,wrap,2,0.008952,0,afterChannel,snr,NaN,NaN,NaN,NaN,mmse,1,OK,,3.0567672
224,H_EQ_rawGain_std6_likely_CLoo,QPSK,convolutional,1/2,1115,NaN,0,NaN,1,1,0,1,0,100,0,36,38,0.000446,0.016948,0.016056,1.04040787006404,39.6559274257081,39.6559274256994,-0.0306074899833844,-70.2061257520596,1.92865493310657e-15,0.000283055294050648,wrap,2,0.017904,0,afterChannel,snr,NaN,NaN,NaN,NaN,mmse,1,OK,,4.7568574
225,H_EQ_rawGain_std6_likely_CLoo,QPSK,convolutional,2/3,1115,NaN,0,NaN,1,1,0,1,0,100,0,36,38,0.0003345,0.012711,0.012042,1.03626812416585,39.6905572126666,39.6905572126578,-0.0787720324266555,-71.0497917720294,1.92865493310657e-15,0.000262461101323719,wrap,2,0.013428,0,afterChannel,snr,NaN,NaN,NaN,NaN,mmse,1,OK,,4.9405946
226,H_EQ_rawGain_std6_likely_CLoo,QPSK,convolutional,3/4,1115,NaN,0,NaN,1,1,0,1,0,100,0,35,37,0.000297333333333333,0.0110013333333333,0.0104066666666667,1.01864436485212,39.8395482598217,39.8395482598126,-0.0364261177901204,-72.0639778758173,1.92865493310657e-15,0.000238326893239935,wrap,2,0.011936,0,afterChannel,snr,NaN,NaN,NaN,NaN,mmse,1,OK,,4.8097922
227,H_EQ_rawGain_std6_likely_CLoo,QPSK,convolutional,5/6,1116,NaN,0,NaN,1,1,0,1,0,100,0,35,37,0.00026784,0.00991008,0.0093744,1.02319655619661,39.8008186048984,39.8008186048894,-0.01114310040797,-71.9678700145248,1.92865493310657e-15,0.000241226102929269,wrap,2,0.010752,0,afterChannel,snr,NaN,NaN,NaN,NaN,mmse,1,OK,,5.3212767
228,H_EQ_rawGain_std6_likely_CLoo,QPSK,convolutional,7/8,1123,NaN,0,NaN,1,1,0,1,0,100,0,35,37,0.000256685714285714,0.00949737142857143,0.008984,1.02861253241889,39.7549637724311,39.7549637724222,-0.00399009762809905,-72.1843928637064,1.92865493310657e-15,0.000235770952320493,wrap,2,0.010304,0,afterChannel,snr,NaN,NaN,NaN,NaN,mmse,1,OK,,5.6540138
229,H_EQ_rawGain_std6_likely_CLoo,8PSK,none,none,1115,NaN,0,NaN,1,1,0,1,0,97.4358974358974,0,36,38,0.000148666666666667,0.00564933333333333,0.005352,1.03909905848711,39.6668609737134,39.6668609737046,-0.0116208635508816,-71.8660858648794,1.92865493310657e-15,0.000246404544697256,wrap,2,0.005968,0,afterChannel,snr,NaN,NaN,NaN,NaN,mmse,1,OK,,3.7302711
230,H_EQ_rawGain_std6_likely_CLoo,8PSK,convolutional,1/2,1115,NaN,0,NaN,1,1,0,1,0,100,0,35,37,0.000297333333333333,0.0110013333333333,0.0104066666666667,1.02819081633993,39.758525590214,39.7585255902051,0.0316031156571756,-72.0639372423661,1.92865493310657e-15,0.000238326893239935,wrap,2,0.011936,0,afterChannel,snr,NaN,NaN,NaN,NaN,mmse,1,OK,,5.4547994
231,H_EQ_rawGain_std6_likely_CLoo,8PSK,convolutional,2/3,1115,NaN,0,NaN,1,1,0,1,0,100,0,35,37,0.000223,0.008251,0.007805,1.00291651149461,39.9747043726191,39.9747043726097,-0.0293147357192254,-72.43784837504,1.92865493310657e-15,0.000228501306381112,wrap,2,0.008952,0,afterChannel,snr,NaN,NaN,NaN,NaN,mmse,1,OK,,5.4185036
232,H_EQ_rawGain_std6_likely_CLoo,8PSK,convolutional,3/4,1115,NaN,0,NaN,1,1,0,1,0,100,0,35,37,0.000198222222222222,0.00733422222222222,0.00693777777777778,1.00062397816664,39.9945818847249,39.9945818847155,0.0312423387279715,-72.6118579301903,1.92865493310657e-15,0.000222908777545485,wrap,2,0.007956,0,afterChannel,snr,NaN,NaN,NaN,NaN,mmse,1,OK,,5.2528035
233,H_EQ_rawGain_std6_likely_CLoo,8PSK,convolutional,5/6,1116,NaN,0,NaN,1,1,0,1,0,100,0,35,37,0.00017856,0.00660672,0.0062496,1.0349269604735,39.701805985448,39.7018059854392,-0.0295060040146003,-72.367858741434,1.92865493310657e-15,0.000230073012721721,wrap,2,0.007168,0,afterChannel,snr,NaN,NaN,NaN,NaN,mmse,1,OK,,5.6811754
234,H_EQ_rawGain_std6_likely_CLoo,8PSK,convolutional,7/8,1123,NaN,0,NaN,1,1,0,1,0,100,0,35,37,0.00017112380952381,0.00633158095238095,0.00598933333333333,1.04089774157421,39.6518386749461,39.6518386749374,0.067890144749482,-72.2293411533347,1.92865493310657e-15,0.000234784398697564,wrap,2,0.006868,0,afterChannel,snr,NaN,NaN,NaN,NaN,mmse,1,OK,,6.1609439
235,H_EQ_rawGain_std6_likely_CLoo,16QAM,none,none,1115,NaN,0,NaN,1,1,0,1,0,100,0,36,39,0.0001115,0.0043485,0.004014,3.17503121077555,29.9650400241268,29.974757341184,-5.47760987449591,-71.8873166425761,1.92865493310657e-15,0.000243318366885857,wrap,2,0.004476,0,afterChannel,snr,NaN,NaN,NaN,NaN,mmse,1,OK,,2.3675001
236,H_EQ_rawGain_std6_likely_CLoo,16QAM,convolutional,1/2,1115,NaN,0,NaN,1,1,0,1,0,100,0,36,38,0.000223,0.008474,0.008028,2.91971395045772,30.6931939013266,30.6653097296505,7.76776294751829,-72.4391844551362,1.92865493310657e-15,0.000228501306381112,wrap,2,0.008952,0,afterChannel,snr,NaN,NaN,NaN,NaN,mmse,1,OK,,3.600795
237,H_EQ_rawGain_std6_likely_CLoo,16QAM,convolutional,2/3,1115,NaN,0,NaN,1,1,0,1,0,100,0,36,38,0.00016725,0.0063555,0.006021,2.88417822865392,30.7995581153262,30.812740640274,-8.18210502354457,-72.1571827446456,1.92865493310657e-15,0.000237116849954775,wrap,2,0.006714,0,afterChannel,snr,NaN,NaN,NaN,NaN,mmse,1,OK,,4.0485022
238,H_EQ_rawGain_std6_likely_CLoo,16QAM,convolutional,3/4,1115,NaN,0,NaN,1,1,0,1,0,100,0,35,37,0.000148666666666667,0.00550066666666667,0.00520333333333333,2.2883234508258,32.8096517743238,32.7684596410103,2.15800640915895,-71.8722129964133,1.92865493310657e-15,0.000246404544697256,wrap,2,0.005968,0,afterChannel,snr,NaN,NaN,NaN,NaN,mmse,1,OK,,3.7605363
239,H_EQ_rawGain_std6_likely_CLoo,16QAM,convolutional,5/6,1116,NaN,0,NaN,1,1,0,1,0,100,0,35,37,0.00013392,0.00495504,0.0046872,2.48924009147194,32.0786642584852,32.0800537785144,-18.2357930674458,-71.7982126742557,1.92865493310657e-15,0.000247714353897345,wrap,2,0.005376,0,afterChannel,snr,NaN,NaN,NaN,NaN,mmse,1,OK,,4.1289606
240,H_EQ_rawGain_std6_likely_CLoo,16QAM,convolutional,7/8,1123,NaN,0,NaN,1,1,0,1,0,100,0,35,37,0.000128342857142857,0.00474868571428571,0.004492,2.75140583897648,31.2089069081025,31.229011565244,9.26295921878414,-71.8347759578727,1.92865493310657e-15,0.000246354883137432,wrap,2,0.005152,0,afterChannel,snr,NaN,NaN,NaN,NaN,mmse,1,OK,,4.6887956
241,H_EQ_rawGain_std6_likely_CLoo,32QAM,none,none,1115,NaN,0,NaN,1,1,0,1,0,100,0,36,39,8.92e-05,0.0034788,0.0032112,3.91569696053155,28.1438185205315,28.0769461073161,5.46141830624437,-71.3186723932059,1.92865493310657e-15,0.000262596275016783,wrap,2,0.00358,0,afterChannel,snr,NaN,NaN,NaN,NaN,mmse,1,OK,,2.2164655
242,H_EQ_rawGain_std6_likely_CLoo,32QAM,convolutional,1/2,1115,NaN,0,NaN,1,1,0,1,0,100,0,35,37,0.0001784,0.0066008,0.006244,2.7846065194997,31.1047232879597,31.0757899690822,-20.6698989302476,-72.3591136989658,1.92865493310657e-15,0.000230197835160908,wrap,2,0.00716,0,afterChannel,snr,NaN,NaN,NaN,NaN,mmse,1,OK,,3.6790656
243,H_EQ_rawGain_std6_likely_CLoo,32QAM,convolutional,2/3,1115,NaN,0,NaN,1,1,0,1,0,100,0,35,37,0.0001338,0.0049506,0.004683,3.50786231804589,29.0991492165325,29.1001913982315,-7.01998304722681,-71.7940940356799,1.92865493310657e-15,0.000247688682079384,wrap,2,0.00537,0,afterChannel,snr,NaN,NaN,NaN,NaN,mmse,1,OK,,3.8238567
244,H_EQ_rawGain_std6_likely_CLoo,32QAM,convolutional,3/4,1115,NaN,0,NaN,1,1,0,1,0,100,0,35,38,0.000118933333333333,0.00451946666666667,0.00416266666666667,3.63211248051645,28.7968142112172,28.8041042366043,-2.11289725255583,-71.909214411116,1.92865493310657e-15,0.000243514258600686,wrap,2,0.004774,0,afterChannel,snr,NaN,NaN,NaN,NaN,mmse,1,OK,,3.4540113
245,H_EQ_rawGain_std6_likely_CLoo,32QAM,convolutional,5/6,1116,NaN,0,NaN,1,1,0,1,0,100,0,35,37,0.000107136,0.003964032,0.00374976,2.5503574297935,31.8679789881143,31.8599806088783,13.897383711126,-71.8272395121663,1.92865493310657e-15,0.000245196919448707,wrap,2,0.0043,0,afterChannel,snr,NaN,NaN,NaN,NaN,mmse,1,OK,,4.1061733
246,H_EQ_rawGain_std6_likely_CLoo,32QAM,convolutional,7/8,1123,NaN,0,NaN,1,1,0,1,0,100,0,35,37,0.000102674285714286,0.00379894857142857,0.0035936,2.52779454771032,31.9451645446732,31.9804591673823,-17.1968474754294,-71.7038188996987,1.92865493310657e-15,0.000249052113308063,wrap,2,0.00412,0,afterChannel,snr,NaN,NaN,NaN,NaN,mmse,1,OK,,4.4258215
247,H_EQ_rawGain_std6_likely_CLoo,GMSK,none,none,1115,NaN,0,NaN,1,1,0,1,0,100,0,37,39,0.000446,0.017394,0.016502,3.63537815869805,28.7890081269451,28.7890081269451,NaN,-70.2061798620673,1.92865493310657e-15,0.000283055294050648,wrap,2,0.017904,0,afterChannel,snr,NaN,NaN,NaN,NaN,mmse,1,OK,,4.1002455
248,H_EQ_rawGain_std6_likely_CLoo,GMSK,convolutional,1/2,1115,NaN,0,NaN,1,1,0,1,0,100,0,36,38,0.000892,0.033896,0.032112,3.63891660515034,28.7805579448185,28.7805579448185,NaN,-69.8690942377158,1.92865493310657e-15,0.000284535766256951,wrap,2,0.035808,0,afterChannel,snr,NaN,NaN,NaN,NaN,mmse,1,OK,,6.7736698
249,H_EQ_rawGain_std6_likely_CLoo,GMSK,convolutional,2/3,1115,NaN,0,NaN,1,1,0,1,0,100,0,36,38,0.000669,0.025422,0.024084,3.63516251516842,28.7895233722299,28.7895233722299,NaN,-70.5887614956632,1.92865493310657e-15,0.000270868415215811,wrap,2,0.026856,0,afterChannel,snr,NaN,NaN,NaN,NaN,mmse,1,OK,,5.375887
250,H_EQ_rawGain_std6_likely_CLoo,GMSK,convolutional,3/4,1115,NaN,0,NaN,1,1,0,1,0,100,0,36,38,0.000594666666666667,0.0225973333333333,0.021408,3.63385903786546,28.7926384710195,28.7926384710195,NaN,-70.4785484575432,1.92865493310657e-15,0.000274168646614473,wrap,2,0.023872,0,afterChannel,snr,NaN,NaN,NaN,NaN,mmse,1,OK,,5.0208662
251,H_EQ_rawGain_std6_likely_CLoo,GMSK,convolutional,5/6,1116,NaN,0,NaN,1,1,0,1,0,100,0,36,38,0.00053568,0.02035584,0.01928448,3.63472600397175,28.7905664385918,28.7905664385918,NaN,-70.2893343334853,1.92865493310657e-15,0.000279567844084623,wrap,2,0.021504,0,afterChannel,snr,NaN,NaN,NaN,NaN,mmse,1,OK,,4.6726725
252,H_EQ_rawGain_std6_likely_CLoo,GMSK,convolutional,7/8,1123,NaN,0,NaN,1,1,0,1,0,100,0,36,38,0.000513371428571429,0.0195081142857143,0.0184813714285714,3.63667771623163,28.7859036916577,28.7859036916577,NaN,-70.1589221435063,1.92865493310657e-15,0.000284458627438616,wrap,2,0.020608,0,afterChannel,snr,NaN,NaN,NaN,NaN,mmse,1,OK,,4.6955123
253,H_EQ_rawGain_std7_likely_Corazza,BPSK,none,none,1115,NaN,0,NaN,1,1,0,1,0,100,0,37,39,0.000446,0.017394,0.016502,1.17246159296415,38.6180274965547,38.6180274965479,1.99767472172617e-05,-73.2059836370122,1.92865493310657e-15,0.000200387802170769,wrap,2,0.017904,0,afterChannel,snr,NaN,NaN,NaN,NaN,mmse,1,OK,,3.8117892
254,H_EQ_rawGain_std7_likely_Corazza,BPSK,convolutional,1/2,1115,NaN,0,NaN,1,1,0,1,0,100,0,36,38,0.000892,0.033896,0.032112,1.15950078174496,38.7145790844195,38.7145790844125,-2.09956250506172e-05,-72.8690613816823,1.92865493310657e-15,0.000201435896228119,wrap,2,0.035808,0,afterChannel,snr,NaN,NaN,NaN,NaN,mmse,1,OK,,6.7603845
255,H_EQ_rawGain_std7_likely_Corazza,BPSK,convolutional,2/3,1115,NaN,0,NaN,1,1,0,1,0,100,0,36,38,0.000669,0.025422,0.024084,1.15981895361902,38.7121959668534,38.7121959668464,2.7462221026753e-06,-73.5886105650604,1.92865493310657e-15,0.000191760152674845,wrap,2,0.026856,0,afterChannel,snr,NaN,NaN,NaN,NaN,mmse,1,OK,,5.8173806
256,H_EQ_rawGain_std7_likely_Corazza,BPSK,convolutional,3/4,1115,NaN,0,NaN,1,1,0,1,0,100,0,35,37,0.000594666666666667,0.0220026666666667,0.0208133333333333,1.16639394877952,38.6630948425671,38.6630948425602,-6.40155469812379e-06,-73.4784299617092,1.92865493310657e-15,0.000194096537581021,wrap,2,0.023872,0,afterChannel,snr,NaN,NaN,NaN,NaN,mmse,1,OK,,5.5660827
257,H_EQ_rawGain_std7_likely_Corazza,BPSK,convolutional,5/6,1116,NaN,0,NaN,1,1,0,1,0,100,0,35,38,0.00053568,0.02035584,0.0187488,1.18122165565695,38.553371991909,38.5533719919023,-3.14028238826442e-06,-73.2892633779077,1.92865493310657e-15,0.000197918876669071,wrap,2,0.021504,0,afterChannel,snr,NaN,NaN,NaN,NaN,mmse,1,OK,,5.6505393
258,H_EQ_rawGain_std7_likely_Corazza,BPSK,convolutional,7/8,1123,NaN,0,NaN,1,1,0,1,0,100,0,35,37,0.000513371428571429,0.0189947428571429,0.017968,1.15503249512683,38.7481159473716,38.7481159473645,6.10769589956527e-06,-73.1590542095015,1.92865493310657e-15,0.000201381286126866,wrap,2,0.020608,0,afterChannel,snr,NaN,NaN,NaN,NaN,mmse,1,OK,,6.0419358
259,H_EQ_rawGain_std7_likely_Corazza,QPSK,none,none,1115,NaN,0,NaN,1,1,0,1,0,100,0,37,39,0.000223,0.008697,0.008251,1.02156854678937,39.8146497417936,39.8146497417845,0.0402978101727883,-75.4379168993271,1.92865493310657e-15,0.000161766536578776,wrap,2,0.008952,0,afterChannel,snr,NaN,NaN,NaN,NaN,mmse,1,OK,,3.025976
260,H_EQ_rawGain_std7_likely_Corazza,QPSK,convolutional,1/2,1115,NaN,0,NaN,1,1,0,1,0,100,0,36,38,0.000446,0.016948,0.016056,1.04040318701661,39.655966522418,39.6559665224092,-0.0305409030728798,-73.2061265515792,1.92865493310657e-15,0.000200387802170769,wrap,2,0.017904,0,afterChannel,snr,NaN,NaN,NaN,NaN,mmse,1,OK,,4.8678411
261,H_EQ_rawGain_std7_likely_Corazza,QPSK,convolutional,2/3,1115,NaN,0,NaN,1,1,0,1,0,100,0,36,38,0.0003345,0.012711,0.012042,1.03627925223757,39.6904639388491,39.6904639388403,-0.0777229895178124,-74.0498183542313,1.92865493310657e-15,0.000185808230246945,wrap,2,0.013428,0,afterChannel,snr,NaN,NaN,NaN,NaN,mmse,1,OK,,4.9191878
262,H_EQ_rawGain_std7_likely_Corazza,QPSK,convolutional,3/4,1115,NaN,0,NaN,1,1,0,1,0,100,0,35,37,0.000297333333333333,0.0110013333333333,0.0104066666666667,1.01866810993357,39.83934578999,39.8393457899809,-0.035400589740503,-75.0640008051157,1.92865493310657e-15,0.00016872251937458,wrap,2,0.011936,0,afterChannel,snr,NaN,NaN,NaN,NaN,mmse,1,OK,,4.6181811
263,H_EQ_rawGain_std7_likely_Corazza,QPSK,convolutional,5/6,1116,NaN,0,NaN,1,1,0,1,0,100,0,35,37,0.00026784,0.00991008,0.0093744,1.02319615820303,39.8008219834564,39.8008219834474,-0.0111087582910173,-74.9678902520367,1.92865493310657e-15,0.00017077500265219,wrap,2,0.010752,0,afterChannel,snr,NaN,NaN,NaN,NaN,mmse,1,OK,,4.9047544
264,H_EQ_rawGain_std7_likely_Corazza,QPSK,convolutional,7/8,1123,NaN,0,NaN,1,1,0,1,0,100,0,35,37,0.000256685714285714,0.00949737142857143,0.008984,1.02863067483079,39.7548105742221,39.7548105742131,-0.00492988766317183,-75.184428037838,1.92865493310657e-15,0.000166913051775527,wrap,2,0.010304,0,afterChannel,snr,NaN,NaN,NaN,NaN,mmse,1,OK,,5.3872756
265,H_EQ_rawGain_std7_likely_Corazza,8PSK,none,none,1115,NaN,0,NaN,1,1,0,1,0,97.4358974358974,0,36,38,0.000148666666666667,0.00564933333333333,0.005352,1.03567810407855,39.6955041069742,39.6955041069654,0.0237028878873674,-74.8660992236978,1.92865493310657e-15,0.000174441058671515,wrap,2,0.005968,0,afterChannel,snr,NaN,NaN,NaN,NaN,mmse,1,OK,,3.5852465
266,H_EQ_rawGain_std7_likely_Corazza,8PSK,convolutional,1/2,1115,NaN,0,NaN,1,1,0,1,0,100,0,35,37,0.000297333333333333,0.0110013333333333,0.0104066666666667,1.02818687330891,39.7585588999824,39.7585588999735,0.0324124505378987,-75.0639562993875,1.92865493310657e-15,0.00016872251937458,wrap,2,0.011936,0,afterChannel,snr,NaN,NaN,NaN,NaN,mmse,1,OK,,5.2897869
267,H_EQ_rawGain_std7_likely_Corazza,8PSK,convolutional,2/3,1115,NaN,0,NaN,1,1,0,1,0,100,0,35,37,0.000223,0.008251,0.007805,1.00292359342612,39.9746430388415,39.9746430388321,-0.0293005626818933,-75.4378696964294,1.92865493310657e-15,0.000161766536578776,wrap,2,0.008952,0,afterChannel,snr,NaN,NaN,NaN,NaN,mmse,1,OK,,5.350699
268,H_EQ_rawGain_std7_likely_Corazza,8PSK,convolutional,3/4,1115,NaN,0,NaN,1,1,0,1,0,100,0,35,37,0.000198222222222222,0.00733422222222222,0.00693777777777778,1.00062245975931,39.9945950652291,39.9945950652196,0.0312423174002222,-75.6118758868201,1.92865493310657e-15,0.000157807329365547,wrap,2,0.007956,0,afterChannel,snr,NaN,NaN,NaN,NaN,mmse,1,OK,,5.2290579
269,H_EQ_rawGain_std7_likely_Corazza,8PSK,convolutional,5/6,1116,NaN,0,NaN,1,1,0,1,0,100,0,35,37,0.00017856,0.00660672,0.0062496,1.03490604662438,39.7019815120578,39.701981512049,-0.0286380104852452,-75.3678626869913,1.92865493310657e-15,0.000162879219456901,wrap,2,0.007168,0,afterChannel,snr,NaN,NaN,NaN,NaN,mmse,1,OK,,5.5531492
270,H_EQ_rawGain_std7_likely_Corazza,8PSK,convolutional,7/8,1123,NaN,0,NaN,1,1,0,1,0,100,0,35,37,0.00017112380952381,0.00633158095238095,0.00598933333333333,1.0408992508819,39.6518260803655,39.6518260803568,0.0670299595215764,-75.2293463557068,1.92865493310657e-15,0.000166214625297105,wrap,2,0.006868,0,afterChannel,snr,NaN,NaN,NaN,NaN,mmse,1,OK,,5.9439062
271,H_EQ_rawGain_std7_likely_Corazza,16QAM,none,none,1115,NaN,0,NaN,1,1,0,1,0,100,0,36,39,0.0001115,0.0043485,0.004014,3.17506194768985,29.964955937976,29.9746732550332,-5.47877245178555,-74.8873433252541,1.92865493310657e-15,0.000172256212100075,wrap,2,0.004476,0,afterChannel,snr,NaN,NaN,NaN,NaN,mmse,1,OK,,2.3183744
272,H_EQ_rawGain_std7_likely_Corazza,16QAM,convolutional,1/2,1115,NaN,0,NaN,1,1,0,1,0,100,0,36,38,0.000223,0.008474,0.008028,2.91969901964494,30.6932383192818,30.6653541476058,7.76787183776483,-75.4391897360541,1.92865493310657e-15,0.000161766536578776,wrap,2,0.008952,0,afterChannel,snr,NaN,NaN,NaN,NaN,mmse,1,OK,,3.7466494
273,H_EQ_rawGain_std7_likely_Corazza,16QAM,convolutional,2/3,1115,NaN,0,NaN,1,1,0,1,0,100,0,36,38,0.00016725,0.0063555,0.006021,2.88422321125373,30.7994226483683,30.812605173316,-8.18117514981527,-75.1571941194519,1.92865493310657e-15,0.000167865874331929,wrap,2,0.006714,0,afterChannel,snr,NaN,NaN,NaN,NaN,mmse,1,OK,,4.1083142
274,H_EQ_rawGain_std7_likely_Corazza,16QAM,convolutional,3/4,1115,NaN,0,NaN,1,1,0,1,0,100,0,35,37,0.000148666666666667,0.00550066666666667,0.00520333333333333,2.28832383773448,32.8096503057176,32.7684581724042,2.15762279530883,-74.8722159248454,1.92865493310657e-15,0.000174441058671515,wrap,2,0.005968,0,afterChannel,snr,NaN,NaN,NaN,NaN,mmse,1,OK,,3.7958367
275,H_EQ_rawGain_std7_likely_Corazza,16QAM,convolutional,5/6,1116,NaN,0,NaN,1,1,0,1,0,100,0,35,37,0.00013392,0.00495504,0.0046872,2.48927509286379,32.0785421263974,32.0799316464266,-18.2365409567646,-74.7982436437064,1.92865493310657e-15,0.000175368332573066,wrap,2,0.005376,0,afterChannel,snr,NaN,NaN,NaN,NaN,mmse,1,OK,,4.1312122
276,H_EQ_rawGain_std7_likely_Corazza,16QAM,convolutional,7/8,1123,NaN,0,NaN,1,1,0,1,0,100,0,35,37,0.000128342857142857,0.00474868571428571,0.004492,2.75143841242161,31.20880407788,31.2289087350215,9.26311844576897,-74.8348377160102,1.92865493310657e-15,0.000174405900979592,wrap,2,0.005152,0,afterChannel,snr,NaN,NaN,NaN,NaN,mmse,1,OK,,4.5751125
277,H_EQ_rawGain_std7_likely_Corazza,32QAM,none,none,1115,NaN,0,NaN,1,1,0,1,0,100,0,36,39,8.92e-05,0.0034788,0.0032112,3.91569880149596,28.1438144368626,28.0769420236472,5.46149937736801,-74.3186910958648,1.92865493310657e-15,0.000185903925893109,wrap,2,0.00358,0,afterChannel,snr,NaN,NaN,NaN,NaN,mmse,1,OK,,2.1740371
278,H_EQ_rawGain_std7_likely_Corazza,32QAM,convolutional,1/2,1115,NaN,0,NaN,1,1,0,1,0,100,0,35,37,0.0001784,0.0066008,0.006244,2.78461263512754,31.1047042117959,31.0757708929184,-20.6698546864961,-75.3591190116799,1.92865493310657e-15,0.000162967586976519,wrap,2,0.00716,0,afterChannel,snr,NaN,NaN,NaN,NaN,mmse,1,OK,,3.6108068
279,H_EQ_rawGain_std7_likely_Corazza,32QAM,convolutional,2/3,1115,NaN,0,NaN,1,1,0,1,0,100,0,35,37,0.0001338,0.0049506,0.004683,3.50785449491672,29.0991685875642,29.1002107692633,-7.02057917522152,-74.7941107099638,1.92865493310657e-15,0.000175350158317763,wrap,2,0.00537,0,afterChannel,snr,NaN,NaN,NaN,NaN,mmse,1,OK,,3.8652036
280,H_EQ_rawGain_std7_likely_Corazza,32QAM,convolutional,3/4,1115,NaN,0,NaN,1,1,0,1,0,100,0,35,38,0.000118933333333333,0.00451946666666667,0.00416266666666667,3.63209358953338,28.7968593875221,28.8041494129092,-2.11354231912625,-74.9092553707323,1.92865493310657e-15,0.000172394892813785,wrap,2,0.004774,0,afterChannel,snr,NaN,NaN,NaN,NaN,mmse,1,OK,,3.5492767
281,H_EQ_rawGain_std7_likely_Corazza,32QAM,convolutional,5/6,1116,NaN,0,NaN,1,1,0,1,0,100,0,35,37,0.000107136,0.003964032,0.00374976,2.55037761198757,31.8679102528011,31.8599118735651,13.8985140407217,-74.8272702519625,1.92865493310657e-15,0.000173586125467689,wrap,2,0.0043,0,afterChannel,snr,NaN,NaN,NaN,NaN,mmse,1,OK,,4.0263447
282,H_EQ_rawGain_std7_likely_Corazza,32QAM,convolutional,7/8,1123,NaN,0,NaN,1,1,0,1,0,100,0,35,37,0.000102674285714286,0.00379894857142857,0.0035936,2.52779217207043,31.9451727077399,31.980467330449,-17.1969899447868,-74.7038358187709,1.92865493310657e-15,0.000176315393708404,wrap,2,0.00412,0,afterChannel,snr,NaN,NaN,NaN,NaN,mmse,1,OK,,4.5140748
283,H_EQ_rawGain_std7_likely_Corazza,GMSK,none,none,1115,NaN,0,NaN,1,1,0,1,0,100,0,37,39,0.000446,0.017394,0.016502,3.63538663732772,28.7889878692574,28.7889878692574,NaN,-73.2061811043491,1.92865493310657e-15,0.000200387802170769,wrap,2,0.017904,0,afterChannel,snr,NaN,NaN,NaN,NaN,mmse,1,OK,,4.0063724
284,H_EQ_rawGain_std7_likely_Corazza,GMSK,convolutional,1/2,1115,NaN,0,NaN,1,1,0,1,0,100,0,36,38,0.000892,0.033896,0.032112,3.63891861790933,28.780553140477,28.780553140477,NaN,-72.8691023046149,1.92865493310657e-15,0.000201435896228119,wrap,2,0.035808,0,afterChannel,snr,NaN,NaN,NaN,NaN,mmse,1,OK,,6.799699
285,H_EQ_rawGain_std7_likely_Corazza,GMSK,convolutional,2/3,1115,NaN,0,NaN,1,1,0,1,0,100,0,36,38,0.000669,0.025422,0.024084,3.63515207463511,28.7895483189689,28.7895483189689,NaN,-73.5887617879299,1.92865493310657e-15,0.000191760152674845,wrap,2,0.026856,0,afterChannel,snr,NaN,NaN,NaN,NaN,mmse,1,OK,,5.5717956
286,H_EQ_rawGain_std7_likely_Corazza,GMSK,convolutional,3/4,1115,NaN,0,NaN,1,1,0,1,0,100,0,36,38,0.000594666666666667,0.0225973333333333,0.021408,3.63386586685834,28.7926221479255,28.7926221479255,NaN,-73.4785508616696,1.92865493310657e-15,0.000194096537581021,wrap,2,0.023872,0,afterChannel,snr,NaN,NaN,NaN,NaN,mmse,1,OK,,5.060997
287,H_EQ_rawGain_std7_likely_Corazza,GMSK,convolutional,5/6,1116,NaN,0,NaN,1,1,0,1,0,100,0,36,38,0.00053568,0.02035584,0.01928448,3.63473384599719,28.7905476985564,28.7905476985564,NaN,-73.2893366394938,1.92865493310657e-15,0.000197918876669071,wrap,2,0.021504,0,afterChannel,snr,NaN,NaN,NaN,NaN,mmse,1,OK,,4.6939541
288,H_EQ_rawGain_std7_likely_Corazza,GMSK,convolutional,7/8,1123,NaN,0,NaN,1,1,0,1,0,100,0,36,38,0.000513371428571429,0.0195081142857143,0.0184813714285714,3.63667279514921,28.7859154452446,28.7859154452446,NaN,-73.1589236992167,1.92865493310657e-15,0.000201381286126866,wrap,2,0.020608,0,afterChannel,snr,NaN,NaN,NaN,NaN,mmse,1,OK,,4.6655734
289,H_EQ_rawGain_std8_likely_Lutz,BPSK,none,none,1115,NaN,0,NaN,1,1,0,1,0,100,0,37,39,0.000446,0.017394,0.016502,1.17245964804064,38.618041905048,38.6180419050412,-5.5489251063998e-05,-62.1437158266998,1.92865493310657e-15,0.00038653318534848,wrap,2,0.017904,0,afterChannel,snr,NaN,NaN,NaN,NaN,mmse,1,OK,,4.1653499
290,H_EQ_rawGain_std8_likely_Lutz,BPSK,convolutional,1/2,1115,NaN,0,NaN,1,1,0,1,0,100,0,36,38,0.000892,0.033896,0.032112,1.15948139076133,38.7147243446511,38.7147243446441,3.00354018853581e-05,-62.1312640267145,1.92865493310657e-15,0.000386787452546303,wrap,2,0.035808,0,afterChannel,snr,NaN,NaN,NaN,NaN,mmse,1,OK,,7.0998331
291,H_EQ_rawGain_std8_likely_Lutz,BPSK,convolutional,2/3,1115,NaN,0,NaN,1,1,0,1,0,100,0,36,38,0.000669,0.025422,0.024084,1.15975220262835,38.7126958797246,38.7126958797176,-1.33065303372218e-05,-62.1730029943905,1.92865493310657e-15,0.00038515782778632,wrap,2,0.026856,0,afterChannel,snr,NaN,NaN,NaN,NaN,mmse,1,OK,,6.5894478
292,H_EQ_rawGain_std8_likely_Lutz,BPSK,convolutional,3/4,1115,NaN,0,NaN,1,1,0,1,0,100,0,35,37,0.000594666666666667,0.0220026666666667,0.0208133333333333,1.16635835955262,38.6633598720742,38.6633598720673,-2.81337535349355e-05,-62.2180354039664,1.92865493310657e-15,0.000382958133603801,wrap,2,0.023872,0,afterChannel,snr,NaN,NaN,NaN,NaN,mmse,1,OK,,6.225323
293,H_EQ_rawGain_std8_likely_Lutz,BPSK,convolutional,5/6,1116,NaN,0,NaN,1,1,0,1,0,100,0,35,38,0.00053568,0.02035584,0.0187488,1.18888235522531,38.4972223694308,38.4972223694241,1.65949656015252e-05,-62.3336418816172,1.92865493310657e-15,0.000377699145183409,wrap,2,0.021504,0,afterChannel,snr,NaN,NaN,NaN,NaN,mmse,1,OK,,6.2721408
294,H_EQ_rawGain_std8_likely_Lutz,BPSK,convolutional,7/8,1123,NaN,0,NaN,1,1,0,1,0,100,0,35,37,0.000513371428571429,0.0189947428571429,0.017968,1.15500923098056,38.7482908964253,38.7482908964182,-1.64433609544829e-05,-62.2957348260588,1.92865493310657e-15,0.000379290441029105,wrap,2,0.020608,0,afterChannel,snr,NaN,NaN,NaN,NaN,mmse,1,OK,,6.6825656
295,H_EQ_rawGain_std8_likely_Lutz,QPSK,none,none,1115,NaN,0,NaN,1,1,0,1,0,100,0,37,39,0.000223,0.008697,0.008251,1.02607118397679,39.7764501775456,39.7764501775367,0.0448133390161828,-62.0193330931171,1.92865493310657e-15,0.000394238331278796,wrap,2,0.008952,0,afterChannel,snr,NaN,NaN,NaN,NaN,mmse,1,OK,,3.3200213
296,H_EQ_rawGain_std8_likely_Lutz,QPSK,convolutional,1/2,1115,NaN,0,NaN,1,1,0,1,0,100,0,36,38,0.000446,0.016948,0.016056,1.04040997390112,39.6559098617519,39.6559098617432,-0.030535776647403,-62.1436948522459,1.92865493310657e-15,0.00038653318534848,wrap,2,0.017904,0,afterChannel,snr,NaN,NaN,NaN,NaN,mmse,1,OK,,5.3330446
297,H_EQ_rawGain_std8_likely_Lutz,QPSK,convolutional,2/3,1115,NaN,0,NaN,1,1,0,1,0,100,0,36,38,0.0003345,0.012711,0.012042,1.03239561533866,39.7230769721074,39.7230769720985,-0.0527103324153708,-62.2368568154686,1.92865493310657e-15,0.000383458508713103,wrap,2,0.013428,0,afterChannel,snr,NaN,NaN,NaN,NaN,mmse,1,OK,,5.2621303
298,H_EQ_rawGain_std8_likely_Lutz,QPSK,convolutional,3/4,1115,NaN,0,NaN,1,1,0,1,0,100,0,35,37,0.000297333333333333,0.0110013333333333,0.0104066666666667,1.0186346992709,39.8396306777616,39.8396306777525,-0.0364118354259692,-62.0604476301661,1.92865493310657e-15,0.000392684935778524,wrap,2,0.011936,0,afterChannel,snr,NaN,NaN,NaN,NaN,mmse,1,OK,,5.041326
299,H_EQ_rawGain_std8_likely_Lutz,QPSK,convolutional,5/6,1116,NaN,0,NaN,1,1,0,1,0,100,0,35,37,0.00026784,0.00991008,0.0093744,1.02319774240061,39.8008085352485,39.8008085352395,-0.011159756680753,-62.0119132413822,1.92865493310657e-15,0.000394872005004514,wrap,2,0.010752,0,afterChannel,snr,NaN,NaN,NaN,NaN,mmse,1,OK,,5.2658894
300,H_EQ_rawGain_std8_likely_Lutz,QPSK,convolutional,7/8,1123,NaN,0,NaN,1,1,0,1,0,100,0,35,37,0.000256685714285714,0.00949737142857143,0.008984,1.02861271966216,39.7549621912971,39.7549621912882,-0.00394147149105807,-61.9891504275486,1.92865493310657e-15,0.000395877308111075,wrap,2,0.010304,0,afterChannel,snr,NaN,NaN,NaN,NaN,mmse,1,OK,,5.7365687
301,H_EQ_rawGain_std8_likely_Lutz,8PSK,none,none,1115,NaN,0,NaN,1,1,0,1,0,97.4358974358974,0,36,38,0.000148666666666667,0.00564933333333333,0.005352,1.03565161203466,39.6957262898239,39.6957262898151,0.0235828223329368,-62.2466851987705,1.92865493310657e-15,0.000383495364166601,wrap,2,0.005968,0,afterChannel,snr,NaN,NaN,NaN,NaN,mmse,1,OK,,3.8023459
302,H_EQ_rawGain_std8_likely_Lutz,8PSK,convolutional,1/2,1115,NaN,0,NaN,1,1,0,1,0,100,0,35,37,0.000297333333333333,0.0110013333333333,0.0104066666666667,1.02818911633203,39.7585399514522,39.7585399514433,0.0316232906963816,-62.0604403494015,1.92865493310657e-15,0.000392684935778524,wrap,2,0.011936,0,afterChannel,snr,NaN,NaN,NaN,NaN,mmse,1,OK,,5.5802153
303,H_EQ_rawGain_std8_likely_Lutz,8PSK,convolutional,2/3,1115,NaN,0,NaN,1,1,0,1,0,100,0,35,37,0.000223,0.008251,0.007805,1.00291683057313,39.9747016091983,39.9747016091889,-0.0293078697688767,-62.019304641085,1.92865493310657e-15,0.000394238331278796,wrap,2,0.008952,0,afterChannel,snr,NaN,NaN,NaN,NaN,mmse,1,OK,,5.6543563
304,H_EQ_rawGain_std8_likely_Lutz,8PSK,convolutional,3/4,1115,NaN,0,NaN,1,1,0,1,0,100,0,35,37,0.000198222222222222,0.00733422222222222,0.00693777777777778,1.00060840504558,39.994717067837,39.9947170678276,0.0312347713687812,-62.1094355240149,1.92865493310657e-15,0.000390078029373166,wrap,2,0.007956,0,afterChannel,snr,NaN,NaN,NaN,NaN,mmse,1,OK,,5.459553
305,H_EQ_rawGain_std8_likely_Lutz,8PSK,convolutional,5/6,1116,NaN,0,NaN,1,1,0,1,0,100,0,35,37,0.00017856,0.00660672,0.0062496,1.03491783587986,39.7018825662751,39.7018825662663,-0.0295374440320308,-62.1826779259849,1.92865493310657e-15,0.000386687582858921,wrap,2,0.007168,0,afterChannel,snr,NaN,NaN,NaN,NaN,mmse,1,OK,,5.8385106
306,H_EQ_rawGain_std8_likely_Lutz,8PSK,convolutional,7/8,1123,NaN,0,NaN,1,1,0,1,0,100,0,35,37,0.00017112380952381,0.00633158095238095,0.00598933333333333,1.0408834620741,39.6519578326769,39.6519578326682,0.0678404227386298,-62.2053060578355,1.92865493310657e-15,0.000385605550850826,wrap,2,0.006868,0,afterChannel,snr,NaN,NaN,NaN,NaN,mmse,1,OK,,6.1342893
307,H_EQ_rawGain_std8_likely_Lutz,16QAM,none,none,1115,NaN,0,NaN,1,1,0,1,0,100,0,36,39,0.0001115,0.0043485,0.004014,3.17501095528719,29.9650954369672,29.9748127540244,-5.47758069563234,-61.8584859066848,1.92865493310657e-15,0.000402518623196789,wrap,2,0.004476,0,afterChannel,snr,NaN,NaN,NaN,NaN,mmse,1,OK,,2.4902442
308,H_EQ_rawGain_std8_likely_Lutz,16QAM,convolutional,1/2,1115,NaN,0,NaN,1,1,0,1,0,100,0,36,38,0.000223,0.008474,0.008028,2.91970485167847,30.6932209694287,30.6653367977527,7.76779373814546,-62.0215897524441,1.92865493310657e-15,0.000394238331278796,wrap,2,0.008952,0,afterChannel,snr,NaN,NaN,NaN,NaN,mmse,1,OK,,4.064975
309,H_EQ_rawGain_std8_likely_Lutz,16QAM,convolutional,2/3,1115,NaN,0,NaN,1,1,0,1,0,100,0,36,38,0.00016725,0.0063555,0.006021,2.88419423331763,30.7995099163781,30.8126924413258,-8.18233424429965,-62.2180858032143,1.92865493310657e-15,0.000384943338590433,wrap,2,0.006714,0,afterChannel,snr,NaN,NaN,NaN,NaN,mmse,1,OK,,4.2596216
310,H_EQ_rawGain_std8_likely_Lutz,16QAM,convolutional,3/4,1115,NaN,0,NaN,1,1,0,1,0,100,0,35,37,0.000148666666666667,0.00550066666666667,0.00520333333333333,2.2883218241486,32.8096579487759,32.7684658154625,2.15795206840909,-62.2466483503157,1.92865493310657e-15,0.000383495364166601,wrap,2,0.005968,0,afterChannel,snr,NaN,NaN,NaN,NaN,mmse,1,OK,,3.9966534
311,H_EQ_rawGain_std8_likely_Lutz,16QAM,convolutional,5/6,1116,NaN,0,NaN,1,1,0,1,0,100,0,35,37,0.00013392,0.00495504,0.0046872,2.4892482744835,32.0786357049444,32.0800252249736,-18.2358072049574,-62.0980921553515,1.92865493310657e-15,0.000390726092092821,wrap,2,0.005376,0,afterChannel,snr,NaN,NaN,NaN,NaN,mmse,1,OK,,4.2977882
312,H_EQ_rawGain_std8_likely_Lutz,16QAM,convolutional,7/8,1123,NaN,0,NaN,1,1,0,1,0,100,0,35,37,0.000128342857142857,0.00474868571428571,0.004492,2.75140174716013,31.2089198255323,31.2290244826738,9.26308369837071,-62.0164230762518,1.92865493310657e-15,0.000394804310955642,wrap,2,0.005152,0,afterChannel,snr,NaN,NaN,NaN,NaN,mmse,1,OK,,4.750952
313,H_EQ_rawGain_std8_likely_Lutz,32QAM,none,none,1115,NaN,0,NaN,1,1,0,1,0,100,0,36,39,8.92e-05,0.0034788,0.0032112,3.91568407224967,28.1438471096637,28.0769746964483,5.46157546407654,-61.6683966317982,1.92865493310657e-15,0.000411593363104127,wrap,2,0.00358,0,afterChannel,snr,NaN,NaN,NaN,NaN,mmse,1,OK,,2.3180984
314,H_EQ_rawGain_std8_likely_Lutz,32QAM,convolutional,1/2,1115,NaN,0,NaN,1,1,0,1,0,100,0,35,37,0.0001784,0.0066008,0.006244,2.78459337360727,31.1047642934087,31.0758309745312,-20.6699209258418,-62.1831124906113,1.92865493310657e-15,0.000386661474908784,wrap,2,0.00716,0,afterChannel,snr,NaN,NaN,NaN,NaN,mmse,1,OK,,3.840995
315,H_EQ_rawGain_std8_likely_Lutz,32QAM,convolutional,2/3,1115,NaN,0,NaN,1,1,0,1,0,100,0,35,37,0.0001338,0.0049506,0.004683,3.5078594129955,29.0991564097901,29.1001985914892,-7.01999750914019,-62.0956953591905,1.92865493310657e-15,0.000390834902302673,wrap,2,0.00537,0,afterChannel,snr,NaN,NaN,NaN,NaN,mmse,1,OK,,3.9685721
316,H_EQ_rawGain_std8_likely_Lutz,32QAM,convolutional,3/4,1115,NaN,0,NaN,1,1,0,1,0,100,0,35,38,0.000118933333333333,0.00451946666666667,0.00416266666666667,3.63210831433414,28.7968241742953,28.8041141996825,-2.11292158860696,-61.9082060883854,1.92865493310657e-15,0.00040021749061622,wrap,2,0.004774,0,afterChannel,snr,NaN,NaN,NaN,NaN,mmse,1,OK,,3.7868708
317,H_EQ_rawGain_std8_likely_Lutz,32QAM,convolutional,5/6,1116,NaN,0,NaN,1,1,0,1,0,100,0,35,37,0.000107136,0.003964032,0.00374976,2.55035160795539,31.8679988158845,31.8600004366484,13.897307187651,-61.8384445188637,1.92865493310657e-15,0.000403454927869748,wrap,2,0.0043,0,afterChannel,snr,NaN,NaN,NaN,NaN,mmse,1,OK,,4.183219
318,H_EQ_rawGain_std8_likely_Lutz,32QAM,convolutional,7/8,1123,NaN,0,NaN,1,1,0,1,0,100,0,35,37,0.000102674285714286,0.00379894857142857,0.0035936,2.52784963271138,31.944975266226,31.9802698889351,-17.1969703964171,-61.8172023274571,1.92865493310657e-15,0.00040454279391144,wrap,2,0.00412,0,afterChannel,snr,NaN,NaN,NaN,NaN,mmse,1,OK,,4.5377419
319,H_EQ_rawGain_std8_likely_Lutz,GMSK,none,none,1115,NaN,0,NaN,1,1,0,1,0,100,0,37,39,0.000446,0.017394,0.016502,3.63540965393638,28.7889328767325,28.7889328767325,NaN,-62.1436620549498,1.92865493310657e-15,0.00038653318534848,wrap,2,0.017904,0,afterChannel,snr,NaN,NaN,NaN,NaN,mmse,1,OK,,4.5359753
320,H_EQ_rawGain_std8_likely_Lutz,GMSK,convolutional,1/2,1115,NaN,0,NaN,1,1,0,1,0,100,0,36,38,0.000892,0.033896,0.032112,3.63892181393918,28.7805455117408,28.7805455117408,NaN,-62.131236624869,1.92865493310657e-15,0.000386787452546303,wrap,2,0.035808,0,afterChannel,snr,NaN,NaN,NaN,NaN,mmse,1,OK,,7.7013942
321,H_EQ_rawGain_std8_likely_Lutz,GMSK,convolutional,2/3,1115,NaN,0,NaN,1,1,0,1,0,100,0,36,38,0.000669,0.025422,0.024084,3.63514521052223,28.7895647202038,28.7895647202038,NaN,-62.1729938637866,1.92865493310657e-15,0.00038515782778632,wrap,2,0.026856,0,afterChannel,snr,NaN,NaN,NaN,NaN,mmse,1,OK,,6.2070218
322,H_EQ_rawGain_std8_likely_Lutz,GMSK,convolutional,3/4,1115,NaN,0,NaN,1,1,0,1,0,100,0,36,38,0.000594666666666667,0.0225973333333333,0.021408,3.633838564213,28.7926874086323,28.7926874086323,NaN,-62.2180421680273,1.92865493310657e-15,0.000382958133603801,wrap,2,0.023872,0,afterChannel,snr,NaN,NaN,NaN,NaN,mmse,1,OK,,5.8106897
323,H_EQ_rawGain_std8_likely_Lutz,GMSK,convolutional,5/6,1116,NaN,0,NaN,1,1,0,1,0,100,0,36,38,0.00053568,0.02035584,0.01928448,3.63476040968615,28.7904842197882,28.7904842197882,NaN,-62.3336581180852,1.92865493310657e-15,0.000377699145183409,wrap,2,0.021504,0,afterChannel,snr,NaN,NaN,NaN,NaN,mmse,1,OK,,5.462245
324,H_EQ_rawGain_std8_likely_Lutz,GMSK,convolutional,7/8,1123,NaN,0,NaN,1,1,0,1,0,100,0,36,38,0.000513371428571429,0.0195081142857143,0.0184813714285714,3.63669277606014,28.7858677226366,28.7858677226366,NaN,-62.2957787323524,1.92865493310657e-15,0.000379290441029105,wrap,2,0.020608,0,afterChannel,snr,NaN,NaN,NaN,NaN,mmse,1,OK,,5.1567925
