CaseIndex,Scenario,ModType,ChannelCoding,Rate,NumBytesInTransferFrame,NumBitsInInformationBlock,IsLDPCOnSMTF,TPCBlocksPerTF,HEnabled,EqualizerEnabled,NormalizeHChannel,NormalizeEqualizerOutput,BER,LockRate_pct,FER,CountedFrames,MatchedFrames,FrameDuration_s,MatchedDuration_s,CountedDuration_s,EVM_post_pct,MER_dB,SNR_est_dB,ResidualCFO_Hz,HGain_dB,HNormalizationGain_dB,HMeanCoeffMagnitude,HOutOfRangeMode,HSourceDuration_s,WaveformDuration_s,ExceedsHDuration,NoisePlacement,NoiseMode,NoisePSD_dBmHz,NoiseBandwidthHz,NoisePower_dBm,NoiseEquivalentSNR_dB,EqualizerMode,GMSKDetectorUsed,Success,Status,ErrorMessage,Runtime_s
1,NoH_baseline,BPSK,none,none,1115,NaN,0,NaN,0,0,0,0,0,97.4358974358974,0,36,38,0.000446,0.016948,0.016056,1.60291219700652,35.9018053283373,35.9018053283336,-6.17882089931857e-16,0,NaN,NaN,,NaN,NaN,0,afterChannel,snr,NaN,NaN,NaN,NaN,,not-applicable,1,OK,,3.9422545
2,NoH_baseline,BPSK,convolutional,1/2,1115,NaN,0,NaN,0,0,0,0,0,100,0,36,38,0.000892,0.033896,0.032112,1.60152781888454,35.9093102629114,35.9093102629077,-8.15060984720866e-17,0,NaN,NaN,,NaN,NaN,0,afterChannel,snr,NaN,NaN,NaN,NaN,,not-applicable,1,OK,,2.5069833
3,NoH_baseline,BPSK,convolutional,2/3,1115,NaN,0,NaN,0,0,0,0,0,100,0,35,37,0.000669,0.024753,0.023415,1.6317336842961,35.7470144224094,35.7470144224059,-1.68260695709299e-15,0,NaN,NaN,,NaN,NaN,0,afterChannel,snr,NaN,NaN,NaN,NaN,,not-applicable,1,OK,,4.075503
4,NoH_baseline,BPSK,convolutional,3/4,1115,NaN,0,NaN,0,0,0,0,0,100,0,35,37,0.000594666666666667,0.0220026666666667,0.0208133333333333,1.60992913824072,35.8638647843108,35.8638647843072,-2.01259813079646e-15,0,NaN,NaN,,NaN,NaN,0,afterChannel,snr,NaN,NaN,NaN,NaN,,not-applicable,1,OK,,3.5900681
5,NoH_baseline,BPSK,convolutional,5/6,1116,NaN,0,NaN,0,0,0,0,0,100,0,35,37,0.00053568,0.01982016,0.0187488,1.60990836097321,35.8639768825472,35.8639768825436,2.00589951205155e-15,0,NaN,NaN,,NaN,NaN,0,afterChannel,snr,NaN,NaN,NaN,NaN,,not-applicable,1,OK,,4.2398427
6,NoH_baseline,BPSK,convolutional,7/8,1123,NaN,0,NaN,0,0,0,0,0,100,0,35,37,0.000513371428571429,0.0189947428571429,0.017968,1.5964906807142,35.9366722449799,35.9366722449763,2.99781900061879e-15,0,NaN,NaN,,NaN,NaN,0,afterChannel,snr,NaN,NaN,NaN,NaN,,not-applicable,1,OK,,4.3422654
7,NoH_baseline,QPSK,none,none,1115,NaN,0,NaN,0,0,0,0,0,100,0,36,39,0.000223,0.008697,0.008028,1.52618300627364,36.3278677306446,36.3278677306406,-0.0930366393698775,0,NaN,NaN,,NaN,NaN,0,afterChannel,snr,NaN,NaN,NaN,NaN,,not-applicable,1,OK,,2.7858268
8,NoH_baseline,QPSK,convolutional,1/2,1115,NaN,0,NaN,0,0,0,0,0,100,0,36,38,0.000446,0.016948,0.016056,1.51474302752501,36.3932207583335,36.3932207583294,0.107032707452113,0,NaN,NaN,,NaN,NaN,0,afterChannel,snr,NaN,NaN,NaN,NaN,,not-applicable,1,OK,,3.7084006
9,NoH_baseline,QPSK,convolutional,2/3,1115,NaN,0,NaN,0,0,0,0,0,100,0,35,38,0.0003345,0.012711,0.0117075,1.51923518516946,36.367499799702,36.3674997996979,-0.125441435983367,0,NaN,NaN,,NaN,NaN,0,afterChannel,snr,NaN,NaN,NaN,NaN,,not-applicable,1,OK,,4.0514675
10,NoH_baseline,QPSK,convolutional,3/4,1115,NaN,0,NaN,0,0,0,0,0,100,0,35,37,0.000297333333333333,0.0110013333333333,0.0104066666666667,1.49916385442974,36.4830179476283,36.4830179476242,-0.0218108753059355,0,NaN,NaN,,NaN,NaN,0,afterChannel,snr,NaN,NaN,NaN,NaN,,not-applicable,1,OK,,3.8559239
11,NoH_baseline,QPSK,convolutional,5/6,1116,NaN,0,NaN,0,0,0,0,0,100,0,35,37,0.00026784,0.00991008,0.0093744,1.50454631181483,36.4518887918302,36.4518887918261,0.089126246504065,0,NaN,NaN,,NaN,NaN,0,afterChannel,snr,NaN,NaN,NaN,NaN,,not-applicable,1,OK,,4.2872866
12,NoH_baseline,QPSK,convolutional,7/8,1123,NaN,0,NaN,0,0,0,0,0,100,0,35,37,0.000256685714285714,0.00949737142857143,0.008984,1.52238726699042,36.3494971415426,36.3494971415385,-0.0350669144483231,0,NaN,NaN,,NaN,NaN,0,afterChannel,snr,NaN,NaN,NaN,NaN,,not-applicable,1,OK,,4.6337755
13,NoH_baseline,8PSK,none,none,1115,NaN,0,NaN,0,0,0,0,0,97.4358974358974,0,36,38,0.000148666666666667,0.00564933333333333,0.005352,1.52431149614352,36.3385254993922,36.3385254993882,0.0676259279556319,0,NaN,NaN,,NaN,NaN,0,afterChannel,snr,NaN,NaN,NaN,NaN,,not-applicable,1,OK,,3.1948069
14,NoH_baseline,8PSK,convolutional,1/2,1115,NaN,0,NaN,0,0,0,0,0,100,0,35,37,0.000297333333333333,0.0110013333333333,0.0104066666666667,1.49388551995949,36.5136536455239,36.5136536455197,0.0607417611644426,0,NaN,NaN,,NaN,NaN,0,afterChannel,snr,NaN,NaN,NaN,NaN,,not-applicable,1,OK,,4.4947588
15,NoH_baseline,8PSK,convolutional,2/3,1115,NaN,0,NaN,0,0,0,0,0,100,0,35,37,0.000223,0.008251,0.007805,1.52571272668631,36.3305446219832,36.3305446219792,0.0211505059004508,0,NaN,NaN,,NaN,NaN,0,afterChannel,snr,NaN,NaN,NaN,NaN,,not-applicable,1,OK,,4.6012566
16,NoH_baseline,8PSK,convolutional,3/4,1115,NaN,0,NaN,0,0,0,0,0,100,0,35,37,0.000198222222222222,0.00733422222222222,0.00693777777777778,1.52181805414547,36.352745358721,36.352745358717,-0.0805501863826135,0,NaN,NaN,,NaN,NaN,0,afterChannel,snr,NaN,NaN,NaN,NaN,,not-applicable,1,OK,,4.4234907
17,NoH_baseline,8PSK,convolutional,5/6,1116,NaN,0,NaN,0,0,0,0,0,100,0,35,37,0.00017856,0.00660672,0.0062496,1.50134005304804,36.4704185810377,36.4704185810336,0.130783633382597,0,NaN,NaN,,NaN,NaN,0,afterChannel,snr,NaN,NaN,NaN,NaN,,not-applicable,1,OK,,4.8525352
18,NoH_baseline,8PSK,convolutional,7/8,1123,NaN,0,NaN,0,0,0,0,0,100,0,35,37,0.00017112380952381,0.00633158095238095,0.00598933333333333,1.50632295488505,36.4416381126686,36.4416381126645,-0.0206493856222227,0,NaN,NaN,,NaN,NaN,0,afterChannel,snr,NaN,NaN,NaN,NaN,,not-applicable,1,OK,,5.2438876
19,NoH_baseline,16QAM,none,none,1115,NaN,0,NaN,0,0,0,0,0,97.4358974358974,0,36,38,0.0001115,0.004237,0.004014,2.506926040882,32.0171695674302,31.9955749621232,15.8552517300237,0,NaN,NaN,,NaN,NaN,0,afterChannel,snr,NaN,NaN,NaN,NaN,,not-applicable,1,OK,,2.3009703
20,NoH_baseline,16QAM,convolutional,1/2,1115,NaN,0,NaN,0,0,0,0,0,100,0,35,37,0.000223,0.008251,0.007805,2.90012929805951,30.7516527855933,30.7495676716117,-3.27077745436572,0,NaN,NaN,,NaN,NaN,0,afterChannel,snr,NaN,NaN,NaN,NaN,,not-applicable,1,OK,,2.9940749
21,NoH_baseline,16QAM,convolutional,2/3,1115,NaN,0,NaN,0,0,0,0,0,100,0,35,37,0.00016725,0.00618825,0.00585375,2.98933383434044,30.4885116469149,30.4487222735688,2.27703582432584,0,NaN,NaN,,NaN,NaN,0,afterChannel,snr,NaN,NaN,NaN,NaN,,not-applicable,1,OK,,3.519904
22,NoH_baseline,16QAM,convolutional,3/4,1115,NaN,0,NaN,0,0,0,0,0,100,0,35,37,0.000148666666666667,0.00550066666666667,0.00520333333333333,3.76956204910917,28.4741820712347,28.4762661846,-4.9519470655208,0,NaN,NaN,,NaN,NaN,0,afterChannel,snr,NaN,NaN,NaN,NaN,,not-applicable,1,OK,,3.2662221
23,NoH_baseline,16QAM,convolutional,5/6,1116,NaN,0,NaN,0,0,0,0,0,100,0,35,37,0.00013392,0.00495504,0.0046872,2.77496842082353,31.1348390957999,31.1104502521346,0.828833125232089,0,NaN,NaN,,NaN,NaN,0,afterChannel,snr,NaN,NaN,NaN,NaN,,not-applicable,1,OK,,3.784628
24,NoH_baseline,16QAM,convolutional,7/8,1123,NaN,0,NaN,0,0,0,0,0,100,0,35,37,0.000128342857142857,0.00474868571428571,0.004492,3.0286976007283,30.3748817297187,30.3873714342425,9.67679023034725,0,NaN,NaN,,NaN,NaN,0,afterChannel,snr,NaN,NaN,NaN,NaN,,not-applicable,1,OK,,4.2144431
25,NoH_baseline,32QAM,none,none,1115,NaN,0,NaN,0,0,0,0,0,97.4358974358974,0,36,38,8.92e-05,0.0033896,0.0032112,2.74486909900853,31.2295672387317,31.2125094398681,29.7257677193316,0,NaN,NaN,,NaN,NaN,0,afterChannel,snr,NaN,NaN,NaN,NaN,,not-applicable,1,OK,,2.1468633
26,NoH_baseline,32QAM,convolutional,1/2,1115,NaN,0,NaN,0,0,0,0,0,100,0,36,38,0.0001784,0.0067792,0.0064224,3.32011490355991,29.5769377167716,29.5424046616763,9.42953670975847,0,NaN,NaN,,NaN,NaN,0,afterChannel,snr,NaN,NaN,NaN,NaN,,not-applicable,1,OK,,3.2759845
27,NoH_baseline,32QAM,convolutional,2/3,1115,NaN,0,NaN,0,0,0,0,0,100,0,35,37,0.0001338,0.0049506,0.004683,3.42600390035518,29.3042429389001,29.2965926217622,29.8014492567059,0,NaN,NaN,,NaN,NaN,0,afterChannel,snr,NaN,NaN,NaN,NaN,,not-applicable,1,OK,,3.8346005
28,NoH_baseline,32QAM,convolutional,3/4,1115,NaN,0,NaN,0,0,0,0,0,100,0,35,37,0.000118933333333333,0.00440053333333333,0.00416266666666667,3.22436886154198,29.8311056315762,29.7698747809874,-15.1255930166739,0,NaN,NaN,,NaN,NaN,0,afterChannel,snr,NaN,NaN,NaN,NaN,,not-applicable,1,OK,,3.549263
29,NoH_baseline,32QAM,convolutional,5/6,1116,NaN,0,NaN,0,0,0,0,0,100,0,35,38,0.000107136,0.004071168,0.00374976,3.92537843295809,28.122369359659,28.1067065483031,-15.394319795797,0,NaN,NaN,,NaN,NaN,0,afterChannel,snr,NaN,NaN,NaN,NaN,,not-applicable,1,OK,,3.8641366
30,NoH_baseline,32QAM,convolutional,7/8,1123,NaN,0,NaN,0,0,0,0,0,100,0,35,37,0.000102674285714286,0.00379894857142857,0.0035936,3.73227218027735,28.5605338468373,28.5657422561985,-9.09258705014456,0,NaN,NaN,,NaN,NaN,0,afterChannel,snr,NaN,NaN,NaN,NaN,,not-applicable,1,OK,,4.238046
31,NoH_baseline,GMSK,none,none,1115,NaN,0,NaN,0,0,0,0,0,100,0,37,39,0.000446,0.017394,0.016502,3.72064026728038,28.5876463603188,28.5876463603188,NaN,0,NaN,NaN,,NaN,NaN,0,afterChannel,snr,NaN,NaN,NaN,NaN,,official,1,OK,,3.8114927
32,NoH_baseline,GMSK,convolutional,1/2,1115,NaN,0,NaN,0,0,0,0,0,100,0,36,38,0.000892,0.033896,0.032112,3.74310564407496,28.5353583068094,28.5353583068094,NaN,0,NaN,NaN,,NaN,NaN,0,afterChannel,snr,NaN,NaN,NaN,NaN,,official,1,OK,,6.0891059
33,NoH_baseline,GMSK,convolutional,2/3,1115,NaN,0,NaN,0,0,0,0,0,100,0,36,38,0.000669,0.025422,0.024084,3.73461012506473,28.5550945938167,28.5550945938167,NaN,0,NaN,NaN,,NaN,NaN,0,afterChannel,snr,NaN,NaN,NaN,NaN,,official,1,OK,,4.7446677
34,NoH_baseline,GMSK,convolutional,3/4,1115,NaN,0,NaN,0,0,0,0,0,100,0,36,38,0.000594666666666667,0.0225973333333333,0.021408,3.74003606481407,28.5424841983742,28.5424841983742,NaN,0,NaN,NaN,,NaN,NaN,0,afterChannel,snr,NaN,NaN,NaN,NaN,,official,1,OK,,4.4348527
35,NoH_baseline,GMSK,convolutional,5/6,1116,NaN,0,NaN,0,0,0,0,0,100,0,36,38,0.00053568,0.02035584,0.01928448,3.735221374334,28.553673077493,28.553673077493,NaN,0,NaN,NaN,,NaN,NaN,0,afterChannel,snr,NaN,NaN,NaN,NaN,,official,1,OK,,4.2100844
36,NoH_baseline,GMSK,convolutional,7/8,1123,NaN,0,NaN,0,0,0,0,0,100,0,36,38,0.000513371428571429,0.0195081142857143,0.0184813714285714,3.74281267373675,28.5360381721026,28.5360381721026,NaN,0,NaN,NaN,,NaN,NaN,0,afterChannel,snr,NaN,NaN,NaN,NaN,,official,1,OK,,3.9593324
37,H_EQ_rawGain_default_ChannelData,BPSK,none,none,1115,NaN,0,NaN,1,1,0,1,0,97.4358974358974,0,36,38,0.000446,0.016948,0.016056,1.88405541611484,34.4981265472222,34.4981265472196,0.126281720106159,16.3019394305469,1.92865493310657e-15,6.0405964252986,error,10,0.017904,0,afterChannel,snr,NaN,NaN,NaN,NaN,mmse,not-applicable,1,OK,,3.9939707
38,H_EQ_rawGain_default_ChannelData,BPSK,convolutional,1/2,1115,NaN,0,NaN,1,1,0,1,0,100,0,36,38,0.000892,0.033896,0.032112,1.51337808857085,36.4010511650226,36.4010511650186,-0.00862449484272403,17.1449191938035,1.92865493310657e-15,6.43488121895885,error,10,0.035808,0,afterChannel,snr,NaN,NaN,NaN,NaN,mmse,not-applicable,1,OK,,6.384859
39,H_EQ_rawGain_default_ChannelData,BPSK,convolutional,2/3,1115,NaN,0,NaN,1,1,0,1,0,100,0,35,37,0.000669,0.024753,0.023415,1.66300683176767,35.5821193331933,35.58211933319,0.11031006006771,15.9474743706594,1.92865493310657e-15,5.75870095386115,error,10,0.026856,0,afterChannel,snr,NaN,NaN,NaN,NaN,mmse,not-applicable,1,OK,,5.6053858
40,H_EQ_rawGain_default_ChannelData,BPSK,convolutional,3/4,1115,NaN,0,NaN,1,1,0,1,0,100,0,35,37,0.000594666666666667,0.0220026666666667,0.0208133333333333,1.66239619215926,35.5853092913841,35.5853092913807,0.0247522579488487,16.1323785231725,1.92865493310657e-15,5.86832223523122,error,10,0.023872,0,afterChannel,snr,NaN,NaN,NaN,NaN,mmse,not-applicable,1,OK,,5.2085918
41,H_EQ_rawGain_default_ChannelData,BPSK,convolutional,5/6,1116,NaN,0,NaN,1,1,0,1,0,100,0,35,37,0.00053568,0.01982016,0.0187488,3.27930306809759,29.6843688930833,29.6843688930824,-0.0125455631554964,16.4257508439282,1.92865493310657e-15,6.13196143267201,error,10,0.021504,0,afterChannel,snr,NaN,NaN,NaN,NaN,mmse,not-applicable,1,OK,,5.4397945
42,H_EQ_rawGain_default_ChannelData,BPSK,convolutional,7/8,1123,NaN,0,NaN,1,1,0,1,0,100,0,35,37,0.000513371428571429,0.0189947428571429,0.017968,1.54486561433719,36.2221858651089,36.222185865105,-0.0478986129950292,16.5292973799857,1.92865493310657e-15,6.21585051123339,error,10,0.020608,0,afterChannel,snr,NaN,NaN,NaN,NaN,mmse,not-applicable,1,OK,,5.9237654
43,H_EQ_rawGain_default_ChannelData,QPSK,none,none,1115,NaN,0,NaN,1,1,0,1,0,100,0,36,39,0.000223,0.008697,0.008028,1.4326257306387,36.8773450594426,36.8773450594381,-0.143253164997576,15.5911508517009,1.92865493310657e-15,5.6909542787064,error,10,0.008952,0,afterChannel,snr,NaN,NaN,NaN,NaN,mmse,not-applicable,1,OK,,3.0891038
44,H_EQ_rawGain_default_ChannelData,QPSK,convolutional,1/2,1115,NaN,0,NaN,1,1,0,1,0,100,0,36,38,0.000446,0.016948,0.016056,1.79865141381298,34.9010599318266,34.9010599318237,0.175016183227406,16.3020273044524,1.92865493310657e-15,6.0405964252986,error,10,0.017904,0,afterChannel,snr,NaN,NaN,NaN,NaN,mmse,not-applicable,1,OK,,4.6227712
45,H_EQ_rawGain_default_ChannelData,QPSK,convolutional,2/3,1115,NaN,0,NaN,1,1,0,1,0,100,0,35,38,0.0003345,0.012711,0.0117075,1.49125528200809,36.5289601010619,36.5289601010577,0.0319583322810124,16.2379551301857,1.92865493310657e-15,6.06757655972507,error,10,0.013428,0,afterChannel,snr,NaN,NaN,NaN,NaN,mmse,not-applicable,1,OK,,4.8033568
46,H_EQ_rawGain_default_ChannelData,QPSK,convolutional,3/4,1115,NaN,0,NaN,1,1,0,1,0,100,0,35,37,0.000297333333333333,0.0110013333333333,0.0104066666666667,1.31131928242031,37.6458310523762,37.6458310523708,-0.114917451995782,15.6684694049018,1.92865493310657e-15,5.69369944953125,error,10,0.011936,0,afterChannel,snr,NaN,NaN,NaN,NaN,mmse,not-applicable,1,OK,,4.4767056
47,H_EQ_rawGain_default_ChannelData,QPSK,convolutional,5/6,1116,NaN,0,NaN,1,1,0,1,0,100,0,35,37,0.00026784,0.00991008,0.0093744,4.50739276952363,26.9214919262015,26.9214919262011,-0.0312023929122534,15.7360348755276,1.92865493310657e-15,5.77481037320778,error,10,0.010752,0,afterChannel,snr,NaN,NaN,NaN,NaN,mmse,not-applicable,1,OK,,4.8999787
48,H_EQ_rawGain_default_ChannelData,QPSK,convolutional,7/8,1123,NaN,0,NaN,1,1,0,1,0,100,0,35,37,0.000256685714285714,0.00949737142857143,0.008984,1.64967831129386,35.6520147066386,35.6520147066352,0.0289008154545067,15.8805164494818,1.92865493310657e-15,5.90890068330012,error,10,0.010304,0,afterChannel,snr,NaN,NaN,NaN,NaN,mmse,not-applicable,1,OK,,5.2272552
49,H_EQ_rawGain_default_ChannelData,8PSK,none,none,1115,NaN,0,NaN,1,1,0,1,0,97.4358974358974,0,36,38,0.000148666666666667,0.00564933333333333,0.005352,1.57557648854865,36.0512101709893,36.0512101709855,0.0259726684962038,15.8600956842999,1.92865493310657e-15,5.85667458774498,error,10,0.005968,0,afterChannel,snr,NaN,NaN,NaN,NaN,mmse,not-applicable,1,OK,,3.5085618
50,H_EQ_rawGain_default_ChannelData,8PSK,convolutional,1/2,1115,NaN,0,NaN,1,1,0,1,0,100,0,35,37,0.000297333333333333,0.0110013333333333,0.0104066666666667,1.31994356291116,37.5888927522502,37.5888927522449,0.0916299064106758,15.6683906135284,1.92865493310657e-15,5.69369944953125,error,10,0.011936,0,afterChannel,snr,NaN,NaN,NaN,NaN,mmse,not-applicable,1,OK,,5.1805012
51,H_EQ_rawGain_default_ChannelData,8PSK,convolutional,2/3,1115,NaN,0,NaN,1,1,0,1,0,100,0,35,37,0.000223,0.008251,0.007805,1.433218514666,36.8737518029548,36.8737518029503,0.0833531134993834,15.5912518996587,1.92865493310657e-15,5.6909542787064,error,10,0.008952,0,afterChannel,snr,NaN,NaN,NaN,NaN,mmse,not-applicable,1,OK,,5.1490621
52,H_EQ_rawGain_default_ChannelData,8PSK,convolutional,3/4,1115,NaN,0,NaN,1,1,0,1,0,100,0,35,37,0.000198222222222222,0.00733422222222222,0.00693777777777778,2.97496002842276,30.5303773015795,30.5303773015785,-0.157552649227088,15.7481178609366,1.92865493310657e-15,5.80763619638666,error,10,0.007956,0,afterChannel,snr,NaN,NaN,NaN,NaN,mmse,not-applicable,1,OK,,4.9489418
53,H_EQ_rawGain_default_ChannelData,8PSK,convolutional,5/6,1116,NaN,0,NaN,1,1,0,1,0,100,0,35,37,0.00017856,0.00660672,0.0062496,1.49355448482626,36.5155785944037,36.5155785943995,0.0389073082033899,16.0003019065839,1.92865493310657e-15,6.01131997594111,error,10,0.007168,0,afterChannel,snr,NaN,NaN,NaN,NaN,mmse,not-applicable,1,OK,,5.238312
54,H_EQ_rawGain_default_ChannelData,8PSK,convolutional,7/8,1123,NaN,0,NaN,1,1,0,1,0,100,0,35,37,0.00017112380952381,0.00633158095238095,0.00598933333333333,1.41631582592184,36.9767978402545,36.9767978402498,-0.061322777277655,15.9834047519282,1.92865493310657e-15,5.98656283501094,error,10,0.006868,0,afterChannel,snr,NaN,NaN,NaN,NaN,mmse,not-applicable,1,OK,,5.7353396
55,H_EQ_rawGain_default_ChannelData,16QAM,none,none,1115,NaN,0,NaN,1,1,0,1,0,97.4358974358974,0,36,38,0.0001115,0.004237,0.004014,2.72131256045131,31.3044314761764,31.281439976416,16.1744880931906,16.06598686372,1.92865493310657e-15,5.90095048785848,error,10,0.004476,0,afterChannel,snr,NaN,NaN,NaN,NaN,mmse,not-applicable,1,OK,,2.288643
56,H_EQ_rawGain_default_ChannelData,16QAM,convolutional,1/2,1115,NaN,0,NaN,1,1,0,1,0,100,0,35,37,0.000223,0.008251,0.007805,2.85594750476692,30.8849955919759,30.8829104779942,-3.65868254156073,15.5911296309482,1.92865493310657e-15,5.6909542787064,error,10,0.008952,0,afterChannel,snr,NaN,NaN,NaN,NaN,mmse,not-applicable,1,OK,,3.570154
57,H_EQ_rawGain_default_ChannelData,16QAM,convolutional,2/3,1115,NaN,0,NaN,1,1,0,1,0,100,0,35,37,0.00016725,0.00618825,0.00585375,2.95728571438088,30.5821342928073,30.5423449194612,2.60969531438944,15.9569741398133,1.92865493310657e-15,5.96124021156482,error,10,0.006714,0,afterChannel,snr,NaN,NaN,NaN,NaN,mmse,not-applicable,1,OK,,3.9738565
58,H_EQ_rawGain_default_ChannelData,16QAM,convolutional,3/4,1115,NaN,0,NaN,1,1,0,1,0,100,0,35,37,0.000148666666666667,0.00550066666666667,0.00520333333333333,3.76208046174285,28.4914384036913,28.4935225170566,-4.34871845377775,15.8529853547822,1.92865493310657e-15,5.85667458774498,error,10,0.005968,0,afterChannel,snr,NaN,NaN,NaN,NaN,mmse,not-applicable,1,OK,,3.7538663
59,H_EQ_rawGain_default_ChannelData,16QAM,convolutional,5/6,1116,NaN,0,NaN,1,1,0,1,0,100,0,35,37,0.00013392,0.00495504,0.0046872,2.81285855341466,31.0170421218291,30.9926532781638,1.04856347301434,15.9276250271833,1.92865493310657e-15,5.87312894529173,error,10,0.005376,0,afterChannel,snr,NaN,NaN,NaN,NaN,mmse,not-applicable,1,OK,,4.0667275
60,H_EQ_rawGain_default_ChannelData,16QAM,convolutional,7/8,1123,NaN,0,NaN,1,1,0,1,0,100,0,35,37,0.000128342857142857,0.00474868571428571,0.004492,3.05644835592169,30.295658759648,30.3081484641718,9.55551349783766,15.9657467806254,1.92865493310657e-15,5.87906043358474,error,10,0.005152,0,afterChannel,snr,NaN,NaN,NaN,NaN,mmse,not-applicable,1,OK,,4.5219322
61,H_EQ_rawGain_default_ChannelData,32QAM,none,none,1115,NaN,0,NaN,1,1,0,1,0,97.4358974358974,0,36,38,8.92e-05,0.0033896,0.0032112,3.2543243870713,29.7507831859826,29.7337253871194,30.5922854871249,16.7818326231949,1.92865493310657e-15,6.5549187719607,error,10,0.00358,0,afterChannel,snr,NaN,NaN,NaN,NaN,mmse,not-applicable,1,OK,,2.2769219
62,H_EQ_rawGain_default_ChannelData,32QAM,convolutional,1/2,1115,NaN,0,NaN,1,1,0,1,0,100,0,36,38,0.0001784,0.0067792,0.0064224,3.31881948360202,29.5803273797133,29.5457943246179,9.35642005579689,15.9992838783562,1.92865493310657e-15,6.01125580844736,error,10,0.00716,0,afterChannel,snr,NaN,NaN,NaN,NaN,mmse,not-applicable,1,OK,,3.5326907
63,H_EQ_rawGain_default_ChannelData,32QAM,convolutional,2/3,1115,NaN,0,NaN,1,1,0,1,0,100,0,35,37,0.0001338,0.0049506,0.004683,3.52242096103036,29.0631748632989,29.055524546161,30.1746105608579,15.9415799778681,1.92865493310657e-15,5.87338033699224,error,10,0.00537,0,afterChannel,snr,NaN,NaN,NaN,NaN,mmse,not-applicable,1,OK,,3.7212454
64,H_EQ_rawGain_default_ChannelData,32QAM,convolutional,3/4,1115,NaN,0,NaN,1,1,0,1,0,100,0,35,37,0.000118933333333333,0.00440053333333333,0.00416266666666667,3.25632119897823,29.7454552693679,29.6849290991018,-15.2153424573664,15.9992759370911,1.92865493310657e-15,5.87821854278635,error,10,0.004774,0,afterChannel,snr,NaN,NaN,NaN,NaN,mmse,not-applicable,1,OK,,3.5339736
65,H_EQ_rawGain_default_ChannelData,32QAM,convolutional,5/6,1116,NaN,0,NaN,1,1,0,1,0,100,0,35,38,0.000107136,0.004071168,0.00374976,4.27292745777501,27.3854896042479,27.3687805942716,-15.6706903601355,16.1454109336371,1.92865493310657e-15,5.94705958064567,error,10,0.0043,0,afterChannel,snr,NaN,NaN,NaN,NaN,mmse,not-applicable,1,OK,,4.0650071
66,H_EQ_rawGain_default_ChannelData,32QAM,convolutional,7/8,1123,NaN,0,NaN,1,1,0,1,0,100,0,35,37,0.000102674285714286,0.00379894857142857,0.0035936,4.45772063211641,27.0177430496953,27.0229514590568,-8.48096691923353,16.2550996997094,1.92865493310657e-15,6.0355681356457,error,10,0.00412,0,afterChannel,snr,NaN,NaN,NaN,NaN,mmse,not-applicable,1,OK,,4.4266259
67,H_EQ_rawGain_default_ChannelData,GMSK,none,none,1115,NaN,0,NaN,1,1,0,1,0,100,0,37,39,0.000446,0.017394,0.016502,3.82975408427899,28.3365822400504,28.3365822400504,NaN,16.3019610834679,1.92865493310657e-15,6.0405964252986,error,10,0.017904,0,afterChannel,snr,NaN,NaN,NaN,NaN,mmse,official,1,OK,,4.149984
68,H_EQ_rawGain_default_ChannelData,GMSK,convolutional,1/2,1115,NaN,0,NaN,1,1,0,1,0,100,0,36,38,0.000892,0.033896,0.032112,3.700243817249,28.6353931673241,28.6353931673241,NaN,17.1448430738708,1.92865493310657e-15,6.43488121895885,error,10,0.035808,0,afterChannel,snr,NaN,NaN,NaN,NaN,mmse,official,1,OK,,7.3509756
69,H_EQ_rawGain_default_ChannelData,GMSK,convolutional,2/3,1115,NaN,0,NaN,1,1,0,1,0,100,0,36,38,0.000669,0.025422,0.024084,3.71248888120652,28.606696767436,28.606696767436,NaN,15.9474426690022,1.92865493310657e-15,5.75870095386115,error,10,0.026856,0,afterChannel,snr,NaN,NaN,NaN,NaN,mmse,official,1,OK,,5.8268128
70,H_EQ_rawGain_default_ChannelData,GMSK,convolutional,3/4,1115,NaN,0,NaN,1,1,0,1,0,100,0,36,38,0.000594666666666667,0.0225973333333333,0.021408,3.72531571254657,28.5767383165328,28.5767383165328,NaN,16.1323808442305,1.92865493310657e-15,5.86832223523122,error,10,0.023872,0,afterChannel,snr,NaN,NaN,NaN,NaN,mmse,official,1,OK,,5.5541
71,H_EQ_rawGain_default_ChannelData,GMSK,convolutional,5/6,1116,NaN,0,NaN,1,1,0,1,0,100,0,36,38,0.00053568,0.02035584,0.01928448,4.30535897950415,27.3198126272122,27.3198126272122,NaN,16.4257973417965,1.92865493310657e-15,6.13196143267201,error,10,0.021504,0,afterChannel,snr,NaN,NaN,NaN,NaN,mmse,official,1,OK,,4.9616205
72,H_EQ_rawGain_default_ChannelData,GMSK,convolutional,7/8,1123,NaN,0,NaN,1,1,0,1,0,100,0,36,38,0.000513371428571429,0.0195081142857143,0.0184813714285714,3.72780365278693,28.5709394089621,28.5709394089621,NaN,16.5293509973349,1.92865493310657e-15,6.21585051123339,error,10,0.020608,0,afterChannel,snr,NaN,NaN,NaN,NaN,mmse,official,1,OK,,4.7850177
73,H_EQ_rawGain_std2_likely_TDL,BPSK,none,none,1115,NaN,0,NaN,1,1,0,1,0,97.4358974358974,0,36,38,0.000446,0.016948,0.016056,1.80067679810697,34.8912846263955,34.8912846263927,0.173834944849569,14.7583873468778,1.92865493310657e-15,5.26393696534763,error,10,0.017904,0,afterChannel,snr,NaN,NaN,NaN,NaN,mmse,not-applicable,1,OK,,3.6487162
74,H_EQ_rawGain_std2_likely_TDL,BPSK,convolutional,1/2,1115,NaN,0,NaN,1,1,0,1,0,100,0,36,38,0.000892,0.033896,0.032112,1.89797668220712,34.4341825489329,34.4341825489304,0.0258152013316485,16.304538169879,1.92865493310657e-15,5.92784786775793,error,10,0.035808,0,afterChannel,snr,NaN,NaN,NaN,NaN,mmse,not-applicable,1,OK,,5.8397453
75,H_EQ_rawGain_std2_likely_TDL,BPSK,convolutional,2/3,1115,NaN,0,NaN,1,1,0,1,0,100,0,35,37,0.000669,0.024753,0.023415,2.29131189846474,32.7983157931438,32.798315793142,-0.139819565101669,15.095699427352,1.92865493310657e-15,5.34509786088241,error,10,0.026856,0,afterChannel,snr,NaN,NaN,NaN,NaN,mmse,not-applicable,1,OK,,5.6376159
76,H_EQ_rawGain_std2_likely_TDL,BPSK,convolutional,3/4,1115,NaN,0,NaN,1,1,0,1,0,100,0,35,37,0.000594666666666667,0.0220026666666667,0.0208133333333333,3.04699817243227,30.3225561252794,30.3225561252785,0.11208422461146,14.9987144210961,1.92865493310657e-15,5.28244824745131,error,10,0.023872,0,afterChannel,snr,NaN,NaN,NaN,NaN,mmse,not-applicable,1,OK,,5.3925096
77,H_EQ_rawGain_std2_likely_TDL,BPSK,convolutional,5/6,1116,NaN,0,NaN,1,1,0,1,0,100,0,35,37,0.00053568,0.01982016,0.0187488,1.51689074806245,36.3809139508077,36.3809139508037,-0.0427451809132222,15.2353768062231,1.92865493310657e-15,5.44588706466916,error,10,0.021504,0,afterChannel,snr,NaN,NaN,NaN,NaN,mmse,not-applicable,1,OK,,5.4706353
78,H_EQ_rawGain_std2_likely_TDL,BPSK,convolutional,7/8,1123,NaN,0,NaN,1,1,0,1,0,100,0,35,37,0.000513371428571429,0.0189947428571429,0.017968,1.33293869555976,37.5037964834759,37.5037964834706,-0.0270665366862226,15.014735273642,1.92865493310657e-15,5.31776710732109,error,10,0.020608,0,afterChannel,snr,NaN,NaN,NaN,NaN,mmse,not-applicable,1,OK,,5.839531
79,H_EQ_rawGain_std2_likely_TDL,QPSK,none,none,1115,NaN,0,NaN,1,1,0,1,0,100,0,36,39,0.000223,0.008697,0.008028,1.42701741829513,36.9114145163574,36.9114145163528,0.0326864532383626,13.6782392267658,1.92865493310657e-15,4.6841080166737,error,10,0.008952,0,afterChannel,snr,NaN,NaN,NaN,NaN,mmse,not-applicable,1,OK,,2.9777802
80,H_EQ_rawGain_std2_likely_TDL,QPSK,convolutional,1/2,1115,NaN,0,NaN,1,1,0,1,0,100,0,36,38,0.000446,0.016948,0.016056,1.69215179596807,35.431213615605,35.4312136156017,0.138488548466431,14.758410121668,1.92865493310657e-15,5.26393696534763,error,10,0.017904,0,afterChannel,snr,NaN,NaN,NaN,NaN,mmse,not-applicable,1,OK,,4.5113309
81,H_EQ_rawGain_std2_likely_TDL,QPSK,convolutional,2/3,1115,NaN,0,NaN,1,1,0,1,0,100,0,35,37,0.0003345,0.0123765,0.0117075,1.27097785052729,37.9172403575679,37.9172403575621,0.0716032617115789,14.276750020431,1.92865493310657e-15,4.94348087163615,error,10,0.013428,0,afterChannel,snr,NaN,NaN,NaN,NaN,mmse,not-applicable,1,OK,,4.654739
82,H_EQ_rawGain_std2_likely_TDL,QPSK,convolutional,3/4,1115,NaN,0,NaN,1,1,0,1,0,100,0,35,37,0.000297333333333333,0.0110013333333333,0.0104066666666667,1.35256253851578,37.376852905139,37.3768529051339,-0.0709877847487189,13.5477108381457,1.92865493310657e-15,4.59571122161988,error,10,0.011936,0,afterChannel,snr,NaN,NaN,NaN,NaN,mmse,not-applicable,1,OK,,4.4712016
83,H_EQ_rawGain_std2_likely_TDL,QPSK,convolutional,5/6,1116,NaN,0,NaN,1,1,0,1,0,100,0,35,37,0.00026784,0.00991008,0.0093744,2.54376695618319,31.890453570218,31.8904535702165,-0.192589194614504,13.6434954176053,1.92865493310657e-15,4.66043792896671,error,10,0.010752,0,afterChannel,snr,NaN,NaN,NaN,NaN,mmse,not-applicable,1,OK,,4.9896789
84,H_EQ_rawGain_std2_likely_TDL,QPSK,convolutional,7/8,1123,NaN,0,NaN,1,1,0,1,0,100,0,35,37,0.000256685714285714,0.00949737142857143,0.008984,1.73465565029103,35.215734498397,35.2157344983939,-0.090892664623119,13.7704588821352,1.92865493310657e-15,4.74639414382105,error,10,0.010304,0,afterChannel,snr,NaN,NaN,NaN,NaN,mmse,not-applicable,1,OK,,5.2800646
85,H_EQ_rawGain_std2_likely_TDL,8PSK,none,none,1115,NaN,0,NaN,1,1,0,1,0,97.4358974358974,0,36,38,0.000148666666666667,0.00564933333333333,0.005352,1.3449336189932,37.4259830064119,37.4259830064067,0.204496367732144,13.4066411249994,1.92865493310657e-15,4.50050501766133,error,10,0.005968,0,afterChannel,snr,NaN,NaN,NaN,NaN,mmse,not-applicable,1,OK,,3.3954302
86,H_EQ_rawGain_std2_likely_TDL,8PSK,convolutional,1/2,1115,NaN,0,NaN,1,1,0,1,0,100,0,35,37,0.000297333333333333,0.0110013333333333,0.0104066666666667,1.35396019884923,37.3678820405537,37.3678820405486,0.0496826045929128,13.5476494657668,1.92865493310657e-15,4.59571122161988,error,10,0.011936,0,afterChannel,snr,NaN,NaN,NaN,NaN,mmse,not-applicable,1,OK,,5.0321266
87,H_EQ_rawGain_std2_likely_TDL,8PSK,convolutional,2/3,1115,NaN,0,NaN,1,1,0,1,0,100,0,35,37,0.000223,0.008251,0.007805,1.43202877674383,36.8809650950955,36.880965095091,-0.0332009170157219,13.6782883855096,1.92865493310657e-15,4.6841080166737,error,10,0.008952,0,afterChannel,snr,NaN,NaN,NaN,NaN,mmse,not-applicable,1,OK,,5.0988436
88,H_EQ_rawGain_std2_likely_TDL,8PSK,convolutional,3/4,1115,NaN,0,NaN,1,1,0,1,0,100,0,35,37,0.000198222222222222,0.00733422222222222,0.00693777777777778,1.72600460907803,35.2591609778102,35.2591609778071,-0.156703560461354,13.6759300555302,1.92865493310657e-15,4.66824454134775,error,10,0.007956,0,afterChannel,snr,NaN,NaN,NaN,NaN,mmse,not-applicable,1,OK,,4.9550547
89,H_EQ_rawGain_std2_likely_TDL,8PSK,convolutional,5/6,1116,NaN,0,NaN,1,1,0,1,0,100,0,35,37,0.00017856,0.00660672,0.0062496,1.4885586361404,36.5446810658182,36.544681065814,0.165179270884341,13.7887730665285,1.92865493310657e-15,4.7194541423526,error,10,0.007168,0,afterChannel,snr,NaN,NaN,NaN,NaN,mmse,not-applicable,1,OK,,5.4520243
90,H_EQ_rawGain_std2_likely_TDL,8PSK,convolutional,7/8,1123,NaN,0,NaN,1,1,0,1,0,100,0,35,37,0.00017112380952381,0.00633158095238095,0.00598933333333333,1.40449953085036,37.049568030624,37.0495680306192,0.0238606993227665,13.769118927762,1.92865493310657e-15,4.70134461289889,error,10,0.006868,0,afterChannel,snr,NaN,NaN,NaN,NaN,mmse,not-applicable,1,OK,,5.7702363
91,H_EQ_rawGain_std2_likely_TDL,16QAM,none,none,1115,NaN,0,NaN,1,1,0,1,0,97.4358974358974,0,36,38,0.0001115,0.004237,0.004014,2.68621824872186,31.4171740971957,31.3941825974352,15.5945771052991,12.9083446166326,1.92865493310657e-15,4.22274481809163,error,10,0.004476,0,afterChannel,snr,NaN,NaN,NaN,NaN,mmse,not-applicable,1,OK,,2.3190156
92,H_EQ_rawGain_std2_likely_TDL,16QAM,convolutional,1/2,1115,NaN,0,NaN,1,1,0,1,0,100,0,35,37,0.000223,0.008251,0.007805,2.8297897577407,30.9649165930114,30.9628314790298,-3.52357982046355,13.6788616379742,1.92865493310657e-15,4.6841080166737,error,10,0.008952,0,afterChannel,snr,NaN,NaN,NaN,NaN,mmse,not-applicable,1,OK,,3.5599969
93,H_EQ_rawGain_std2_likely_TDL,16QAM,convolutional,2/3,1115,NaN,0,NaN,1,1,0,1,0,100,0,35,37,0.00016725,0.00618825,0.00585375,2.91302964388521,30.7131019167136,30.6733125433675,2.48935242963607,13.7373670705454,1.92865493310657e-15,4.68102499681904,error,10,0.006714,0,afterChannel,snr,NaN,NaN,NaN,NaN,mmse,not-applicable,1,OK,,3.9021362
94,H_EQ_rawGain_std2_likely_TDL,16QAM,convolutional,3/4,1115,NaN,0,NaN,1,1,0,1,0,100,0,35,37,0.000148666666666667,0.00550066666666667,0.00520333333333333,3.66129869805242,28.7272967765118,28.7293808898771,-4.40680400495183,13.4079231273887,1.92865493310657e-15,4.50050501766133,error,10,0.005968,0,afterChannel,snr,NaN,NaN,NaN,NaN,mmse,not-applicable,1,OK,,3.7638017
95,H_EQ_rawGain_std2_likely_TDL,16QAM,convolutional,5/6,1116,NaN,0,NaN,1,1,0,1,0,100,0,35,37,0.00013392,0.00495504,0.0046872,2.7181914599966,31.3143991265255,31.2900102828601,1.13829139200393,13.0619392810316,1.92865493310657e-15,4.32633594651332,error,10,0.005376,0,afterChannel,snr,NaN,NaN,NaN,NaN,mmse,not-applicable,1,OK,,4.1349331
96,H_EQ_rawGain_std2_likely_TDL,16QAM,convolutional,7/8,1123,NaN,0,NaN,1,1,0,1,0,100,0,35,37,0.000128342857142857,0.00474868571428571,0.004492,2.99346135814716,30.4765268736448,30.4890165781686,9.67191570047386,12.9629896382106,1.92865493310657e-15,4.27254661211693,error,10,0.005152,0,afterChannel,snr,NaN,NaN,NaN,NaN,mmse,not-applicable,1,OK,,4.6045252
97,H_EQ_rawGain_std2_likely_TDL,32QAM,none,none,1115,NaN,0,NaN,1,1,0,1,0,97.4358974358974,0,36,38,8.92e-05,0.0033896,0.0032112,3.37586809986944,29.4322906047779,29.4152328059147,29.2148466415516,13.5353880364783,1.92865493310657e-15,4.60993011145219,error,10,0.00358,0,afterChannel,snr,NaN,NaN,NaN,NaN,mmse,not-applicable,1,OK,,2.2001247
98,H_EQ_rawGain_std2_likely_TDL,32QAM,convolutional,1/2,1115,NaN,0,NaN,1,1,0,1,0,100,0,36,38,0.0001784,0.0067792,0.0064224,3.3567248743098,29.4816850634259,29.4471520083305,9.35787929711942,13.787268194447,1.92865493310657e-15,4.71933767787835,error,10,0.00716,0,afterChannel,snr,NaN,NaN,NaN,NaN,mmse,not-applicable,1,OK,,3.5853351
99,H_EQ_rawGain_std2_likely_TDL,32QAM,convolutional,2/3,1115,NaN,0,NaN,1,1,0,1,0,100,0,35,37,0.0001338,0.0049506,0.004683,3.38702899720609,29.4036217047059,29.395971387568,29.8879118794671,13.0648240838778,1.92865493310657e-15,4.32475102598328,error,10,0.00537,0,afterChannel,snr,NaN,NaN,NaN,NaN,mmse,not-applicable,1,OK,,3.7212483
100,H_EQ_rawGain_std2_likely_TDL,32QAM,convolutional,3/4,1115,NaN,0,NaN,1,1,0,1,0,100,0,35,37,0.000118933333333333,0.00440053333333333,0.00416266666666667,3.21750116955224,29.8496257311755,29.7890995609094,-14.5745433205982,12.8681924456469,1.92865493310657e-15,4.21784658797929,error,10,0.004774,0,afterChannel,snr,NaN,NaN,NaN,NaN,mmse,not-applicable,1,OK,,3.5702359
101,H_EQ_rawGain_std2_likely_TDL,32QAM,convolutional,5/6,1116,NaN,0,NaN,1,1,0,1,0,100,0,35,38,0.000107136,0.004071168,0.00374976,4.11128645508971,27.7204452514002,27.7037362414239,-15.4940172622295,12.9748269592734,1.92865493310657e-15,4.2522856837266,error,10,0.0043,0,afterChannel,snr,NaN,NaN,NaN,NaN,mmse,not-applicable,1,OK,,3.9425301
102,H_EQ_rawGain_std2_likely_TDL,32QAM,convolutional,7/8,1123,NaN,0,NaN,1,1,0,1,0,100,0,35,38,0.000102674285714286,0.00390162285714286,0.0035936,4.1152496474026,27.7120762724573,27.7172846818186,-8.9722071879687,13.0730070637807,1.92865493310657e-15,4.30655358176907,error,10,0.00412,0,afterChannel,snr,NaN,NaN,NaN,NaN,mmse,not-applicable,1,OK,,4.3812033
103,H_EQ_rawGain_std2_likely_TDL,GMSK,none,none,1115,NaN,0,NaN,1,1,0,1,0,100,0,37,39,0.000446,0.017394,0.016502,3.78185698053522,28.4458979801464,28.4458979801464,NaN,14.7583332980081,1.92865493310657e-15,5.26393696534763,error,10,0.017904,0,afterChannel,snr,NaN,NaN,NaN,NaN,mmse,official,1,OK,,4.1161092
104,H_EQ_rawGain_std2_likely_TDL,GMSK,convolutional,1/2,1115,NaN,0,NaN,1,1,0,1,0,100,0,36,38,0.000892,0.033896,0.032112,3.8113584316834,28.3784041387922,28.3784041387922,NaN,16.3044241641523,1.92865493310657e-15,5.92784786775793,error,10,0.035808,0,afterChannel,snr,NaN,NaN,NaN,NaN,mmse,official,1,OK,,7.3661463
105,H_EQ_rawGain_std2_likely_TDL,GMSK,convolutional,2/3,1115,NaN,0,NaN,1,1,0,1,0,100,0,36,38,0.000669,0.025422,0.024084,3.94652462623795,28.0757036572185,28.0757036572185,NaN,15.0956798891421,1.92865493310657e-15,5.34509786088241,error,10,0.026856,0,afterChannel,snr,NaN,NaN,NaN,NaN,mmse,official,1,OK,,5.9224501
106,H_EQ_rawGain_std2_likely_TDL,GMSK,convolutional,3/4,1115,NaN,0,NaN,1,1,0,1,0,100,0,36,38,0.000594666666666667,0.0225973333333333,0.021408,4.21872739464451,27.4963707382814,27.4963707382814,NaN,14.9987145227978,1.92865493310657e-15,5.28244824745131,error,10,0.023872,0,afterChannel,snr,NaN,NaN,NaN,NaN,mmse,official,1,OK,,5.3811207
107,H_EQ_rawGain_std2_likely_TDL,GMSK,convolutional,5/6,1116,NaN,0,NaN,1,1,0,1,0,100,0,36,38,0.00053568,0.02035584,0.01928448,3.70810556201855,28.6169582178992,28.6169582178992,NaN,15.2353635443599,1.92865493310657e-15,5.44588706466916,error,10,0.021504,0,afterChannel,snr,NaN,NaN,NaN,NaN,mmse,official,1,OK,,4.9518879
108,H_EQ_rawGain_std2_likely_TDL,GMSK,convolutional,7/8,1123,NaN,0,NaN,1,1,0,1,0,100,0,36,38,0.000513371428571429,0.0195081142857143,0.0184813714285714,3.6712647563703,28.7036858970379,28.7036858970379,NaN,15.0147326475902,1.92865493310657e-15,5.31776710732109,error,10,0.020608,0,afterChannel,snr,NaN,NaN,NaN,NaN,mmse,official,1,OK,,4.7461294
109,H_EQ_rawGain_std3_likely_CDL,BPSK,none,none,1115,NaN,0,NaN,1,1,0,1,0,97.4358974358974,0,36,38,0.000446,0.016948,0.016056,2.21037709497765,33.1106725688554,33.1106725688535,-0.192178408992719,16.1008048780904,1.92865493310657e-15,5.85082815244608,error,10,0.017904,0,afterChannel,snr,NaN,NaN,NaN,NaN,mmse,not-applicable,1,OK,,3.6224127
110,H_EQ_rawGain_std3_likely_CDL,BPSK,convolutional,1/2,1115,NaN,0,NaN,1,1,0,1,0,100,0,36,38,0.000892,0.033896,0.032112,1.50658311580843,36.4401380797959,36.4401380797918,-0.0519830997521921,16.437905384752,1.92865493310657e-15,5.88142990639879,error,10,0.035808,0,afterChannel,snr,NaN,NaN,NaN,NaN,mmse,not-applicable,1,OK,,5.8667016
111,H_EQ_rawGain_std3_likely_CDL,BPSK,convolutional,2/3,1115,NaN,0,NaN,1,1,0,1,0,100,0,35,37,0.000669,0.024753,0.023415,3.5226642602517,29.0625749357976,29.0625749357969,-0.216521473412185,15.7182008911669,1.92865493310657e-15,5.59892212816039,error,10,0.026856,0,afterChannel,snr,NaN,NaN,NaN,NaN,mmse,not-applicable,1,OK,,5.6204407
112,H_EQ_rawGain_std3_likely_CDL,BPSK,convolutional,3/4,1115,NaN,0,NaN,1,1,0,1,0,100,0,35,37,0.000594666666666667,0.0220026666666667,0.0208133333333333,2.14092530566531,33.387969689172,33.38796968917,0.171807509779372,15.8284704010376,1.92865493310657e-15,5.66713878823609,error,10,0.023872,0,afterChannel,snr,NaN,NaN,NaN,NaN,mmse,not-applicable,1,OK,,5.2321796
113,H_EQ_rawGain_std3_likely_CDL,BPSK,convolutional,5/6,1116,NaN,0,NaN,1,1,0,1,0,100,0,35,37,0.00053568,0.01982016,0.0187488,2.31778176312533,32.6985491718691,32.6985491718674,-0.0464631250838443,16.017587579857,1.92865493310657e-15,5.77874163482803,error,10,0.021504,0,afterChannel,snr,NaN,NaN,NaN,NaN,mmse,not-applicable,1,OK,,5.4620487
114,H_EQ_rawGain_std3_likely_CDL,BPSK,convolutional,7/8,1123,NaN,0,NaN,1,1,0,1,0,100,0,35,37,0.000513371428571429,0.0189947428571429,0.017968,2.66624260554573,31.4820067199277,31.4820067199264,0.116649757322982,16.148040368547,1.92865493310657e-15,5.8798354265235,error,10,0.020608,0,afterChannel,snr,NaN,NaN,NaN,NaN,mmse,not-applicable,1,OK,,5.8949146
115,H_EQ_rawGain_std3_likely_CDL,QPSK,none,none,1115,NaN,0,NaN,1,1,0,1,0,100,0,36,39,0.000223,0.008697,0.008028,1.44616696578363,36.7956312620963,36.7956312620918,-0.0583258173007769,13.8689945652098,1.92865493310657e-15,4.72318272911757,error,10,0.008952,0,afterChannel,snr,NaN,NaN,NaN,NaN,mmse,not-applicable,1,OK,,2.8969306
116,H_EQ_rawGain_std3_likely_CDL,QPSK,convolutional,1/2,1115,NaN,0,NaN,1,1,0,1,0,100,0,36,38,0.000446,0.016948,0.016056,2.15813884713828,33.318412355192,33.3184123551901,-0.245815305695324,16.1008532211113,1.92865493310657e-15,5.85082815244608,error,10,0.017904,0,afterChannel,snr,NaN,NaN,NaN,NaN,mmse,not-applicable,1,OK,,4.5962193
117,H_EQ_rawGain_std3_likely_CDL,QPSK,convolutional,2/3,1115,NaN,0,NaN,1,1,0,1,0,100,0,35,37,0.0003345,0.0123765,0.0117075,1.27688058971945,37.8769942967161,37.8769942967103,-0.0409443514976781,15.2571507145249,1.92865493310657e-15,5.42514071569369,error,10,0.013428,0,afterChannel,snr,NaN,NaN,NaN,NaN,mmse,not-applicable,1,OK,,4.7438244
118,H_EQ_rawGain_std3_likely_CDL,QPSK,convolutional,3/4,1115,NaN,0,NaN,1,1,0,1,0,100,0,35,37,0.000297333333333333,0.0110013333333333,0.0104066666666667,1.47755224615297,36.6091430710015,36.6091430709972,-0.0408823194156643,14.2429842630738,1.92865493310657e-15,4.92628022072505,error,10,0.011936,0,afterChannel,snr,NaN,NaN,NaN,NaN,mmse,not-applicable,1,OK,,4.5104833
119,H_EQ_rawGain_std3_likely_CDL,QPSK,convolutional,5/6,1116,NaN,0,NaN,1,1,0,1,0,100,0,35,37,0.00026784,0.00991008,0.0093744,1.29825066308862,37.7328289382912,37.7328289382857,-0.0161401794962736,14.3391063341535,1.92865493310657e-15,4.98620765549392,error,10,0.010752,0,afterChannel,snr,NaN,NaN,NaN,NaN,mmse,not-applicable,1,OK,,4.9027942
120,H_EQ_rawGain_std3_likely_CDL,QPSK,convolutional,7/8,1123,NaN,0,NaN,1,1,0,1,0,100,0,35,37,0.000256685714285714,0.00949737142857143,0.008984,1.26537949129837,37.9555841733888,37.955584173383,-0.00164304882303561,14.1225574480641,1.92865493310657e-15,4.87344824265656,error,10,0.010304,0,afterChannel,snr,NaN,NaN,NaN,NaN,mmse,not-applicable,1,OK,,5.1719454
121,H_EQ_rawGain_std3_likely_CDL,8PSK,none,none,1115,NaN,0,NaN,1,1,0,1,0,97.4358974358974,0,36,38,0.000148666666666667,0.00564933333333333,0.005352,1.69878009664365,35.3972567192083,35.3972567192051,-0.169490833840753,14.4408116353701,1.92865493310657e-15,5.09324742305439,error,10,0.005968,0,afterChannel,snr,NaN,NaN,NaN,NaN,mmse,not-applicable,1,OK,,3.4812388
122,H_EQ_rawGain_std3_likely_CDL,8PSK,convolutional,1/2,1115,NaN,0,NaN,1,1,0,1,0,100,0,35,37,0.000297333333333333,0.0110013333333333,0.0104066666666667,1.47037860536118,36.6514165016561,36.6514165016518,0.0155343376730419,14.2429939136855,1.92865493310657e-15,4.92628022072505,error,10,0.011936,0,afterChannel,snr,NaN,NaN,NaN,NaN,mmse,not-applicable,1,OK,,5.0981148
123,H_EQ_rawGain_std3_likely_CDL,8PSK,convolutional,2/3,1115,NaN,0,NaN,1,1,0,1,0,100,0,35,37,0.000223,0.008251,0.007805,1.42380873509877,36.9309669396875,36.9309669396829,0.0159074458937096,13.8690646574938,1.92865493310657e-15,4.72318272911757,error,10,0.008952,0,afterChannel,snr,NaN,NaN,NaN,NaN,mmse,not-applicable,1,OK,,5.1134315
124,H_EQ_rawGain_std3_likely_CDL,8PSK,convolutional,3/4,1115,NaN,0,NaN,1,1,0,1,0,100,0,35,37,0.000198222222222222,0.00733422222222222,0.00693777777777778,1.67663463911499,35.5112313120238,35.5112313120205,0.0374094864138443,13.6949583731259,1.92865493310657e-15,4.60758367182172,error,10,0.007956,0,afterChannel,snr,NaN,NaN,NaN,NaN,mmse,not-applicable,1,OK,,5.0503426
125,H_EQ_rawGain_std3_likely_CDL,8PSK,convolutional,5/6,1116,NaN,0,NaN,1,1,0,1,0,100,0,35,37,0.00017856,0.00660672,0.0062496,2.45604634087863,32.1952688630114,32.1952688630099,-0.0162714860277931,13.9391046583858,1.92865493310657e-15,4.75567031687267,error,10,0.007168,0,afterChannel,snr,NaN,NaN,NaN,NaN,mmse,not-applicable,1,OK,,5.3174497
126,H_EQ_rawGain_std3_likely_CDL,8PSK,convolutional,7/8,1123,NaN,0,NaN,1,1,0,1,0,100,0,35,37,0.00017112380952381,0.00633158095238095,0.00598933333333333,2.26455229763169,32.9003529051351,32.9003529051333,-0.174302416558071,14.0776700452283,1.92865493310657e-15,4.85305591708535,error,10,0.006868,0,afterChannel,snr,NaN,NaN,NaN,NaN,mmse,not-applicable,1,OK,,5.7335205
127,H_EQ_rawGain_std3_likely_CDL,16QAM,none,none,1115,NaN,0,NaN,1,1,0,1,0,97.4358974358974,0,36,38,0.0001115,0.004237,0.004014,2.68229320151533,31.4298750230485,31.406883523288,15.677268065329,14.4197542946681,1.92865493310657e-15,5.02945530751402,error,10,0.004476,0,afterChannel,snr,NaN,NaN,NaN,NaN,mmse,not-applicable,1,OK,,2.2912403
128,H_EQ_rawGain_std3_likely_CDL,16QAM,convolutional,1/2,1115,NaN,0,NaN,1,1,0,1,0,100,0,35,37,0.000223,0.008251,0.007805,2.8631794116877,30.863028749909,30.8609436359273,-3.45559985901664,13.8653898845172,1.92865493310657e-15,4.72318272911757,error,10,0.008952,0,afterChannel,snr,NaN,NaN,NaN,NaN,mmse,not-applicable,1,OK,,3.5511451
129,H_EQ_rawGain_std3_likely_CDL,16QAM,convolutional,2/3,1115,NaN,0,NaN,1,1,0,1,0,100,0,35,37,0.00016725,0.00618825,0.00585375,3.3393449389484,29.5267743601852,29.4869849868394,2.18241514640898,14.1493085620777,1.92865493310657e-15,4.90126830444121,error,10,0.006714,0,afterChannel,snr,NaN,NaN,NaN,NaN,mmse,not-applicable,1,OK,,4.0023305
130,H_EQ_rawGain_std3_likely_CDL,16QAM,convolutional,3/4,1115,NaN,0,NaN,1,1,0,1,0,100,0,35,38,0.000148666666666667,0.00564933333333333,0.00520333333333333,3.83880391956952,28.3160814087264,28.3181655220918,-4.8435562197389,14.4329274706437,1.92865493310657e-15,5.09324742305439,error,10,0.005968,0,afterChannel,snr,NaN,NaN,NaN,NaN,mmse,not-applicable,1,OK,,3.7476462
131,H_EQ_rawGain_std3_likely_CDL,16QAM,convolutional,5/6,1116,NaN,0,NaN,1,1,0,1,0,100,0,35,37,0.00013392,0.00495504,0.0046872,2.74013479930473,31.2445614358973,31.2201725922319,0.839226594799358,14.5060894663373,1.92865493310657e-15,5.12032152731346,error,10,0.005376,0,afterChannel,snr,NaN,NaN,NaN,NaN,mmse,not-applicable,1,OK,,4.1325984
132,H_EQ_rawGain_std3_likely_CDL,16QAM,convolutional,7/8,1123,NaN,0,NaN,1,1,0,1,0,100,0,35,37,0.000128342857142857,0.00474868571428571,0.004492,3.00033731000144,30.456598348024,30.4690880525478,9.488312489435,14.4755054953083,1.92865493310657e-15,5.09222090541483,error,10,0.005152,0,afterChannel,snr,NaN,NaN,NaN,NaN,mmse,not-applicable,1,OK,,4.5846635
133,H_EQ_rawGain_std3_likely_CDL,32QAM,none,none,1115,NaN,0,NaN,1,1,0,1,0,97.4358974358974,0,36,38,8.92e-05,0.0033896,0.0032112,2.7799799964196,31.1191665814646,31.1021087826011,29.6959630336376,14.9866737816994,1.92865493310657e-15,5.4279347918529,error,10,0.00358,0,afterChannel,snr,NaN,NaN,NaN,NaN,mmse,not-applicable,1,OK,,2.2018451
134,H_EQ_rawGain_std3_likely_CDL,32QAM,convolutional,1/2,1115,NaN,0,NaN,1,1,0,1,0,100,0,36,38,0.0001784,0.0067792,0.0064224,3.87990798687562,28.2235714740231,28.189038418928,9.71885572596978,13.9453973003531,1.92865493310657e-15,4.75825042986331,error,10,0.00716,0,afterChannel,snr,NaN,NaN,NaN,NaN,mmse,not-applicable,1,OK,,3.4488521
135,H_EQ_rawGain_std3_likely_CDL,32QAM,convolutional,2/3,1115,NaN,0,NaN,1,1,0,1,0,100,0,35,37,0.0001338,0.0049506,0.004683,3.405229563569,29.3570720959894,29.3494217788515,29.8139086798849,14.5113182204877,1.92865493310657e-15,5.1197908840137,error,10,0.00537,0,afterChannel,snr,NaN,NaN,NaN,NaN,mmse,not-applicable,1,OK,,3.7387581
136,H_EQ_rawGain_std3_likely_CDL,32QAM,convolutional,3/4,1115,NaN,0,NaN,1,1,0,1,0,100,0,35,37,0.000118933333333333,0.00440053333333333,0.00416266666666667,3.21987267238482,29.8432260367293,29.7826998664632,-15.0892519101737,14.4063588104733,1.92865493310657e-15,5.03350444131949,error,10,0.004774,0,afterChannel,snr,NaN,NaN,NaN,NaN,mmse,not-applicable,1,OK,,3.5574985
137,H_EQ_rawGain_std3_likely_CDL,32QAM,convolutional,5/6,1116,NaN,0,NaN,1,1,0,1,0,100,0,35,37,0.000107136,0.003964032,0.00374976,4.18040141628108,27.575640275956,27.5589312659797,-15.2186404713083,14.4952948610023,1.92865493310657e-15,5.06828548822991,error,10,0.0043,0,afterChannel,snr,NaN,NaN,NaN,NaN,mmse,not-applicable,1,OK,,3.9941206
138,H_EQ_rawGain_std3_likely_CDL,32QAM,convolutional,7/8,1123,NaN,0,NaN,1,1,0,1,0,100,0,35,37,0.000102674285714286,0.00379894857142857,0.0035936,4.17061165307598,27.5960049529187,27.6012133622801,-8.76697778917198,14.5979048670415,1.92865493310657e-15,5.14797336985426,error,10,0.00412,0,afterChannel,snr,NaN,NaN,NaN,NaN,mmse,not-applicable,1,OK,,4.3276443
139,H_EQ_rawGain_std3_likely_CDL,GMSK,none,none,1115,NaN,0,NaN,1,1,0,1,0,100,0,37,39,0.000446,0.017394,0.016502,3.91741895879507,28.1399995837842,28.1399995837842,NaN,16.1007425880782,1.92865493310657e-15,5.85082815244608,error,10,0.017904,0,afterChannel,snr,NaN,NaN,NaN,NaN,mmse,official,1,OK,,4.0919172
140,H_EQ_rawGain_std3_likely_CDL,GMSK,convolutional,1/2,1115,NaN,0,NaN,1,1,0,1,0,100,0,36,38,0.000892,0.033896,0.032112,3.70957025459765,28.6135279902712,28.6135279902712,NaN,16.4378350376663,1.92865493310657e-15,5.88142990639879,error,10,0.035808,0,afterChannel,snr,NaN,NaN,NaN,NaN,mmse,official,1,OK,,7.393113
141,H_EQ_rawGain_std3_likely_CDL,GMSK,convolutional,2/3,1115,NaN,0,NaN,1,1,0,1,0,100,0,36,38,0.000669,0.025422,0.024084,4.45865730964967,27.0159181208367,27.0159181208367,NaN,15.7181600047366,1.92865493310657e-15,5.59892212816039,error,10,0.026856,0,afterChannel,snr,NaN,NaN,NaN,NaN,mmse,official,1,OK,,5.7796463
142,H_EQ_rawGain_std3_likely_CDL,GMSK,convolutional,3/4,1115,NaN,0,NaN,1,1,0,1,0,100,0,36,38,0.000594666666666667,0.0225973333333333,0.021408,3.91359669890391,28.1484786193705,28.1484786193705,NaN,15.8283751547981,1.92865493310657e-15,5.66713878823609,error,10,0.023872,0,afterChannel,snr,NaN,NaN,NaN,NaN,mmse,official,1,OK,,5.3860581
143,H_EQ_rawGain_std3_likely_CDL,GMSK,convolutional,5/6,1116,NaN,0,NaN,1,1,0,1,0,100,0,36,38,0.00053568,0.02035584,0.01928448,3.96285213404698,28.0398426439824,28.0398426439824,NaN,16.0175891807929,1.92865493310657e-15,5.77874163482803,error,10,0.021504,0,afterChannel,snr,NaN,NaN,NaN,NaN,mmse,official,1,OK,,5.0411032
144,H_EQ_rawGain_std3_likely_CDL,GMSK,convolutional,7/8,1123,NaN,0,NaN,1,1,0,1,0,100,0,36,38,0.000513371428571429,0.0195081142857143,0.0184813714285714,4.04948045142163,27.8520138643716,27.8520138643716,NaN,16.1480006204231,1.92865493310657e-15,5.8798354265235,error,10,0.020608,0,afterChannel,snr,NaN,NaN,NaN,NaN,mmse,official,1,OK,,4.8653112
145,H_EQ_rawGain_std4_likely_ITU_P681,BPSK,none,none,1115,NaN,0,NaN,1,1,0,1,0,97.4358974358974,0,36,38,0.000446,0.016948,0.016056,1.43631557604215,36.8550025963516,36.8550025963471,-0.0494148077408801,15.8960009282646,1.92865493310657e-15,5.65528363681581,error,10,0.017904,0,afterChannel,snr,NaN,NaN,NaN,NaN,mmse,not-applicable,1,OK,,3.6304377
146,H_EQ_rawGain_std4_likely_ITU_P681,BPSK,convolutional,1/2,1115,NaN,0,NaN,1,1,0,1,0,100,0,36,38,0.000892,0.033896,0.032112,3.51362706324386,29.0848867291562,29.0848867291554,0.105630742604812,15.9105058478425,1.92865493310657e-15,5.56582206987132,error,10,0.035808,0,afterChannel,snr,NaN,NaN,NaN,NaN,mmse,not-applicable,1,OK,,5.7636008
147,H_EQ_rawGain_std4_likely_ITU_P681,BPSK,convolutional,2/3,1115,NaN,0,NaN,1,1,0,1,0,100,0,35,37,0.000669,0.024753,0.023415,2.05763719361726,33.7326239685393,33.7326239685371,-0.0128732689039589,15.938365374356,1.92865493310657e-15,5.60979803740263,error,10,0.026856,0,afterChannel,snr,NaN,NaN,NaN,NaN,mmse,not-applicable,1,OK,,5.5828908
148,H_EQ_rawGain_std4_likely_ITU_P681,BPSK,convolutional,3/4,1115,NaN,0,NaN,1,1,0,1,0,100,0,35,37,0.000594666666666667,0.0220026666666667,0.0208133333333333,3.59033644653432,28.897297044997,28.8972970449963,-0.0887287587271422,16.2106542957166,1.92865493310657e-15,5.78871765635339,error,10,0.023872,0,afterChannel,snr,NaN,NaN,NaN,NaN,mmse,not-applicable,1,OK,,5.5067369
149,H_EQ_rawGain_std4_likely_ITU_P681,BPSK,convolutional,5/6,1116,NaN,0,NaN,1,1,0,1,0,100,0,35,37,0.00053568,0.01982016,0.0187488,1.57632458174904,36.0470870370744,36.0470870370707,0.077440195615774,16.263557903285,1.92865493310657e-15,5.80892286225016,error,10,0.021504,0,afterChannel,snr,NaN,NaN,NaN,NaN,mmse,not-applicable,1,OK,,5.4662889
150,H_EQ_rawGain_std4_likely_ITU_P681,BPSK,convolutional,7/8,1123,NaN,0,NaN,1,1,0,1,0,100,0,35,37,0.000513371428571429,0.0189947428571429,0.017968,1.90250052212174,34.4135043073941,34.4135043073916,0.0594382829766777,16.3444461056684,1.92865493310657e-15,5.87352345194337,error,10,0.020608,0,afterChannel,snr,NaN,NaN,NaN,NaN,mmse,not-applicable,1,OK,,5.8751521
151,H_EQ_rawGain_std4_likely_ITU_P681,QPSK,none,none,1115,NaN,0,NaN,1,1,0,1,0,97.4358974358974,0,36,38,0.000223,0.008474,0.008028,1.84355709972165,34.6868681325703,34.6868681325676,-0.111864111182869,14.4314702172225,1.92865493310657e-15,4.99622386751506,error,10,0.008952,0,afterChannel,snr,NaN,NaN,NaN,NaN,mmse,not-applicable,1,OK,,3.2393701
152,H_EQ_rawGain_std4_likely_ITU_P681,QPSK,convolutional,1/2,1115,NaN,0,NaN,1,1,0,1,0,100,0,36,38,0.000446,0.016948,0.016056,1.32368746604915,37.5642908688132,37.5642908688078,0.0751836780377312,15.896194275983,1.92865493310657e-15,5.65528363681581,error,10,0.017904,0,afterChannel,snr,NaN,NaN,NaN,NaN,mmse,not-applicable,1,OK,,4.5911699
153,H_EQ_rawGain_std4_likely_ITU_P681,QPSK,convolutional,2/3,1115,NaN,0,NaN,1,1,0,1,0,100,0,35,38,0.0003345,0.012711,0.0117075,3.82890927906076,28.3384984712706,28.33849847127,0.489259083182133,15.3387785301976,1.92865493310657e-15,5.3024535151063,error,10,0.013428,0,afterChannel,snr,NaN,NaN,NaN,NaN,mmse,not-applicable,1,OK,,4.7546994
154,H_EQ_rawGain_std4_likely_ITU_P681,QPSK,convolutional,3/4,1115,NaN,0,NaN,1,1,0,1,0,100,0,35,37,0.000297333333333333,0.0110013333333333,0.0104066666666667,1.28242660766214,37.8393495972177,37.839349597212,-0.0748415787266003,14.4465014023312,1.92865493310657e-15,4.90861269275756,error,10,0.011936,0,afterChannel,snr,NaN,NaN,NaN,NaN,mmse,not-applicable,1,OK,,4.5126374
155,H_EQ_rawGain_std4_likely_ITU_P681,QPSK,convolutional,5/6,1116,NaN,0,NaN,1,1,0,1,0,100,0,35,37,0.00026784,0.00991008,0.0093744,1.28258321564215,37.8382889543928,37.838288954387,0.0326574628812416,14.2690168815786,1.92865493310657e-15,4.80431836782375,error,10,0.010752,0,afterChannel,snr,NaN,NaN,NaN,NaN,mmse,not-applicable,1,OK,,4.9800402
156,H_EQ_rawGain_std4_likely_ITU_P681,QPSK,convolutional,7/8,1123,NaN,0,NaN,1,1,0,1,0,100,0,36,38,0.000256685714285714,0.00975405714285714,0.00924068571428571,1.52510341968807,36.3340141023838,36.3340141023798,0.0202075511397454,14.0281126583917,1.92865493310657e-15,4.67752618793605,error,10,0.010304,0,afterChannel,snr,NaN,NaN,NaN,NaN,mmse,not-applicable,1,OK,,5.255069
157,H_EQ_rawGain_std4_likely_ITU_P681,8PSK,none,none,1115,NaN,0,NaN,1,1,0,1,0,97.4358974358974,0,36,38,0.000148666666666667,0.00564933333333333,0.005352,1.91024775785546,34.3782060279107,34.3782060279082,0.298612366567934,14.0408148566252,1.92865493310657e-15,4.76855136943806,error,10,0.005968,0,afterChannel,snr,NaN,NaN,NaN,NaN,mmse,not-applicable,1,OK,,3.4363319
158,H_EQ_rawGain_std4_likely_ITU_P681,8PSK,convolutional,1/2,1115,NaN,0,NaN,1,1,0,1,0,100,0,35,37,0.000297333333333333,0.0110013333333333,0.0104066666666667,1.29518105261706,37.7533903512461,37.7533903512405,0.0122780370726058,14.4465030965459,1.92865493310657e-15,4.90861269275756,error,10,0.011936,0,afterChannel,snr,NaN,NaN,NaN,NaN,mmse,not-applicable,1,OK,,5.4364122
159,H_EQ_rawGain_std4_likely_ITU_P681,8PSK,convolutional,2/3,1115,NaN,0,NaN,1,1,0,1,0,100,0,35,37,0.000223,0.008251,0.007805,1.82808608970365,34.7600671194958,34.760067119493,0.0195069673007314,14.4315518758216,1.92865493310657e-15,4.99622386751506,error,10,0.008952,0,afterChannel,snr,NaN,NaN,NaN,NaN,mmse,not-applicable,1,OK,,5.151466
160,H_EQ_rawGain_std4_likely_ITU_P681,8PSK,convolutional,3/4,1115,NaN,0,NaN,1,1,0,1,0,100,0,35,37,0.000198222222222222,0.00733422222222222,0.00693777777777778,1.74794478445011,35.1494458068855,35.1494458068825,-0.0159720628730131,14.3965249184392,1.92865493310657e-15,4.9509623219501,error,10,0.007956,0,afterChannel,snr,NaN,NaN,NaN,NaN,mmse,not-applicable,1,OK,,5.0162854
161,H_EQ_rawGain_std4_likely_ITU_P681,8PSK,convolutional,5/6,1116,NaN,0,NaN,1,1,0,1,0,100,0,35,37,0.00017856,0.00660672,0.0062496,1.32310526917642,37.5681120202003,37.5681120201949,0.130097606544107,14.5922751861716,1.92865493310657e-15,5.06789729914634,error,10,0.007168,0,afterChannel,snr,NaN,NaN,NaN,NaN,mmse,not-applicable,1,OK,,5.3575661
162,H_EQ_rawGain_std4_likely_ITU_P681,8PSK,convolutional,7/8,1123,NaN,0,NaN,1,1,0,1,0,100,0,35,37,0.00017112380952381,0.00633158095238095,0.00598933333333333,1.25037013190025,38.0592281806767,38.0592281806707,-0.0527173129070548,14.4367311294584,1.92865493310657e-15,4.97563770096965,error,10,0.006868,0,afterChannel,snr,NaN,NaN,NaN,NaN,mmse,not-applicable,1,OK,,5.8594655
163,H_EQ_rawGain_std4_likely_ITU_P681,16QAM,none,none,1115,NaN,0,NaN,1,1,0,1,0,97.4358974358974,0,36,38,0.0001115,0.004237,0.004014,2.459127636709,32.1843785876507,32.16138708789,15.6445448000868,13.8616943532259,1.92865493310657e-15,4.63289572906319,error,10,0.004476,0,afterChannel,snr,NaN,NaN,NaN,NaN,mmse,not-applicable,1,OK,,2.2647157
164,H_EQ_rawGain_std4_likely_ITU_P681,16QAM,convolutional,1/2,1115,NaN,0,NaN,1,1,0,1,0,100,0,35,37,0.000223,0.008251,0.007805,3.05296486504599,30.3055638747503,30.3034787607688,-3.60627408889683,14.4288495335782,1.92865493310657e-15,4.99622386751506,error,10,0.008952,0,afterChannel,snr,NaN,NaN,NaN,NaN,mmse,not-applicable,1,OK,,3.5843628
165,H_EQ_rawGain_std4_likely_ITU_P681,16QAM,convolutional,2/3,1115,NaN,0,NaN,1,1,0,1,0,100,0,35,37,0.00016725,0.00618825,0.00585375,2.85228226004084,30.8961499837485,30.8563606104024,2.50619868251002,14.2860376197062,1.92865493310657e-15,4.89920022040114,error,10,0.006714,0,afterChannel,snr,NaN,NaN,NaN,NaN,mmse,not-applicable,1,OK,,3.8984758
166,H_EQ_rawGain_std4_likely_ITU_P681,16QAM,convolutional,3/4,1115,NaN,0,NaN,1,1,0,1,0,100,0,35,37,0.000148666666666667,0.00550066666666667,0.00520333333333333,3.90862835989004,28.1595124236494,28.1622910192772,-5.09705240372387,14.0457716793045,1.92865493310657e-15,4.76855136943806,error,10,0.005968,0,afterChannel,snr,NaN,NaN,NaN,NaN,mmse,not-applicable,1,OK,,3.6846137
167,H_EQ_rawGain_std4_likely_ITU_P681,16QAM,convolutional,5/6,1116,NaN,0,NaN,1,1,0,1,0,100,0,35,37,0.00013392,0.00495504,0.0046872,2.69733105600853,31.3813149458089,31.3569261021436,1.16675512240512,14.0307349361867,1.92865493310657e-15,4.75061611756806,error,10,0.005376,0,afterChannel,snr,NaN,NaN,NaN,NaN,mmse,not-applicable,1,OK,,4.0559659
168,H_EQ_rawGain_std4_likely_ITU_P681,16QAM,convolutional,7/8,1123,NaN,0,NaN,1,1,0,1,0,100,0,35,37,0.000128342857142857,0.00474868571428571,0.004492,2.95644961671807,30.5845903554031,30.5970800599268,9.82043486391169,13.8696750970569,1.92865493310657e-15,4.65952821175276,error,10,0.005152,0,afterChannel,snr,NaN,NaN,NaN,NaN,mmse,not-applicable,1,OK,,4.6548117
169,H_EQ_rawGain_std4_likely_ITU_P681,32QAM,none,none,1115,NaN,0,NaN,1,1,0,1,0,97.4358974358974,0,36,38,8.92e-05,0.0033896,0.0032112,2.62777644670473,31.6082316870565,31.5911738881928,29.7318258798271,12.3668897016817,1.92865493310657e-15,3.99908489868051,error,10,0.00358,0,afterChannel,snr,NaN,NaN,NaN,NaN,mmse,not-applicable,1,OK,,2.187106
170,H_EQ_rawGain_std4_likely_ITU_P681,32QAM,convolutional,1/2,1115,NaN,0,NaN,1,1,0,1,0,100,0,36,38,0.0001784,0.0067792,0.0064224,3.26989981414235,29.7093110680889,29.6747780129936,9.52314519620643,14.5853888954363,1.92865493310657e-15,5.06692508767499,error,10,0.00716,0,afterChannel,snr,NaN,NaN,NaN,NaN,mmse,not-applicable,1,OK,,3.4807484
171,H_EQ_rawGain_std4_likely_ITU_P681,32QAM,convolutional,2/3,1115,NaN,0,NaN,1,1,0,1,0,100,0,35,37,0.0001338,0.0049506,0.004683,3.35911565850134,29.4755008521088,29.4678505349709,29.8682614606681,14.0225297578744,1.92865493310657e-15,4.74831505372218,error,10,0.00537,0,afterChannel,snr,NaN,NaN,NaN,NaN,mmse,not-applicable,1,OK,,3.6735049
172,H_EQ_rawGain_std4_likely_ITU_P681,32QAM,convolutional,3/4,1115,NaN,0,NaN,1,1,0,1,0,100,0,35,37,0.000118933333333333,0.00440053333333333,0.00416266666666667,3.34315920473644,29.5168588271542,29.4563326568882,-14.4179975843925,13.7738692379113,1.92865493310657e-15,4.59058321127467,error,10,0.004774,0,afterChannel,snr,NaN,NaN,NaN,NaN,mmse,not-applicable,1,OK,,3.5113329
173,H_EQ_rawGain_std4_likely_ITU_P681,32QAM,convolutional,5/6,1116,NaN,0,NaN,1,1,0,1,0,100,0,35,38,0.000107136,0.004071168,0.00374976,3.85145712653686,28.2874986446812,28.2707896347048,-15.6450923082688,13.8337414387153,1.92865493310657e-15,4.61266623101707,error,10,0.0043,0,afterChannel,snr,NaN,NaN,NaN,NaN,mmse,not-applicable,1,OK,,3.9355569
174,H_EQ_rawGain_std4_likely_ITU_P681,32QAM,convolutional,7/8,1123,NaN,0,NaN,1,1,0,1,0,100,0,35,38,0.000102674285714286,0.00390162285714286,0.0035936,3.6187299179931,28.828876580457,28.8340849898182,-9.59193166856329,13.7031348436224,1.92865493310657e-15,4.52325275837683,error,10,0.00412,0,afterChannel,snr,NaN,NaN,NaN,NaN,mmse,not-applicable,1,OK,,4.2968528
175,H_EQ_rawGain_std4_likely_ITU_P681,GMSK,none,none,1115,NaN,0,NaN,1,1,0,1,0,100,0,37,39,0.000446,0.017394,0.016502,3.68091301693387,28.6808889035088,28.6808889035088,NaN,15.8960300786933,1.92865493310657e-15,5.65528363681581,error,10,0.017904,0,afterChannel,snr,NaN,NaN,NaN,NaN,mmse,official,1,OK,,4.124221
176,H_EQ_rawGain_std4_likely_ITU_P681,GMSK,convolutional,1/2,1115,NaN,0,NaN,1,1,0,1,0,100,0,36,38,0.000892,0.033896,0.032112,4.41696025302785,27.097530176337,27.097530176337,NaN,15.910454234356,1.92865493310657e-15,5.56582206987132,error,10,0.035808,0,afterChannel,snr,NaN,NaN,NaN,NaN,mmse,official,1,OK,,7.4311884
177,H_EQ_rawGain_std4_likely_ITU_P681,GMSK,convolutional,2/3,1115,NaN,0,NaN,1,1,0,1,0,100,0,36,38,0.000669,0.025422,0.024084,3.89151377976641,28.1976285477017,28.1976285477017,NaN,15.9382876152674,1.92865493310657e-15,5.60979803740263,error,10,0.026856,0,afterChannel,snr,NaN,NaN,NaN,NaN,mmse,official,1,OK,,5.917664
178,H_EQ_rawGain_std4_likely_ITU_P681,GMSK,convolutional,3/4,1115,NaN,0,NaN,1,1,0,1,0,100,0,36,38,0.000594666666666667,0.0225973333333333,0.021408,4.46787407549562,26.9979815145666,26.9979815145666,NaN,16.2106391297352,1.92865493310657e-15,5.78871765635339,error,10,0.023872,0,afterChannel,snr,NaN,NaN,NaN,NaN,mmse,official,1,OK,,5.4561428
179,H_EQ_rawGain_std4_likely_ITU_P681,GMSK,convolutional,5/6,1116,NaN,0,NaN,1,1,0,1,0,100,0,36,38,0.00053568,0.02035584,0.01928448,3.70228240585564,28.6306091366923,28.6306091366923,NaN,16.2634750720115,1.92865493310657e-15,5.80892286225016,error,10,0.021504,0,afterChannel,snr,NaN,NaN,NaN,NaN,mmse,official,1,OK,,5.0373282
180,H_EQ_rawGain_std4_likely_ITU_P681,GMSK,convolutional,7/8,1123,NaN,0,NaN,1,1,0,1,0,100,0,36,38,0.000513371428571429,0.0195081142857143,0.0184813714285714,3.82994905572274,28.3361400556961,28.3361400556961,NaN,16.3444226926791,1.92865493310657e-15,5.87352345194337,error,10,0.020608,0,afterChannel,snr,NaN,NaN,NaN,NaN,mmse,official,1,OK,,4.926165
181,H_EQ_rawGain_std5_likely_Jakes,BPSK,none,none,1115,NaN,0,NaN,1,1,0,1,0,97.4358974358974,0,36,38,0.000446,0.016948,0.016056,1.74612808257398,35.1584780589442,35.1584780589412,-0.209480243162956,-65.3048750393467,1.92865493310657e-15,0.000536944010835308,error,2,0.017904,0,afterChannel,snr,NaN,NaN,NaN,NaN,mmse,not-applicable,1,OK,,3.5576805
182,H_EQ_rawGain_std5_likely_Jakes,BPSK,convolutional,1/2,1115,NaN,0,NaN,1,1,0,1,0,100,0,36,38,0.000892,0.033896,0.032112,1.44325645598004,36.8131298227464,36.8131298227419,0.0148366260813668,-65.2986914718716,1.92865493310657e-15,0.000536890598665992,error,2,0.035808,0,afterChannel,snr,NaN,NaN,NaN,NaN,mmse,not-applicable,1,OK,,5.8152826
183,H_EQ_rawGain_std5_likely_Jakes,BPSK,convolutional,2/3,1115,NaN,0,NaN,1,1,0,1,0,100,0,35,37,0.000669,0.024753,0.023415,1.5578335243879,36.1495790886304,36.1495790886266,-0.0905757281637483,-65.3380899689851,1.92865493310657e-15,0.000534780475781873,error,2,0.026856,0,afterChannel,snr,NaN,NaN,NaN,NaN,mmse,not-applicable,1,OK,,5.5276142
184,H_EQ_rawGain_std5_likely_Jakes,BPSK,convolutional,3/4,1115,NaN,0,NaN,1,1,0,1,0,100,0,35,37,0.000594666666666667,0.0220026666666667,0.0208133333333333,1.55276427616788,36.1778893829145,36.1778893829106,0.0348428237844479,-65.3822331921316,1.92865493310657e-15,0.000531775524485992,error,2,0.023872,0,afterChannel,snr,NaN,NaN,NaN,NaN,mmse,not-applicable,1,OK,,5.2465578
185,H_EQ_rawGain_std5_likely_Jakes,BPSK,convolutional,5/6,1116,NaN,0,NaN,1,1,0,1,0,100,0,35,37,0.00053568,0.01982016,0.0187488,1.67399816998563,35.5249004222622,35.5249004222589,-0.00086476912911938,-65.4978039386172,1.92865493310657e-15,0.00052446432222616,error,2,0.021504,0,afterChannel,snr,NaN,NaN,NaN,NaN,mmse,not-applicable,1,OK,,5.3914947
186,H_EQ_rawGain_std5_likely_Jakes,BPSK,convolutional,7/8,1123,NaN,0,NaN,1,1,0,1,0,100,0,35,37,0.000513371428571429,0.0189947428571429,0.017968,1.74180518870163,35.1800084010681,35.180008401065,0.0626234949643518,-65.4592107509013,1.92865493310657e-15,0.000526717889681309,error,2,0.020608,0,afterChannel,snr,NaN,NaN,NaN,NaN,mmse,not-applicable,1,OK,,5.7854277
187,H_EQ_rawGain_std5_likely_Jakes,QPSK,none,none,1115,NaN,0,NaN,1,1,0,1,0,100,0,36,39,0.000223,0.008697,0.008028,1.5228797798921,36.3466875930329,36.3466875930288,-0.0363326283815328,-65.1773808540835,1.92865493310657e-15,0.000547973694991045,error,2,0.008952,0,afterChannel,snr,NaN,NaN,NaN,NaN,mmse,not-applicable,1,OK,,2.8294941
188,H_EQ_rawGain_std5_likely_Jakes,QPSK,convolutional,1/2,1115,NaN,0,NaN,1,1,0,1,0,100,0,36,38,0.000446,0.016948,0.016056,1.67378604900397,35.5260011260821,35.5260011260788,-0.0381116804053217,-65.3049313362949,1.92865493310657e-15,0.000536944010835308,error,2,0.017904,0,afterChannel,snr,NaN,NaN,NaN,NaN,mmse,not-applicable,1,OK,,4.5916823
189,H_EQ_rawGain_std5_likely_Jakes,QPSK,convolutional,2/3,1115,NaN,0,NaN,1,1,0,1,0,100,0,35,38,0.0003345,0.012711,0.0117075,1.84752289691718,34.6682034111047,34.668203411102,-0.0654935058628175,-65.3977966025766,1.92865493310657e-15,0.000532747332590002,error,2,0.013428,0,afterChannel,snr,NaN,NaN,NaN,NaN,mmse,not-applicable,1,OK,,4.635349
190,H_EQ_rawGain_std5_likely_Jakes,QPSK,convolutional,3/4,1115,NaN,0,NaN,1,1,0,1,0,100,0,35,37,0.000297333333333333,0.0110013333333333,0.0104066666666667,1.44847140269476,36.7818014938361,36.7818014938316,-0.0365420833222391,-65.2198347142058,1.92865493310657e-15,0.000545710034867374,error,2,0.011936,0,afterChannel,snr,NaN,NaN,NaN,NaN,mmse,not-applicable,1,OK,,4.3934182
191,H_EQ_rawGain_std5_likely_Jakes,QPSK,convolutional,5/6,1116,NaN,0,NaN,1,1,0,1,0,100,0,35,37,0.00026784,0.00991008,0.0093744,1.60779708062059,35.8753752849818,35.8753752849782,-0.0737779091869496,-65.1704331499422,1.92865493310657e-15,0.000548824325931533,error,2,0.010752,0,afterChannel,snr,NaN,NaN,NaN,NaN,mmse,not-applicable,1,OK,,4.7593986
192,H_EQ_rawGain_std5_likely_Jakes,QPSK,convolutional,7/8,1123,NaN,0,NaN,1,1,0,1,0,100,0,35,37,0.000256685714285714,0.00949737142857143,0.008984,1.48845301576561,36.545297393214,36.5452973932098,0.0273596654071652,-65.1473849491644,1.92865493310657e-15,0.000550243016450151,error,2,0.010304,0,afterChannel,snr,NaN,NaN,NaN,NaN,mmse,not-applicable,1,OK,,5.2986977
193,H_EQ_rawGain_std5_likely_Jakes,8PSK,none,none,1115,NaN,0,NaN,1,1,0,1,0,97.4358974358974,0,36,38,0.000148666666666667,0.00564933333333333,0.005352,1.66283241307172,35.5830303703383,35.583030370335,0.237684675948922,-65.4055229249622,1.92865493310657e-15,0.00053297319208573,error,2,0.005968,0,afterChannel,snr,NaN,NaN,NaN,NaN,mmse,not-applicable,1,OK,,3.3784239
194,H_EQ_rawGain_std5_likely_Jakes,8PSK,convolutional,1/2,1115,NaN,0,NaN,1,1,0,1,0,100,0,35,37,0.000297333333333333,0.0110013333333333,0.0104066666666667,1.46855409659716,36.662201017949,36.6622010179446,-0.00207620199365079,-65.2197971570332,1.92865493310657e-15,0.000545710034867374,error,2,0.011936,0,afterChannel,snr,NaN,NaN,NaN,NaN,mmse,not-applicable,1,OK,,5.0820879
195,H_EQ_rawGain_std5_likely_Jakes,8PSK,convolutional,2/3,1115,NaN,0,NaN,1,1,0,1,0,100,0,35,37,0.000223,0.008251,0.007805,1.49929359513247,36.4822662855186,36.4822662855144,-0.0547660811106997,-65.1773771426939,1.92865493310657e-15,0.000547973694991045,error,2,0.008952,0,afterChannel,snr,NaN,NaN,NaN,NaN,mmse,not-applicable,1,OK,,5.0338715
196,H_EQ_rawGain_std5_likely_Jakes,8PSK,convolutional,3/4,1115,NaN,0,NaN,1,1,0,1,0,100,0,35,37,0.000198222222222222,0.00733422222222222,0.00693777777777778,1.47727974830773,36.6107451155316,36.6107451155273,-0.0513730869449172,-65.268047931799,1.92865493310657e-15,0.000542157073005965,error,2,0.007956,0,afterChannel,snr,NaN,NaN,NaN,NaN,mmse,not-applicable,1,OK,,4.9134161
197,H_EQ_rawGain_std5_likely_Jakes,8PSK,convolutional,5/6,1116,NaN,0,NaN,1,1,0,1,0,100,0,35,37,0.00017856,0.00660672,0.0062496,1.46765939187177,36.6674944387267,36.6674944387224,0.0195437770163411,-65.3416030556779,1.92865493310657e-15,0.000537415420439637,error,2,0.007168,0,afterChannel,snr,NaN,NaN,NaN,NaN,mmse,not-applicable,1,OK,,5.1344455
198,H_EQ_rawGain_std5_likely_Jakes,8PSK,convolutional,7/8,1123,NaN,0,NaN,1,1,0,1,0,100,0,35,37,0.00017112380952381,0.00633158095238095,0.00598933333333333,1.45941755208261,36.7164086978217,36.7164086978173,-0.0753773734249514,-65.364279886136,1.92865493310657e-15,0.000535906201118795,error,2,0.006868,0,afterChannel,snr,NaN,NaN,NaN,NaN,mmse,not-applicable,1,OK,,5.6939365
199,H_EQ_rawGain_std5_likely_Jakes,16QAM,none,none,1115,NaN,0,NaN,1,1,0,1,0,97.4358974358974,0,36,38,0.0001115,0.004237,0.004014,2.52018583387427,31.9713486792064,31.9483571794458,15.6062661440566,-65.0124103733381,1.92865493310657e-15,0.000559733337305693,error,2,0.004476,0,afterChannel,snr,NaN,NaN,NaN,NaN,mmse,not-applicable,1,OK,,2.1524363
200,H_EQ_rawGain_std5_likely_Jakes,16QAM,convolutional,1/2,1115,NaN,0,NaN,1,1,0,1,0,100,0,35,37,0.000223,0.008251,0.007805,2.89299681176109,30.773040899355,30.7709557853734,-3.85979162103364,-65.1770655718335,1.92865493310657e-15,0.000547973694991045,error,2,0.008952,0,afterChannel,snr,NaN,NaN,NaN,NaN,mmse,not-applicable,1,OK,,3.5306758
201,H_EQ_rawGain_std5_likely_Jakes,16QAM,convolutional,2/3,1115,NaN,0,NaN,1,1,0,1,0,100,0,35,37,0.00016725,0.00618825,0.00585375,2.9636239279982,30.5635381485198,30.5237487751737,2.64715314235335,-65.3778085204819,1.92865493310657e-15,0.00053498186201435,error,2,0.006714,0,afterChannel,snr,NaN,NaN,NaN,NaN,mmse,not-applicable,1,OK,,4.2818668
202,H_EQ_rawGain_std5_likely_Jakes,16QAM,convolutional,3/4,1115,NaN,0,NaN,1,1,0,1,0,100,0,35,37,0.000148666666666667,0.00550066666666667,0.00520333333333333,3.78388849440244,28.4412334019547,28.44331751532,-4.87324655613065,-65.4057438428848,1.92865493310657e-15,0.00053297319208573,error,2,0.005968,0,afterChannel,snr,NaN,NaN,NaN,NaN,mmse,not-applicable,1,OK,,3.6117149
203,H_EQ_rawGain_std5_likely_Jakes,16QAM,convolutional,5/6,1116,NaN,0,NaN,1,1,0,1,0,100,0,35,37,0.00013392,0.00495504,0.0046872,2.94241530453148,30.6259205836514,30.6015317399862,1.43084553148976,-65.2539946523356,1.92865493310657e-15,0.000543152032218482,error,2,0.005376,0,afterChannel,snr,NaN,NaN,NaN,NaN,mmse,not-applicable,1,OK,,3.9948826
204,H_EQ_rawGain_std5_likely_Jakes,16QAM,convolutional,7/8,1123,NaN,0,NaN,1,1,0,1,0,100,0,35,37,0.000128342857142857,0.00474868571428571,0.004492,3.15825594528343,30.0110535529248,30.0235432574487,9.37551254261015,-65.1722901537181,1.92865493310657e-15,0.000548889500200176,error,2,0.005152,0,afterChannel,snr,NaN,NaN,NaN,NaN,mmse,not-applicable,1,OK,,4.4374156
205,H_EQ_rawGain_std5_likely_Jakes,32QAM,none,none,1115,NaN,0,NaN,1,1,0,1,0,97.4358974358974,0,36,38,8.92e-05,0.0033896,0.0032112,2.82474163882547,30.9804253637128,30.9633675648493,29.9828878774486,-64.8211846125418,1.92865493310657e-15,0.00057251217733727,error,2,0.00358,0,afterChannel,snr,NaN,NaN,NaN,NaN,mmse,not-applicable,1,OK,,2.2144486
206,H_EQ_rawGain_std5_likely_Jakes,32QAM,convolutional,1/2,1115,NaN,0,NaN,1,1,0,1,0,100,0,36,38,0.0001784,0.0067792,0.0064224,3.33284228315377,29.5437047509518,29.5091716958564,9.16585936803653,-65.3428407924129,1.92865493310657e-15,0.00053737901409472,error,2,0.00716,0,afterChannel,snr,NaN,NaN,NaN,NaN,mmse,not-applicable,1,OK,,3.3521033
207,H_EQ_rawGain_std5_likely_Jakes,32QAM,convolutional,2/3,1115,NaN,0,NaN,1,1,0,1,0,100,0,35,37,0.0001338,0.0049506,0.004683,3.56723165854118,28.9533737271142,28.9457234099763,29.7989479219957,-65.2501162726037,1.92865493310657e-15,0.000543305143942505,error,2,0.00537,0,afterChannel,snr,NaN,NaN,NaN,NaN,mmse,not-applicable,1,OK,,3.6376535
208,H_EQ_rawGain_std5_likely_Jakes,32QAM,convolutional,3/4,1115,NaN,0,NaN,1,1,0,1,0,100,0,35,37,0.000118933333333333,0.00440053333333333,0.00416266666666667,3.25562227774078,29.7473197673566,29.6867935970905,-14.5763721780713,-65.0624510071075,1.92865493310657e-15,0.000556499919441674,error,2,0.004774,0,afterChannel,snr,NaN,NaN,NaN,NaN,mmse,not-applicable,1,OK,,3.4585967
209,H_EQ_rawGain_std5_likely_Jakes,32QAM,convolutional,5/6,1116,NaN,0,NaN,1,1,0,1,0,100,0,35,38,0.000107136,0.004071168,0.00374976,3.9402957933376,28.0894234995673,28.072714489591,-15.7983487012437,-64.9902109328331,1.92865493310657e-15,0.000561050395457276,error,2,0.0043,0,afterChannel,snr,NaN,NaN,NaN,NaN,mmse,not-applicable,1,OK,,3.9645284
210,H_EQ_rawGain_std5_likely_Jakes,32QAM,convolutional,7/8,1123,NaN,0,NaN,1,1,0,1,0,100,0,35,37,0.000102674285714286,0.00379894857142857,0.0035936,3.78642984704805,28.4354017028254,28.4406101121866,-9.07564746986323,-64.9693321864396,1.92865493310657e-15,0.000562583152719408,error,2,0.00412,0,afterChannel,snr,NaN,NaN,NaN,NaN,mmse,not-applicable,1,OK,,4.250735
211,H_EQ_rawGain_std5_likely_Jakes,GMSK,none,none,1115,NaN,0,NaN,1,1,0,1,0,100,0,37,39,0.000446,0.017394,0.016502,3.75012314786119,28.5190894104673,28.5190894104673,NaN,-65.3049095405636,1.92865493310657e-15,0.000536944010835308,error,2,0.017904,0,afterChannel,snr,NaN,NaN,NaN,NaN,mmse,official,1,OK,,4.0574775
212,H_EQ_rawGain_std5_likely_Jakes,GMSK,convolutional,1/2,1115,NaN,0,NaN,1,1,0,1,0,100,0,36,38,0.000892,0.033896,0.032112,3.68202324087312,28.6782694912674,28.6782694912674,NaN,-65.2987096553475,1.92865493310657e-15,0.000536890598665992,error,2,0.035808,0,afterChannel,snr,NaN,NaN,NaN,NaN,mmse,official,1,OK,,7.3134987
213,H_EQ_rawGain_std5_likely_Jakes,GMSK,convolutional,2/3,1115,NaN,0,NaN,1,1,0,1,0,100,0,36,38,0.000669,0.025422,0.024084,3.71933793620473,28.5906872036658,28.5906872036658,NaN,-65.3380667162985,1.92865493310657e-15,0.000534780475781873,error,2,0.026856,0,afterChannel,snr,NaN,NaN,NaN,NaN,mmse,official,1,OK,,5.7969093
214,H_EQ_rawGain_std5_likely_Jakes,GMSK,convolutional,3/4,1115,NaN,0,NaN,1,1,0,1,0,100,0,36,38,0.000594666666666667,0.0225973333333333,0.021408,3.72383225274081,28.5801978177766,28.5801978177766,NaN,-65.3822764109202,1.92865493310657e-15,0.000531775524485992,error,2,0.023872,0,afterChannel,snr,NaN,NaN,NaN,NaN,mmse,official,1,OK,,5.2971022
215,H_EQ_rawGain_std5_likely_Jakes,GMSK,convolutional,5/6,1116,NaN,0,NaN,1,1,0,1,0,100,0,36,38,0.00053568,0.02035584,0.01928448,3.74255236749954,28.5366422819188,28.5366422819188,NaN,-65.4978215071008,1.92865493310657e-15,0.00052446432222616,error,2,0.021504,0,afterChannel,snr,NaN,NaN,NaN,NaN,mmse,official,1,OK,,4.977424
216,H_EQ_rawGain_std5_likely_Jakes,GMSK,convolutional,7/8,1123,NaN,0,NaN,1,1,0,1,0,100,0,36,38,0.000513371428571429,0.0195081142857143,0.0184813714285714,3.75825003792806,28.5002865896589,28.5002865896589,NaN,-65.4592010064685,1.92865493310657e-15,0.000526717889681309,error,2,0.020608,0,afterChannel,snr,NaN,NaN,NaN,NaN,mmse,official,1,OK,,4.7707165
217,H_EQ_rawGain_std6_likely_CLoo,BPSK,none,none,1115,NaN,0,NaN,1,1,0,1,0,97.4358974358974,0,36,38,0.000446,0.016948,0.016056,2.20918134894158,33.1153726394573,33.1153726394554,-0.0713252678761387,-70.2061161912167,1.92865493310657e-15,0.000283055294050648,error,2,0.017904,0,afterChannel,snr,NaN,NaN,NaN,NaN,mmse,not-applicable,1,OK,,3.6384323
218,H_EQ_rawGain_std6_likely_CLoo,BPSK,convolutional,1/2,1115,NaN,0,NaN,1,1,0,1,0,100,0,36,38,0.000892,0.033896,0.032112,1.48353665677992,36.5740343642185,36.5740343642143,0.0307045470713541,-69.869028332582,1.92865493310657e-15,0.000284535766256951,error,2,0.035808,0,afterChannel,snr,NaN,NaN,NaN,NaN,mmse,not-applicable,1,OK,,5.821126
219,H_EQ_rawGain_std6_likely_CLoo,BPSK,convolutional,2/3,1115,NaN,0,NaN,1,1,0,1,0,100,0,35,37,0.000669,0.024753,0.023415,3.49484807764795,29.1314339690281,29.1314339690274,-0.175614066220127,-70.5887198147282,1.92865493310657e-15,0.000270868415215811,error,2,0.026856,0,afterChannel,snr,NaN,NaN,NaN,NaN,mmse,not-applicable,1,OK,,5.6151777
220,H_EQ_rawGain_std6_likely_CLoo,BPSK,convolutional,3/4,1115,NaN,0,NaN,1,1,0,1,0,100,0,35,37,0.000594666666666667,0.0220026666666667,0.0208133333333333,2.17062944845354,33.2682861861606,33.2682861861586,0.0932734091868748,-70.4784554182592,1.92865493310657e-15,0.000274168646614473,error,2,0.023872,0,afterChannel,snr,NaN,NaN,NaN,NaN,mmse,not-applicable,1,OK,,5.2316192
221,H_EQ_rawGain_std6_likely_CLoo,BPSK,convolutional,5/6,1116,NaN,0,NaN,1,1,0,1,0,100,0,35,37,0.00053568,0.01982016,0.0187488,2.31052352239061,32.7257921153578,32.7257921153561,0.0750704192642534,-70.289335215221,1.92865493310657e-15,0.000279567844084623,error,2,0.021504,0,afterChannel,snr,NaN,NaN,NaN,NaN,mmse,not-applicable,1,OK,,5.5297121
222,H_EQ_rawGain_std6_likely_CLoo,BPSK,convolutional,7/8,1123,NaN,0,NaN,1,1,0,1,0,100,0,35,37,0.000513371428571429,0.0189947428571429,0.017968,2.65264577977162,31.5264147904877,31.5264147904864,0.014593309652848,-70.1588812310598,1.92865493310657e-15,0.000284458627438616,error,2,0.020608,0,afterChannel,snr,NaN,NaN,NaN,NaN,mmse,not-applicable,1,OK,,6.0023691
223,H_EQ_rawGain_std6_likely_CLoo,QPSK,none,none,1115,NaN,0,NaN,1,1,0,1,0,100,0,36,39,0.000223,0.008697,0.008028,1.41629582994122,36.9769204711704,36.9769204711657,0.0493882338224164,-72.4379303465298,1.92865493310657e-15,0.000228501306381112,error,2,0.008952,0,afterChannel,snr,NaN,NaN,NaN,NaN,mmse,not-applicable,1,OK,,2.9340756
224,H_EQ_rawGain_std6_likely_CLoo,QPSK,convolutional,1/2,1115,NaN,0,NaN,1,1,0,1,0,100,0,36,38,0.000446,0.016948,0.016056,2.16782511499141,33.2795151313974,33.2795151313955,-0.0601580990757931,-70.2060692612244,1.92865493310657e-15,0.000283055294050648,error,2,0.017904,0,afterChannel,snr,NaN,NaN,NaN,NaN,mmse,not-applicable,1,OK,,5.0249127
225,H_EQ_rawGain_std6_likely_CLoo,QPSK,convolutional,2/3,1115,NaN,0,NaN,1,1,0,1,0,100,0,35,38,0.0003345,0.012711,0.0117075,1.25571975634117,38.0221454580695,38.0221454580635,0.040532808785542,-71.0498078092066,1.92865493310657e-15,0.000262461101323719,error,2,0.013428,0,afterChannel,snr,NaN,NaN,NaN,NaN,mmse,not-applicable,1,OK,,4.7317622
226,H_EQ_rawGain_std6_likely_CLoo,QPSK,convolutional,3/4,1115,NaN,0,NaN,1,1,0,1,0,100,0,35,37,0.000297333333333333,0.0110013333333333,0.0104066666666667,1.45685444872344,36.7316767102945,36.73167671029,-0.0175446997679446,-72.0639713155848,1.92865493310657e-15,0.000238326893239935,error,2,0.011936,0,afterChannel,snr,NaN,NaN,NaN,NaN,mmse,not-applicable,1,OK,,4.4816194
227,H_EQ_rawGain_std6_likely_CLoo,QPSK,convolutional,5/6,1116,NaN,0,NaN,1,1,0,1,0,100,0,35,37,0.00026784,0.00991008,0.0093744,1.30787178838178,37.668696562551,37.6686965625455,0.0837127178608041,-71.9678478200879,1.92865493310657e-15,0.000241226102929269,error,2,0.010752,0,afterChannel,snr,NaN,NaN,NaN,NaN,mmse,not-applicable,1,OK,,4.9117045
228,H_EQ_rawGain_std6_likely_CLoo,QPSK,convolutional,7/8,1123,NaN,0,NaN,1,1,0,1,0,100,0,35,37,0.000256685714285714,0.00949737142857143,0.008984,1.26384613585547,37.9661159010778,37.9661159010719,-0.0990532042145454,-72.1843881922858,1.92865493310657e-15,0.000235770952320493,error,2,0.010304,0,afterChannel,snr,NaN,NaN,NaN,NaN,mmse,not-applicable,1,OK,,5.21825
229,H_EQ_rawGain_std6_likely_CLoo,8PSK,none,none,1115,NaN,0,NaN,1,1,0,1,0,97.4358974358974,0,36,38,0.000148666666666667,0.00564933333333333,0.005352,1.7136589364482,35.3215121985206,35.3215121985174,0.370506941380688,-71.8661159109827,1.92865493310657e-15,0.000246404544697256,error,2,0.005968,0,afterChannel,snr,NaN,NaN,NaN,NaN,mmse,not-applicable,1,OK,,3.5304937
230,H_EQ_rawGain_std6_likely_CLoo,8PSK,convolutional,1/2,1115,NaN,0,NaN,1,1,0,1,0,100,0,35,37,0.000297333333333333,0.0110013333333333,0.0104066666666667,1.45451335479069,36.7456457374236,36.7456457374191,0.0570819100338068,-72.0639577363147,1.92865493310657e-15,0.000238326893239935,error,2,0.011936,0,afterChannel,snr,NaN,NaN,NaN,NaN,mmse,not-applicable,1,OK,,5.1355099
231,H_EQ_rawGain_std6_likely_CLoo,8PSK,convolutional,2/3,1115,NaN,0,NaN,1,1,0,1,0,100,0,35,37,0.000223,0.008251,0.007805,1.40235972146474,37.0628114105728,37.062811410568,-0.0856655302275152,-72.4378812228476,1.92865493310657e-15,0.000228501306381112,error,2,0.008952,0,afterChannel,snr,NaN,NaN,NaN,NaN,mmse,not-applicable,1,OK,,5.1241508
232,H_EQ_rawGain_std6_likely_CLoo,8PSK,convolutional,3/4,1115,NaN,0,NaN,1,1,0,1,0,100,0,35,37,0.000198222222222222,0.00733422222222222,0.00693777777777778,1.66827093358945,35.5546683376619,35.5546683376585,-0.258643354730362,-72.6119681187574,1.92865493310657e-15,0.000222908777545485,error,2,0.007956,0,afterChannel,snr,NaN,NaN,NaN,NaN,mmse,not-applicable,1,OK,,4.9631942
233,H_EQ_rawGain_std6_likely_CLoo,8PSK,convolutional,5/6,1116,NaN,0,NaN,1,1,0,1,0,100,0,35,37,0.00017856,0.00660672,0.0062496,2.44889131303169,32.2206097870773,32.2206097870757,0.206569456518218,-72.3678184559043,1.92865493310657e-15,0.000230073012721721,error,2,0.007168,0,afterChannel,snr,NaN,NaN,NaN,NaN,mmse,not-applicable,1,OK,,5.294045
234,H_EQ_rawGain_std6_likely_CLoo,8PSK,convolutional,7/8,1123,NaN,0,NaN,1,1,0,1,0,100,0,35,37,0.00017112380952381,0.00633158095238095,0.00598933333333333,2.27858594598164,32.8466917123866,32.8466917123849,-0.0527785933739979,-72.2292541143042,1.92865493310657e-15,0.000234784398697564,error,2,0.006868,0,afterChannel,snr,NaN,NaN,NaN,NaN,mmse,not-applicable,1,OK,,5.7011203
235,H_EQ_rawGain_std6_likely_CLoo,16QAM,none,none,1115,NaN,0,NaN,1,1,0,1,0,97.4358974358974,0,36,38,0.0001115,0.004237,0.004014,2.71098787686595,31.3374484903083,31.3144569905478,16.0950838549157,-71.8871781211109,1.92865493310657e-15,0.000243318366885857,error,2,0.004476,0,afterChannel,snr,NaN,NaN,NaN,NaN,mmse,not-applicable,1,OK,,2.2665651
236,H_EQ_rawGain_std6_likely_CLoo,16QAM,convolutional,1/2,1115,NaN,0,NaN,1,1,0,1,0,100,0,35,37,0.000223,0.008251,0.007805,2.84974669369146,30.9038748308551,30.9017897168734,-3.70476020321374,-72.4415372066009,1.92865493310657e-15,0.000228501306381112,error,2,0.008952,0,afterChannel,snr,NaN,NaN,NaN,NaN,mmse,not-applicable,1,OK,,3.4997871
237,H_EQ_rawGain_std6_likely_CLoo,16QAM,convolutional,2/3,1115,NaN,0,NaN,1,1,0,1,0,100,0,35,37,0.00016725,0.00618825,0.00585375,3.34906949708284,29.5015168050317,29.4617274316858,2.8894007499474,-72.1576154679644,1.92865493310657e-15,0.000237116849954775,error,2,0.006714,0,afterChannel,snr,NaN,NaN,NaN,NaN,mmse,not-applicable,1,OK,,3.9639308
238,H_EQ_rawGain_std6_likely_CLoo,16QAM,convolutional,3/4,1115,NaN,0,NaN,1,1,0,1,0,100,0,35,37,0.000148666666666667,0.00550066666666667,0.00520333333333333,3.78742773956241,28.4331128865382,28.4351969999035,-4.67654595520279,-71.8740199285493,1.92865493310657e-15,0.000246404544697256,error,2,0.005968,0,afterChannel,snr,NaN,NaN,NaN,NaN,mmse,not-applicable,1,OK,,3.7034906
239,H_EQ_rawGain_std6_likely_CLoo,16QAM,convolutional,5/6,1116,NaN,0,NaN,1,1,0,1,0,100,0,35,37,0.00013392,0.00495504,0.0046872,2.78087539422998,31.116369412294,31.0919805686287,0.772590677777745,-71.8008403221651,1.92865493310657e-15,0.000247714353897345,error,2,0.005376,0,afterChannel,snr,NaN,NaN,NaN,NaN,mmse,not-applicable,1,OK,,4.0774575
240,H_EQ_rawGain_std6_likely_CLoo,16QAM,convolutional,7/8,1123,NaN,0,NaN,1,1,0,1,0,100,0,35,37,0.000128342857142857,0.00474868571428571,0.004492,2.97154977801856,30.5403398049169,30.5528295094407,9.7483487678154,-71.8314418558536,1.92865493310657e-15,0.000246354883137432,error,2,0.005152,0,afterChannel,snr,NaN,NaN,NaN,NaN,mmse,not-applicable,1,OK,,4.5697449
241,H_EQ_rawGain_std6_likely_CLoo,32QAM,none,none,1115,NaN,0,NaN,1,1,0,1,0,97.4358974358974,0,36,38,8.92e-05,0.0033896,0.0032112,2.7714434501922,31.1458795705123,31.1284729547481,29.8535893144358,-71.3202778059035,1.92865493310657e-15,0.000262596275016783,error,2,0.00358,0,afterChannel,snr,NaN,NaN,NaN,NaN,mmse,not-applicable,1,OK,,2.2273419
242,H_EQ_rawGain_std6_likely_CLoo,32QAM,convolutional,1/2,1115,NaN,0,NaN,1,1,0,1,0,100,0,36,38,0.0001784,0.0067792,0.0064224,3.90981034442235,28.1568861736606,28.1223531185655,9.42435476610269,-72.3615247677974,1.92865493310657e-15,0.000230197835160908,error,2,0.00716,0,afterChannel,snr,NaN,NaN,NaN,NaN,mmse,not-applicable,1,OK,,3.488541
243,H_EQ_rawGain_std6_likely_CLoo,32QAM,convolutional,2/3,1115,NaN,0,NaN,1,1,0,1,0,100,0,35,37,0.0001338,0.0049506,0.004683,3.41016531527121,29.3444913423212,29.3368410251833,30.0172878418856,-71.7956529066265,1.92865493310657e-15,0.000247688682079384,error,2,0.00537,0,afterChannel,snr,NaN,NaN,NaN,NaN,mmse,not-applicable,1,OK,,3.758775
244,H_EQ_rawGain_std6_likely_CLoo,32QAM,convolutional,3/4,1115,NaN,0,NaN,1,1,0,1,0,100,0,35,37,0.000118933333333333,0.00440053333333333,0.00416266666666667,3.23370891846813,29.8059815116753,29.7454553414092,-14.8687041684602,-71.9005813379204,1.92865493310657e-15,0.000243514258600686,error,2,0.004774,0,afterChannel,snr,NaN,NaN,NaN,NaN,mmse,not-applicable,1,OK,,3.5040322
245,H_EQ_rawGain_std6_likely_CLoo,32QAM,convolutional,5/6,1116,NaN,0,NaN,1,1,0,1,0,100,0,35,38,0.000107136,0.004071168,0.00374976,4.23600777252207,27.4608650338012,27.4441560238249,-15.5351667575295,-71.8116414580492,1.92865493310657e-15,0.000245196919448707,error,2,0.0043,0,afterChannel,snr,NaN,NaN,NaN,NaN,mmse,not-applicable,1,OK,,3.8931533
246,H_EQ_rawGain_std6_likely_CLoo,32QAM,convolutional,7/8,1123,NaN,0,NaN,1,1,0,1,0,100,0,35,37,0.000102674285714286,0.00379894857142857,0.0035936,4.10548038196363,27.7327203761049,27.7379287854662,-8.90571116685601,-71.7090242120123,1.92865493310657e-15,0.000249052113308063,error,2,0.00412,0,afterChannel,snr,NaN,NaN,NaN,NaN,mmse,not-applicable,1,OK,,4.3103511
247,H_EQ_rawGain_std6_likely_CLoo,GMSK,none,none,1115,NaN,0,NaN,1,1,0,1,0,100,0,37,39,0.000446,0.017394,0.016502,3.92218978358707,28.1294279177476,28.1294279177476,NaN,-70.2061798620673,1.92865493310657e-15,0.000283055294050648,error,2,0.017904,0,afterChannel,snr,NaN,NaN,NaN,NaN,mmse,official,1,OK,,4.0840911
248,H_EQ_rawGain_std6_likely_CLoo,GMSK,convolutional,1/2,1115,NaN,0,NaN,1,1,0,1,0,100,0,36,38,0.000892,0.033896,0.032112,3.68898344363367,28.6618658781403,28.6618658781403,NaN,-69.8690942377158,1.92865493310657e-15,0.000284535766256951,error,2,0.035808,0,afterChannel,snr,NaN,NaN,NaN,NaN,mmse,official,1,OK,,7.5419923
249,H_EQ_rawGain_std6_likely_CLoo,GMSK,convolutional,2/3,1115,NaN,0,NaN,1,1,0,1,0,100,0,36,38,0.000669,0.025422,0.024084,4.36988204302297,27.190605717139,27.190605717139,NaN,-70.5887614956632,1.92865493310657e-15,0.000270868415215811,error,2,0.026856,0,afterChannel,snr,NaN,NaN,NaN,NaN,mmse,official,1,OK,,5.8886641
250,H_EQ_rawGain_std6_likely_CLoo,GMSK,convolutional,3/4,1115,NaN,0,NaN,1,1,0,1,0,100,0,36,38,0.000594666666666667,0.0225973333333333,0.021408,3.88658145609744,28.2086445158768,28.2086445158768,NaN,-70.4785484575432,1.92865493310657e-15,0.000274168646614473,error,2,0.023872,0,afterChannel,snr,NaN,NaN,NaN,NaN,mmse,official,1,OK,,5.3960471
251,H_EQ_rawGain_std6_likely_CLoo,GMSK,convolutional,5/6,1116,NaN,0,NaN,1,1,0,1,0,100,0,36,38,0.00053568,0.02035584,0.01928448,3.97066828202364,28.0227278658952,28.0227278658952,NaN,-70.2893343334853,1.92865493310657e-15,0.000279567844084623,error,2,0.021504,0,afterChannel,snr,NaN,NaN,NaN,NaN,mmse,official,1,OK,,5.0417434
252,H_EQ_rawGain_std6_likely_CLoo,GMSK,convolutional,7/8,1123,NaN,0,NaN,1,1,0,1,0,100,0,36,38,0.000513371428571429,0.0195081142857143,0.0184813714285714,4.08055478104664,27.785615748164,27.785615748164,NaN,-70.1589221435063,1.92865493310657e-15,0.000284458627438616,error,2,0.020608,0,afterChannel,snr,NaN,NaN,NaN,NaN,mmse,official,1,OK,,4.8953729
253,H_EQ_rawGain_std7_likely_Corazza,BPSK,none,none,1115,NaN,0,NaN,1,1,0,1,0,100,0,36,39,0.000446,0.017394,0.016056,2.22166559360952,33.0664262146506,33.0664262146488,0.0502900980357382,-73.2061172164095,1.92865493310657e-15,0.000200387802170769,error,2,0.017904,0,afterChannel,snr,NaN,NaN,NaN,NaN,mmse,not-applicable,1,OK,,3.4717939
254,H_EQ_rawGain_std7_likely_Corazza,BPSK,convolutional,1/2,1115,NaN,0,NaN,1,1,0,1,0,100,0,36,38,0.000892,0.033896,0.032112,1.48836926300944,36.545786147415,36.5457861474108,-0.00898818468028164,-72.8690339143013,1.92865493310657e-15,0.000201435896228119,error,2,0.035808,0,afterChannel,snr,NaN,NaN,NaN,NaN,mmse,not-applicable,1,OK,,6.0251319
255,H_EQ_rawGain_std7_likely_Corazza,BPSK,convolutional,2/3,1115,NaN,0,NaN,1,1,0,1,0,100,0,35,37,0.000669,0.024753,0.023415,3.50385049093836,29.1090886684909,29.1090886684901,0.0852567378560297,-73.5887195357183,1.92865493310657e-15,0.000191760152674845,error,2,0.026856,0,afterChannel,snr,NaN,NaN,NaN,NaN,mmse,not-applicable,1,OK,,5.6521257
256,H_EQ_rawGain_std7_likely_Corazza,BPSK,convolutional,3/4,1115,NaN,0,NaN,1,1,0,1,0,100,0,35,37,0.000594666666666667,0.0220026666666667,0.0208133333333333,2.18519045169791,33.2102141165077,33.2102141165058,0.0605385466614114,-73.4784574150771,1.92865493310657e-15,0.000194096537581021,error,2,0.023872,0,afterChannel,snr,NaN,NaN,NaN,NaN,mmse,not-applicable,1,OK,,5.3654268
257,H_EQ_rawGain_std7_likely_Corazza,BPSK,convolutional,5/6,1116,NaN,0,NaN,1,1,0,1,0,100,0,35,37,0.00053568,0.01982016,0.0187488,2.32821855985554,32.6595250604786,32.6595250604769,0.00621023564270977,-73.2893366617263,1.92865493310657e-15,0.000197918876669071,error,2,0.021504,0,afterChannel,snr,NaN,NaN,NaN,NaN,mmse,not-applicable,1,OK,,5.4679511
258,H_EQ_rawGain_std7_likely_Corazza,BPSK,convolutional,7/8,1123,NaN,0,NaN,1,1,0,1,0,100,0,35,37,0.000513371428571429,0.0189947428571429,0.017968,2.65697119609929,31.5122630739543,31.512263073953,0.0699814148919031,-73.158882637542,1.92865493310657e-15,0.000201381286126866,error,2,0.020608,0,afterChannel,snr,NaN,NaN,NaN,NaN,mmse,not-applicable,1,OK,,5.9367786
259,H_EQ_rawGain_std7_likely_Corazza,QPSK,none,none,1115,NaN,0,NaN,1,1,0,1,0,100,0,36,39,0.000223,0.008697,0.008028,1.3937707054656,37.1161733560632,37.1161733560583,-0.00138129317933261,-75.4379473837774,1.92865493310657e-15,0.000161766536578776,error,2,0.008952,0,afterChannel,snr,NaN,NaN,NaN,NaN,mmse,not-applicable,1,OK,,2.9186719
260,H_EQ_rawGain_std7_likely_Corazza,QPSK,convolutional,1/2,1115,NaN,0,NaN,1,1,0,1,0,100,0,36,38,0.000446,0.016948,0.016056,2.17426182507051,33.2537631853382,33.2537631853362,-0.0732530855357665,-73.2060700915882,1.92865493310657e-15,0.000200387802170769,error,2,0.017904,0,afterChannel,snr,NaN,NaN,NaN,NaN,mmse,not-applicable,1,OK,,4.6902145
261,H_EQ_rawGain_std7_likely_Corazza,QPSK,convolutional,2/3,1115,NaN,0,NaN,1,1,0,1,0,100,0,35,38,0.0003345,0.012711,0.0117075,1.24881153503915,38.0700619686001,38.0700619685941,-0.0502648453123258,-74.0498268970152,1.92865493310657e-15,0.000185808230246945,error,2,0.013428,0,afterChannel,snr,NaN,NaN,NaN,NaN,mmse,not-applicable,1,OK,,4.7195184
262,H_EQ_rawGain_std7_likely_Corazza,QPSK,convolutional,3/4,1115,NaN,0,NaN,1,1,0,1,0,100,0,35,37,0.000297333333333333,0.0110013333333333,0.0104066666666667,1.47495706510522,36.6244124297742,36.6244124297699,-0.0844682407814897,-75.0639890568345,1.92865493310657e-15,0.00016872251937458,error,2,0.011936,0,afterChannel,snr,NaN,NaN,NaN,NaN,mmse,not-applicable,1,OK,,4.4851682
263,H_EQ_rawGain_std7_likely_Corazza,QPSK,convolutional,5/6,1116,NaN,0,NaN,1,1,0,1,0,100,0,35,37,0.00026784,0.00991008,0.0093744,1.31077498019997,37.6494371386646,37.6494371386591,-0.0138123922227357,-74.9678650495183,1.92865493310657e-15,0.00017077500265219,error,2,0.010752,0,afterChannel,snr,NaN,NaN,NaN,NaN,mmse,not-applicable,1,OK,,4.826842
264,H_EQ_rawGain_std7_likely_Corazza,QPSK,convolutional,7/8,1123,NaN,0,NaN,1,1,0,1,0,100,0,35,37,0.000256685714285714,0.00949737142857143,0.008984,1.28385592014141,37.8296742387157,37.82967423871,-0.0870026943582169,-75.184422444981,1.92865493310657e-15,0.000166913051775527,error,2,0.010304,0,afterChannel,snr,NaN,NaN,NaN,NaN,mmse,not-applicable,1,OK,,5.2082239
265,H_EQ_rawGain_std7_likely_Corazza,8PSK,none,none,1115,NaN,0,NaN,1,1,0,1,0,97.4358974358974,0,36,38,0.000148666666666667,0.00564933333333333,0.005352,1.70155168469285,35.38309709315,35.3830970931468,0.230683315399687,-74.8661313226443,1.92865493310657e-15,0.000174441058671515,error,2,0.005968,0,afterChannel,snr,NaN,NaN,NaN,NaN,mmse,not-applicable,1,OK,,3.3990411
266,H_EQ_rawGain_std7_likely_Corazza,8PSK,convolutional,1/2,1115,NaN,0,NaN,1,1,0,1,0,100,0,35,37,0.000297333333333333,0.0110013333333333,0.0104066666666667,1.44783691923172,36.7856070647994,36.7856070647949,0.102136953757997,-75.0639753456103,1.92865493310657e-15,0.00016872251937458,error,2,0.011936,0,afterChannel,snr,NaN,NaN,NaN,NaN,mmse,not-applicable,1,OK,,5.1256866
267,H_EQ_rawGain_std7_likely_Corazza,8PSK,convolutional,2/3,1115,NaN,0,NaN,1,1,0,1,0,100,0,35,37,0.000223,0.008251,0.007805,1.4090907800236,37.0212205353526,37.0212205353479,-0.247334231150902,-75.4378994259939,1.92865493310657e-15,0.000161766536578776,error,2,0.008952,0,afterChannel,snr,NaN,NaN,NaN,NaN,mmse,not-applicable,1,OK,,5.1194604
268,H_EQ_rawGain_std7_likely_Corazza,8PSK,convolutional,3/4,1115,NaN,0,NaN,1,1,0,1,0,100,0,35,37,0.000198222222222222,0.00733422222222222,0.00693777777777778,1.67194402193402,35.5355653438267,35.5355653438234,-0.26935994898692,-75.6119861229508,1.92865493310657e-15,0.000157807329365547,error,2,0.007956,0,afterChannel,snr,NaN,NaN,NaN,NaN,mmse,not-applicable,1,OK,,4.9624223
269,H_EQ_rawGain_std7_likely_Corazza,8PSK,convolutional,5/6,1116,NaN,0,NaN,1,1,0,1,0,100,0,35,37,0.00017856,0.00660672,0.0062496,2.46141786690605,32.1762930255278,32.1762930255263,0.214280702263683,-75.3678229299829,1.92865493310657e-15,0.000162879219456901,error,2,0.007168,0,afterChannel,snr,NaN,NaN,NaN,NaN,mmse,not-applicable,1,OK,,5.275289
270,H_EQ_rawGain_std7_likely_Corazza,8PSK,convolutional,7/8,1123,NaN,0,NaN,1,1,0,1,0,100,0,35,38,0.00017112380952381,0.00650270476190476,0.00598933333333333,2.27709056757068,32.8523939137052,32.8523939137034,-0.00528792147493288,-75.2292592766632,1.92865493310657e-15,0.000166214625297105,error,2,0.006868,0,afterChannel,snr,NaN,NaN,NaN,NaN,mmse,not-applicable,1,OK,,5.6922028
271,H_EQ_rawGain_std7_likely_Corazza,16QAM,none,none,1115,NaN,0,NaN,1,1,0,1,0,97.4358974358974,0,36,38,0.0001115,0.004237,0.004014,2.70358754724778,31.3611912517763,31.3381997520158,16.040535167713,-74.8872040794458,1.92865493310657e-15,0.000172256212100075,error,2,0.004476,0,afterChannel,snr,NaN,NaN,NaN,NaN,mmse,not-applicable,1,OK,,2.2535567
272,H_EQ_rawGain_std7_likely_Corazza,16QAM,convolutional,1/2,1115,NaN,0,NaN,1,1,0,1,0,100,0,35,37,0.000223,0.008251,0.007805,2.83056816699581,30.962527635629,30.9604425216473,-3.6617742934758,-75.4415555377649,1.92865493310657e-15,0.000161766536578776,error,2,0.008952,0,afterChannel,snr,NaN,NaN,NaN,NaN,mmse,not-applicable,1,OK,,3.5601348
273,H_EQ_rawGain_std7_likely_Corazza,16QAM,convolutional,2/3,1115,NaN,0,NaN,1,1,0,1,0,100,0,35,37,0.00016725,0.00618825,0.00585375,3.34327862554379,29.5165485645063,29.4767591911605,2.31645780936719,-75.1576267959182,1.92865493310657e-15,0.000167865874331929,error,2,0.006714,0,afterChannel,snr,NaN,NaN,NaN,NaN,mmse,not-applicable,1,OK,,4.0261877
274,H_EQ_rawGain_std7_likely_Corazza,16QAM,convolutional,3/4,1115,NaN,0,NaN,1,1,0,1,0,100,0,35,37,0.000148666666666667,0.00550066666666667,0.00520333333333333,3.80047193432433,28.403249405839,28.4053335192043,-4.82202231100218,-74.8740317499451,1.92865493310657e-15,0.000174441058671515,error,2,0.005968,0,afterChannel,snr,NaN,NaN,NaN,NaN,mmse,not-applicable,1,OK,,3.6846216
275,H_EQ_rawGain_std7_likely_Corazza,16QAM,convolutional,5/6,1116,NaN,0,NaN,1,1,0,1,0,100,0,35,37,0.00013392,0.00495504,0.0046872,2.7869514105487,31.0974120596379,31.0730232159726,1.07733983263546,-74.8008467866754,1.92865493310657e-15,0.000175368332573066,error,2,0.005376,0,afterChannel,snr,NaN,NaN,NaN,NaN,mmse,not-applicable,1,OK,,4.0600712
276,H_EQ_rawGain_std7_likely_Corazza,16QAM,convolutional,7/8,1123,NaN,0,NaN,1,1,0,1,0,100,0,35,37,0.000128342857142857,0.00474868571428571,0.004492,2.9927061990285,30.478718335456,30.4912080399798,9.62475030604341,-74.8314715740982,1.92865493310657e-15,0.000174405900979592,error,2,0.005152,0,afterChannel,snr,NaN,NaN,NaN,NaN,mmse,not-applicable,1,OK,,4.577378
277,H_EQ_rawGain_std7_likely_Corazza,32QAM,none,none,1115,NaN,0,NaN,1,1,0,1,0,97.4358974358974,0,36,38,8.92e-05,0.0033896,0.0032112,2.76340915644105,31.1710961545179,31.1540383556543,29.3569482501345,-74.320327863547,1.92865493310657e-15,0.000185903925893109,error,2,0.00358,0,afterChannel,snr,NaN,NaN,NaN,NaN,mmse,not-applicable,1,OK,,2.1550385
278,H_EQ_rawGain_std7_likely_Corazza,32QAM,convolutional,1/2,1115,NaN,0,NaN,1,1,0,1,0,100,0,36,38,0.0001784,0.0067792,0.0064224,3.84807786035171,28.2951229843528,28.2598894542853,10.2260110262446,-75.3615279832671,1.92865493310657e-15,0.000162967586976519,error,2,0.00716,0,afterChannel,snr,NaN,NaN,NaN,NaN,mmse,not-applicable,1,OK,,3.4672325
279,H_EQ_rawGain_std7_likely_Corazza,32QAM,convolutional,2/3,1115,NaN,0,NaN,1,1,0,1,0,100,0,35,37,0.0001338,0.0049506,0.004683,3.4151096069033,29.3319070641913,29.3242567470534,30.4328565528958,-74.7956699268807,1.92865493310657e-15,0.000175350158317763,error,2,0.00537,0,afterChannel,snr,NaN,NaN,NaN,NaN,mmse,not-applicable,1,OK,,3.6378628
280,H_EQ_rawGain_std7_likely_Corazza,32QAM,convolutional,3/4,1115,NaN,0,NaN,1,1,0,1,0,100,0,35,37,0.000118933333333333,0.00440053333333333,0.00416266666666667,3.2006851169136,29.8951409920531,29.834614821787,-14.9176701204532,-74.9006183807945,1.92865493310657e-15,0.000172394892813785,error,2,0.004774,0,afterChannel,snr,NaN,NaN,NaN,NaN,mmse,not-applicable,1,OK,,3.5471725
281,H_EQ_rawGain_std7_likely_Corazza,32QAM,convolutional,5/6,1116,NaN,0,NaN,1,1,0,1,0,100,0,35,38,0.000107136,0.004071168,0.00374976,4.21015447803717,27.5140393767389,27.4973303667626,-16.006258283145,-74.8116511293132,1.92865493310657e-15,0.000173586125467689,error,2,0.0043,0,afterChannel,snr,NaN,NaN,NaN,NaN,mmse,not-applicable,1,OK,,3.9428011
282,H_EQ_rawGain_std7_likely_Corazza,32QAM,convolutional,7/8,1123,NaN,0,NaN,1,1,0,1,0,100,0,35,37,0.000102674285714286,0.00379894857142857,0.0035936,4.16049670536421,27.6170963513039,27.6223047606652,-8.80348911491945,-74.7090352763106,1.92865493310657e-15,0.000176315393708404,error,2,0.00412,0,afterChannel,snr,NaN,NaN,NaN,NaN,mmse,not-applicable,1,OK,,4.4103182
283,H_EQ_rawGain_std7_likely_Corazza,GMSK,none,none,1115,NaN,0,NaN,1,1,0,1,0,100,0,37,39,0.000446,0.017394,0.016502,3.89666741478669,28.1861332035549,28.1861332035549,NaN,-73.2061811043491,1.92865493310657e-15,0.000200387802170769,error,2,0.017904,0,afterChannel,snr,NaN,NaN,NaN,NaN,mmse,official,1,OK,,4.1965353
284,H_EQ_rawGain_std7_likely_Corazza,GMSK,convolutional,1/2,1115,NaN,0,NaN,1,1,0,1,0,100,0,36,38,0.000892,0.033896,0.032112,3.70377641201834,28.6271047700263,28.6271047700263,NaN,-72.8691023046149,1.92865493310657e-15,0.000201435896228119,error,2,0.035808,0,afterChannel,snr,NaN,NaN,NaN,NaN,mmse,official,1,OK,,7.3022548
285,H_EQ_rawGain_std7_likely_Corazza,GMSK,convolutional,2/3,1115,NaN,0,NaN,1,1,0,1,0,100,0,36,38,0.000669,0.025422,0.024084,4.39911456163836,27.1326945597829,27.1326945597829,NaN,-73.5887617879299,1.92865493310657e-15,0.000191760152674845,error,2,0.026856,0,afterChannel,snr,NaN,NaN,NaN,NaN,mmse,official,1,OK,,5.9768568
286,H_EQ_rawGain_std7_likely_Corazza,GMSK,convolutional,3/4,1115,NaN,0,NaN,1,1,0,1,0,100,0,36,38,0.000594666666666667,0.0225973333333333,0.021408,3.88073728954185,28.2217151254319,28.2217151254319,NaN,-73.4785508616696,1.92865493310657e-15,0.000194096537581021,error,2,0.023872,0,afterChannel,snr,NaN,NaN,NaN,NaN,mmse,official,1,OK,,5.4214079
287,H_EQ_rawGain_std7_likely_Corazza,GMSK,convolutional,5/6,1116,NaN,0,NaN,1,1,0,1,0,100,0,36,38,0.00053568,0.02035584,0.01928448,3.94568192808049,28.0775585461323,28.0775585461323,NaN,-73.2893366394938,1.92865493310657e-15,0.000197918876669071,error,2,0.021504,0,afterChannel,snr,NaN,NaN,NaN,NaN,mmse,official,1,OK,,5.0415571
288,H_EQ_rawGain_std7_likely_Corazza,GMSK,convolutional,7/8,1123,NaN,0,NaN,1,1,0,1,0,100,0,36,38,0.000513371428571429,0.0195081142857143,0.0184813714285714,4.07038131006487,27.8072980901877,27.8072980901877,NaN,-73.1589236992167,1.92865493310657e-15,0.000201381286126866,error,2,0.020608,0,afterChannel,snr,NaN,NaN,NaN,NaN,mmse,official,1,OK,,4.8658133
289,H_EQ_rawGain_std8_likely_Lutz,BPSK,none,none,1115,NaN,0,NaN,1,1,0,1,0,97.4358974358974,0,36,38,0.000446,0.016948,0.016056,1.75598351577021,35.1095913066806,35.1095913066776,-0.0383997098785821,-62.1436302966123,1.92865493310657e-15,0.00038653318534848,error,2,0.017904,0,afterChannel,snr,NaN,NaN,NaN,NaN,mmse,not-applicable,1,OK,,4.2925355
290,H_EQ_rawGain_std8_likely_Lutz,BPSK,convolutional,1/2,1115,NaN,0,NaN,1,1,0,1,0,100,0,36,38,0.000892,0.033896,0.032112,1.45616119046589,36.735810958493,36.7358109584886,0.057000691159426,-62.1312210272901,1.92865493310657e-15,0.000386787452546303,error,2,0.035808,0,afterChannel,snr,NaN,NaN,NaN,NaN,mmse,not-applicable,1,OK,,7.3315425
291,H_EQ_rawGain_std8_likely_Lutz,BPSK,convolutional,2/3,1115,NaN,0,NaN,1,1,0,1,0,100,0,35,37,0.000669,0.024753,0.023415,1.58904574637693,35.9772719977895,35.9772719977858,0.0341644354949901,-62.173024183136,1.92865493310657e-15,0.00038515782778632,error,2,0.026856,0,afterChannel,snr,NaN,NaN,NaN,NaN,mmse,not-applicable,1,OK,,6.3870659
292,H_EQ_rawGain_std8_likely_Lutz,BPSK,convolutional,3/4,1115,NaN,0,NaN,1,1,0,1,0,100,0,35,37,0.000594666666666667,0.0220026666666667,0.0208133333333333,1.53624064367472,36.2708149825206,36.2708149825166,0.118071135942131,-62.2180005310349,1.92865493310657e-15,0.000382958133603801,error,2,0.023872,0,afterChannel,snr,NaN,NaN,NaN,NaN,mmse,not-applicable,1,OK,,5.9668452
293,H_EQ_rawGain_std8_likely_Lutz,BPSK,convolutional,5/6,1116,NaN,0,NaN,1,1,0,1,0,100,0,35,37,0.00053568,0.01982016,0.0187488,1.66642385951347,35.5642904975376,35.5642904975342,0.0553423379488829,-62.3336409859525,1.92865493310657e-15,0.000377699145183409,error,2,0.021504,0,afterChannel,snr,NaN,NaN,NaN,NaN,mmse,not-applicable,1,OK,,6.083673
294,H_EQ_rawGain_std8_likely_Lutz,BPSK,convolutional,7/8,1123,NaN,0,NaN,1,1,0,1,0,100,0,35,37,0.000513371428571429,0.0189947428571429,0.017968,1.73663881494775,35.2058099291109,35.2058099291078,0.13498332569332,-62.2957859724246,1.92865493310657e-15,0.000379290441029105,error,2,0.020608,0,afterChannel,snr,NaN,NaN,NaN,NaN,mmse,not-applicable,1,OK,,6.5010271
295,H_EQ_rawGain_std8_likely_Lutz,QPSK,none,none,1115,NaN,0,NaN,1,1,0,1,0,100,0,36,39,0.000223,0.008697,0.008028,1.5089423531543,36.4265470293417,36.4265470293376,-0.111716060205728,-62.0192670991395,1.92865493310657e-15,0.000394238331278796,error,2,0.008952,0,afterChannel,snr,NaN,NaN,NaN,NaN,mmse,not-applicable,1,OK,,3.241947
296,H_EQ_rawGain_std8_likely_Lutz,QPSK,convolutional,1/2,1115,NaN,0,NaN,1,1,0,1,0,100,0,36,38,0.000446,0.016948,0.016056,1.65434257651664,35.6274910602961,35.6274910602926,-0.0940966856329642,-62.1436822833292,1.92865493310657e-15,0.00038653318534848,error,2,0.017904,0,afterChannel,snr,NaN,NaN,NaN,NaN,mmse,not-applicable,1,OK,,5.0728313
297,H_EQ_rawGain_std8_likely_Lutz,QPSK,convolutional,2/3,1115,NaN,0,NaN,1,1,0,1,0,100,0,35,38,0.0003345,0.012711,0.0117075,1.85330849078189,34.6410456914065,34.6410456914038,0.0318996896396674,-62.2368634826631,1.92865493310657e-15,0.000383458508713103,error,2,0.013428,0,afterChannel,snr,NaN,NaN,NaN,NaN,mmse,not-applicable,1,OK,,5.1157998
298,H_EQ_rawGain_std8_likely_Lutz,QPSK,convolutional,3/4,1115,NaN,0,NaN,1,1,0,1,0,100,0,35,37,0.000297333333333333,0.0110013333333333,0.0104066666666667,1.47395539893508,36.6303131557189,36.6303131557146,-0.0513560522966689,-62.0604810929249,1.92865493310657e-15,0.000392684935778524,error,2,0.011936,0,afterChannel,snr,NaN,NaN,NaN,NaN,mmse,not-applicable,1,OK,,4.9271632
299,H_EQ_rawGain_std8_likely_Lutz,QPSK,convolutional,5/6,1116,NaN,0,NaN,1,1,0,1,0,100,0,35,37,0.00026784,0.00991008,0.0093744,1.61241440056677,35.8504666358478,35.8504666358442,-0.1321926835678,-62.0119600341329,1.92865493310657e-15,0.000394872005004514,error,2,0.010752,0,afterChannel,snr,NaN,NaN,NaN,NaN,mmse,not-applicable,1,OK,,5.1354412
300,H_EQ_rawGain_std8_likely_Lutz,QPSK,convolutional,7/8,1123,NaN,0,NaN,1,1,0,1,0,100,0,35,37,0.000256685714285714,0.00949737142857143,0.008984,1.49480657919407,36.5082999865657,36.5082999865616,-0.0774627055007555,-61.9891715323503,1.92865493310657e-15,0.000395877308111075,error,2,0.010304,0,afterChannel,snr,NaN,NaN,NaN,NaN,mmse,not-applicable,1,OK,,5.5982033
301,H_EQ_rawGain_std8_likely_Lutz,8PSK,none,none,1115,NaN,0,NaN,1,1,0,1,0,97.4358974358974,0,36,38,0.000148666666666667,0.00564933333333333,0.005352,1.66359117990694,35.5790678172107,35.5790678172074,-0.108816371310979,-62.2467000895894,1.92865493310657e-15,0.000383495364166601,error,2,0.005968,0,afterChannel,snr,NaN,NaN,NaN,NaN,mmse,not-applicable,1,OK,,3.6383087
302,H_EQ_rawGain_std8_likely_Lutz,8PSK,convolutional,1/2,1115,NaN,0,NaN,1,1,0,1,0,100,0,35,37,0.000297333333333333,0.0110013333333333,0.0104066666666667,1.46323959548297,36.6936911059758,36.6936911059714,0.102576004925028,-62.0604472058862,1.92865493310657e-15,0.000392684935778524,error,2,0.011936,0,afterChannel,snr,NaN,NaN,NaN,NaN,mmse,not-applicable,1,OK,,5.4592809
303,H_EQ_rawGain_std8_likely_Lutz,8PSK,convolutional,2/3,1115,NaN,0,NaN,1,1,0,1,0,100,0,35,37,0.000223,0.008251,0.007805,1.49081457590875,36.5315273947551,36.5315273947509,-0.0788441425444166,-62.019263643589,1.92865493310657e-15,0.000394238331278796,error,2,0.008952,0,afterChannel,snr,NaN,NaN,NaN,NaN,mmse,not-applicable,1,OK,,5.3417395
304,H_EQ_rawGain_std8_likely_Lutz,8PSK,convolutional,3/4,1115,NaN,0,NaN,1,1,0,1,0,100,0,35,37,0.000198222222222222,0.00733422222222222,0.00693777777777778,1.44343142069054,36.8120769038076,36.8120769038031,0.00667999990523511,-62.1094198909225,1.92865493310657e-15,0.000390078029373166,error,2,0.007956,0,afterChannel,snr,NaN,NaN,NaN,NaN,mmse,not-applicable,1,OK,,5.363706
305,H_EQ_rawGain_std8_likely_Lutz,8PSK,convolutional,5/6,1116,NaN,0,NaN,1,1,0,1,0,100,0,35,37,0.00017856,0.00660672,0.0062496,1.49629379830286,36.4996624816472,36.4996624816431,0.139385138005381,-62.1826858498836,1.92865493310657e-15,0.000386687582858921,error,2,0.007168,0,afterChannel,snr,NaN,NaN,NaN,NaN,mmse,not-applicable,1,OK,,5.5048652
306,H_EQ_rawGain_std8_likely_Lutz,8PSK,convolutional,7/8,1123,NaN,0,NaN,1,1,0,1,0,100,0,35,37,0.00017112380952381,0.00633158095238095,0.00598933333333333,1.44812031530022,36.7839070763097,36.7839070763052,0.0631182755162341,-62.2053245438405,1.92865493310657e-15,0.000385605550850826,error,2,0.006868,0,afterChannel,snr,NaN,NaN,NaN,NaN,mmse,not-applicable,1,OK,,5.9242494
307,H_EQ_rawGain_std8_likely_Lutz,16QAM,none,none,1115,NaN,0,NaN,1,1,0,1,0,97.4358974358974,0,36,38,0.0001115,0.004237,0.004014,2.50308514863232,32.0304875307905,32.0074960310299,15.7519848429781,-61.8576957778484,1.92865493310657e-15,0.000402518623196789,error,2,0.004476,0,afterChannel,snr,NaN,NaN,NaN,NaN,mmse,not-applicable,1,OK,,2.5072239
308,H_EQ_rawGain_std8_likely_Lutz,16QAM,convolutional,1/2,1115,NaN,0,NaN,1,1,0,1,0,100,0,35,37,0.000223,0.008251,0.007805,2.88909689075737,30.7847578622114,30.7826727482298,-3.74384751952125,-62.0189579160243,1.92865493310657e-15,0.000394238331278796,error,2,0.008952,0,afterChannel,snr,NaN,NaN,NaN,NaN,mmse,not-applicable,1,OK,,3.8627359
309,H_EQ_rawGain_std8_likely_Lutz,16QAM,convolutional,2/3,1115,NaN,0,NaN,1,1,0,1,0,100,0,35,37,0.00016725,0.00618825,0.00585375,2.97907235610841,30.5183789690861,30.4785895957401,1.99584515396667,-62.2188174551937,1.92865493310657e-15,0.000384943338590433,error,2,0.006714,0,afterChannel,snr,NaN,NaN,NaN,NaN,mmse,not-applicable,1,OK,,4.1113549
310,H_EQ_rawGain_std8_likely_Lutz,16QAM,convolutional,3/4,1115,NaN,0,NaN,1,1,0,1,0,100,0,35,37,0.000148666666666667,0.00550066666666667,0.00520333333333333,3.80060860351466,28.40293705722,28.4050211705854,-4.45964495111034,-62.2469186545661,1.92865493310657e-15,0.000383495364166601,error,2,0.005968,0,afterChannel,snr,NaN,NaN,NaN,NaN,mmse,not-applicable,1,OK,,3.9039899
311,H_EQ_rawGain_std8_likely_Lutz,16QAM,convolutional,5/6,1116,NaN,0,NaN,1,1,0,1,0,100,0,35,37,0.00013392,0.00495504,0.0046872,2.96234208516055,30.5672958297384,30.5429069860732,0.907445481282151,-62.0968389195478,1.92865493310657e-15,0.000390726092092821,error,2,0.005376,0,afterChannel,snr,NaN,NaN,NaN,NaN,mmse,not-applicable,1,OK,,4.3193307
312,H_EQ_rawGain_std8_likely_Lutz,16QAM,convolutional,7/8,1123,NaN,0,NaN,1,1,0,1,0,100,0,35,37,0.000128342857142857,0.00474868571428571,0.004492,3.14819308780021,30.0387727791533,30.0512624836771,9.88013693833316,-62.0159315029705,1.92865493310657e-15,0.000394804310955642,error,2,0.005152,0,afterChannel,snr,NaN,NaN,NaN,NaN,mmse,not-applicable,1,OK,,4.6656837
313,H_EQ_rawGain_std8_likely_Lutz,32QAM,none,none,1115,NaN,0,NaN,1,1,0,1,0,97.4358974358974,0,36,38,8.92e-05,0.0033896,0.0032112,2.8580569093883,30.8785825564766,30.8615247576131,30.3456653533182,-61.6686656037224,1.92865493310657e-15,0.000411593363104127,error,2,0.00358,0,afterChannel,snr,NaN,NaN,NaN,NaN,mmse,not-applicable,1,OK,,2.2391049
314,H_EQ_rawGain_std8_likely_Lutz,32QAM,convolutional,1/2,1115,NaN,0,NaN,1,1,0,1,0,100,0,36,38,0.0001784,0.0067792,0.0064224,3.32876740017868,29.5543310079397,29.5197979528444,9.11608107232214,-62.1839194971919,1.92865493310657e-15,0.000386661474908784,error,2,0.00716,0,afterChannel,snr,NaN,NaN,NaN,NaN,mmse,not-applicable,1,OK,,3.7328064
315,H_EQ_rawGain_std8_likely_Lutz,32QAM,convolutional,2/3,1115,NaN,0,NaN,1,1,0,1,0,100,0,35,37,0.0001338,0.0049506,0.004683,3.54181865696794,29.0154735737844,29.0078232566466,29.7523126803789,-62.092998052257,1.92865493310657e-15,0.000390834902302673,error,2,0.00537,0,afterChannel,snr,NaN,NaN,NaN,NaN,mmse,not-applicable,1,OK,,3.8494078
316,H_EQ_rawGain_std8_likely_Lutz,32QAM,convolutional,3/4,1115,NaN,0,NaN,1,1,0,1,0,100,0,35,37,0.000118933333333333,0.00440053333333333,0.00416266666666667,3.25619668402936,29.7457874060694,29.6852612358033,-14.6764312852302,-61.9071810069286,1.92865493310657e-15,0.00040021749061622,error,2,0.004774,0,afterChannel,snr,NaN,NaN,NaN,NaN,mmse,not-applicable,1,OK,,3.6687342
317,H_EQ_rawGain_std8_likely_Lutz,32QAM,convolutional,5/6,1116,NaN,0,NaN,1,1,0,1,0,100,0,35,38,0.000107136,0.004071168,0.00374976,3.99383044937676,27.9722075247247,27.9554985147484,-15.7820993891118,-61.8357869094018,1.92865493310657e-15,0.000403454927869748,error,2,0.0043,0,afterChannel,snr,NaN,NaN,NaN,NaN,mmse,not-applicable,1,OK,,4.0308199
318,H_EQ_rawGain_std8_likely_Lutz,32QAM,convolutional,7/8,1123,NaN,0,NaN,1,1,0,1,0,100,0,35,37,0.000102674285714286,0.00379894857142857,0.0035936,3.78240053214605,28.4446496806789,28.4498580900402,-8.78354300006541,-61.8151936290523,1.92865493310657e-15,0.00040454279391144,error,2,0.00412,0,afterChannel,snr,NaN,NaN,NaN,NaN,mmse,not-applicable,1,OK,,4.4263627
319,H_EQ_rawGain_std8_likely_Lutz,GMSK,none,none,1115,NaN,0,NaN,1,1,0,1,0,100,0,37,39,0.000446,0.017394,0.016502,3.76368850523992,28.4877265468372,28.4877265468372,NaN,-62.1436624586149,1.92865493310657e-15,0.00038653318534848,error,2,0.017904,0,afterChannel,snr,NaN,NaN,NaN,NaN,mmse,official,1,OK,,4.801274
320,H_EQ_rawGain_std8_likely_Lutz,GMSK,convolutional,1/2,1115,NaN,0,NaN,1,1,0,1,0,100,0,36,38,0.000892,0.033896,0.032112,3.69351074271327,28.6512126695903,28.6512126695903,NaN,-62.1312375127919,1.92865493310657e-15,0.000386787452546303,error,2,0.035808,0,afterChannel,snr,NaN,NaN,NaN,NaN,mmse,official,1,OK,,8.6215927
321,H_EQ_rawGain_std8_likely_Lutz,GMSK,convolutional,2/3,1115,NaN,0,NaN,1,1,0,1,0,100,0,36,38,0.000669,0.025422,0.024084,3.71659784184161,28.597088592549,28.597088592549,NaN,-62.172996910946,1.92865493310657e-15,0.00038515782778632,error,2,0.026856,0,afterChannel,snr,NaN,NaN,NaN,NaN,mmse,official,1,OK,,6.7747233
322,H_EQ_rawGain_std8_likely_Lutz,GMSK,convolutional,3/4,1115,NaN,0,NaN,1,1,0,1,0,100,0,36,38,0.000594666666666667,0.0225973333333333,0.021408,3.71425146035583,28.6025739443528,28.6025739443528,NaN,-62.218043681508,1.92865493310657e-15,0.000382958133603801,error,2,0.023872,0,afterChannel,snr,NaN,NaN,NaN,NaN,mmse,official,1,OK,,6.1249717
323,H_EQ_rawGain_std8_likely_Lutz,GMSK,convolutional,5/6,1116,NaN,0,NaN,1,1,0,1,0,100,0,36,38,0.00053568,0.02035584,0.01928448,3.75906655237313,28.498399705077,28.498399705077,NaN,-62.3336618732313,1.92865493310657e-15,0.000377699145183409,error,2,0.021504,0,afterChannel,snr,NaN,NaN,NaN,NaN,mmse,official,1,OK,,5.8136131
324,H_EQ_rawGain_std8_likely_Lutz,GMSK,convolutional,7/8,1123,NaN,0,NaN,1,1,0,1,0,100,0,36,38,0.000513371428571429,0.0195081142857143,0.0184813714285714,3.77815404642691,28.4544067718556,28.4544067718556,NaN,-62.295780615562,1.92865493310657e-15,0.000379290441029105,error,2,0.020608,0,afterChannel,snr,NaN,NaN,NaN,NaN,mmse,official,1,OK,,5.4317338
