Altitude Latitude Longitude
730.769014         -45.316            -122.242
730.768770         -45.315            -122.160
730.768503         -45.314            -122.079
730.768211         -45.314            -121.997
730.767895         -45.313            -121.915
730.767556         -45.312            -121.834
730.767192         -45.311            -121.752
730.766804         -45.310            -121.670
730.766392         -45.309            -121.589
730.765956         -45.308            -121.507
730.765497         -45.306            -121.426
730.765013         -45.305            -121.344
730.764505         -45.304            -121.262
730.763973         -45.302            -121.181
730.763418         -45.301            -121.099
730.762838         -45.299            -121.018
730.762234         -45.298            -120.936
730.761607         -45.296            -120.855
730.760955         -45.294            -120.773
730.760279         -45.292            -120.691
730.759580         -45.291            -120.610
730.758856         -45.289            -120.528
730.758108         -45.287            -120.447
730.757337         -45.284            -120.365
730.756541         -45.282            -120.284
730.755722         -45.280            -120.202
730.754879         -45.278            -120.121
730.754011         -45.276            -120.039
730.753120         -45.273            -119.958
730.752205         -45.271            -119.876
730.751265         -45.268            -119.795
730.750302         -45.266            -119.713
730.749315         -45.263            -119.632
730.748304         -45.260            -119.550
730.747269         -45.258            -119.469
730.746211         -45.255            -119.387
730.745128         -45.252            -119.306
730.744021         -45.249            -119.224
730.742891         -45.246            -119.143
730.741736         -45.243            -119.062
730.740558         -45.240            -118.980
730.739356         -45.236            -118.899
730.738130         -45.233            -118.817
730.736880         -45.230            -118.736
730.735606         -45.226            -118.655
730.734308         -45.223            -118.573
730.732987         -45.219            -118.492
730.731641         -45.216            -118.411
730.730272         -45.212            -118.329
730.728879         -45.208            -118.248
730.727462         -45.204            -118.167
730.726021         -45.201            -118.085
730.724557         -45.197            -118.004
730.723068         -45.193            -117.923
730.721556         -45.189            -117.842
730.720020         -45.185            -117.760
730.718460         -45.180            -117.679
730.716877         -45.176            -117.598
730.715269         -45.172            -117.517
730.713638         -45.167            -117.435
730.711983         -45.163            -117.354
730.710305         -45.158            -117.273
730.708602         -45.154            -117.192
730.706876         -45.149            -117.111
730.705126         -45.145            -117.030
730.703353         -45.140            -116.949
730.701555         -45.135            -116.867
730.699734         -45.130            -116.786
730.697889         -45.125            -116.705
730.696021         -45.120            -116.624
730.694129         -45.115            -116.543
730.692213         -45.110            -116.462
730.690274         -45.105            -116.381
730.688310         -45.100            -116.300
730.686324         -45.094            -116.219
730.684313         -45.089            -116.138
730.682279         -45.083            -116.057
730.680221         -45.078            -115.976
730.678140         -45.072            -115.895
730.676035         -45.067            -115.815
730.673906         -45.061            -115.734
730.671754         -45.055            -115.653
730.669579         -45.049            -115.572
730.667379         -45.043            -115.491
730.665156         -45.038            -115.410
730.662910         -45.032            -115.330
730.660640         -45.025            -115.249
730.658347         -45.019            -115.168
730.656030         -45.013            -115.087
730.653689         -45.007            -115.007
730.651325         -45.000            -114.926
730.648938         -44.994            -114.845
730.646527         -44.988            -114.765
730.644092         -44.981            -114.684
730.641634         -44.974            -114.603
730.639153         -44.968            -114.523
730.636648         -44.961            -114.442
730.634120         -44.954            -114.361
730.631568         -44.948            -114.281
730.628993         -44.941            -114.200
730.626395         -44.934            -114.120
730.623773         -44.927            -114.039
730.621128         -44.920            -113.959
730.618459         -44.912            -113.879
730.615767         -44.905            -113.798
730.613052         -44.898            -113.718
730.610314         -44.891            -113.637
730.607552         -44.883            -113.557
730.604767         -44.876            -113.477
730.601958         -44.868            -113.396
730.599127         -44.861            -113.316
730.596272         -44.853            -113.236
730.593393         -44.845            -113.155
730.590492         -44.837            -113.075
730.587567         -44.830            -112.995
730.584619         -44.822            -112.915
730.581648         -44.814            -112.835
730.578654         -44.806            -112.755
730.575637         -44.798            -112.674
730.572596         -44.790            -112.594
730.569533         -44.781            -112.514
730.566446         -44.773            -112.434
730.563336         -44.765            -112.354
730.560203         -44.756            -112.274
730.557047         -44.748            -112.194
730.553868         -44.739            -112.114
730.550665         -44.731            -112.034
730.547440         -44.722            -111.955
730.544192         -44.713            -111.875
730.540920         -44.705            -111.795
730.537626         -44.696            -111.715
730.534309         -44.687            -111.635
730.530969         -44.678            -111.555
730.527605         -44.669            -111.476
730.524219         -44.660            -111.396
730.520810         -44.651            -111.316
730.517378         -44.642            -111.237
730.513923         -44.632            -111.157
730.510445         -44.623            -111.077
730.506945         -44.614            -110.998
730.503421         -44.604            -110.918
730.499875         -44.595            -110.839
730.496306         -44.585            -110.759
730.492714         -44.575            -110.680
730.489099         -44.566            -110.600
730.485462         -44.556            -110.521
730.481801         -44.546            -110.442
730.478118         -44.536            -110.362
730.474413         -44.526            -110.283
730.470684         -44.516            -110.204
730.466933         -44.506            -110.124
730.463159         -44.496            -110.045
730.459363         -44.486            -109.966
730.455544         -44.476            -109.887
730.451702         -44.466            -109.807
730.447838         -44.455            -109.728
730.443951         -44.445            -109.649
730.440041         -44.434            -109.570
730.436109         -44.424            -109.491
730.432155         -44.413            -109.412
730.428178         -44.402            -109.333
730.424178         -44.392            -109.254
730.420156         -44.381            -109.175
730.416112         -44.370            -109.096
730.412045         -44.359            -109.018
730.407955         -44.348            -108.939
730.403844         -44.337            -108.860
730.399710         -44.326            -108.781
730.395553         -44.315            -108.702
730.391374         -44.304            -108.624
730.387173         -44.293            -108.545
730.382949         -44.281            -108.466
730.378703         -44.270            -108.388
730.374435         -44.258            -108.309
730.370145         -44.247            -108.231
730.365832         -44.235            -108.152
730.361498         -44.224            -108.074
730.357140         -44.212            -107.995
730.352761         -44.200            -107.917
730.348360         -44.189            -107.838
730.343936         -44.177            -107.760
730.339491         -44.165            -107.682
730.335023         -44.153            -107.603
730.330533         -44.141            -107.525
730.326021         -44.129            -107.447
730.321487         -44.116            -107.369
730.316931         -44.104            -107.291
730.312353         -44.092            -107.213
730.307753         -44.080            -107.134
730.303131         -44.067            -107.056
730.298487         -44.055            -106.978
730.293822         -44.042            -106.900
730.289134         -44.030            -106.822
730.284424         -44.017            -106.745
730.279693         -44.004            -106.667
730.274940         -43.992            -106.589
730.270164         -43.979            -106.511
730.265368         -43.966            -106.433
730.260549         -43.953            -106.356
730.255708         -43.940            -106.278
730.250846         -43.927            -106.200
730.245962         -43.914            -106.123
730.241057         -43.901            -106.045
730.236130         -43.888            -105.967
730.231181         -43.874            -105.890
730.226210         -43.861            -105.812
730.221218         -43.848            -105.735
730.216204         -43.834            -105.658
730.211169         -43.821            -105.580
730.206112         -43.807            -105.503
730.201034         -43.793            -105.426
730.195934         -43.780            -105.348
730.190813         -43.766            -105.271
730.185670         -43.752            -105.194
730.180506         -43.738            -105.117
730.175321         -43.724            -105.040
730.170114         -43.710            -104.963
730.164886         -43.696            -104.886
730.159636         -43.682            -104.809
730.154365         -43.668            -104.732
730.149073         -43.654            -104.655
730.143760         -43.640            -104.578
730.138425         -43.625            -104.501
730.133069         -43.611            -104.424
730.127692         -43.597            -104.347
730.122294         -43.582            -104.271
730.116875         -43.568            -104.194
730.111434         -43.553            -104.117
730.105973         -43.538            -104.041
730.100490         -43.524            -103.964
730.094986         -43.509            -103.888
730.089462         -43.494            -103.811
730.083916         -43.479            -103.735
730.078349         -43.464            -103.658
730.072762         -43.449            -103.582
730.067153         -43.434            -103.505
730.061524         -43.419            -103.429
730.055873         -43.404            -103.353
730.050202         -43.389            -103.277
730.044510         -43.373            -103.201
730.038798         -43.358            -103.124
730.033064         -43.343            -103.048
730.027310         -43.327            -102.972
730.021535         -43.312            -102.896
730.015739         -43.296            -102.820
730.009923         -43.281            -102.744
730.004086         -43.265            -102.668
729.998228         -43.249            -102.593
729.992350         -43.233            -102.517
729.986452         -43.217            -102.441
729.980532         -43.202            -102.365
729.974592         -43.186            -102.290
729.968632         -43.170            -102.214
729.962651         -43.154            -102.138
729.956650         -43.137            -102.063
729.950629         -43.121            -101.987
729.944587         -43.105            -101.912
729.938525         -43.089            -101.836
729.932442         -43.072            -101.761
729.926339         -43.056            -101.686
729.920216         -43.040            -101.610
729.914073         -43.023            -101.535
729.907909         -43.006            -101.460
729.901725         -42.990            -101.385
729.895521         -42.973            -101.309
729.889297         -42.956            -101.234
729.883053         -42.940            -101.159
729.876789         -42.923            -101.084
729.870504         -42.906            -101.009
729.864200         -42.889            -100.934
729.857876         -42.872            -100.860
729.851531         -42.855            -100.785
729.845167         -42.838            -100.710
729.838783         -42.821            -100.635
729.832379         -42.803            -100.560
729.825955         -42.786            -100.486
729.819511         -42.769            -100.411
729.813048         -42.751            -100.337
729.806565         -42.734            -100.262
729.800062         -42.717            -100.188
729.793539         -42.699            -100.113
729.786996         -42.681            -100.039
729.780434         -42.664            -99.964
729.773853         -42.646            -99.890
729.767252         -42.628            -99.816
729.760631         -42.610            -99.742
729.753990         -42.593            -99.667
729.747331         -42.575            -99.593
729.740651         -42.557            -99.519
729.733952         -42.539            -99.445
729.727234         -42.521            -99.371
729.720497         -42.502            -99.297
729.713740         -42.484            -99.223
729.706964         -42.466            -99.149
729.700168         -42.448            -99.076
729.693353         -42.429            -99.002
729.686519         -42.411            -98.928
729.679666         -42.393            -98.854
729.672794         -42.374            -98.781
729.665902         -42.356            -98.707
729.658992         -42.337            -98.634
729.652062         -42.318            -98.560
729.645113         -42.300            -98.487
729.638145         -42.281            -98.413
729.631158         -42.262            -98.340
729.624153         -42.243            -98.267
729.617128         -42.224            -98.193
729.610084         -42.205            -98.120
729.603022         -42.186            -98.047
729.595941         -42.167            -97.974
729.588841         -42.148            -97.901
729.581722         -42.129            -97.828
729.574584         -42.110            -97.755
729.567428         -42.090            -97.682
729.560253         -42.071            -97.609
729.553060         -42.051            -97.536
729.545847         -42.032            -97.463
729.538617         -42.013            -97.390
729.531367         -41.993            -97.318
729.524100         -41.973            -97.245
729.516813         -41.954            -97.172
729.509508         -41.934            -97.100
729.502185         -41.914            -97.027
729.494844         -41.895            -96.955
729.487484         -41.875            -96.882
729.480106         -41.855            -96.810
729.472709         -41.835            -96.738
729.465294         -41.815            -96.666
729.457861         -41.795            -96.593
729.450410         -41.775            -96.521
729.442941         -41.754            -96.449
729.435454         -41.734            -96.377
729.427948         -41.714            -96.305
729.420424         -41.694            -96.233
729.412883         -41.673            -96.161
729.405323         -41.653            -96.089
729.397746         -41.632            -96.017
729.390150         -41.612            -95.945
729.382537         -41.591            -95.874
729.374906         -41.571            -95.802
729.367257         -41.550            -95.730
729.359590         -41.529            -95.659
729.351906         -41.509            -95.587
729.344203         -41.488            -95.515
729.336483         -41.467            -95.444
729.328746         -41.446            -95.373
729.320991         -41.425            -95.301
729.313218         -41.404            -95.230
729.305428         -41.383            -95.159
729.297620         -41.362            -95.087
729.289794         -41.341            -95.016
729.281952         -41.320            -94.945
729.274092         -41.298            -94.874
729.266214         -41.277            -94.803
729.258319         -41.256            -94.732
729.250407         -41.234            -94.661
729.242478         -41.213            -94.590
729.234531         -41.191            -94.519
729.226567         -41.170            -94.449
729.218586         -41.148            -94.378
729.210588         -41.126            -94.307
729.202573         -41.105            -94.236
729.194541         -41.083            -94.166
729.186492         -41.061            -94.095
729.178426         -41.039            -94.025
729.170342         -41.018            -93.954
729.162242         -40.996            -93.884
729.154125         -40.974            -93.814
729.145992         -40.952            -93.743
729.137841         -40.929            -93.673
729.129674         -40.907            -93.603
729.121490         -40.885            -93.533
729.113289         -40.863            -93.463
729.105072         -40.841            -93.393
729.096838         -40.818            -93.323
729.088587         -40.796            -93.253
729.080320         -40.774            -93.183
729.072036         -40.751            -93.113
729.063736         -40.729            -93.043
729.055420         -40.706            -92.973
729.047087         -40.683            -92.904
729.038737         -40.661            -92.834
729.030372         -40.638            -92.764
729.021990         -40.615            -92.695
729.013592         -40.592            -92.625
729.005177         -40.570            -92.556
728.996747         -40.547            -92.487
728.988300         -40.524            -92.417
728.979837         -40.501            -92.348
728.971358         -40.478            -92.279
728.962864         -40.455            -92.210
728.954353         -40.432            -92.140
728.945826         -40.408            -92.071
728.937283         -40.385            -92.002
728.928725         -40.362            -91.933
728.920150         -40.339            -91.864
728.911560         -40.315            -91.795
728.902954         -40.292            -91.727
728.894333         -40.268            -91.658
728.885695         -40.245            -91.589
728.877042         -40.221            -91.520
728.868374         -40.198            -91.452
728.859690         -40.174            -91.383
728.850990         -40.151            -91.314
728.842275         -40.127            -91.246
728.833544         -40.103            -91.178
728.824798         -40.079            -91.109
728.816037         -40.055            -91.041
728.807260         -40.031            -90.973
728.798468         -40.008            -90.904
728.789661         -39.984            -90.836
728.780839         -39.959            -90.768
728.772001         -39.935            -90.700
728.763148         -39.911            -90.632
728.754280         -39.887            -90.564
728.745398         -39.863            -90.496
728.736500         -39.839            -90.428
728.727587         -39.814            -90.360
728.718659         -39.790            -90.292
728.709716         -39.766            -90.225
728.700759         -39.741            -90.157
728.691786         -39.717            -90.089
728.682799         -39.692            -90.022
728.673797         -39.668            -89.954
728.664780         -39.643            -89.887
728.655749         -39.618            -89.819
728.646703         -39.594            -89.752
728.637643         -39.569            -89.685
728.628568         -39.544            -89.617
728.619478         -39.519            -89.550
728.610374         -39.494            -89.483
728.601256         -39.469            -89.416
728.592123         -39.444            -89.349
728.582976         -39.419            -89.282
728.573815         -39.394            -89.215
728.564639         -39.369            -89.148
728.555449         -39.344            -89.081
728.546245         -39.319            -89.014
728.537027         -39.294            -88.947
728.527795         -39.268            -88.881
728.518549         -39.243            -88.814
728.509289         -39.218            -88.747
728.500014         -39.192            -88.681
728.490726         -39.167            -88.614
728.481424         -39.141            -88.548
728.472108         -39.116            -88.481
728.462779         -39.090            -88.415
728.453435         -39.065            -88.349
728.444078         -39.039            -88.282
728.434707         -39.013            -88.216
728.425323         -38.987            -88.150
728.415925         -38.962            -88.084
728.406513         -38.936            -88.018
728.397088         -38.910            -87.952
728.387649         -38.884            -87.886
728.378197         -38.858            -87.820
728.368732         -38.832            -87.754
728.359253         -38.806            -87.688
728.349761         -38.780            -87.623
728.340256         -38.754            -87.557
728.330738         -38.728            -87.491
728.321206         -38.701            -87.426
728.311661         -38.675            -87.360
728.302103         -38.649            -87.295
728.292532         -38.623            -87.229
728.282949         -38.596            -87.164
728.273352         -38.570            -87.098
728.263742         -38.543            -87.033
728.254119         -38.517            -86.968
728.244484         -38.490            -86.903
728.234836         -38.464            -86.837
728.225175         -38.437            -86.772
728.215501         -38.410            -86.707
728.205815         -38.384            -86.642
728.196116         -38.357            -86.577
728.186404         -38.330            -86.512
728.176680         -38.303            -86.448
728.166944         -38.276            -86.383
728.157195         -38.250            -86.318
728.147433         -38.223            -86.253
728.137660         -38.196            -86.189
728.127873         -38.169            -86.124
728.118075         -38.142            -86.060
728.108265         -38.114            -85.995
728.098442         -38.087            -85.931
728.088607         -38.060            -85.866
728.078760         -38.033            -85.802
728.068901         -38.006            -85.738
728.059030         -37.978            -85.674
728.049147         -37.951            -85.609
728.039252         -37.924            -85.545
728.029346         -37.896            -85.481
728.019427         -37.869            -85.417
728.009497         -37.841            -85.353
727.999555         -37.814            -85.289
727.989601         -37.786            -85.225
727.979636         -37.758            -85.161
727.969659         -37.731            -85.098
727.959670         -37.703            -85.034
727.949670         -37.675            -84.970
727.939658         -37.647            -84.907
727.929635         -37.620            -84.843
727.919601         -37.592            -84.780
727.909555         -37.564            -84.716
727.899498         -37.536            -84.653
727.889430         -37.508            -84.589
727.879351         -37.480            -84.526
727.869260         -37.452            -84.463
727.859158         -37.424            -84.399
727.849046         -37.396            -84.336
727.838922         -37.368            -84.273
727.828787         -37.339            -84.210
727.818641         -37.311            -84.147
727.808485         -37.283            -84.084
727.798317         -37.254            -84.021
727.788139         -37.226            -83.958
727.777950         -37.198            -83.895
727.767750         -37.169            -83.833
727.757540         -37.141            -83.770
727.747319         -37.112            -83.707
727.737087         -37.084            -83.645
727.726845         -37.055            -83.582
727.716593         -37.026            -83.520
727.706330         -36.998            -83.457
727.696056         -36.969            -83.395
727.685772         -36.940            -83.332
727.675478         -36.912            -83.270
727.665174         -36.883            -83.208
727.654860         -36.854            -83.146
727.644535         -36.825            -83.083
727.634200         -36.796            -83.021
727.623855         -36.767            -82.959
727.613501         -36.738            -82.897
727.603136         -36.709            -82.835
727.592761         -36.680            -82.773
727.582376         -36.651            -82.711
727.571982         -36.622            -82.650
727.561578         -36.593            -82.588
727.551164         -36.563            -82.526
727.540740         -36.534            -82.464
727.530307         -36.505            -82.403
727.519864         -36.476            -82.341
727.509411         -36.446            -82.280
727.498949         -36.417            -82.218
727.488478         -36.387            -82.157
727.477997         -36.358            -82.095
727.467507         -36.328            -82.034
727.457007         -36.299            -81.973
727.446498         -36.269            -81.911
727.435980         -36.240            -81.850
727.425453         -36.210            -81.789
727.414917         -36.180            -81.728
727.404371         -36.151            -81.667
727.393817         -36.121            -81.606
727.383253         -36.091            -81.545
727.372681         -36.061            -81.484
727.362099         -36.031            -81.423
727.351509         -36.001            -81.363
727.340910         -35.971            -81.302
727.330302         -35.942            -81.241
727.319686         -35.912            -81.181
727.309061         -35.881            -81.120
727.298427         -35.851            -81.059
727.287785         -35.821            -80.999
727.277134         -35.791            -80.938
727.266475         -35.761            -80.878
727.255807         -35.731            -80.818
727.245131         -35.700            -80.757
727.234446         -35.670            -80.697
727.223753         -35.640            -80.637
727.213052         -35.610            -80.577
727.202343         -35.579            -80.517
727.191626         -35.549            -80.457
727.180901         -35.518            -80.397
727.170167         -35.488            -80.337
727.159426         -35.457            -80.277
727.148676         -35.427            -80.217
727.137919         -35.396            -80.157
727.127154         -35.365            -80.097
727.116381         -35.335            -80.038
727.105600         -35.304            -79.978
727.094812         -35.273            -79.918
727.084016         -35.243            -79.859
727.073212         -35.212            -79.799
727.062401         -35.181            -79.740
727.051582         -35.150            -79.680
727.040756         -35.119            -79.621
727.029922         -35.088            -79.562
727.019081         -35.057            -79.502
727.008233         -35.026            -79.443
726.997377         -34.995            -79.384
726.986514         -34.964            -79.325
726.975644         -34.933            -79.266
726.964767         -34.902            -79.206
726.953883         -34.871            -79.147
726.942992         -34.840            -79.089
726.932093         -34.808            -79.030
726.921188         -34.777            -78.971
726.910276         -34.746            -78.912
726.899357         -34.715            -78.853
726.888431         -34.683            -78.794
726.877499         -34.652            -78.736
726.866560         -34.620            -78.677
726.855614         -34.589            -78.619
726.844662         -34.557            -78.560
726.833703         -34.526            -78.502
726.822737         -34.494            -78.443
726.811765         -34.463            -78.385
726.800787         -34.431            -78.326
726.789803         -34.400            -78.268
726.778812         -34.368            -78.210
726.767815         -34.336            -78.152
726.756811         -34.304            -78.094
726.745802         -34.273            -78.035
726.734786         -34.241            -77.977
726.723764         -34.209            -77.919
726.712737         -34.177            -77.861
726.701703         -34.145            -77.803
726.690664         -34.113            -77.746
726.679618         -34.081            -77.688
726.668567         -34.049            -77.630
726.657510         -34.017            -77.572
726.646447         -33.985            -77.515
726.635379         -33.953            -77.457
726.624305         -33.921            -77.399
726.613226         -33.889            -77.342
726.602141         -33.857            -77.284
726.591050         -33.824            -77.227
726.579954         -33.792            -77.169
726.568853         -33.760            -77.112
726.557746         -33.728            -77.055
726.546635         -33.695            -76.997
726.535518         -33.663            -76.940
726.524395         -33.631            -76.883
726.513268         -33.598            -76.826
726.502136         -33.566            -76.769
726.490998         -33.533            -76.712
726.479856         -33.501            -76.655
726.468709         -33.468            -76.598
726.457556         -33.435            -76.541
726.446399         -33.403            -76.484
726.435238         -33.370            -76.427
726.424071         -33.338            -76.370
726.412900         -33.305            -76.314
726.401724         -33.272            -76.257
726.390544         -33.239            -76.200
726.379359         -33.207            -76.144
726.368170         -33.174            -76.087
726.356976         -33.141            -76.031
726.345778         -33.108            -75.974
726.334576         -33.075            -75.918
726.323369         -33.042            -75.862
726.312158         -33.009            -75.805
726.300943         -32.976            -75.749
726.289724         -32.943            -75.693
726.278501         -32.910            -75.637
726.267273         -32.877            -75.580
726.256042         -32.844            -75.524
726.244807         -32.811            -75.468
726.233568         -32.778            -75.412
726.222325         -32.744            -75.356
726.211079         -32.711            -75.300
726.199828         -32.678            -75.245
726.188574         -32.645            -75.189
726.177317         -32.611            -75.133
726.166056         -32.578            -75.077
726.154791         -32.545            -75.021
726.143523         -32.511            -74.966
726.132251         -32.478            -74.910
726.120976         -32.444            -74.855
726.109698         -32.411            -74.799
726.098417         -32.377            -74.744
726.087132         -32.344            -74.688
726.075844         -32.310            -74.633
726.064553         -32.276            -74.577
726.053259         -32.243            -74.522
726.041962         -32.209            -74.467
726.030662         -32.176            -74.412
726.019359         -32.142            -74.357
726.008053         -32.108            -74.301
725.996745         -32.074            -74.246
725.985433         -32.040            -74.191
725.974119         -32.007            -74.136
725.962802         -31.973            -74.081
725.951483         -31.939            -74.026
725.940161         -31.905            -73.972
725.928837         -31.871            -73.917
725.917510         -31.837            -73.862
725.906181         -31.803            -73.807
725.894849         -31.769            -73.753
725.883515         -31.735            -73.698
725.872179         -31.701            -73.643
725.860840         -31.667            -73.589
725.849500         -31.633            -73.534
725.838157         -31.599            -73.480
725.826813         -31.564            -73.425
725.815466         -31.530            -73.371
725.804117         -31.496            -73.317
725.792767         -31.462            -73.262
725.781414         -31.427            -73.208
725.770060         -31.393            -73.154
725.758704         -31.359            -73.100
725.747347         -31.324            -73.045
725.735987         -31.290            -72.991
725.724627         -31.256            -72.937
725.713264         -31.221            -72.883
725.701900         -31.187            -72.829
725.690535         -31.152            -72.775
725.679168         -31.118            -72.722
725.667800         -31.083            -72.668
725.656431         -31.048            -72.614
725.645060         -31.014            -72.560
725.633688         -30.979            -72.506
725.622315         -30.945            -72.453
725.610941         -30.910            -72.399
725.599566         -30.875            -72.345
725.588190         -30.840            -72.292
725.576813         -30.806            -72.238
725.565435         -30.771            -72.185
725.554057         -30.736            -72.132
725.542677         -30.701            -72.078
725.531297         -30.666            -72.025
725.519916         -30.631            -71.972
725.508535         -30.596            -71.918
725.497153         -30.562            -71.865
725.485770         -30.527            -71.812
725.474387         -30.492            -71.759
725.463003         -30.457            -71.706
725.451619         -30.422            -71.653
725.440235         -30.386            -71.600
725.428851         -30.351            -71.547
725.417466         -30.316            -71.494
725.406081         -30.281            -71.441
725.394696         -30.246            -71.388
725.383311         -30.211            -71.335
725.371926         -30.175            -71.282
725.360541         -30.140            -71.230
725.349156         -30.105            -71.177
725.337771         -30.070            -71.124
725.326386         -30.034            -71.072
725.315002         -29.999            -71.019
725.303618         -29.964            -70.966
725.292234         -29.928            -70.914
725.280851         -29.893            -70.862
725.269468         -29.857            -70.809
725.258085         -29.822            -70.757
725.246703         -29.786            -70.704
725.235322         -29.751            -70.652
725.223941         -29.715            -70.600
725.212561         -29.680            -70.548
725.201182         -29.644            -70.496
725.189804         -29.609            -70.443
725.178426         -29.573            -70.391
725.167049         -29.537            -70.339
725.155673         -29.502            -70.287
725.144299         -29.466            -70.235
725.132925         -29.430            -70.183
725.121552         -29.394            -70.131
725.110181         -29.359            -70.080
725.098811         -29.323            -70.028
725.087442         -29.287            -69.976
725.076074         -29.251            -69.924
725.064707         -29.215            -69.872
725.053342         -29.179            -69.821
725.041979         -29.143            -69.769
725.030617         -29.108            -69.718
725.019257         -29.072            -69.666
725.007898         -29.036            -69.615
724.996541         -29.000            -69.563
724.985185         -28.963            -69.512
724.973831         -28.927            -69.460
724.962480         -28.891            -69.409
724.951130         -28.855            -69.358
724.939781         -28.819            -69.306
724.928435         -28.783            -69.255
724.917091         -28.747            -69.204
724.905749         -28.711            -69.153
724.894409         -28.674            -69.102
724.883071         -28.638            -69.050
724.871736         -28.602            -68.999
724.860403         -28.566            -68.948
724.849072         -28.529            -68.897
724.837743         -28.493            -68.847
724.826417         -28.457            -68.796
724.815093         -28.420            -68.745
724.803772         -28.384            -68.694
724.792453         -28.347            -68.643
724.781137         -28.311            -68.592
724.769824         -28.274            -68.542
724.758513         -28.238            -68.491
724.747206         -28.201            -68.440
724.735901         -28.165            -68.390
724.724599         -28.128            -68.339
724.713299         -28.092            -68.289
724.702003         -28.055            -68.238
724.690710         -28.019            -68.188
724.679420         -27.982            -68.137
724.668133         -27.945            -68.087
724.656849         -27.909            -68.037
724.645569         -27.872            -67.986
724.634291         -27.835            -67.936
724.623017         -27.798            -67.886
724.611747         -27.762            -67.836
724.600480         -27.725            -67.785
724.589216         -27.688            -67.735
724.577956         -27.651            -67.685
724.566699         -27.614            -67.635
724.555446         -27.577            -67.585
724.544197         -27.540            -67.535
724.532952         -27.504            -67.485
724.521710         -27.467            -67.435
724.510472         -27.430            -67.385
724.499238         -27.393            -67.336
724.488008         -27.356            -67.286
724.476782         -27.319            -67.236
724.465560         -27.282            -67.186
724.454342         -27.244            -67.137
724.443128         -27.207            -67.087
724.431919         -27.170            -67.037
724.420713         -27.133            -66.988
724.409512         -27.096            -66.938
724.398316         -27.059            -66.889
724.387123         -27.022            -66.839
724.375935         -26.984            -66.790
724.364752         -26.947            -66.740
724.353573         -26.910            -66.691
724.342399         -26.873            -66.642
724.331229         -26.835            -66.592
724.320064         -26.798            -66.543
724.308904         -26.761            -66.494
724.297748         -26.723            -66.445
724.286597         -26.686            -66.395
724.275452         -26.649            -66.346
724.264311         -26.611            -66.297
724.253175         -26.574            -66.248
724.242044         -26.536            -66.199
724.230919         -26.499            -66.150
724.219798         -26.461            -66.101
724.208683         -26.424            -66.052
724.197573         -26.386            -66.003
724.186468         -26.349            -65.955
724.175368         -26.311            -65.906
724.164274         -26.273            -65.857
724.153185         -26.236            -65.808
724.142102         -26.198            -65.759
724.131024         -26.160            -65.711
724.119952         -26.123            -65.662
724.108886         -26.085            -65.614
724.097825         -26.047            -65.565
724.086770         -26.010            -65.516
724.075721         -25.972            -65.468
724.064677         -25.934            -65.419
724.053640         -25.896            -65.371
724.042608         -25.858            -65.323
724.031582         -25.821            -65.274
724.020563         -25.783            -65.226
724.009549         -25.745            -65.177
723.998542         -25.707            -65.129
723.987540         -25.669            -65.081
723.976545         -25.631            -65.033
723.965557         -25.593            -64.985
723.954574         -25.555            -64.936
723.943598         -25.517            -64.888
723.932629         -25.479            -64.840
723.921665         -25.441            -64.792
723.910709         -25.403            -64.744
723.899759         -25.365            -64.696
723.888815         -25.327            -64.648
723.877879         -25.289            -64.600
723.866948         -25.251            -64.552
723.856025         -25.213            -64.504
723.845109         -25.175            -64.457
723.834199         -25.136            -64.409
723.823296         -25.098            -64.361
723.812401         -25.060            -64.313
723.801512         -25.022            -64.266
723.790630         -24.984            -64.218
723.779756         -24.945            -64.170
723.768888         -24.907            -64.123
723.758028         -24.869            -64.075
723.747175         -24.830            -64.028
723.736329         -24.792            -63.980
723.725491         -24.754            -63.933
723.714660         -24.715            -63.885
723.703837         -24.677            -63.838
723.693021         -24.639            -63.790
723.682212         -24.600            -63.743
723.671412         -24.562            -63.696
723.660618         -24.523            -63.649
723.649833         -24.485            -63.601
723.639055         -24.446            -63.554
723.628285         -24.408            -63.507
723.617523         -24.369            -63.460
723.606769         -24.331            -63.413
723.596022         -24.292            -63.365
723.585284         -24.253            -63.318
723.574554         -24.215            -63.271
723.563832         -24.176            -63.224
723.553117         -24.138            -63.177
723.542411         -24.099            -63.130
723.531714         -24.060            -63.084
723.521024         -24.022            -63.037
723.510343         -23.983            -62.990
723.499670         -23.944            -62.943
723.489006         -23.905            -62.896
723.478350         -23.867            -62.849
723.467703         -23.828            -62.803
723.457064         -23.789            -62.756
723.446434         -23.750            -62.709
723.435812         -23.711            -62.663
723.425199         -23.673            -62.616
723.414595         -23.634            -62.570
723.404000         -23.595            -62.523
723.393413         -23.556            -62.476
723.382835         -23.517            -62.430
723.372267         -23.478            -62.383
723.361707         -23.439            -62.337
723.351156         -23.400            -62.291
723.340615         -23.361            -62.244
723.330082         -23.322            -62.198
723.319559         -23.283            -62.152
723.309045         -23.244            -62.105
723.298540         -23.205            -62.059
723.288044         -23.166            -62.013
723.277558         -23.127            -61.967
723.267081         -23.088            -61.920
723.256614         -23.049            -61.874
723.246156         -23.010            -61.828
723.235708         -22.971            -61.782
723.225269         -22.931            -61.736
723.214840         -22.892            -61.690
723.204421         -22.853            -61.644
723.194011         -22.814            -61.598
723.183611         -22.775            -61.552
723.173221         -22.735            -61.506
723.162841         -22.696            -61.460
723.152471         -22.657            -61.415
723.142111         -22.618            -61.369
723.131761         -22.578            -61.323
723.121420         -22.539            -61.277
723.111090         -22.500            -61.231
723.100770         -22.460            -61.186
723.090461         -22.421            -61.140
723.080161         -22.382            -61.094
723.069872         -22.342            -61.049
723.059593         -22.303            -61.003
723.049325         -22.263            -60.958
723.039067         -22.224            -60.912
723.028819         -22.185            -60.866
723.018582         -22.145            -60.821
723.008356         -22.106            -60.776
722.998140         -22.066            -60.730
722.987935         -22.027            -60.685
722.977740         -21.987            -60.639
722.967556         -21.947            -60.594
722.957383         -21.908            -60.549
722.947221         -21.868            -60.503
722.937070         -21.829            -60.458
722.926930         -21.789            -60.413
722.916800         -21.750            -60.368
722.906682         -21.710            -60.322
722.896575         -21.670            -60.277
722.886479         -21.631            -60.232
722.876394         -21.591            -60.187
722.866320         -21.551            -60.142
722.856258         -21.512            -60.097
722.846206         -21.472            -60.052
722.836166         -21.432            -60.007
722.826138         -21.392            -59.962
722.816121         -21.353            -59.917
722.806115         -21.313            -59.872
722.796121         -21.273            -59.827
722.786139         -21.233            -59.782
722.776168         -21.193            -59.737
722.766209         -21.153            -59.693
722.756261         -21.114            -59.648
722.746325         -21.074            -59.603
722.736401         -21.034            -59.558
722.726489         -20.994            -59.514
722.716589         -20.954            -59.469
722.706701         -20.914            -59.424
722.696824         -20.874            -59.380
722.686960         -20.834            -59.335
722.677107         -20.794            -59.290
722.667267         -20.754            -59.246
722.657439         -20.714            -59.201
722.647623         -20.674            -59.157
722.637819         -20.634            -59.112
722.628028         -20.594            -59.068
722.618249         -20.554            -59.023
722.608482         -20.514            -58.979
722.598728         -20.474            -58.935
722.588986         -20.434            -58.890
722.579256         -20.394            -58.846
722.569540         -20.354            -58.802
722.559835         -20.314            -58.757
722.550144         -20.273            -58.713
722.540465         -20.233            -58.669
722.530798         -20.193            -58.625
722.521145         -20.153            -58.581
722.511504         -20.113            -58.536
722.501876         -20.073            -58.492
722.492261         -20.032            -58.448
722.482659         -19.992            -58.404
722.473070         -19.952            -58.360
722.463494         -19.912            -58.316
722.453931         -19.871            -58.272
722.444381         -19.831            -58.228
722.434844         -19.791            -58.184
722.425321         -19.750            -58.140
722.415810         -19.710            -58.096
722.406313         -19.670            -58.052
722.396829         -19.629            -58.008
722.387359         -19.589            -57.965
722.377902         -19.549            -57.921
722.368458         -19.508            -57.877
722.359028         -19.468            -57.833
722.349612         -19.427            -57.789
722.340209         -19.387            -57.746
722.330819         -19.346            -57.702
722.321443         -19.306            -57.658
722.312081         -19.265            -57.615
722.302733         -19.225            -57.571
722.293398         -19.185            -57.527
722.284078         -19.144            -57.484
722.274771         -19.103            -57.440
722.265478         -19.063            -57.397
722.256199         -19.022            -57.353
722.246934         -18.982            -57.310
722.237683         -18.941            -57.266
722.228446         -18.901            -57.223
722.219223         -18.860            -57.179
722.210014         -18.819            -57.136
722.200820         -18.779            -57.093
722.191639         -18.738            -57.049
722.182473         -18.698            -57.006
722.173322         -18.657            -56.963
722.164184         -18.616            -56.919
722.155061         -18.576            -56.876
722.145953         -18.535            -56.833
722.136859         -18.494            -56.790
722.127779         -18.453            -56.746
722.118714         -18.413            -56.703
722.109664         -18.372            -56.660
722.100628         -18.331            -56.617
722.091607         -18.290            -56.574
722.082601         -18.250            -56.531
722.073610         -18.209            -56.488
722.064633         -18.168            -56.445
722.055671         -18.127            -56.402
722.046724         -18.086            -56.359
722.037792         -18.046            -56.316
722.028875         -18.005            -56.273
722.019973         -17.964            -56.230
722.011086         -17.923            -56.187
722.002214         -17.882            -56.144
721.993357         -17.841            -56.101
721.984516         -17.800            -56.058
721.975689         -17.759            -56.016
721.966878         -17.718            -55.973
721.958082         -17.677            -55.930
721.949301         -17.636            -55.887
721.940536         -17.596            -55.844
721.931786         -17.555            -55.802
721.923052         -17.514            -55.759
721.914333         -17.473            -55.716
721.905630         -17.432            -55.674
721.896942         -17.391            -55.631
721.888270         -17.349            -55.588
721.879613         -17.308            -55.546
721.870972         -17.267            -55.503
721.862347         -17.226            -55.461
721.853738         -17.185            -55.418
721.845144         -17.144            -55.376
721.836566         -17.103            -55.333
721.828004         -17.062            -55.291
721.819458         -17.021            -55.248
721.810928         -16.980            -55.206
721.802414         -16.939            -55.163
721.793916         -16.897            -55.121
721.785434         -16.856            -55.079
721.776968         -16.815            -55.036
721.768518         -16.774            -54.994
721.760084         -16.733            -54.952
721.751667         -16.691            -54.909
721.743266         -16.650            -54.867
721.734881         -16.609            -54.825
721.726512         -16.568            -54.783
721.718160         -16.527            -54.740
721.709825         -16.485            -54.698
721.701505         -16.444            -54.656
721.693202         -16.403            -54.614
721.684916         -16.361            -54.572
721.676646         -16.320            -54.530
721.668393         -16.279            -54.488
721.660156         -16.237            -54.446
721.651936         -16.196            -54.403
721.643733         -16.155            -54.361
721.635547         -16.113            -54.319
721.627377         -16.072            -54.277
721.619224         -16.031            -54.235
721.611088         -15.989            -54.193
721.602969         -15.948            -54.152
721.594867         -15.907            -54.110
721.586781         -15.865            -54.068
721.578713         -15.824            -54.026
721.570662         -15.782            -53.984
721.562627         -15.741            -53.942
721.554610         -15.699            -53.900
721.546610         -15.658            -53.858
721.538627         -15.616            -53.817
721.530662         -15.575            -53.775
721.522713         -15.533            -53.733
721.514782         -15.492            -53.691
721.506868         -15.450            -53.650
721.498972         -15.409            -53.608
721.491093         -15.367            -53.566
721.483231         -15.326            -53.525
721.475387         -15.284            -53.483
721.467560         -15.243            -53.441
721.459751         -15.201            -53.400
721.451960         -15.160            -53.358
721.444186         -15.118            -53.317
721.436429         -15.076            -53.275
721.428691         -15.035            -53.234
721.420970         -14.993            -53.192
721.413266         -14.952            -53.151
721.405581         -14.910            -53.109
721.397913         -14.868            -53.068
721.390263         -14.827            -53.026
721.382631         -14.785            -52.985
721.375017         -14.743            -52.943
721.367421         -14.702            -52.902
721.359843         -14.660            -52.860
721.352283         -14.618            -52.819
721.344741         -14.577            -52.778
721.337217         -14.535            -52.736
721.329711         -14.493            -52.695
721.322223         -14.451            -52.654
721.314753         -14.410            -52.613
721.307302         -14.368            -52.571
721.299869         -14.326            -52.530
721.292454         -14.284            -52.489
721.285057         -14.243            -52.448
721.277679         -14.201            -52.406
721.270319         -14.159            -52.365
721.262978         -14.117            -52.324
721.255655         -14.075            -52.283
721.248351         -14.034            -52.242
721.241065         -13.992            -52.201
721.233797         -13.950            -52.160
721.226548         -13.908            -52.119
721.219318         -13.866            -52.077
721.212107         -13.824            -52.036
721.204914         -13.782            -51.995
721.197739         -13.741            -51.954
721.190584         -13.699            -51.913
721.183447         -13.657            -51.872
721.176329         -13.615            -51.831
721.169230         -13.573            -51.790
721.162150         -13.531            -51.750
721.155089         -13.489            -51.709
721.148046         -13.447            -51.668
721.141023         -13.405            -51.627
721.134018         -13.363            -51.586
721.127033         -13.321            -51.545
721.120067         -13.279            -51.504
721.113119         -13.237            -51.463
721.106191         -13.195            -51.423
721.099282         -13.153            -51.382
721.092392         -13.111            -51.341
721.085522         -13.069            -51.300
721.078671         -13.027            -51.259
721.071838         -12.985            -51.219
721.065026         -12.943            -51.178
721.058232         -12.901            -51.137
721.051458         -12.859            -51.097
721.044703         -12.817            -51.056
721.037968         -12.775            -51.015
721.031252         -12.733            -50.975
721.024556         -12.691            -50.934
721.017879         -12.649            -50.893
721.011222         -12.607            -50.853
721.004584         -12.565            -50.812
720.997966         -12.522            -50.772
720.991368         -12.480            -50.731
720.984789         -12.438            -50.691
720.978230         -12.396            -50.650
720.971691         -12.354            -50.609
720.965171         -12.312            -50.569
720.958671         -12.270            -50.529
720.952191         -12.227            -50.488
720.945731         -12.185            -50.448
720.939291         -12.143            -50.407
720.932870         -12.101            -50.367
720.926470         -12.059            -50.326
720.920089         -12.016            -50.286
720.913729         -11.974            -50.245
720.907388         -11.932            -50.205
720.901068         -11.890            -50.165
720.894767         -11.848            -50.124
720.888487         -11.805            -50.084
720.882227         -11.763            -50.044
720.875987         -11.721            -50.003
720.869767         -11.679            -49.963
720.863568         -11.636            -49.923
720.857388         -11.594            -49.883
720.851229         -11.552            -49.842
720.845090         -11.509            -49.802
720.838972         -11.467            -49.762
720.832874         -11.425            -49.722
720.826796         -11.383            -49.681
720.820738         -11.340            -49.641
720.814702         -11.298            -49.601
720.808685         -11.256            -49.561
720.802689         -11.213            -49.521
720.796714         -11.171            -49.481
720.790759         -11.129            -49.441
720.784824         -11.086            -49.400
720.778911         -11.044            -49.360
720.773017         -11.001            -49.320
720.767145         -10.959            -49.280
720.761293         -10.917            -49.240
720.755462         -10.874            -49.200
720.749652         -10.832            -49.160
720.743862         -10.790            -49.120
720.738093         -10.747            -49.080
720.732345         -10.705            -49.040
720.726618         -10.662            -49.000
720.720911         -10.620            -48.960
720.715226         -10.577            -48.920
720.709561         -10.535            -48.880
720.703918         -10.493            -48.840
720.698295         -10.450            -48.800
720.692693         -10.408            -48.760
720.687113         -10.365            -48.720
720.681553         -10.323            -48.681
720.676014         -10.280            -48.641
720.670497         -10.238            -48.601
720.665000         -10.195            -48.561
720.659525         -10.153            -48.521
720.654071         -10.110            -48.481
720.648638         -10.068            -48.441
720.643226         -10.025            -48.402
720.637836         -9.983             -48.362
720.632466         -9.940             -48.322
720.627118         -9.898             -48.282
720.621792         -9.855             -48.243
720.616486         -9.813             -48.203
720.611202         -9.770             -48.163
720.605940         -9.727             -48.123
720.600698         -9.685             -48.084
720.595479         -9.642             -48.044
720.590280         -9.600             -48.004
720.585103         -9.557             -47.964
720.579948         -9.515             -47.925
720.574814         -9.472             -47.885
720.569702         -9.429             -47.845
720.564611         -9.387             -47.806
720.559542         -9.344             -47.766
720.554494         -9.302             -47.727
720.549468         -9.259             -47.687
720.544464         -9.216             -47.647
720.539481         -9.174             -47.608
720.534520         -9.131             -47.568
720.529581         -9.089             -47.529
720.524663         -9.046             -47.489
720.519768         -9.003             -47.450
720.514894         -8.961             -47.410
720.510042         -8.918             -47.370
720.505211         -8.875             -47.331
720.500403         -8.833             -47.291
720.495616         -8.790             -47.252
720.490852         -8.747             -47.212
720.486109         -8.705             -47.173
720.481388         -8.662             -47.134
720.476689         -8.619             -47.094
720.472012         -8.576             -47.055
720.467357         -8.534             -47.015
720.462724         -8.491             -46.976
720.458113         -8.448             -46.936
720.453525         -8.406             -46.897
720.448958         -8.363             -46.857
720.444413         -8.320             -46.818
720.439891         -8.277             -46.779
720.435391         -8.235             -46.739
720.430912         -8.192             -46.700
720.426457         -8.149             -46.661
720.422023         -8.106             -46.621
720.417611         -8.064             -46.582
720.413222         -8.021             -46.543
720.408855         -7.978             -46.503
720.404510         -7.935             -46.464
720.400188         -7.893             -46.425
720.395888         -7.850             -46.385
720.391610         -7.807             -46.346
720.387354         -7.764             -46.307
720.383121         -7.721             -46.268
720.378911         -7.679             -46.228
720.374722         -7.636             -46.189
720.370557         -7.593             -46.150
720.366413         -7.550             -46.111
720.362292         -7.507             -46.071
720.358194         -7.465             -46.032
720.354118         -7.422             -45.993
720.350065         -7.379             -45.954
720.346034         -7.336             -45.915
720.342026         -7.293             -45.875
720.338040         -7.250             -45.836
720.334077         -7.208             -45.797
720.330137         -7.165             -45.758
720.326219         -7.122             -45.719
720.322324         -7.079             -45.680
720.318452         -7.036             -45.641
720.314602         -6.993             -45.601
720.310775         -6.950             -45.562
720.306971         -6.908             -45.523
720.303189         -6.865             -45.484
720.299430         -6.822             -45.445
720.295694         -6.779             -45.406
720.291981         -6.736             -45.367
720.288291         -6.693             -45.328
720.284623         -6.650             -45.289
720.280978         -6.607             -45.250
720.277356         -6.564             -45.211
720.273757         -6.521             -45.172
720.270181         -6.479             -45.133
720.266628         -6.436             -45.093
720.263098         -6.393             -45.054
720.259590         -6.350             -45.015
720.256106         -6.307             -44.976
720.252645         -6.264             -44.937
720.249206         -6.221             -44.898
720.245791         -6.178             -44.859
720.242398         -6.135             -44.821
720.239029         -6.092             -44.782
720.235683         -6.049             -44.743
720.232359         -6.006             -44.704
720.229059         -5.963             -44.665
720.225782         -5.920             -44.626
720.222528         -5.877             -44.587
720.219297         -5.834             -44.548
720.216089         -5.791             -44.509
720.212905         -5.748             -44.470
720.209743         -5.705             -44.431
720.206605         -5.662             -44.392
720.203490         -5.620             -44.353
720.200398         -5.577             -44.314
720.197330         -5.534             -44.276
720.194284         -5.491             -44.237
720.191262         -5.448             -44.198
720.188263         -5.405             -44.159
720.185288         -5.362             -44.120
720.182335         -5.319             -44.081
720.179406         -5.276             -44.042
720.176501         -5.232             -44.004
720.173618         -5.189             -43.965
720.170759         -5.146             -43.926
720.167924         -5.103             -43.887
720.165111         -5.060             -43.848
720.162322         -5.017             -43.809
720.159557         -4.974             -43.771
720.156815         -4.931             -43.732
720.154096         -4.888             -43.693
720.151401         -4.845             -43.654
720.148729         -4.802             -43.615
720.146081         -4.759             -43.577
720.143456         -4.716             -43.538
720.140854         -4.673             -43.499
720.138276         -4.630             -43.460
720.135722         -4.587             -43.422
720.133191         -4.544             -43.383
720.130684         -4.501             -43.344
720.128200         -4.458             -43.305
720.125739         -4.415             -43.267
720.123303         -4.372             -43.228
720.120889         -4.329             -43.189
720.118500         -4.285             -43.150
720.116134         -4.242             -43.112
720.113791         -4.199             -43.073
720.111473         -4.156             -43.034
720.109177         -4.113             -42.996
720.106906         -4.070             -42.957
720.104658         -4.027             -42.918
720.102434         -3.984             -42.879
720.100233         -3.941             -42.841
720.098056         -3.898             -42.802
720.095903         -3.855             -42.763
720.093773         -3.812             -42.725
720.091667         -3.768             -42.686
720.089585         -3.725             -42.647
720.087527         -3.682             -42.609
720.085492         -3.639             -42.570
720.083481         -3.596             -42.531
720.081494         -3.553             -42.493
720.079531         -3.510             -42.454
720.077591         -3.467             -42.416
720.075675         -3.424             -42.377
720.073783         -3.380             -42.338
720.071915         -3.337             -42.300
720.070070         -3.294             -42.261
720.068249         -3.251             -42.222
720.066452         -3.208             -42.184
720.064679         -3.165             -42.145
720.062930         -3.122             -42.107
720.061205         -3.079             -42.068
720.059503         -3.035             -42.029
720.057825         -2.992             -41.991
720.056171         -2.949             -41.952
720.054541         -2.906             -41.914
720.052935         -2.863             -41.875
720.051353         -2.820             -41.836
720.049795         -2.777             -41.798
720.048260         -2.733             -41.759
720.046750         -2.690             -41.721
720.045263         -2.647             -41.682
720.043801         -2.604             -41.643
720.042362         -2.561             -41.605
720.040947         -2.518             -41.566
720.039556         -2.474             -41.528
720.038189         -2.431             -41.489
720.036846         -2.388             -41.451
720.035527         -2.345             -41.412
720.034232         -2.302             -41.374
720.032961         -2.259             -41.335
720.031714         -2.216             -41.296
720.030491         -2.172             -41.258
720.029292         -2.129             -41.219
720.028116         -2.086             -41.181
720.026965         -2.043             -41.142
720.025838         -2.000             -41.104
720.024735         -1.957             -41.065
720.023656         -1.913             -41.027
720.022601         -1.870             -40.988
720.021570         -1.827             -40.950
720.020562         -1.784             -40.911
720.019579         -1.741             -40.873
720.018620         -1.697             -40.834
720.017685         -1.654             -40.796
720.016774         -1.611             -40.757
720.015888         -1.568             -40.718
720.015025         -1.525             -40.680
720.014186         -1.482             -40.641
720.013371         -1.438             -40.603
720.012581         -1.395             -40.564
720.011814         -1.352             -40.526
720.011071         -1.309             -40.487
720.010353         -1.266             -40.449
720.009659         -1.222             -40.410
720.008988         -1.179             -40.372
720.008342         -1.136             -40.333
720.007720         -1.093             -40.295
720.007122         -1.050             -40.256
720.006548         -1.007             -40.218
720.005998         -0.963             -40.179
720.005472         -0.920             -40.141
720.004971         -0.877             -40.102
720.004493         -0.834             -40.064
720.004040         -0.791             -40.025
720.003610         -0.747             -39.987
720.003205         -0.704             -39.948
720.002824         -0.661             -39.910
720.002467         -0.618             -39.871
720.002134         -0.575             -39.833
720.001825         -0.531             -39.794
720.001541         -0.488             -39.756
720.001280         -0.445             -39.718
720.001044         -0.402             -39.679
720.000831         -0.359             -39.641
720.000643         -0.315             -39.602
720.000479         -0.272             -39.564
720.000339         -0.229             -39.525
720.000223         -0.186             -39.487
720.000132         -0.143             -39.448
720.000064         -0.099             -39.410
720.000020         -0.056             -39.371
720.000001         -0.013             -39.333
720.000006         0.030              -39.294
720.000035         0.073              -39.256
720.000088         0.117              -39.217
720.000165         0.160              -39.179
720.000266         0.203              -39.140
720.000392         0.246              -39.102
720.000541         0.289              -39.063
720.000715         0.333              -39.025
720.000912         0.376              -38.986
720.001134         0.419              -38.948
720.001380         0.462              -38.909
720.001650         0.505              -38.871
720.001945         0.548              -38.832
720.002263         0.592              -38.794
720.002605         0.635              -38.755
720.002972         0.678              -38.717
720.003363         0.721              -38.678
720.003777         0.764              -38.640
720.004216         0.808              -38.601
720.004679         0.851              -38.563
720.005166         0.894              -38.524
720.005678         0.937              -38.486
720.006213         0.980              -38.447
720.006772         1.024              -38.409
720.007356         1.067              -38.370
720.007963         1.110              -38.332
720.008595         1.153              -38.293
720.009251         1.196              -38.255
720.009930         1.240              -38.216
720.010634         1.283              -38.178
720.011362         1.326              -38.139
720.012114         1.369              -38.101
720.012890         1.412              -38.062
720.013691         1.455              -38.024
720.014515         1.499              -37.985
720.015363         1.542              -37.947
720.016236         1.585              -37.908
720.017132         1.628              -37.870
720.018052         1.671              -37.831
720.018997         1.715              -37.793
720.019965         1.758              -37.754
720.020958         1.801              -37.716
720.021975         1.844              -37.677
720.023015         1.887              -37.639
720.024080         1.930              -37.600
720.025168         1.974              -37.562
720.026281         2.017              -37.523
720.027418         2.060              -37.485
720.028578         2.103              -37.446
720.029763         2.146              -37.407
720.030972         2.189              -37.369
720.032204         2.233              -37.330
720.033461         2.276              -37.292
720.034742         2.319              -37.253
720.036046         2.362              -37.215
720.037375         2.405              -37.176
720.038727         2.448              -37.138
720.040103         2.492              -37.099
720.041504         2.535              -37.060
720.042928         2.578              -37.022
720.044376         2.621              -36.983
720.045849         2.664              -36.945
720.047345         2.707              -36.906
720.048865         2.750              -36.868
720.050408         2.794              -36.829
720.051976         2.837              -36.790
720.053568         2.880              -36.752
720.055183         2.923              -36.713
720.056823         2.966              -36.675
720.058486         3.009              -36.636
720.060173         3.052              -36.597
720.061884         3.096              -36.559
720.063619         3.139              -36.520
720.065378         3.182              -36.482
720.067160         3.225              -36.443
720.068967         3.268              -36.404
720.070797         3.311              -36.366
720.072651         3.354              -36.327
720.074528         3.397              -36.289
720.076430         3.441              -36.250
720.078355         3.484              -36.211
720.080304         3.527              -36.173
720.082277         3.570              -36.134
720.084274         3.613              -36.095
720.086294         3.656              -36.057
720.088338         3.699              -36.018
720.090406         3.742              -35.979
720.092498         3.785              -35.941
720.094613         3.829              -35.902
720.096752         3.872              -35.863
720.098914         3.915              -35.825
720.101101         3.958              -35.786
720.103311         4.001              -35.747
720.105544         4.044              -35.709
720.107802         4.087              -35.670
720.110082         4.130              -35.631
720.112387         4.173              -35.592
720.114715         4.216              -35.554
720.117067         4.259              -35.515
720.119442         4.303              -35.476
720.121841         4.346              -35.438
720.124264         4.389              -35.399
720.126710         4.432              -35.360
720.129179         4.475              -35.321
720.131673         4.518              -35.283
720.134189         4.561              -35.244
720.136729         4.604              -35.205
720.139293         4.647              -35.166
720.141880         4.690              -35.128
720.144491         4.733              -35.089
720.147125         4.776              -35.050
720.149783         4.819              -35.011
720.152464         4.862              -34.972
720.155169         4.905              -34.934
720.157897         4.948              -34.895
720.160648         4.991              -34.856
720.163423         5.034              -34.817
720.166221         5.077              -34.778
720.169042         5.120              -34.740
720.171887         5.163              -34.701
720.174756         5.206              -34.662
720.177647         5.250              -34.623
720.180562         5.293              -34.584
720.183500         5.336              -34.545
720.186462         5.379              -34.507
720.189447         5.422              -34.468
720.192455         5.465              -34.429
720.195486         5.508              -34.390
720.198541         5.551              -34.351
720.201618         5.594              -34.312
720.204719         5.637              -34.273
720.207844         5.679              -34.234
720.210991         5.722              -34.196
720.214162         5.765              -34.157
720.217355         5.808              -34.118
720.220572         5.851              -34.079
720.223812         5.894              -34.040
720.227076         5.937              -34.001
720.230362         5.980              -33.962
720.233671         6.023              -33.923
720.237003         6.066              -33.884
720.240359         6.109              -33.845
720.243737         6.152              -33.806
720.247139         6.195              -33.767
720.250564         6.238              -33.728
720.254011         6.281              -33.689
720.257482         6.324              -33.650
720.260975         6.367              -33.611
720.264491         6.410              -33.572
720.268031         6.453              -33.533
720.271593         6.496              -33.494
720.275178         6.538              -33.455
720.278786         6.581              -33.416
720.282417         6.624              -33.377
720.286071         6.667              -33.338
720.289748         6.710              -33.299
720.293447         6.753              -33.260
720.297169         6.796              -33.221
720.300914         6.839              -33.182
720.304682         6.882              -33.143
720.308473         6.924              -33.103
720.312286         6.967              -33.064
720.316122         7.010              -33.025
720.319981         7.053              -32.986
720.323862         7.096              -32.947
720.327766         7.139              -32.908
720.331693         7.182              -32.869
720.335642         7.225              -32.829
720.339614         7.267              -32.790
720.343609         7.310              -32.751
720.347626         7.353              -32.712
720.351666         7.396              -32.673
720.355728         7.439              -32.634
720.359813         7.482              -32.594
720.363920         7.524              -32.555
720.368050         7.567              -32.516
720.372202         7.610              -32.477
720.376377         7.653              -32.437
720.380574         7.696              -32.398
720.384793         7.738              -32.359
720.389035         7.781              -32.320
720.393299         7.824              -32.280
720.397586         7.867              -32.241
720.401895         7.910              -32.202
720.406226         7.952              -32.163
720.410580         7.995              -32.123
720.414956         8.038              -32.084
720.419354         8.081              -32.045
720.423774         8.123              -32.005
720.428217         8.166              -31.966
720.432681         8.209              -31.927
720.437168         8.252              -31.887
720.441677         8.294              -31.848
720.446208         8.337              -31.808
720.450762         8.380              -31.769
720.455337         8.423              -31.730
720.459935         8.465              -31.690
720.464554         8.508              -31.651
720.469196         8.551              -31.611
720.473860         8.593              -31.572
720.478545         8.636              -31.532
720.483253         8.679              -31.493
720.487982         8.721              -31.453
720.492734         8.764              -31.414
720.497507         8.807              -31.375
720.502302         8.849              -31.335
720.507119         8.892              -31.295
720.511958         8.935              -31.256
720.516819         8.977              -31.216
720.521702         9.020              -31.177
720.526606         9.063              -31.137
720.531532         9.105              -31.098
720.536480         9.148              -31.058
720.541449         9.191              -31.019
720.546441         9.233              -30.979
720.551454         9.276              -30.939
720.556488         9.319              -30.900
720.561544         9.361              -30.860
720.566622         9.404              -30.821
720.571721         9.446              -30.781
720.576842         9.489              -30.741
720.581985         9.531              -30.702
720.587149         9.574              -30.662
720.592334         9.617              -30.622
720.597541         9.659              -30.582
720.602769         9.702              -30.543
720.608019         9.744              -30.503
720.613290         9.787              -30.463
720.618582         9.829              -30.424
720.623896         9.872              -30.384
720.629231         9.915              -30.344
720.634588         9.957              -30.304
720.639965         10.000             -30.264
720.645364         10.042             -30.225
720.650784         10.085             -30.185
720.656226         10.127             -30.145
720.661688         10.170             -30.105
720.667172         10.212             -30.065
720.672677         10.255             -30.026
720.678203         10.297             -29.986
720.683750         10.340             -29.946
720.689318         10.382             -29.906
720.694907         10.424             -29.866
720.700517         10.467             -29.826
720.706148         10.509             -29.786
720.711800         10.552             -29.746
720.717472         10.594             -29.706
720.723166         10.637             -29.666
720.728881         10.679             -29.626
720.734616         10.722             -29.586
720.740373         10.764             -29.546
720.746150         10.806             -29.506
720.751948         10.849             -29.466
720.757766         10.891             -29.426
720.763605         10.933             -29.386
720.769465         10.976             -29.346
720.775346         11.018             -29.306
720.781247         11.061             -29.266
720.787169         11.103             -29.226
720.793112         11.145             -29.186
720.799075         11.188             -29.146
720.805058         11.230             -29.105
720.811063         11.272             -29.065
720.817087         11.315             -29.025
720.823132         11.357             -28.985
720.829198         11.399             -28.945
720.835283         11.442             -28.905
720.841390         11.484             -28.864
720.847516         11.526             -28.824
720.853663         11.568             -28.784
720.859830         11.611             -28.744
720.866017         11.653             -28.703
720.872225         11.695             -28.663
720.878453         11.738             -28.623
720.884701         11.780             -28.582
720.890969         11.822             -28.542
720.897257         11.864             -28.502
720.903566         11.907             -28.461
720.909894         11.949             -28.421
720.916242         11.991             -28.381
720.922611         12.033             -28.340
720.928999         12.075             -28.300
720.935408         12.118             -28.259
720.941836         12.160             -28.219
720.948284         12.202             -28.178
720.954752         12.244             -28.138
720.961240         12.286             -28.098
720.967748         12.328             -28.057
720.974275         12.371             -28.017
720.980822         12.413             -27.976
720.987389         12.455             -27.935
720.993976         12.497             -27.895
721.000582         12.539             -27.854
721.007208         12.581             -27.814
721.013853         12.623             -27.773
721.020518         12.665             -27.733
721.027203         12.707             -27.692
721.033907         12.750             -27.651
721.040630         12.792             -27.611
721.047373         12.834             -27.570
721.054135         12.876             -27.529
721.060917         12.918             -27.489
721.067718         12.960             -27.448
721.074539         13.002             -27.407
721.081378         13.044             -27.366
721.088237         13.086             -27.326
721.095116         13.128             -27.285
721.102013         13.170             -27.244
721.108930         13.212             -27.203
721.115865         13.254             -27.163
721.122820         13.296             -27.122
721.129794         13.338             -27.081
721.136787         13.380             -27.040
721.143799         13.422             -26.999
721.150830         13.464             -26.958
721.157880         13.506             -26.917
721.164948         13.548             -26.876
721.172036         13.589             -26.835
721.179143         13.631             -26.794
721.186268         13.673             -26.753
721.193412         13.715             -26.712
721.200575         13.757             -26.671
721.207757         13.799             -26.630
721.214957         13.841             -26.589
721.222176         13.883             -26.548
721.229414         13.925             -26.507
721.236670         13.966             -26.466
721.243945         14.008             -26.425
721.251238         14.050             -26.384
721.258550         14.092             -26.343
721.265880         14.134             -26.302
721.273229         14.175             -26.261
721.280596         14.217             -26.219
721.287981         14.259             -26.178
721.295385         14.301             -26.137
721.302807         14.343             -26.096
721.310247         14.384             -26.054
721.317706         14.426             -26.013
721.325183         14.468             -25.972
721.332678         14.510             -25.931
721.340191         14.551             -25.889
721.347722         14.593             -25.848
721.355271         14.635             -25.807
721.362838         14.676             -25.765
721.370424         14.718             -25.724
721.378027         14.760             -25.682
721.385648         14.801             -25.641
721.393287         14.843             -25.600
721.400944         14.885             -25.558
721.408619         14.926             -25.517
721.416311         14.968             -25.475
721.424022         15.010             -25.434
721.431750         15.051             -25.392
721.439495         15.093             -25.351
721.447259         15.134             -25.309
721.455040         15.176             -25.267
721.462838         15.218             -25.226
721.470654         15.259             -25.184
721.478488         15.301             -25.143
721.486339         15.342             -25.101
721.494208         15.384             -25.059
721.502094         15.425             -25.018
721.509997         15.467             -24.976
721.517917         15.508             -24.934
721.525855         15.550             -24.892
721.533811         15.591             -24.851
721.541783         15.633             -24.809
721.549773         15.674             -24.767
721.557779         15.716             -24.725
721.565803         15.757             -24.683
721.573844         15.799             -24.642
721.581902         15.840             -24.600
721.589977         15.882             -24.558
721.598069         15.923             -24.516
721.606178         15.964             -24.474
721.614304         16.006             -24.432
721.622447         16.047             -24.390
721.630607         16.088             -24.348
721.638783         16.130             -24.306
721.646976         16.171             -24.264
721.655186         16.212             -24.222
721.663412         16.254             -24.180
721.671656         16.295             -24.138
721.679915         16.336             -24.096
721.688192         16.378             -24.054
721.696485         16.419             -24.011
721.704794         16.460             -23.969
721.713120         16.502             -23.927
721.721462         16.543             -23.885
721.729821         16.584             -23.843
721.738196         16.625             -23.800
721.746587         16.667             -23.758
721.754995         16.708             -23.716
721.763419         16.749             -23.674
721.771859         16.790             -23.631
721.780315         16.831             -23.589
721.788787         16.872             -23.547
721.797275         16.914             -23.504
721.805780         16.955             -23.462
721.814300         16.996             -23.419
721.822837         17.037             -23.377
721.831389         17.078             -23.335
721.839957         17.119             -23.292
721.848541         17.160             -23.250
721.857141         17.201             -23.207
721.865757         17.243             -23.164
721.874388         17.284             -23.122
721.883036         17.325             -23.079
721.891698         17.366             -23.037
721.900377         17.407             -22.994
721.909071         17.448             -22.951
721.917780         17.489             -22.909
721.926505         17.530             -22.866
721.935246         17.571             -22.823
721.944002         17.612             -22.781
721.952773         17.653             -22.738
721.961560         17.694             -22.695
721.970362         17.735             -22.652
721.979179         17.775             -22.610
721.988011         17.816             -22.567
721.996859         17.857             -22.524
722.005722         17.898             -22.481
722.014600         17.939             -22.438
722.023493         17.980             -22.395
722.032401         18.021             -22.352
722.041324         18.062             -22.309
722.050262         18.103             -22.266
722.059214         18.143             -22.223
722.068182         18.184             -22.180
722.077165         18.225             -22.137
722.086162         18.266             -22.094
722.095174         18.307             -22.051
722.104201         18.347             -22.008
722.113242         18.388             -21.965
722.122298         18.429             -21.922
722.131369         18.469             -21.878
722.140454         18.510             -21.835
722.149554         18.551             -21.792
722.158668         18.592             -21.749
722.167797         18.632             -21.706
722.176940         18.673             -21.662
722.186097         18.714             -21.619
722.195269         18.754             -21.576
722.204455         18.795             -21.532
722.213655         18.836             -21.489
722.222869         18.876             -21.445
722.232098         18.917             -21.402
722.241340         18.957             -21.359
722.250597         18.998             -21.315
722.259867         19.038             -21.272
722.269152         19.079             -21.228
722.278451         19.119             -21.185
722.287763         19.160             -21.141
722.297089         19.201             -21.097
722.306429         19.241             -21.054
722.315783         19.281             -21.010
722.325150         19.322             -20.966
722.334532         19.362             -20.923
722.343926         19.403             -20.879
722.353335         19.443             -20.835
722.362757         19.484             -20.792
722.372192         19.524             -20.748
722.381641         19.565             -20.704
722.391104         19.605             -20.660
722.400579         19.645             -20.616
722.410068         19.686             -20.572
722.419571         19.726             -20.529
722.429086         19.766             -20.485
722.438615         19.807             -20.441
722.448157         19.847             -20.397
722.457712         19.887             -20.353
722.467280         19.927             -20.309
722.476862         19.968             -20.265
722.486456         20.008             -20.221
722.496063         20.048             -20.176
722.505683         20.088             -20.132
722.515316         20.129             -20.088
722.524962         20.169             -20.044
722.534621         20.209             -20.000
722.544292         20.249             -19.956
722.553976         20.289             -19.911
722.563673         20.329             -19.867
722.573382         20.370             -19.823
722.583104         20.410             -19.779
722.592838         20.450             -19.734
722.602585         20.490             -19.690
722.612344         20.530             -19.645
722.622116         20.570             -19.601
722.631900         20.610             -19.557
722.641696         20.650             -19.512
722.651504         20.690             -19.468
722.661325         20.730             -19.423
722.671158         20.770             -19.379
722.681003         20.810             -19.334
722.690860         20.850             -19.289
722.700729         20.890             -19.245
722.710611         20.930             -19.200
722.720504         20.970             -19.155
722.730409         21.010             -19.111
722.740326         21.050             -19.066
722.750254         21.090             -19.021
722.760195         21.129             -18.977
722.770147         21.169             -18.932
722.780111         21.209             -18.887
722.790086         21.249             -18.842
722.800073         21.289             -18.797
722.810072         21.328             -18.752
722.820082         21.368             -18.707
722.830104         21.408             -18.662
722.840137         21.448             -18.617
722.850181         21.488             -18.572
722.860237         21.527             -18.527
722.870304         21.567             -18.482
722.880382         21.607             -18.437
722.890471         21.646             -18.392
722.900572         21.686             -18.347
722.910683         21.726             -18.302
722.920806         21.765             -18.257
722.930940         21.805             -18.211
722.941084         21.844             -18.166
722.951240         21.884             -18.121
722.961406         21.924             -18.075
722.971583         21.963             -18.030
722.981771         22.003             -17.985
722.991970         22.042             -17.939
723.002180         22.082             -17.894
723.012400         22.121             -17.849
723.022630         22.161             -17.803
723.032871         22.200             -17.758
723.043123         22.240             -17.712
723.053385         22.279             -17.666
723.063658         22.318             -17.621
723.073941         22.358             -17.575
723.084234         22.397             -17.530
723.094538         22.437             -17.484
723.104851         22.476             -17.438
723.115175         22.515             -17.393
723.125509         22.555             -17.347
723.135854         22.594             -17.301
723.146208         22.633             -17.255
723.156572         22.672             -17.209
723.166946         22.712             -17.164
723.177330         22.751             -17.118
723.187724         22.790             -17.072
723.198128         22.829             -17.026
723.208541         22.869             -16.980
723.218964         22.908             -16.934
723.229397         22.947             -16.888
723.239840         22.986             -16.842
723.250292         23.025             -16.796
723.260753         23.064             -16.749
723.271224         23.103             -16.703
723.281705         23.143             -16.657
723.292195         23.182             -16.611
723.302694         23.221             -16.565
723.313203         23.260             -16.518
723.323720         23.299             -16.472
723.334247         23.338             -16.426
723.344783         23.377             -16.379
723.355329         23.416             -16.333
723.365883         23.455             -16.287
723.376446         23.494             -16.240
723.387018         23.532             -16.194
723.397600         23.571             -16.147
723.408190         23.610             -16.101
723.418788         23.649             -16.054
723.429396         23.688             -16.008
723.440012         23.727             -15.961
723.450637         23.766             -15.914
723.461271         23.804             -15.868
723.471913         23.843             -15.821
723.482564         23.882             -15.774
723.493223         23.921             -15.727
723.503891         23.959             -15.681
723.514567         23.998             -15.634
723.525252         24.037             -15.587
723.535944         24.076             -15.540
723.546645         24.114             -15.493
723.557355         24.153             -15.446
723.568072         24.192             -15.399
723.578797         24.230             -15.352
723.589531         24.269             -15.305
723.600272         24.307             -15.258
723.611022         24.346             -15.211
723.621779         24.384             -15.164
723.632544         24.423             -15.117
723.643317         24.461             -15.069
723.654098         24.500             -15.022
723.664887         24.538             -14.975
723.675683         24.577             -14.928
723.686487         24.615             -14.880
723.697298         24.654             -14.833
723.708117         24.692             -14.785
723.718944         24.730             -14.738
723.729777         24.769             -14.691
723.740619         24.807             -14.643
723.751467         24.846             -14.596
723.762323         24.884             -14.548
723.773186         24.922             -14.500
723.784056         24.960             -14.453
723.794934         24.999             -14.405
723.805818         25.037             -14.358
723.816710         25.075             -14.310
723.827608         25.113             -14.262
723.838514         25.152             -14.214
723.849426         25.190             -14.166
723.860345         25.228             -14.119
723.871271         25.266             -14.071
723.882204         25.304             -14.023
723.893143         25.342             -13.975
723.904089         25.380             -13.927
723.915042         25.418             -13.879
723.926001         25.456             -13.831
723.936967         25.494             -13.783
723.947939         25.532             -13.735
723.958918         25.570             -13.687
723.969903         25.608             -13.638
723.980894         25.646             -13.590
723.991891         25.684             -13.542
724.002895         25.722             -13.494
724.013905         25.760             -13.445
724.024921         25.798             -13.397
724.035943         25.836             -13.349
724.046971         25.873             -13.300
724.058005         25.911             -13.252
724.069045         25.949             -13.204
724.080091         25.987             -13.155
724.091142         26.025             -13.106
724.102200         26.062             -13.058
724.113263         26.100             -13.009
724.124331         26.138             -12.961
724.135406         26.175             -12.912
724.146486         26.213             -12.863
724.157571         26.251             -12.815
724.168662         26.288             -12.766
724.179758         26.326             -12.717
724.190860         26.363             -12.668
724.201967         26.401             -12.619
724.213079         26.439             -12.570
724.224196         26.476             -12.522
724.235319         26.514             -12.473
724.246447         26.551             -12.424
724.257579         26.588             -12.374
724.268717         26.626             -12.325
724.279860         26.663             -12.276
724.291008         26.701             -12.227
724.302160         26.738             -12.178
724.313318         26.775             -12.129
724.324480         26.813             -12.080
724.335647         26.850             -12.030
724.346818         26.887             -11.981
724.357994         26.925             -11.932
724.369175         26.962             -11.882
724.380360         26.999             -11.833
724.391550         27.036             -11.783
724.402744         27.074             -11.734
724.413943         27.111             -11.684
724.425145         27.148             -11.635
724.436352         27.185             -11.585
724.447564         27.222             -11.535
724.458779         27.259             -11.486
724.469999         27.296             -11.436
724.481222         27.333             -11.386
724.492450         27.370             -11.337
724.503682         27.407             -11.287
724.514917         27.444             -11.237
724.526156         27.481             -11.187
724.537400         27.518             -11.137
724.548647         27.555             -11.087
724.559897         27.592             -11.037
724.571152         27.629             -10.987
724.582410         27.666             -10.937
724.593671         27.703             -10.887
724.604936         27.739             -10.837
724.616205         27.776             -10.787
724.627477         27.813             -10.736
724.638752         27.850             -10.686
724.650030         27.886             -10.636
724.661312         27.923             -10.586
724.672597         27.960             -10.535
724.683886         27.996             -10.485
724.695177         28.033             -10.434
724.706471         28.070             -10.384
724.717769         28.106             -10.333
724.729069         28.143             -10.283
724.740372         28.179             -10.232
724.751678         28.216             -10.182
724.762987         28.252             -10.131
724.774299         28.289             -10.080
724.785613         28.325             -10.030
724.796930         28.362             -9.979
724.808250         28.398             -9.928
724.819572         28.435             -9.877
724.830897         28.471             -9.826
724.842224         28.507             -9.775
724.853553         28.544             -9.724
724.864885         28.580             -9.673
724.876220         28.616             -9.622
724.887556         28.652             -9.571
724.898895         28.689             -9.520
724.910235         28.725             -9.469
724.921578         28.761             -9.418
724.932923         28.797             -9.367
724.944270         28.833             -9.315
724.955619         28.870             -9.264
724.966970         28.906             -9.213
724.978322         28.942             -9.161
724.989677         28.978             -9.110
725.001033         29.014             -9.059
725.012391         29.050             -9.007
725.023750         29.086             -8.956
725.035111         29.122             -8.904
725.046474         29.158             -8.852
725.057838         29.194             -8.801
725.069203         29.229             -8.749
725.080570         29.265             -8.697
725.091939         29.301             -8.646
725.103308         29.337             -8.594
725.114679         29.373             -8.542
725.126051         29.409             -8.490
725.137424         29.444             -8.438
725.148798         29.480             -8.386
725.160173         29.516             -8.334
725.171549         29.551             -8.282
725.182926         29.587             -8.230
725.194304         29.623             -8.178
725.205683         29.658             -8.126
725.217063         29.694             -8.074
725.228443         29.729             -8.022
725.239824         29.765             -7.969
725.251206         29.800             -7.917
725.262588         29.836             -7.865
725.273970         29.871             -7.812
725.285353         29.907             -7.760
725.296737         29.942             -7.707
725.308121         29.978             -7.655
725.319505         30.013             -7.602
725.330890         30.048             -7.550
725.342275         30.084             -7.497
725.353659         30.119             -7.444
725.365044         30.154             -7.392
725.376430         30.189             -7.339
725.387815         30.225             -7.286
725.399200         30.260             -7.233
725.410585         30.295             -7.180
725.421969         30.330             -7.128
725.433354         30.365             -7.075
725.444738         30.400             -7.022
725.456123         30.435             -6.969
725.467506         30.470             -6.915
725.478890         30.505             -6.862
725.490273         30.540             -6.809
725.501655         30.575             -6.756
725.513037         30.610             -6.703
725.524418         30.645             -6.649
725.535799         30.680             -6.596
725.547179         30.715             -6.543
725.558558         30.750             -6.489
725.569936         30.785             -6.436
725.581314         30.819             -6.382
725.592690         30.854             -6.329
725.604066         30.889             -6.275
725.615441         30.924             -6.222
725.626814         30.958             -6.168
725.638187         30.993             -6.114
725.649558         31.028             -6.061
725.660928         31.062             -6.007
725.672297         31.097             -5.953
725.683665         31.131             -5.899
725.695031         31.166             -5.845
725.706396         31.200             -5.791
725.717759         31.235             -5.737
725.729121         31.269             -5.683
725.740481         31.304             -5.629
725.751839         31.338             -5.575
725.763196         31.372             -5.521
725.774552         31.407             -5.467
725.785905         31.441             -5.413
725.797257         31.475             -5.358
725.808607         31.509             -5.304
725.819954         31.544             -5.250
725.831300         31.578             -5.195
725.842644         31.612             -5.141
725.853986         31.646             -5.086
725.865326         31.680             -5.032
725.876663         31.714             -4.977
725.887999         31.749             -4.923
725.899332         31.783             -4.868
725.910662         31.817             -4.813
725.921991         31.851             -4.758
725.933317         31.884             -4.704
725.944640         31.918             -4.649
725.955961         31.952             -4.594
725.967279         31.986             -4.539
725.978595         32.020             -4.484
725.989908         32.054             -4.429
726.001218         32.088             -4.374
726.012526         32.121             -4.319
726.023830         32.155             -4.264
726.035132         32.189             -4.209
726.046431         32.223             -4.153
726.057727         32.256             -4.098
726.069020         32.290             -4.043
726.080309         32.323             -3.987
726.091596         32.357             -3.932
726.102879         32.390             -3.876
726.114160         32.424             -3.821
726.125437         32.457             -3.765
726.136710         32.491             -3.710
726.147980         32.524             -3.654
726.159247         32.558             -3.599
726.170511         32.591             -3.543
726.181770         32.624             -3.487
726.193026         32.658             -3.431
726.204279         32.691             -3.375
726.215528         32.724             -3.320
726.226773         32.757             -3.264
726.238014         32.791             -3.208
726.249252         32.824             -3.152
726.260485         32.857             -3.096
726.271715         32.890             -3.039
726.282941         32.923             -2.983
726.294162         32.956             -2.927
726.305380         32.989             -2.871
726.316593         33.022             -2.815
726.327802         33.055             -2.758
726.339007         33.088             -2.702
726.350208         33.121             -2.645
726.361405         33.154             -2.589
726.372597         33.187             -2.532
726.383784         33.220             -2.476
726.394967         33.252             -2.419
726.406146         33.285             -2.363
726.417320         33.318             -2.306
726.428489         33.350             -2.249
726.439653         33.383             -2.192
726.450813         33.416             -2.136
726.461968         33.448             -2.079
726.473119         33.481             -2.022
726.484264         33.513             -1.965
726.495404         33.546             -1.908
726.506540         33.578             -1.851
726.517670         33.611             -1.794
726.528795         33.643             -1.736
726.539916         33.676             -1.679
726.551031         33.708             -1.622
726.562140         33.740             -1.565
726.573245         33.773             -1.507
726.584344         33.805             -1.450
726.595438         33.837             -1.393
726.606526         33.869             -1.335
726.617609         33.902             -1.278
726.628686         33.934             -1.220
726.639758         33.966             -1.162
726.650824         33.998             -1.105
726.661884         34.030             -1.047
726.672939         34.062             -0.989
726.683988         34.094             -0.931
726.695031         34.126             -0.874
726.706068         34.158             -0.816
726.717100         34.190             -0.758
726.728125         34.222             -0.700
726.739144         34.253             -0.642
726.750157         34.285             -0.584
726.761164         34.317             -0.526
726.772165         34.349             -0.467
726.783160         34.380             -0.409
726.794148         34.412             -0.351
726.805131         34.444             -0.293
726.816106         34.475             -0.234
726.827076         34.507             -0.176
726.838038         34.538             -0.117
726.848995         34.570             -0.059
726.859945         34.601             -0.000
726.870888         34.633             0.058
726.881824         34.664             0.117
726.892754         34.696             0.176
726.903677         34.727             0.234
726.914593         34.758             0.293
726.925503         34.790             0.352
726.936405         34.821             0.411
726.947301         34.852             0.470
726.958189         34.883             0.529
726.969070         34.914             0.588
726.979945         34.945             0.647
726.990812         34.977             0.706
727.001672         35.008             0.765
727.012525         35.039             0.824
727.023370         35.070             0.884
727.034208         35.101             0.943
727.045039         35.131             1.002
727.055862         35.162             1.062
727.066678         35.193             1.121
727.077486         35.224             1.181
727.088287         35.255             1.240
727.099080         35.286             1.300
727.109866         35.316             1.359
727.120643         35.347             1.419
727.131413         35.378             1.479
727.142175         35.408             1.539
727.152929         35.439             1.598
727.163676         35.469             1.658
727.174414         35.500             1.718
727.185144         35.530             1.778
727.195866         35.561             1.838
727.206580         35.591             1.898
727.217286         35.622             1.959
727.227984         35.652             2.019
727.238674         35.682             2.079
727.249355         35.712             2.139
727.260028         35.743             2.200
727.270692         35.773             2.260
727.281348         35.803             2.320
727.291995         35.833             2.381
727.302634         35.863             2.441
727.313265         35.893             2.502
727.323886         35.923             2.562
727.334499         35.953             2.623
727.345104         35.983             2.684
727.355699         36.013             2.745
727.366286         36.043             2.805
727.376864         36.073             2.866
727.387433         36.103             2.927
727.397993         36.133             2.988
727.408544         36.162             3.049
727.419086         36.192             3.110
727.429618         36.222             3.171
727.440142         36.251             3.232
727.450656         36.281             3.294
727.461162         36.311             3.355
727.471657         36.340             3.416
727.482144         36.370             3.478
727.492621         36.399             3.539
727.503089         36.428             3.600
727.513547         36.458             3.662
727.523996         36.487             3.723
727.534435         36.516             3.785
727.544864         36.546             3.847
727.555284         36.575             3.908
727.565694         36.604             3.970
727.576095         36.633             4.032
727.586485         36.662             4.094
727.596866         36.692             4.156
727.607237         36.721             4.218
727.617598         36.750             4.280
727.627949         36.779             4.342
727.638289         36.808             4.404
727.648620         36.837             4.466
727.658941         36.865             4.528
727.669251         36.894             4.590
727.679551         36.923             4.653
727.689841         36.952             4.715
727.700121         36.980             4.777
727.710390         37.009             4.840
727.720649         37.038             4.902
727.730898         37.066             4.965
727.741136         37.095             5.027
727.751363         37.124             5.090
727.761580         37.152             5.153
727.771786         37.181             5.215
727.781981         37.209             5.278
727.792166         37.237             5.341
727.802340         37.266             5.404
727.812503         37.294             5.467
727.822656         37.322             5.530
727.832797         37.350             5.593
727.842928         37.379             5.656
727.853047         37.407             5.719
727.863155         37.435             5.782
727.873253         37.463             5.846
727.883339         37.491             5.909
727.893414         37.519             5.972
727.903478         37.547             6.036
727.913530         37.575             6.099
727.923572         37.603             6.163
727.933601         37.631             6.226
727.943620         37.658             6.290
727.953627         37.686             6.353
727.963623         37.714             6.417
727.973607         37.742             6.481
727.983579         37.769             6.545
727.993540         37.797             6.609
728.003489         37.824             6.672
728.013426         37.852             6.736
728.023352         37.880             6.800
728.033266         37.907             6.864
728.043168         37.934             6.928
728.053058         37.962             6.993
728.062936         37.989             7.057
728.072802         38.016             7.121
728.082657         38.044             7.185
728.092499         38.071             7.250
728.102329         38.098             7.314
728.112147         38.125             7.379
728.121952         38.152             7.443
728.131746         38.179             7.508
728.141527         38.206             7.572
728.151296         38.233             7.637
728.161052         38.260             7.702
728.170796         38.287             7.766
728.180528         38.314             7.831
728.190247         38.341             7.896
728.199954         38.368             7.961
728.209648         38.394             8.026
728.219329         38.421             8.091
728.228998         38.448             8.156
728.238654         38.474             8.221
728.248297         38.501             8.286
728.257927         38.527             8.352
728.267545         38.554             8.417
728.277149         38.580             8.482
728.286741         38.607             8.547
728.296320         38.633             8.613
728.305886         38.659             8.678
728.315438         38.686             8.744
728.324978         38.712             8.809
728.334504         38.738             8.875
728.344018         38.764             8.941
728.353518         38.790             9.006
728.363004         38.816             9.072
728.372478         38.842             9.138
728.381938         38.868             9.204
728.391385         38.894             9.270
728.400818         38.920             9.336
728.410238         38.946             9.402
728.419644         38.972             9.468
728.429036         38.998             9.534
728.438415         39.023             9.600
728.447781         39.049             9.667
728.457133         39.075             9.733
728.466471         39.100             9.799
728.475795         39.126             9.866
728.485105         39.151             9.932
728.494402         39.177             9.998
728.503684         39.202             10.065
728.512953         39.228             10.132
728.522208         39.253             10.198
728.531449         39.278             10.265
728.540675         39.304             10.332
728.549888         39.329             10.398
728.559086         39.354             10.465
728.568270         39.379             10.532
728.577440         39.404             10.599
728.586596         39.429             10.666
728.595737         39.454             10.733
728.604865         39.479             10.800
728.613977         39.504             10.867
728.623075         39.529             10.935
728.632159         39.554             11.002
728.641228         39.579             11.069
728.650283         39.603             11.136
728.659323         39.628             11.204
728.668349         39.653             11.271
728.677360         39.677             11.339
728.686356         39.702             11.406
728.695337         39.726             11.474
728.704304         39.751             11.542
728.713255         39.775             11.609
728.722192         39.800             11.677
728.731114         39.824             11.745
728.740021         39.848             11.813
728.748913         39.872             11.881
728.757790         39.897             11.949
728.766652         39.921             12.017
728.775499         39.945             12.085
728.784330         39.969             12.153
728.793147         39.993             12.221
728.801948         40.017             12.289
728.810734         40.041             12.357
728.819504         40.065             12.426
728.828260         40.089             12.494
728.837000         40.112             12.563
728.845724         40.136             12.631
728.854433         40.160             12.700
728.863127         40.184             12.768
728.871805         40.207             12.837
728.880467         40.231             12.905
728.889114         40.254             12.974
728.897745         40.278             13.043
728.906360         40.301             13.112
728.914960         40.325             13.181
728.923544         40.348             13.249
728.932112         40.371             13.318
728.940664         40.394             13.387
728.949201         40.418             13.457
728.957721         40.441             13.526
728.966226         40.464             13.595
728.974714         40.487             13.664
728.983187         40.510             13.733
728.991643         40.533             13.803
729.000083         40.556             13.872
729.008508         40.579             13.941
729.016915         40.602             14.011
729.025307         40.624             14.080
729.033683         40.647             14.150
729.042042         40.670             14.220
729.050385         40.692             14.289
729.058711         40.715             14.359
729.067021         40.737             14.429
729.075315         40.760             14.499
729.083592         40.782             14.568
729.091852         40.805             14.638
729.100096         40.827             14.708
729.108324         40.849             14.778
729.116535         40.872             14.848
729.124729         40.894             14.918
729.132906         40.916             14.989
729.141067         40.938             15.059
729.149211         40.960             15.129
729.157338         40.982             15.199
729.165448         41.004             15.270
729.173542         41.026             15.340
729.181618         41.048             15.411
729.189678         41.070             15.481
729.197720         41.092             15.552
729.205746         41.113             15.622
729.213754         41.135             15.693
729.221745         41.157             15.764
729.229720         41.178             15.834
729.237677         41.200             15.905
729.245616         41.221             15.976
729.253539         41.243             16.047
729.261444         41.264             16.118
729.269332         41.285             16.189
729.277203         41.307             16.260
729.285056         41.328             16.331
729.292892         41.349             16.402
729.300710         41.370             16.473
729.308511         41.391             16.545
729.316294         41.412             16.616
729.324060         41.433             16.687
729.331808         41.454             16.759
729.339539         41.475             16.830
729.347252         41.496             16.902
729.354947         41.517             16.973
729.362625         41.538             17.045
729.370284         41.558             17.116
729.377926         41.579             17.188
729.385551         41.600             17.260
729.393157         41.620             17.332
729.400745         41.641             17.403
729.408316         41.661             17.475
729.415868         41.681             17.547
729.423403         41.702             17.619
729.430919         41.722             17.691
729.438417         41.742             17.763
729.445898         41.762             17.835
729.453360         41.783             17.908
729.460804         41.803             17.980
729.468229         41.823             18.052
729.475637         41.843             18.124
729.483026         41.863             18.197
729.490397         41.883             18.269
729.497750         41.902             18.342
729.505084         41.922             18.414
729.512400         41.942             18.487
729.519697         41.962             18.559
729.526976         41.981             18.632
729.534237         42.001             18.704
729.541479         42.020             18.777
729.548702         42.040             18.850
729.555907         42.059             18.923
729.563093         42.079             18.996
729.570261         42.098             19.069
729.577410         42.117             19.142
729.584540         42.136             19.215
729.591651         42.156             19.288
729.598744         42.175             19.361
729.605818         42.194             19.434
729.612873         42.213             19.507
729.619909         42.232             19.580
729.626926         42.251             19.654
729.633924         42.269             19.727
729.640904         42.288             19.800
729.647864         42.307             19.874
729.654805         42.326             19.947
729.661727         42.344             20.021
729.668630         42.363             20.094
729.675514         42.381             20.168
729.682379         42.400             20.241
729.689225         42.418             20.315
729.696051         42.437             20.389
729.702858         42.455             20.463
729.709646         42.473             20.537
729.716415         42.491             20.610
729.723164         42.510             20.684
729.729894         42.528             20.758
729.736604         42.546             20.832
729.743296         42.564             20.906
729.749967         42.582             20.981
729.756619         42.600             21.055
729.763252         42.618             21.129
729.769865         42.635             21.203
729.776458         42.653             21.277
729.783032         42.671             21.352
729.789587         42.688             21.426
729.796121         42.706             21.500
729.802636         42.723             21.575
729.809131         42.741             21.649
729.815607         42.758             21.724
729.822062         42.776             21.799
729.828498         42.793             21.873
729.834914         42.810             21.948
729.841310         42.827             22.023
729.847687         42.845             22.097
729.854043         42.862             22.172
729.860380         42.879             22.247
729.866696         42.896             22.322
729.872992         42.913             22.397
729.879269         42.929             22.472
729.885525         42.946             22.547
729.891761         42.963             22.622
729.897977         42.980             22.697
729.904173         42.996             22.772
729.910349         43.013             22.847
729.916505         43.030             22.923
729.922640         43.046             22.998
729.928755         43.062             23.073
729.934850         43.079             23.149
729.940925         43.095             23.224
729.946979         43.111             23.300
729.953013         43.128             23.375
729.959026         43.144             23.451
729.965020         43.160             23.526
729.970992         43.176             23.602
729.976944         43.192             23.677
729.982876         43.208             23.753
729.988787         43.224             23.829
729.994678         43.240             23.905
730.000548         43.255             23.980
730.006397         43.271             24.056
730.012226         43.287             24.132
730.018034         43.302             24.208
730.023822         43.318             24.284
730.029588         43.333             24.360
730.035334         43.349             24.436
730.041060         43.364             24.512
730.046764         43.379             24.589
730.052448         43.395             24.665
730.058111         43.410             24.741
730.063753         43.425             24.817
730.069374         43.440             24.894
730.074974         43.455             24.970
730.080554         43.470             25.046
730.086112         43.485             25.123
730.091649         43.500             25.199
730.097166         43.515             25.276
730.102661         43.529             25.352
730.108135         43.544             25.429
730.113588         43.559             25.506
730.119021         43.573             25.582
730.124432         43.588             25.659
730.129821         43.602             25.736
730.135190         43.617             25.812
730.140538         43.631             25.889
730.145864         43.645             25.966
730.151169         43.660             26.043
730.156453         43.674             26.120
730.161715         43.688             26.197
730.166956         43.702             26.274
730.172176         43.716             26.351
730.177374         43.730             26.428
730.182551         43.744             26.505
730.187707         43.758             26.582
730.192841         43.771             26.660
730.197954         43.785             26.737
730.203045         43.799             26.814
730.208115         43.812             26.891
730.213163         43.826             26.969
730.218190         43.839             27.046
730.223195         43.853             27.124
730.228179         43.866             27.201
730.233141         43.880             27.279
730.238081         43.893             27.356
730.243000         43.906             27.434
730.247897         43.919             27.511
730.252772         43.932             27.589
730.257626         43.945             27.667
730.262457         43.958             27.744
730.267267         43.971             27.822
730.272056         43.984             27.900
730.276822         43.997             27.978
730.281567         44.009             28.055
730.286290         44.022             28.133
730.290991         44.035             28.211
730.295670         44.047             28.289
730.300327         44.060             28.367
730.304962         44.072             28.445
730.309575         44.085             28.523
730.314167         44.097             28.601
730.318736         44.109             28.680
730.323283         44.121             28.758
730.327808         44.133             28.836
730.332312         44.145             28.914
730.336793         44.158             28.992
730.341252         44.169             29.071
730.345689         44.181             29.149
730.350103         44.193             29.227
730.354496         44.205             29.306
730.358866         44.217             29.384
730.363215         44.228             29.463
730.367541         44.240             29.541
730.371845         44.251             29.620
730.376126         44.263             29.698
730.380385         44.274             29.777
730.384623         44.286             29.855
730.388837         44.297             29.934
730.393030         44.308             30.013
730.397200         44.319             30.091
730.401347         44.331             30.170
730.405473         44.342             30.249
730.409576         44.353             30.328
730.413656         44.364             30.407
730.417714         44.374             30.486
730.421750         44.385             30.564
730.425763         44.396             30.643
730.429754         44.407             30.722
730.433722         44.417             30.801
730.437667         44.428             30.880
730.441590         44.438             30.959
730.445491         44.449             31.038
730.449369         44.459             31.118
730.453224         44.470             31.197
730.457057         44.480             31.276
730.460867         44.490             31.355
730.464655         44.500             31.434
730.468419         44.510             31.514
730.472161         44.520             31.593
730.475881         44.530             31.672
730.479578         44.540             31.752
730.483252         44.550             31.831
730.486903         44.560             31.910
730.490531         44.570             31.990
730.494137         44.579             32.069
730.497720         44.589             32.149
730.501280         44.598             32.228
730.504817         44.608             32.308
730.508332         44.617             32.387
730.511824         44.627             32.467
730.515292         44.636             32.546
730.518738         44.645             32.626
730.522161         44.654             32.706
730.525561         44.663             32.786
730.528938         44.673             32.865
730.532292         44.682             32.945
730.535624         44.690             33.025
730.538932         44.699             33.105
730.542217         44.708             33.184
730.545479         44.717             33.264
730.548718         44.726             33.344
730.551935         44.734             33.424
730.555128         44.743             33.504
730.558298         44.751             33.584
730.561445         44.760             33.664
730.564569         44.768             33.744
730.567669         44.776             33.824
730.570747         44.785             33.904
730.573802         44.793             33.984
730.576833         44.801             34.064
730.579841         44.809             34.144
730.582826         44.817             34.224
730.585788         44.825             34.305
730.588727         44.833             34.385
730.591642         44.841             34.465
730.594534         44.848             34.545
730.597403         44.856             34.625
730.600249         44.864             34.706
730.603072         44.871             34.786
730.605871         44.879             34.866
730.608647         44.886             34.947
730.611399         44.893             35.027
730.614129         44.901             35.107
730.616835         44.908             35.188
730.619517         44.915             35.268
730.622177         44.922             35.349
730.624813         44.929             35.429
730.627425         44.936             35.510
730.630014         44.943             35.590
730.632580         44.950             35.671
730.635122         44.957             35.751
730.637641         44.964             35.832
730.640137         44.970             35.912
730.642609         44.977             35.993
730.645058         44.984             36.074
730.647483         44.990             36.154
730.649885         44.997             36.235
730.652263         45.003             36.316
730.654617         45.009             36.396
730.656949         45.016             36.477
730.659256         45.022             36.558
730.661541         45.028             36.639
730.663801         45.034             36.719
730.666038         45.040             36.800
730.668252         45.046             36.881
730.670442         45.052             36.962
730.672608         45.057             37.043
730.674751         45.063             37.124
730.676870         45.069             37.205
730.678966         45.075             37.285
730.681038         45.080             37.366
730.683086         45.086             37.447
730.685111         45.091             37.528
730.687112         45.096             37.609
730.689090         45.102             37.690
730.691043         45.107             37.771
730.692974         45.112             37.852
730.694880         45.117             37.933
730.696763         45.122             38.014
730.698622         45.127             38.095
730.700457         45.132             38.176
730.702269         45.137             38.257
730.704057         45.142             38.339
730.705821         45.146             38.420
730.707562         45.151             38.501
730.709278         45.156             38.582
730.710971         45.160             38.663
730.712641         45.165             38.744
730.714286         45.169             38.825
730.715908         45.173             38.907
730.717506         45.178             38.988
730.719080         45.182             39.069
730.720630         45.186             39.150
730.722157         45.190             39.232
730.723660         45.194             39.313
730.725139         45.198             39.394
730.726594         45.202             39.475
730.728025         45.206             39.557
730.729433         45.210             39.638
730.730816         45.213             39.719
730.732176         45.217             39.801
730.733512         45.221             39.882
730.734824         45.224             39.963
730.736113         45.228             40.045
730.737377         45.231             40.126
730.738617         45.234             40.207
730.739834         45.238             40.289
730.741027         45.241             40.370
730.742196         45.244             40.452
730.743341         45.247             40.533
730.744462         45.250             40.615
730.745559         45.253             40.696
730.746632         45.256             40.777
730.747681         45.259             40.859
730.748707         45.261             40.940
730.749708         45.264             41.022
730.750686         45.267             41.103
730.751640         45.269             41.185
730.752569         45.272             41.266
730.753475         45.274             41.348
730.754357         45.277             41.429
730.755215         45.279             41.511
730.756049         45.281             41.592
730.756859         45.283             41.674
730.757645         45.285             41.755
730.758407         45.287             41.837
730.759145         45.289             41.918
730.759859         45.291             42.000
730.760549         45.293             42.082
730.761215         45.295             42.163
730.761857         45.297             42.245
730.762476         45.298             42.326
730.763070         45.300             42.408
730.763640         45.301             42.489
730.764186         45.303             42.571
730.764709         45.304             42.653
730.765207         45.306             42.734
730.765681         45.307             42.816
730.766131         45.308             42.897
730.766558         45.309             42.979
730.766960         45.310             43.061
730.767338         45.311             43.142
730.767693         45.312             43.224
730.768023         45.313             43.306
730.768329         45.314             43.387
730.768611         45.315             43.469
730.768870         45.315             43.550
730.769104         45.316             43.632
730.769314         45.317             43.714
730.769500         45.317             43.795
730.769662         45.318             43.877
730.769800         45.318             43.959
730.769915         45.318             44.040
730.770005         45.318             44.122
730.770071         45.319             44.204
730.770113         45.319             44.285
730.770131         45.319             44.367
730.770125         45.319             44.448
730.770095         45.319             44.530
730.770041         45.319             44.612
730.769963         45.318             44.693
730.769861         45.318             44.775
730.769735         45.318             44.857
730.769585         45.317             44.938
730.769411         45.317             45.020
730.769213         45.316             45.102
730.768991         45.316             45.183
730.768745         45.315             45.265
730.768475         45.314             45.346
730.768180         45.314             45.428
730.767862         45.313             45.510
730.767520         45.312             45.591
730.767154         45.311             45.673
730.766764         45.310             45.755
730.766350         45.309             45.836
730.765912         45.307             45.918
730.765449         45.306             45.999
730.764963         45.305             46.081
730.764453         45.304             46.163
730.763919         45.302             46.244
730.763361         45.301             46.326
730.762779         45.299             46.407
730.762173         45.297             46.489
730.761543         45.296             46.570
730.760889         45.294             46.652
730.760210         45.292             46.734
730.759508         45.290             46.815
730.758782         45.288             46.897
730.758033         45.286             46.978
730.757259         45.284             47.060
730.756461         45.282             47.141
730.755639         45.280             47.223
730.754793         45.278             47.304
730.753923         45.275             47.386
730.753030         45.273             47.467
730.752112         45.270             47.549
730.751171         45.268             47.630
730.750205         45.265             47.712
730.749216         45.263             47.793
730.748202         45.260             47.875
730.747165         45.257             47.956
730.746104         45.254             48.038
730.745019         45.251             48.119
730.743910         45.249             48.201
730.742777         45.245             48.282
730.741620         45.242             48.363
730.740439         45.239             48.445
730.739235         45.236             48.526
730.738006         45.233             48.608
730.736754         45.229             48.689
730.735478         45.226             48.770
730.734178         45.222             48.852
730.732854         45.219             48.933
730.731506         45.215             49.014
730.730134         45.212             49.096
730.728739         45.208             49.177
730.727320         45.204             49.258
730.725877         45.200             49.340
730.724410         45.196             49.421
730.722919         45.192             49.502
730.721404         45.188             49.583
730.719866         45.184             49.665
730.718304         45.180             49.746
730.716718         45.176             49.827
730.715108         45.171             49.908
730.713475         45.167             49.990
730.711817         45.163             50.071
730.710136         45.158             50.152
730.708432         45.153             50.233
730.706703         45.149             50.314
730.704951         45.144             50.395
730.703175         45.139             50.476
730.701375         45.135             50.558
730.699552         45.130             50.639
730.697705         45.125             50.720
730.695834         45.120             50.801
730.693939         45.115             50.882
730.692021         45.109             50.963
730.690079         45.104             51.044
730.688114         45.099             51.125
730.686125         45.094             51.206
730.684112         45.088             51.287
730.682075         45.083             51.368
730.680015         45.077             51.449
730.677931         45.072             51.529
730.675824         45.066             51.610
730.673693         45.060             51.691
730.671539         45.055             51.772
730.669361         45.049             51.853
730.667159         45.043             51.934
730.664934         45.037             52.015
730.662685         45.031             52.095
730.660413         45.025             52.176
730.658117         45.019             52.257
730.655798         45.012             52.338
730.653455         45.006             52.418
730.651088         45.000             52.499
730.648699         44.993             52.580
730.646285         44.987             52.660
730.643849         44.980             52.741
730.641388         44.974             52.822
730.638905         44.967             52.902
730.636397         44.960             52.983
730.633867         44.954             53.063
730.631313         44.947             53.144
730.628736         44.940             53.224
730.626135         44.933             53.305
730.623511         44.926             53.385
730.620863         44.919             53.466
730.618192         44.912             53.546
730.615498         44.904             53.627
730.612781         44.897             53.707
730.610040         44.890             53.788
730.607276         44.882             53.868
730.604488         44.875             53.948
730.601677         44.867             54.029
730.598843         44.860             54.109
730.595986         44.852             54.189
730.593106         44.844             54.269
730.590202         44.837             54.350
730.587275         44.829             54.430
730.584325         44.821             54.510
730.581352         44.813             54.590
730.578355         44.805             54.670
730.575335         44.797             54.750
730.572293         44.789             54.830
730.569227         44.780             54.911
730.566137         44.772             54.991
730.563025         44.764             55.071
730.559890         44.755             55.151
730.556731         44.747             55.231
730.553550         44.738             55.310
730.550345         44.730             55.390
730.547118         44.721             55.470
730.543867         44.713             55.550
730.540594         44.704             55.630
730.537297         44.695             55.710
730.533978         44.686             55.790
730.530635         44.677             55.869
730.527269         44.668             55.949
730.523881         44.659             56.029
730.520470         44.650             56.108
730.517035         44.641             56.188
730.513578         44.631             56.268
730.510098         44.622             56.347
730.506595         44.613             56.427
730.503069         44.603             56.506
730.499521         44.594             56.586
730.495949         44.584             56.666
730.492355         44.574             56.745
730.488738         44.565             56.824
730.485098         44.555             56.904
730.481436         44.545             56.983
730.477751         44.535             57.063
730.474043         44.525             57.142
730.470312         44.515             57.221
730.466559         44.505             57.300
730.462783         44.495             57.380
730.458984         44.485             57.459
730.455163         44.475             57.538
730.451319         44.465             57.617
730.447452         44.454             57.696
730.443563         44.444             57.776
730.439651         44.433             57.855
730.435717         44.423             57.934
730.431760         44.412             58.013
730.427781         44.401             58.092
730.423779         44.391             58.171
730.419755         44.380             58.249
730.415708         44.369             58.328
730.411639         44.358             58.407
730.407547         44.347             58.486
730.403433         44.336             58.565
730.399297         44.325             58.644
730.395138         44.314             58.722
730.390957         44.303             58.801
730.386754         44.291             58.880
730.382528         44.280             58.958
730.378280         44.269             59.037
730.374010         44.257             59.116
730.369717         44.246             59.194
730.365402         44.234             59.273
730.361065         44.223             59.351
730.356706         44.211             59.429
730.352324         44.199             59.508
730.347921         44.187             59.586
730.343495         44.175             59.665
730.339047         44.164             59.743
730.334577         44.152             59.821
730.330085         44.140             59.899
730.325571         44.127             59.978
730.321035         44.115             60.056
730.316477         44.103             60.134
730.311897         44.091             60.212
730.307294         44.078             60.290
730.302670         44.066             60.368
730.298024         44.054             60.446
730.293356         44.041             60.524
730.288666         44.028             60.602
730.283955         44.016             60.680
730.279221         44.003             60.758
730.274466         43.990             60.836
730.269688         43.978             60.914
730.264889         43.965             60.991
730.260068         43.952             61.069
730.255226         43.939             61.147
730.250361         43.926             61.224
730.245475         43.913             61.302
730.240568         43.899             61.380
730.235638         43.886             61.457
730.230687         43.873             61.535
730.225715         43.860             61.612
730.220720         43.846             61.690
730.215705         43.833             61.767
730.210667         43.819             61.844
730.205608         43.806             61.922
730.200528         43.792             61.999
730.195426         43.778             62.076
730.190303         43.765             62.153
730.185158         43.751             62.231
730.179992         43.737             62.308
730.174804         43.723             62.385
730.169595         43.709             62.462
730.164365         43.695             62.539
730.159113         43.681             62.616
730.153840         43.667             62.693
730.148546         43.653             62.770
730.143230         43.638             62.847
730.137893         43.624             62.924
730.132535         43.610             63.000
730.127156         43.595             63.077
730.121756         43.581             63.154
730.116334         43.566             63.231
730.110892         43.552             63.307
730.105428         43.537             63.384
730.099943         43.522             63.460
730.094438         43.507             63.537
730.088911         43.493             63.613
730.083363         43.478             63.690
730.077794         43.463             63.766
730.072205         43.448             63.843
730.066594         43.433             63.919
730.060963         43.418             63.995
730.055310         43.402             64.072
730.049637         43.387             64.148
730.043943         43.372             64.224
730.038228         43.357             64.300
730.032493         43.341             64.376
730.026736         43.326             64.452
730.020959         43.310             64.528
730.015162         43.295             64.604
730.009343         43.279             64.680
730.003504         43.263             64.756
729.997645         43.248             64.832
729.991765         43.232             64.908
729.985864         43.216             64.983
729.979942         43.200             65.059
729.974001         43.184             65.135
729.968038         43.168             65.211
729.962056         43.152             65.286
729.956052         43.136             65.362
729.950029         43.120             65.437
729.943985         43.103             65.513
729.937921         43.087             65.588
729.931836         43.071             65.663
729.925731         43.054             65.739
729.919606         43.038             65.814
729.913460         43.021             65.889
729.907295         43.005             65.965
729.901109         42.988             66.040
729.894903         42.972             66.115
729.888677         42.955             66.190
729.882431         42.938             66.265
729.876165         42.921             66.340
729.869878         42.904             66.415
729.863572         42.887             66.490
729.857246         42.870             66.565
729.850899         42.853             66.640
729.844533         42.836             66.714
729.838147         42.819             66.789
729.831741         42.802             66.864
729.825315         42.784             66.939
729.818869         42.767             67.013
729.812404         42.750             67.088
729.805919         42.732             67.162
729.799414         42.715             67.237
729.792889         42.697             67.311
729.786345         42.680             67.386
729.779781         42.662             67.460
729.773197         42.644             67.534
729.766594         42.627             67.609
729.759971         42.609             67.683
729.753329         42.591             67.757
729.746667         42.573             67.831
729.739986         42.555             67.905
729.733285         42.537             67.979
729.726565         42.519             68.053
729.719826         42.501             68.127
729.713067         42.482             68.201
729.706289         42.464             68.275
729.699491         42.446             68.349
729.692675         42.428             68.422
729.685839         42.409             68.496
729.678984         42.391             68.570
729.672109         42.372             68.643
729.665216         42.354             68.717
729.658303         42.335             68.791
729.651372         42.316             68.864
729.644421         42.298             68.938
729.637451         42.279             69.011
729.630463         42.260             69.084
729.623455         42.241             69.158
729.616428         42.222             69.231
729.609383         42.203             69.304
729.602319         42.184             69.377
729.595236         42.165             69.450
729.588134         42.146             69.523
729.581013         42.127             69.596
729.573874         42.108             69.669
729.566715         42.088             69.742
729.559539         42.069             69.815
729.552343         42.050             69.888
729.545129         42.030             69.961
729.537897         42.011             70.034
729.530645         41.991             70.106
729.523376         41.971             70.179
729.516088         41.952             70.252
729.508781         41.932             70.324
729.501456         41.912             70.397
729.494113         41.893             70.469
729.486751         41.873             70.542
729.479371         41.853             70.614
729.471973         41.833             70.686
729.464556         41.813             70.759
729.457121         41.793             70.831
729.449668         41.773             70.903
729.442197         41.752             70.975
729.434708         41.732             71.047
729.427201         41.712             71.119
729.419675         41.692             71.191
729.412132         41.671             71.263
729.404571         41.651             71.335
729.396991         41.630             71.407
729.389394         41.610             71.479
729.381779         41.589             71.550
729.374146         41.569             71.622
729.366495         41.548             71.694
729.358827         41.527             71.765
729.351140         41.507             71.837
729.343436         41.486             71.909
729.335715         41.465             71.980
729.327975         41.444             72.051
729.320218         41.423             72.123
729.312444         41.402             72.194
729.304652         41.381             72.265
729.296842         41.360             72.337
729.289015         41.339             72.408
729.281171         41.317             72.479
729.273309         41.296             72.550
729.265430         41.275             72.621
729.257533         41.254             72.692
729.249619         41.232             72.763
729.241688         41.211             72.834
729.233740         41.189             72.905
729.225775         41.168             72.975
729.217792         41.146             73.046
729.209792         41.124             73.117
729.201775         41.103             73.187
729.193741         41.081             73.258
729.185690         41.059             73.329
729.177623         41.037             73.399
729.169538         41.015             73.469
729.161436         40.993             73.540
729.153317         40.971             73.610
729.145182         40.949             73.680
729.137030         40.927             73.751
729.128861         40.905             73.821
729.120675         40.883             73.891
729.112473         40.861             73.961
729.104254         40.838             74.031
729.096018         40.816             74.101
729.087766         40.794             74.171
729.079497         40.771             74.241
729.071212         40.749             74.311
729.062910         40.726             74.381
729.054592         40.704             74.450
729.046257         40.681             74.520
729.037906         40.658             74.590
729.029539         40.636             74.659
729.021155         40.613             74.729
729.012756         40.590             74.798
729.004340         40.567             74.868
728.995908         40.544             74.937
728.987459         40.522             75.007
728.978995         40.499             75.076
728.970515         40.476             75.145
728.962018         40.452             75.214
728.953506         40.429             75.283
728.944977         40.406             75.353
728.936433         40.383             75.422
728.927873         40.360             75.491
728.919297         40.336             75.559
728.910705         40.313             75.628
728.902098         40.290             75.697
728.893475         40.266             75.766
728.884836         40.243             75.835
728.876181         40.219             75.903
728.867511         40.195             75.972
728.858825         40.172             76.041
728.850124         40.148             76.109
728.841408         40.124             76.178
728.832675         40.101             76.246
728.823928         40.077             76.315
728.815165         40.053             76.383
728.806387         40.029             76.451
728.797593         40.005             76.519
728.788785         39.981             76.588
728.779961         39.957             76.656
728.771121         39.933             76.724
728.762267         39.909             76.792
728.753398         39.885             76.860
728.744513         39.860             76.928
728.735614         39.836             76.996
728.726700         39.812             77.063
728.717770         39.788             77.131
728.708826         39.763             77.199
728.699867         39.739             77.267
728.690893         39.714             77.334
728.681905         39.690             77.402
728.672901         39.665             77.469
728.663883         39.640             77.537
728.654850         39.616             77.604
728.645803         39.591             77.672
728.636741         39.566             77.739
728.627665         39.542             77.806
728.618574         39.517             77.874
728.609468         39.492             77.941
728.600349         39.467             78.008
728.591214         39.442             78.075
728.582066         39.417             78.142
728.572903         39.392             78.209
728.563726         39.367             78.276
728.554535         39.342             78.343
728.545329         39.316             78.409
728.536110         39.291             78.476
728.526876         39.266             78.543
728.517629         39.240             78.610
728.508367         39.215             78.676
728.499091         39.190             78.743
728.489802         39.164             78.809
728.480498         39.139             78.876
728.471181         39.113             78.942
728.461850         39.088             79.009
728.452505         39.062             79.075
728.443147         39.036             79.141
728.433775         39.011             79.207
728.424389         38.985             79.273
728.414989         38.959             79.340
728.405577         38.933             79.406
728.396150         38.907             79.472
728.386710         38.881             79.538
728.377257         38.856             79.603
728.367790         38.829             79.669
728.358310         38.803             79.735
728.348817         38.777             79.801
728.339310         38.751             79.867
728.329790         38.725             79.932
728.320258         38.699             79.998
728.310711         38.673             80.063
728.301152         38.646             80.129
728.291580         38.620             80.194
728.281995         38.594             80.260
728.272397         38.567             80.325
728.262786         38.541             80.390
728.253162         38.514             80.456
728.243525         38.488             80.521
728.233876         38.461             80.586
728.224213         38.434             80.651
728.214538         38.408             80.716
728.204851         38.381             80.781
728.195151         38.354             80.846
728.185438         38.328             80.911
728.175713         38.301             80.976
728.165975         38.274             81.040
728.156225         38.247             81.105
728.146462         38.220             81.170
728.136687         38.193             81.235
728.126900         38.166             81.299
728.117100         38.139             81.364
728.107289         38.112             81.428
728.097465         38.085             81.493
728.087629         38.057             81.557
728.077780         38.030             81.621
728.067920         38.003             81.686
728.058048         37.976             81.750
728.048164         37.948             81.814
728.038268         37.921             81.878
728.028360         37.893             81.942
728.018440         37.866             82.006
728.008509         37.838             82.070
727.998566         37.811             82.134
727.988611         37.783             82.198
727.978644         37.756             82.262
727.968666         37.728             82.326
727.958676         37.700             82.389
727.948675         37.673             82.453
727.938662         37.645             82.517
727.928638         37.617             82.580
727.918603         37.589             82.644
727.908556         37.561             82.707
727.898498         37.533             82.771
727.888428         37.505             82.834
727.878348         37.477             82.897
727.868256         37.449             82.960
727.858153         37.421             83.024
727.848039         37.393             83.087
727.837914         37.365             83.150
727.827779         37.336             83.213
727.817632         37.308             83.276
727.807474         37.280             83.339
727.797306         37.252             83.402
727.787126         37.223             83.465
727.776936         37.195             83.528
727.766735         37.166             83.590
727.756524         37.138             83.653
727.746302         37.109             83.716
727.736069         37.081             83.778
727.725826         37.052             83.841
727.715573         37.024             83.904
727.705309         36.995             83.966
727.695034         36.966             84.028
727.684749         36.938             84.091
727.674454         36.909             84.153
727.664149         36.880             84.215
727.653834         36.851             84.278
727.643508         36.822             84.340
727.633172         36.793             84.402
727.622826         36.764             84.464
727.612470         36.735             84.526
727.602105         36.706             84.588
727.591729         36.677             84.650
727.581343         36.648             84.712
727.570948         36.619             84.774
727.560543         36.590             84.835
727.550128         36.561             84.897
727.539703         36.531             84.959
727.529269         36.502             85.020
727.518825         36.473             85.082
727.508372         36.443             85.143
727.497909         36.414             85.205
727.487436         36.384             85.266
727.476954         36.355             85.328
727.466463         36.325             85.389
727.455963         36.296             85.450
727.445453         36.266             85.511
727.434934         36.237             85.573
727.424406         36.207             85.634
727.413869         36.177             85.695
727.403322         36.148             85.756
727.392767         36.118             85.817
727.382202         36.088             85.878
727.371629         36.058             85.939
727.361047         36.028             86.000
727.350456         35.998             86.060
727.339856         35.969             86.121
727.329247         35.939             86.182
727.318630         35.909             86.242
727.308004         35.878             86.303
727.297369         35.848             86.364
727.286726         35.818             86.424
727.276074         35.788             86.484
727.265414         35.758             86.545
727.254746         35.728             86.605
727.244069         35.697             86.665
727.233383         35.667             86.726
727.222690         35.637             86.786
727.211988         35.607             86.846
727.201278         35.576             86.906
727.190560         35.546             86.966
727.179834         35.515             87.026
727.169099         35.485             87.086
727.158357         35.454             87.146
727.147607         35.424             87.206
727.136849         35.393             87.266
727.126083         35.362             87.326
727.115309         35.332             87.385
727.104528         35.301             87.445
727.093739         35.270             87.505
727.082942         35.240             87.564
727.072137         35.209             87.624
727.061325         35.178             87.683
727.050506         35.147             87.743
727.039679         35.116             87.802
727.028845         35.085             87.861
727.018003         35.054             87.921
727.007154         35.023             87.980
726.996297         34.992             88.039
726.985434         34.961             88.098
726.974563         34.930             88.157
726.963685         34.899             88.216
726.952800         34.868             88.275
726.941908         34.837             88.334
726.931009         34.805             88.393
726.920103         34.774             88.452
726.909191         34.743             88.511
726.898271         34.711             88.570
726.887345         34.680             88.628
726.876412         34.649             88.687
726.865472         34.617             88.746
726.854525         34.586             88.804
726.843572         34.554             88.863
726.832613         34.523             88.921
726.821647         34.491             88.980
726.810674         34.460             89.038
726.799695         34.428             89.096
726.788710         34.396             89.155
726.777719         34.365             89.213
726.766721         34.333             89.271
726.755717         34.301             89.329
726.744707         34.269             89.387
726.733691         34.238             89.445
726.722668         34.206             89.503
726.711640         34.174             89.561
726.700606         34.142             89.619
726.689566         34.110             89.677
726.678520         34.078             89.735
726.667468         34.046             89.793
726.656410         34.014             89.850
726.645347         33.982             89.908
726.634278         33.950             89.966
726.623204         33.918             90.023
726.612124         33.886             90.081
726.601038         33.853             90.138
726.589947         33.821             90.196
726.578851         33.789             90.253
726.567749         33.757             90.311
726.556642         33.724             90.368
726.545530         33.692             90.425
726.534412         33.660             90.482
726.523289         33.627             90.540
726.512161         33.595             90.597
726.501029         33.562             90.654
726.489891         33.530             90.711
726.478748         33.497             90.768
726.467600         33.465             90.825
726.456447         33.432             90.882
726.445290         33.400             90.939
726.434128         33.367             90.995
726.422961         33.334             91.052
726.411789         33.302             91.109
726.400613         33.269             91.165
726.389432         33.236             91.222
726.378247         33.203             91.279
726.367057         33.170             91.335
726.355863         33.138             91.392
726.344665         33.105             91.448
726.333462         33.072             91.505
726.322255         33.039             91.561
726.311043         33.006             91.617
726.299828         32.973             91.674
726.288608         32.940             91.730
726.277385         32.907             91.786
726.266157         32.874             91.842
726.254925         32.841             91.898
726.243690         32.807             91.954
726.232450         32.774             92.010
726.221207         32.741             92.066
726.209960         32.708             92.122
726.198710         32.675             92.178
726.187455         32.641             92.234
726.176197         32.608             92.290
726.164936         32.575             92.345
726.153671         32.541             92.401
726.142402         32.508             92.457
726.131130         32.474             92.512
726.119855         32.441             92.568
726.108577         32.407             92.623
726.097295         32.374             92.679
726.086010         32.340             92.734
726.074722         32.307             92.790
726.063430         32.273             92.845
726.052136         32.240             92.900
726.040839         32.206             92.955
726.029538         32.172             93.011
726.018235         32.138             93.066
726.006929         32.105             93.121
725.995620         32.071             93.176
725.984308         32.037             93.231
725.972994         32.003             93.286
725.961677         31.969             93.341
725.950357         31.936             93.396
725.939035         31.902             93.451
725.927711         31.868             93.506
725.916384         31.834             93.560
725.905054         31.800             93.615
725.893722         31.766             93.670
725.882388         31.732             93.724
725.871052         31.698             93.779
725.859713         31.663             93.834
725.848372         31.629             93.888
725.837029         31.595             93.943
725.825685         31.561             93.997
725.814338         31.527             94.051
725.802989         31.493             94.106
725.791638         31.458             94.160
725.780286         31.424             94.214
725.768931         31.390             94.269
725.757575         31.355             94.323
725.746217         31.321             94.377
725.734858         31.287             94.431
725.723497         31.252             94.485
725.712134         31.218             94.539
725.700770         31.183             94.593
725.689405         31.149             94.647
725.678038         31.114             94.701
725.666670         31.080             94.755
725.655300         31.045             94.808
725.643929         31.010             94.862
725.632558         30.976             94.916
725.621185         30.941             94.970
725.609810         30.906             95.023
725.598435         30.872             95.077
725.587059         30.837             95.130
725.575682         30.802             95.184
725.564304         30.767             95.237
725.552925         30.733             95.291
725.541546         30.698             95.344
725.530166         30.663             95.397
725.518785         30.628             95.451
725.507403         30.593             95.504
725.496021         30.558             95.557
725.484638         30.523             95.610
725.473255         30.488             95.663
725.461872         30.453             95.717
725.450488         30.418             95.770
725.439103         30.383             95.823
725.427719         30.348             95.876
725.416334         30.313             95.929
725.404949         30.278             95.981
725.393564         30.242             96.034
725.382179         30.207             96.087
725.370794         30.172             96.140
725.359409         30.137             96.193
725.348024         30.101             96.245
725.336639         30.066             96.298
725.325255         30.031             96.351
725.313870         29.995             96.403
725.302486         29.960             96.456
725.291102         29.925             96.508
725.279719         29.889             96.561
725.268336         29.854             96.613
725.256954         29.818             96.665
725.245572         29.783             96.718
725.234190         29.747             96.770
725.222810         29.712             96.822
725.211430         29.676             96.874
725.200051         29.641             96.927
725.188672         29.605             96.979
725.177295         29.569             97.031
725.165918         29.534             97.083
725.154542         29.498             97.135
725.143168         29.462             97.187
725.131794         29.427             97.239
725.120422         29.391             97.291
725.109050         29.355             97.343
725.097680         29.319             97.394
725.086311         29.283             97.446
725.074944         29.248             97.498
725.063577         29.212             97.550
725.052213         29.176             97.601
725.040849         29.140             97.653
725.029487         29.104             97.704
725.018127         29.068             97.756
725.006768         29.032             97.807
724.995412         28.996             97.859
724.984056         28.960             97.910
724.972703         28.924             97.962
724.961351         28.888             98.013
724.950001         28.852             98.064
724.938653         28.816             98.116
724.927307         28.779             98.167
724.915963         28.743             98.218
724.904622         28.707             98.269
724.893282         28.671             98.320
724.881944         28.635             98.371
724.870609         28.598             98.423
724.859276         28.562             98.474
724.847945         28.526             98.525
724.836617         28.489             98.575
724.825291         28.453             98.626
724.813967         28.417             98.677
724.802647         28.380             98.728
724.791328         28.344             98.779
724.780012         28.307             98.830
724.768699         28.271             98.880
724.757389         28.234             98.931
724.746082         28.198             98.982
724.734777         28.161             99.032
724.723475         28.125             99.083
724.712176         28.088             99.133
724.700880         28.052             99.184
724.689587         28.015             99.234
724.678298         27.978             99.285
724.667011         27.942             99.335
724.655727         27.905             99.385
724.644447         27.868             99.436
724.633170         27.831             99.486
724.621897         27.795             99.536
724.610626         27.758             99.586
724.599360         27.721             99.636
724.588096         27.684             99.687
724.576837         27.647             99.737
724.565580         27.611             99.787
724.554328         27.574             99.837
724.543079         27.537             99.887
724.531834         27.500             99.937
724.520593         27.463             99.987
724.509355         27.426             100.036
724.498122         27.389             100.086
724.486892         27.352             100.136
724.475666         27.315             100.186
724.464445         27.278             100.236
724.453227         27.241             100.285
724.442014         27.204             100.335
724.430804         27.167             100.385
724.419600         27.129             100.434
724.408399         27.092             100.484
724.397203         27.055             100.533
724.386011         27.018             100.583
724.374823         26.981             100.632
724.363640         26.943             100.681
724.352462         26.906             100.731
724.341288         26.869             100.780
724.330119         26.832             100.829
724.318954         26.794             100.879
724.307794         26.757             100.928
724.296639         26.720             100.977
724.285489         26.682             101.026
724.274344         26.645             101.075
724.263204         26.607             101.125
724.252068         26.570             101.174
724.240938         26.532             101.223
724.229813         26.495             101.272
724.218693         26.457             101.321
724.207578         26.420             101.369
724.196468         26.382             101.418
724.185364         26.345             101.467
724.174265         26.307             101.516
724.163171         26.270             101.565
724.152083         26.232             101.614
724.141000         26.194             101.662
724.129923         26.157             101.711
724.118852         26.119             101.760
724.107786         26.081             101.808
724.096726         26.044             101.857
724.085671         26.006             101.905
724.074622         25.968             101.954
724.063580         25.930             102.002
724.052543         25.893             102.051
724.041512         25.855             102.099
724.030486         25.817             102.148
724.019467         25.779             102.196
724.008455         25.741             102.244
723.997448         25.703             102.293
723.986447         25.665             102.341
723.975453         25.627             102.389
723.964465         25.589             102.437
723.953483         25.552             102.485
723.942507         25.514             102.533
723.931538         25.476             102.582
723.920576         25.437             102.630
723.909620         25.399             102.678
723.898670         25.361             102.726
723.887728         25.323             102.774
723.876792         25.285             102.821
723.865862         25.247             102.869
723.854940         25.209             102.917
723.844024         25.171             102.965
723.833115         25.133             103.013
723.822213         25.094             103.061
723.811318         25.056             103.108
723.800430         25.018             103.156
723.789549         24.980             103.204
723.778675         24.941             103.251
723.767808         24.903             103.299
723.756949         24.865             103.346
723.746096         24.827             103.394
723.735252         24.788             103.441
723.724414         24.750             103.489
723.713584         24.711             103.536
723.702761         24.673             103.584
723.691946         24.635             103.631
723.681138         24.596             103.678
723.670338         24.558             103.726
723.659546         24.519             103.773
723.648761         24.481             103.820
723.637984         24.442             103.868
723.627215         24.404             103.915
723.616453         24.365             103.962
723.605700         24.327             104.009
723.594954         24.288             104.056
723.584217         24.250             104.103
723.573487         24.211             104.150
723.562766         24.172             104.197
723.552053         24.134             104.244
723.541348         24.095             104.291
723.530651         24.056             104.338
723.519962         24.018             104.385
723.509282         23.979             104.432
723.498610         23.940             104.479
723.487946         23.902             104.525
723.477291         23.863             104.572
723.466645         23.824             104.619
723.456007         23.785             104.666
723.445377         23.746             104.712
723.434756         23.708             104.759
723.424144         23.669             104.805
723.413541         23.630             104.852
723.402947         23.591             104.899
723.392361         23.552             104.945
723.381784         23.513             104.992
723.371216         23.474             105.038
723.360658         23.435             105.084
723.350108         23.396             105.131
723.339567         23.357             105.177
723.329035         23.318             105.224
723.318513         23.279             105.270
723.308000         23.240             105.316
723.297496         23.201             105.362
723.287001         23.162             105.409
723.276516         23.123             105.455
723.266040         23.084             105.501
723.255574         23.045             105.547
723.245117         23.006             105.593
723.234670         22.967             105.639
723.224232         22.928             105.685
723.213804         22.888             105.731
723.203386         22.849             105.777
723.192977         22.810             105.823
723.182578         22.771             105.869
723.172189         22.732             105.915
723.161810         22.692             105.961
723.151441         22.653             106.007
723.141081         22.614             106.053
723.130732         22.574             106.099
723.120393         22.535             106.144
723.110064         22.496             106.190
723.099745         22.456             106.236
723.089436         22.417             106.281
723.079138         22.378             106.327
723.068850         22.338             106.373
723.058572         22.299             106.418
723.048304         22.260             106.464
723.038047         22.220             106.509
723.027801         22.181             106.555
723.017565         22.141             106.600
723.007339         22.102             106.646
722.997125         22.062             106.691
722.986921         22.023             106.737
722.976727         21.983             106.782
722.966544         21.944             106.827
722.956373         21.904             106.873
722.946212         21.864             106.918
722.936061         21.825             106.963
722.925922         21.785             107.009
722.915794         21.746             107.054
722.905677         21.706             107.099
722.895571         21.666             107.144
722.885476         21.627             107.189
722.875392         21.587             107.234
722.865319         21.547             107.279
722.855258         21.508             107.324
722.845208         21.468             107.370
722.835169         21.428             107.414
722.825142         21.388             107.459
722.815126         21.349             107.504
722.805121         21.309             107.549
722.795128         21.269             107.594
722.785147         21.229             107.639
722.775177         21.189             107.684
722.765219         21.150             107.729
722.755273         21.110             107.774
722.745338         21.070             107.818
722.735415         21.030             107.863
722.725504         20.990             107.908
722.715605         20.950             107.952
722.705718         20.910             107.997
722.695843         20.870             108.042
722.685980         20.830             108.086
722.676128         20.790             108.131
722.666289         20.750             108.175
722.656463         20.710             108.220
722.646648         20.670             108.264
722.636845         20.630             108.309
722.627055         20.590             108.353
722.617277         20.550             108.398
722.607512         20.510             108.442
722.597759         20.470             108.487
722.588018         20.430             108.531
722.578290         20.390             108.575
722.568574         20.350             108.620
722.558871         20.310             108.664
722.549181         20.269             108.708
722.539503         20.229             108.752
722.529838         20.189             108.797
722.520186         20.149             108.841
722.510546         20.109             108.885
722.500920         20.069             108.929
722.491306         20.028             108.973
722.481705         19.988             109.017
722.472118         19.948             109.061
722.462543         19.908             109.105
722.452981         19.867             109.149
722.443432         19.827             109.193
722.433897         19.787             109.237
722.424375         19.746             109.281
722.414866         19.706             109.325
722.405370         19.666             109.369
722.395887         19.625             109.413
722.386418         19.585             109.457
722.376962         19.545             109.501
722.367520         19.504             109.544
722.358091         19.464             109.588
722.348676         19.423             109.632
722.339274         19.383             109.676
722.329886         19.342             109.719
722.320512         19.302             109.763
722.311151         19.261             109.807
722.301804         19.221             109.850
722.292471         19.180             109.894
722.283152         19.140             109.937
722.273846         19.099             109.981
722.264555         19.059             110.024
722.255277         19.018             110.068
722.246013         18.978             110.111
722.236764         18.937             110.155
722.227528         18.897             110.198
722.218307         18.856             110.242
722.209099         18.815             110.285
722.199906         18.775             110.329
722.190727         18.734             110.372
722.181563         18.693             110.415
722.172413         18.653             110.459
722.163277         18.612             110.502
722.154155         18.571             110.545
722.145048         18.531             110.588
722.135956         18.490             110.632
722.126877         18.449             110.675
722.117814         18.409             110.718
722.108765         18.368             110.761
722.099731         18.327             110.804
722.090711         18.286             110.847
722.081707         18.246             110.890
722.072717         18.205             110.933
722.063741         18.164             110.976
722.054781         18.123             111.019
722.045835         18.082             111.062
722.036905         18.041             111.105
722.027989         18.001             111.148
722.019089         17.960             111.191
722.010203         17.919             111.234
722.001333         17.878             111.277
721.992478         17.837             111.320
721.983637         17.796             111.363
721.974812         17.755             111.406
721.966003         17.714             111.448
721.957208         17.673             111.491
721.948429         17.632             111.534
721.939666         17.591             111.577
721.930917         17.550             111.619
721.922185         17.509             111.662
721.913467         17.468             111.705
721.904765         17.427             111.747
721.896079         17.386             111.790
721.887408         17.345             111.833
721.878753         17.304             111.875
721.870114         17.263             111.918
721.861490         17.222             111.960
721.852882         17.181             112.003
721.844290         17.140             112.045
721.835714         17.099             112.088
721.827154         17.058             112.130
721.818609         17.017             112.173
721.810081         16.976             112.215
721.801568         16.934             112.258
721.793072         16.893             112.300
721.784591         16.852             112.342
721.776127         16.811             112.385
721.767679         16.770             112.427
721.759247         16.729             112.469
721.750831         16.687             112.512
721.742432         16.646             112.554
721.734048         16.605             112.596
721.725681         16.564             112.638
721.717331         16.522             112.681
721.708997         16.481             112.723
721.700679         16.440             112.765
721.692378         16.399             112.807
721.684093         16.357             112.849
721.675825         16.316             112.891
721.667573         16.275             112.933
721.659338         16.233             112.976
721.651120         16.192             113.018
721.642919         16.151             113.060
721.634734         16.109             113.102
721.626566         16.068             113.144
721.618414         16.027             113.186
721.610280         15.985             113.228
721.602163         15.944             113.270
721.594062         15.902             113.311
721.585978         15.861             113.353
721.577912         15.820             113.395
721.569862         15.778             113.437
721.561830         15.737             113.479
721.553814         15.695             113.521
721.545816         15.654             113.563
721.537835         15.612             113.604
721.529871         15.571             113.646
721.521924         15.529             113.688
721.513995         15.488             113.730
721.506083         15.446             113.771
721.498188         15.405             113.813
721.490311         15.363             113.855
721.482451         15.322             113.896
721.474608         15.280             113.938
721.466783         15.239             113.980
721.458976         15.197             114.021
721.451186         15.155             114.063
721.443414         15.114             114.104
721.435659         15.072             114.146
721.427922         15.031             114.187
721.420203         14.989             114.229
721.412501         14.947             114.271
721.404818         14.906             114.312
721.397152         14.864             114.353
721.389504         14.822             114.395
721.381874         14.781             114.436
721.374261         14.739             114.478
721.366667         14.697             114.519
721.359091         14.656             114.561
721.351532         14.614             114.602
721.343992         14.572             114.643
721.336470         14.531             114.685
721.328966         14.489             114.726
721.321480         14.447             114.767
721.314012         14.405             114.808
721.306562         14.364             114.850
721.299131         14.322             114.891
721.291718         14.280             114.932
721.284323         14.238             114.973
721.276947         14.197             115.015
721.269589         14.155             115.056
721.262249         14.113             115.097
721.254928         14.071             115.138
721.247625         14.029             115.179
721.240341         13.988             115.220
721.233076         13.946             115.261
721.225829         13.904             115.302
721.218600         13.862             115.344
721.211391         13.820             115.385
721.204200         13.778             115.426
721.197027         13.736             115.467
721.189874         13.694             115.508
721.182739         13.653             115.549
721.175623         13.611             115.590
721.168525         13.569             115.631
721.161447         13.527             115.671
721.154388         13.485             115.712
721.147347         13.443             115.753
721.140326         13.401             115.794
721.133323         13.359             115.835
721.126340         13.317             115.876
721.119375         13.275             115.917
721.112430         13.233             115.958
721.105504         13.191             115.998
721.098596         13.149             116.039
721.091709         13.107             116.080
721.084840         13.065             116.121
721.077990         13.023             116.161
721.071160         12.981             116.202
721.064349         12.939             116.243
721.057558         12.897             116.284
721.050786         12.855             116.324
721.044033         12.813             116.365
721.037300         12.771             116.406
721.030586         12.729             116.446
721.023891         12.687             116.487
721.017217         12.645             116.528
721.010561         12.602             116.568
721.003925         12.560             116.609
720.997309         12.518             116.649
720.990713         12.476             116.690
720.984136         12.434             116.730
720.977579         12.392             116.771
720.971042         12.350             116.811
720.964524         12.308             116.852
720.958026         12.265             116.892
720.951548         12.223             116.933
720.945090         12.181             116.973
720.938652         12.139             117.014
720.932233         12.097             117.054
720.925835         12.054             117.095
720.919456         12.012             117.135
720.913098         11.970             117.175
720.906759         11.928             117.216
720.900441         11.886             117.256
720.894142         11.843             117.297
720.887864         11.801             117.337
720.881606         11.759             117.377
720.875368         11.717             117.417
720.869150         11.674             117.458
720.862952         11.632             117.498
720.856775         11.590             117.538
720.850618         11.548             117.579
720.844481         11.505             117.619
720.838365         11.463             117.659
720.832268         11.421             117.699
720.826193         11.378             117.739
720.820137         11.336             117.780
720.814103         11.294             117.820
720.808088         11.251             117.860
720.802094         11.209             117.900
720.796121         11.167             117.940
720.790168         11.124             117.980
720.784236         11.082             118.020
720.778324         11.040             118.061
720.772433         10.997             118.101
720.766562         10.955             118.141
720.760713         10.913             118.181
720.754883         10.870             118.221
720.749075         10.828             118.261
720.743288         10.785             118.301
720.737521         10.743             118.341
720.731775         10.701             118.381
720.726050         10.658             118.421
720.720345         10.616             118.461
720.714662         10.573             118.501
720.708999         10.531             118.541
720.703358         10.488             118.581
720.697737         10.446             118.621
720.692138         10.403             118.661
720.686559         10.361             118.700
720.681001         10.318             118.740
720.675465         10.276             118.780
720.669949         10.234             118.820
720.664455         10.191             118.860
720.658982         10.149             118.900
720.653530         10.106             118.940
720.648099         10.064             118.979
720.642689         10.021             119.019
720.637301         9.979              119.059
720.631934         9.936              119.099
720.626588         9.893              119.139
720.621263         9.851              119.178
720.615960         9.808              119.218
720.610678         9.766              119.258
720.605418         9.723              119.298
720.600179         9.681              119.337
720.594961         9.638              119.377
720.589765         9.596              119.417
720.584590         9.553              119.456
720.579437         9.510              119.496
720.574305         9.468              119.536
720.569195         9.425              119.575
720.564106         9.383              119.615
720.559039         9.340              119.655
720.553993         9.297              119.694
720.548970         9.255              119.734
720.543967         9.212              119.773
720.538987         9.170              119.813
720.534028         9.127              119.853
720.529091         9.084              119.892
720.524176         9.042              119.932
720.519282         8.999              119.971
720.514410         8.956              120.011
720.509560         8.914              120.050
720.504732         8.871              120.090
720.499926         8.828              120.129
720.495142         8.786              120.169
720.490379         8.743              120.208
720.485638         8.700              120.248
720.480920         8.658              120.287
720.476223         8.615              120.327
720.471548         8.572              120.366
720.466896         8.530              120.406
720.462265         8.487              120.445
720.457656         8.444              120.485
720.453070         8.401              120.524
720.448505         8.359              120.563
720.443963         8.316              120.603
720.439443         8.273              120.642
720.434944         8.230              120.681
720.430468         8.188              120.721
720.426015         8.145              120.760
720.421583         8.102              120.800
720.417174         8.059              120.839
720.412787         8.017              120.878
720.408422         7.974              120.918
720.404079         7.931              120.957
720.399759         7.888              120.996
720.395461         7.846              121.035
720.391186         7.803              121.075
720.386933         7.760              121.114
720.382702         7.717              121.153
720.378493         7.674              121.192
720.374307         7.632              121.232
720.370144         7.589              121.271
720.366003         7.546              121.310
720.361884         7.503              121.349
720.357788         7.460              121.389
720.353714         7.418              121.428
720.349663         7.375              121.467
720.345635         7.332              121.506
720.341629         7.289              121.545
720.337645         7.246              121.585
720.333685         7.203              121.624
720.329746         7.160              121.663
720.325831         7.118              121.702
720.321938         7.075              121.741
720.318068         7.032              121.780
720.314221         6.989              121.819
720.310396         6.946              121.859
720.306594         6.903              121.898
720.302814         6.860              121.937
720.299058         6.817              121.976
720.295324         6.775              122.015
720.291613         6.732              122.054
720.287925         6.689              122.093
720.284260         6.646              122.132
720.280617         6.603              122.171
720.276998         6.560              122.210
720.273401         6.517              122.249
720.269827         6.474              122.288
720.266276         6.431              122.327
720.262748         6.388              122.366
720.259243         6.346              122.405
720.255761         6.303              122.444
720.252302         6.260              122.483
720.248866         6.217              122.522
720.245452         6.174              122.561
720.242062         6.131              122.600
720.238695         6.088              122.639
720.235351         6.045              122.678
720.232030         6.002              122.717
720.228732         5.959              122.756
720.225457         5.916              122.795
720.222206         5.873              122.834
720.218977         5.830              122.873
720.215772         5.787              122.912
720.212589         5.744              122.951
720.209430         5.701              122.990
720.206294         5.658              123.029
720.203182         5.615              123.067
720.200092         5.572              123.106
720.197026         5.529              123.145
720.193983         5.486              123.184
720.190963         5.443              123.223
720.187966         5.400              123.262
720.184993         5.357              123.301
720.182043         5.314              123.340
720.179116         5.271              123.378
720.176213         5.228              123.417
720.173333         5.185              123.456
720.170476         5.142              123.495
720.167643         5.099              123.534
720.164833         5.056              123.573
720.162046         5.013              123.611
720.159283         4.970              123.650
720.156543         4.927              123.689
720.153827         4.884              123.728
720.151134         4.841              123.767
720.148465         4.798              123.805
720.145819         4.755              123.844
720.143196         4.712              123.883
720.140597         4.669              123.922
720.138021         4.626              123.960
720.135469         4.583              123.999
720.132941         4.540              124.038
720.130436         4.497              124.077
720.127954         4.453              124.115
720.125496         4.410              124.154
720.123062         4.367              124.193
720.120651         4.324              124.232
720.118264         4.281              124.270
720.115900         4.238              124.309
720.113560         4.195              124.348
720.111243         4.152              124.386
720.108950         4.109              124.425
720.106681         4.066              124.464
720.104436         4.023              124.503
720.102214         3.980              124.541
720.100016         3.937              124.580
720.097841         3.893              124.619
720.095690         3.850              124.657
720.093563         3.807              124.696
720.091459         3.764              124.735
720.089380         3.721              124.773
720.087324         3.678              124.812
720.085291         3.635              124.851
720.083283         3.592              124.889
720.081298         3.549              124.928
720.079337         3.505              124.967
720.077399         3.462              125.005
720.075486         3.419              125.044
720.073596         3.376              125.082
720.071730         3.333              125.121
720.069888         3.290              125.160
720.068070         3.247              125.198
720.066275         3.204              125.237
720.064504         3.160              125.276
720.062757         3.117              125.314
720.061034         3.074              125.353
720.059335         3.031              125.391
720.057660         2.988              125.430
720.056008         2.945              125.469
720.054381         2.902              125.507
720.052777         2.859              125.546
720.051197         2.815              125.584
720.049641         2.772              125.623
720.048109         2.729              125.662
720.046601         2.686              125.700
720.045117         2.643              125.739
720.043657         2.600              125.777
720.042220         2.557              125.816
720.040808         2.513              125.854
720.039419         2.470              125.893
720.038055         2.427              125.932
720.036714         2.384              125.970
720.035397         2.341              126.009
720.034105         2.298              126.047
720.032836         2.254              126.086
720.031591         2.211              126.124
720.030370         2.168              126.163
720.029174         2.125              126.201
720.028001         2.082              126.240
720.026852         2.039              126.278
720.025727         1.995              126.317
720.024627         1.952              126.356
720.023550         1.909              126.394
720.022497         1.866              126.433
720.021468         1.823              126.471
720.020464         1.780              126.510
720.019483         1.736              126.548
720.018526         1.693              126.587
720.017594         1.650              126.625
720.016685         1.607              126.664
720.015801         1.564              126.702
720.014940         1.520              126.741
720.014104         1.477              126.779
720.013292         1.434              126.818
720.012503         1.391              126.856
720.011739         1.348              126.895
720.010999         1.305              126.933
720.010283         1.261              126.972
720.009591         1.218              127.010
720.008923         1.175              127.049
720.008279         1.132              127.087
720.007659         1.089              127.126
720.007064         1.045              127.164
720.006492         1.002              127.203
720.005945         0.959              127.241
720.005421         0.916              127.280
720.004922         0.873              127.318
720.004447         0.829              127.357
720.003996         0.786              127.395
720.003569         0.743              127.434
720.003166         0.700              127.472
720.002788         0.657              127.511
720.002433         0.613              127.549
720.002102         0.570              127.588
720.001796         0.527              127.626
720.001514         0.484              127.665
720.001256         0.441              127.703
720.001021         0.398              127.742
720.000812         0.354              127.780
720.000626         0.311              127.819
720.000464         0.268              127.857
720.000326         0.225              127.896
720.000213         0.182              127.934
720.000124         0.138              127.973
720.000059         0.095              128.011
720.000017         0.052              128.050
720.000000         0.009              128.088
720.000008         -0.034             128.127
720.000039         -0.078             128.165
720.000094         -0.121             128.204
720.000174         -0.164             128.242
720.000278         -0.207             128.280
720.000405         -0.250             128.319
720.000557         -0.294             128.357
720.000733         -0.337             128.396
720.000933         -0.380             128.434
720.001158         -0.423             128.473
720.001406         -0.466             128.511
720.001679         -0.510             128.550
720.001975         -0.553             128.588
720.002296         -0.596             128.627
720.002641         -0.639             128.665
720.003010         -0.682             128.704
720.003403         -0.726             128.742
720.003820         -0.769             128.781
720.004261         -0.812             128.819
720.004727         -0.855             128.858
720.005216         -0.898             128.896
720.005730         -0.942             128.935
720.006267         -0.985             128.973
720.006829         -1.028             129.012
720.007415         -1.071             129.050
720.008025         -1.114             129.089
720.008659         -1.157             129.127
720.009317         -1.201             129.166
720.009999         -1.244             129.204
720.010706         -1.287             129.243
720.011436         -1.330             129.281
720.012190         -1.373             129.320
720.012969         -1.417             129.358
720.013772         -1.460             129.397
720.014598         -1.503             129.435
720.015449         -1.546             129.474
720.016324         -1.589             129.512
720.017222         -1.632             129.551
720.018145         -1.676             129.589
720.019092         -1.719             129.628
720.020063         -1.762             129.666
720.021058         -1.805             129.705
720.022077         -1.848             129.744
720.023120         -1.892             129.782
720.024187         -1.935             129.821
720.025278         -1.978             129.859
720.026393         -2.021             129.898
720.027532         -2.064             129.936
720.028695         -2.107             129.975
720.029882         -2.151             130.013
720.031093         -2.194             130.052
720.032328         -2.237             130.090
720.033587         -2.280             130.129
720.034870         -2.323             130.167
720.036177         -2.366             130.206
720.037508         -2.410             130.245
720.038863         -2.453             130.283
720.040242         -2.496             130.322
720.041644         -2.539             130.360
720.043071         -2.582             130.399
720.044522         -2.625             130.437
720.045996         -2.668             130.476
720.047495         -2.712             130.515
720.049017         -2.755             130.553
720.050563         -2.798             130.592
720.052133         -2.841             130.630
720.053727         -2.884             130.669
720.055345         -2.927             130.707
720.056987         -2.970             130.746
720.058653         -3.014             130.785
720.060342         -3.057             130.823
720.062056         -3.100             130.862
720.063793         -3.143             130.900
720.065554         -3.186             130.939
720.067339         -3.229             130.978
720.069148         -3.272             131.016
720.070980         -3.316             131.055
720.072836         -3.359             131.094
720.074716         -3.402             131.132
720.076620         -3.445             131.171
720.078548         -3.488             131.210
720.080499         -3.531             131.248
720.082475         -3.574             131.287
720.084474         -3.617             131.325
720.086496         -3.660             131.364
720.088543         -3.704             131.403
720.090613         -3.747             131.441
720.092707         -3.790             131.480
720.094824         -3.833             131.519
720.096966         -3.876             131.557
720.099131         -3.919             131.596
720.101319         -3.962             131.635
720.103532         -4.005             131.673
720.105768         -4.048             131.712
720.108027         -4.091             131.751
720.110310         -4.134             131.790
720.112617         -4.178             131.828
720.114948         -4.221             131.867
720.117302         -4.264             131.906
720.119680         -4.307             131.944
720.122081         -4.350             131.983
720.124506         -4.393             132.022
720.126954         -4.436             132.061
720.129426         -4.479             132.099
720.131922         -4.522             132.138
720.134441         -4.565             132.177
720.136983         -4.608             132.216
720.139549         -4.651             132.254
720.142139         -4.694             132.293
720.144752         -4.737             132.332
720.147389         -4.780             132.371
720.150048         -4.824             132.409
720.152732         -4.867             132.448
720.155439         -4.910             132.487
720.158169         -4.953             132.526
720.160923         -4.996             132.565
720.163700         -5.039             132.603
720.166500         -5.082             132.642
720.169324         -5.125             132.681
720.172171         -5.168             132.720
720.175042         -5.211             132.759
720.177936         -5.254             132.798
720.180853         -5.297             132.836
720.183794         -5.340             132.875
720.186758         -5.383             132.914
720.189745         -5.426             132.953
720.192755         -5.469             132.992
720.195789         -5.512             133.031
720.198846         -5.555             133.070
720.201926         -5.598             133.109
720.205029         -5.641             133.147
720.208156         -5.684             133.186
720.211305         -5.727             133.225
720.214478         -5.770             133.264
720.217674         -5.813             133.303
720.220893         -5.856             133.342
720.224136         -5.899             133.381
720.227401         -5.942             133.420
720.230690         -5.985             133.459
720.234001         -6.028             133.498
720.237336         -6.070             133.537
720.240694         -6.113             133.576
720.244075         -6.156             133.615
720.247478         -6.199             133.654
720.250905         -6.242             133.693
720.254355         -6.285             133.732
720.257828         -6.328             133.771
720.261324         -6.371             133.810
720.264842         -6.414             133.849
720.268384         -6.457             133.888
720.271949         -6.500             133.927
720.275536         -6.543             133.966
720.279146         -6.586             134.005
720.282780         -6.629             134.044
720.286436         -6.671             134.083
720.290114         -6.714             134.122
720.293816         -6.757             134.161
720.297541         -6.800             134.200
720.301288         -6.843             134.239
720.305058         -6.886             134.278
720.308851         -6.929             134.317
720.312666         -6.972             134.356
720.316505         -7.014             134.396
720.320366         -7.057             134.435
720.324249         -7.100             134.474
720.328156         -7.143             134.513
720.332085         -7.186             134.552
720.336036         -7.229             134.591
720.340010         -7.272             134.630
720.344007         -7.314             134.670
720.348027         -7.357             134.709
720.352068         -7.400             134.748
720.356133         -7.443             134.787
720.360220         -7.486             134.826
720.364329         -7.529             134.866
720.368461         -7.571             134.905
720.372616         -7.614             134.944
720.376793         -7.657             134.983
720.380992         -7.700             135.023
720.385214         -7.743             135.062
720.389458         -7.785             135.101
720.393724         -7.828             135.140
720.398013         -7.871             135.180
720.402324         -7.914             135.219
720.406658         -7.957             135.258
720.411014         -7.999             135.298
720.415392         -8.042             135.337
720.419792         -8.085             135.376
720.424215         -8.128             135.416
720.428659         -8.170             135.455
720.433126         -8.213             135.494
720.437615         -8.256             135.534
720.442127         -8.299             135.573
720.446660         -8.341             135.612
720.451216         -8.384             135.652
720.455793         -8.427             135.691
720.460393         -8.469             135.731
720.465015         -8.512             135.770
720.469659         -8.555             135.810
720.474324         -8.598             135.849
720.479012         -8.640             135.888
720.483722         -8.683             135.928
720.488454         -8.726             135.967
720.493207         -8.768             136.007
720.497983         -8.811             136.046
720.502780         -8.854             136.086
720.507599         -8.896             136.125
720.512441         -8.939             136.165
720.517304         -8.982             136.204
720.522188         -9.024             136.244
720.527095         -9.067             136.283
720.532023         -9.110             136.323
720.536973         -9.152             136.363
720.541945         -9.195             136.402
720.546938         -9.238             136.442
720.551953         -9.280             136.481
720.556990         -9.323             136.521
720.562048         -9.365             136.561
720.567128         -9.408             136.600
720.572229         -9.451             136.640
720.577353         -9.493             136.680
720.582497         -9.536             136.719
720.587663         -9.578             136.759
720.592851         -9.621             136.799
720.598060         -9.663             136.838
720.603290         -9.706             136.878
720.608542         -9.749             136.918
720.613815         -9.791             136.958
720.619110         -9.834             136.997
720.624426         -9.876             137.037
720.629763         -9.919             137.077
720.635121         -9.961             137.117
720.640501         -10.004            137.156
720.645902         -10.046            137.196
720.651324         -10.089            137.236
720.656768         -10.131            137.276
720.662233         -10.174            137.316
720.667718         -10.216            137.355
720.673225         -10.259            137.395
720.678753         -10.301            137.435
720.684302         -10.344            137.475
720.689872         -10.386            137.515
720.695463         -10.429            137.555
720.701075         -10.471            137.595
720.706709         -10.514            137.635
720.712363         -10.556            137.675
720.718038         -10.598            137.715
720.723733         -10.641            137.755
720.729450         -10.683            137.795
720.735188         -10.726            137.835
720.740946         -10.768            137.875
720.746725         -10.811            137.915
720.752525         -10.853            137.955
720.758346         -10.895            137.995
720.764187         -10.938            138.035
720.770049         -10.980            138.075
720.775932         -11.022            138.115
720.781835         -11.065            138.155
720.787759         -11.107            138.195
720.793704         -11.150            138.235
720.799669         -11.192            138.275
720.805654         -11.234            138.315
720.811661         -11.277            138.356
720.817687         -11.319            138.396
720.823734         -11.361            138.436
720.829802         -11.404            138.476
720.835890         -11.446            138.516
720.841998         -11.488            138.557
720.848126         -11.530            138.597
720.854275         -11.573            138.637
720.860444         -11.615            138.677
720.866634         -11.657            138.718
720.872843         -11.700            138.758
720.879073         -11.742            138.798
720.885323         -11.784            138.839
720.891593         -11.826            138.879
720.897883         -11.868            138.919
720.904194         -11.911            138.960
720.910524         -11.953            139.000
720.916875         -11.995            139.040
720.923245         -12.037            139.081
720.929635         -12.080            139.121
720.936046         -12.122            139.162
720.942476         -12.164            139.202
720.948926         -12.206            139.242
720.955396         -12.248            139.283
720.961886         -12.290            139.323
720.968396         -12.333            139.364
720.974925         -12.375            139.404
720.981474         -12.417            139.445
720.988043         -12.459            139.485
720.994631         -12.501            139.526
721.001240         -12.543            139.567
721.007867         -12.585            139.607
721.014515         -12.627            139.648
721.021182         -12.670            139.688
721.027868         -12.712            139.729
721.034574         -12.754            139.770
721.041300         -12.796            139.810
721.048044         -12.838            139.851
721.054809         -12.880            139.892
721.061592         -12.922            139.932
721.068395         -12.964            139.973
721.075218         -13.006            140.014
721.082059         -13.048            140.055
721.088920         -13.090            140.095
721.095800         -13.132            140.136
721.102700         -13.174            140.177
721.109618         -13.216            140.218
721.116556         -13.258            140.258
721.123512         -13.300            140.299
721.130488         -13.342            140.340
721.137483         -13.384            140.381
721.144497         -13.426            140.422
721.151530         -13.468            140.463
721.158581         -13.510            140.504
721.165652         -13.552            140.545
721.172742         -13.594            140.586
721.179850         -13.636            140.627
721.186977         -13.677            140.667
721.194123         -13.719            140.708
721.201288         -13.761            140.749
721.208472         -13.803            140.791
721.215674         -13.845            140.832
721.222895         -13.887            140.873
721.230134         -13.929            140.914
721.237392         -13.971            140.955
721.244669         -14.012            140.996
721.251964         -14.054            141.037
721.259278         -14.096            141.078
721.266610         -14.138            141.119
721.273960         -14.180            141.160
721.281329         -14.221            141.202
721.288716         -14.263            141.243
721.296122         -14.305            141.284
721.303546         -14.347            141.325
721.310988         -14.389            141.367
721.318448         -14.430            141.408
721.325927         -14.472            141.449
721.333424         -14.514            141.490
721.340939         -14.555            141.532
721.348472         -14.597            141.573
721.356023         -14.639            141.614
721.363592         -14.681            141.656
721.371179         -14.722            141.697
721.378784         -14.764            141.739
721.386407         -14.806            141.780
721.394048         -14.847            141.821
721.401706         -14.889            141.863
721.409383         -14.931            141.904
721.417077         -14.972            141.946
721.424789         -15.014            141.987
721.432519         -15.055            142.029
721.440266         -15.097            142.070
721.448031         -15.139            142.112
721.455814         -15.180            142.154
721.463614         -15.222            142.195
721.471432         -15.263            142.237
721.479268         -15.305            142.278
721.487121         -15.346            142.320
721.494991         -15.388            142.362
721.502878         -15.429            142.404
721.510783         -15.471            142.445
721.518706         -15.513            142.487
721.526645         -15.554            142.529
721.534602         -15.595            142.570
721.542577         -15.637            142.612
721.550568         -15.678            142.654
721.558576         -15.720            142.696
721.566602         -15.761            142.738
721.574645         -15.803            142.780
721.582704         -15.844            142.821
721.590781         -15.886            142.863
721.598875         -15.927            142.905
721.606985         -15.968            142.947
721.615113         -16.010            142.989
721.623257         -16.051            143.031
721.631419         -16.093            143.073
721.639597         -16.134            143.115
721.647792         -16.175            143.157
721.656003         -16.217            143.199
721.664231         -16.258            143.241
721.672476         -16.299            143.283
721.680737         -16.341            143.325
721.689015         -16.382            143.368
721.697310         -16.423            143.410
721.705621         -16.464            143.452
721.713948         -16.506            143.494
721.722292         -16.547            143.536
721.730653         -16.588            143.578
721.739029         -16.629            143.621
721.747422         -16.671            143.663
721.755831         -16.712            143.705
721.764257         -16.753            143.747
721.772698         -16.794            143.790
721.781156         -16.835            143.832
721.789630         -16.877            143.874
721.798120         -16.918            143.917
721.806626         -16.959            143.959
721.815148         -17.000            144.002
721.823686         -17.041            144.044
721.832240         -17.082            144.087
721.840810         -17.123            144.129
721.849396         -17.164            144.172
721.857997         -17.206            144.214
721.866614         -17.247            144.257
721.875247         -17.288            144.299
721.883896         -17.329            144.342
721.892560         -17.370            144.384
721.901240         -17.411            144.427
721.909936         -17.452            144.470
721.918647         -17.493            144.512
721.927373         -17.534            144.555
721.936115         -17.575            144.598
721.944873         -17.616            144.640
721.953646         -17.657            144.683
721.962434         -17.698            144.726
721.971237         -17.739            144.769
721.980056         -17.780            144.812
721.988890         -17.820            144.854
721.997739         -17.861            144.897
722.006604         -17.902            144.940
722.015483         -17.943            144.983
722.024377         -17.984            145.026
722.033287         -18.025            145.069
722.042211         -18.066            145.112
722.051151         -18.107            145.155
722.060105         -18.147            145.198
722.069074         -18.188            145.241
722.078058         -18.229            145.284
722.087057         -18.270            145.327
722.096071         -18.311            145.370
722.105099         -18.351            145.413
722.114142         -18.392            145.456
722.123200         -18.433            145.500
722.132272         -18.474            145.543
722.141358         -18.514            145.586
722.150460         -18.555            145.629
722.159575         -18.596            145.672
722.168705         -18.636            145.716
722.177850         -18.677            145.759
722.187008         -18.718            145.802
722.196181         -18.758            145.846
722.205369         -18.799            145.889
722.214570         -18.840            145.932
722.223786         -18.880            145.976
722.233016         -18.921            146.019
722.242260         -18.961            146.063
722.251518         -19.002            146.106
722.260790         -19.042            146.150
722.270076         -19.083            146.193
722.279376         -19.124            146.237
722.288689         -19.164            146.280
722.298017         -19.205            146.324
722.307358         -19.245            146.367
722.316714         -19.286            146.411
722.326082         -19.326            146.455
722.335465         -19.366            146.498
722.344861         -19.407            146.542
722.354271         -19.447            146.586
722.363694         -19.488            146.630
722.373131         -19.528            146.673
722.382581         -19.569            146.717
722.392045         -19.609            146.761
722.401522         -19.649            146.805
722.411012         -19.690            146.849
722.420516         -19.730            146.893
722.430033         -19.770            146.937
722.439563         -19.811            146.981
722.449106         -19.851            147.025
722.458663         -19.891            147.069
722.468232         -19.931            147.113
722.477815         -19.972            147.157
722.487410         -20.012            147.201
722.497019         -20.052            147.245
722.506640         -20.092            147.289
722.516275         -20.133            147.333
722.525922         -20.173            147.377
722.535581         -20.213            147.421
722.545254         -20.253            147.466
722.554939         -20.293            147.510
722.564637         -20.333            147.554
722.574348         -20.374            147.598
722.584071         -20.414            147.643
722.593806         -20.454            147.687
722.603554         -20.494            147.731
722.613315         -20.534            147.776
722.623088         -20.574            147.820
722.632873         -20.614            147.865
722.642670         -20.654            147.909
722.652480         -20.694            147.954
722.662302         -20.734            147.998
722.672136         -20.774            148.043
722.681982         -20.814            148.087
722.691841         -20.854            148.132
722.701711         -20.894            148.177
722.711594         -20.934            148.221
722.721488         -20.974            148.266
722.731394         -21.014            148.311
722.741312         -21.054            148.355
722.751242         -21.094            148.400
722.761183         -21.133            148.445
722.771137         -21.173            148.490
722.781102         -21.213            148.534
722.791078         -21.253            148.579
722.801067         -21.293            148.624
722.811066         -21.332            148.669
722.821078         -21.372            148.714
722.831100         -21.412            148.759
722.841135         -21.452            148.804
722.851180         -21.491            148.849
722.861237         -21.531            148.894
722.871305         -21.571            148.939
722.881384         -21.611            148.984
722.891475         -21.650            149.029
722.901576         -21.690            149.074
722.911689         -21.730            149.120
722.921813         -21.769            149.165
722.931948         -21.809            149.210
722.942093         -21.848            149.255
722.952250         -21.888            149.301
722.962417         -21.928            149.346
722.972596         -21.967            149.391
722.982785         -22.007            149.437
722.992985         -22.046            149.482
723.003195         -22.086            149.527
723.013416         -22.125            149.573
723.023648         -22.165            149.618
723.033890         -22.204            149.664
723.044143         -22.244            149.709
723.054406         -22.283            149.755
723.064680         -22.322            149.801
723.074964         -22.362            149.846
723.085258         -22.401            149.892
723.095562         -22.441            149.937
723.105877         -22.480            149.983
723.116202         -22.519            150.029
723.126537         -22.559            150.075
723.136882         -22.598            150.120
723.147238         -22.637            150.166
723.157603         -22.676            150.212
723.167978         -22.716            150.258
723.178363         -22.755            150.304
723.188758         -22.794            150.350
723.199163         -22.833            150.396
723.209577         -22.873            150.442
723.220001         -22.912            150.488
723.230435         -22.951            150.534
723.240878         -22.990            150.580
723.251331         -23.029            150.626
723.261794         -23.068            150.672
723.272266         -23.107            150.718
723.282747         -23.146            150.764
723.293238         -23.185            150.811
723.303738         -23.225            150.857
723.314248         -23.264            150.903
723.324766         -23.303            150.949
723.335294         -23.342            150.996
723.345831         -23.381            151.042
723.356377         -23.420            151.088
723.366933         -23.458            151.135
723.377497         -23.497            151.181
723.388070         -23.536            151.228
723.398652         -23.575            151.274
723.409243         -23.614            151.321
723.419843         -23.653            151.367
723.430451         -23.692            151.414
723.441068         -23.731            151.461
723.451694         -23.769            151.507
723.462329         -23.808            151.554
723.472972         -23.847            151.601
723.483623         -23.886            151.647
723.494283         -23.925            151.694
723.504952         -23.963            151.741
723.515629         -24.002            151.788
723.526314         -24.041            151.835
723.537008         -24.079            151.882
723.547710         -24.118            151.929
723.558420         -24.157            151.975
723.569138         -24.195            152.022
723.579864         -24.234            152.070
723.590598         -24.273            152.117
723.601341         -24.311            152.164
723.612091         -24.350            152.211
723.622849         -24.388            152.258
723.633615         -24.427            152.305
723.644389         -24.465            152.352
723.655170         -24.504            152.400
723.665960         -24.542            152.447
723.676757         -24.581            152.494
723.687561         -24.619            152.541
723.698373         -24.658            152.589
723.709193         -24.696            152.636
723.720020         -24.734            152.684
723.730855         -24.773            152.731
723.741697         -24.811            152.779
723.752546         -24.849            152.826
723.763403         -24.888            152.874
723.774266         -24.926            152.921
723.785137         -24.964            152.969
723.796015         -25.002            153.016
723.806901         -25.041            153.064
723.817793         -25.079            153.112
723.828692         -25.117            153.160
723.839598         -25.155            153.207
723.850511         -25.193            153.255
723.861431         -25.232            153.303
723.872358         -25.270            153.351
723.883291         -25.308            153.399
723.894231         -25.346            153.447
723.905178         -25.384            153.495
723.916131         -25.422            153.543
723.927091         -25.460            153.591
723.938057         -25.498            153.639
723.949030         -25.536            153.687
723.960009         -25.574            153.735
723.970995         -25.612            153.783
723.981987         -25.650            153.831
723.992985         -25.688            153.880
724.003989         -25.726            153.928
724.015000         -25.764            153.976
724.026016         -25.802            154.025
724.037039         -25.839            154.073
724.048068         -25.877            154.121
724.059102         -25.915            154.170
724.070143         -25.953            154.218
724.081189         -25.991            154.267
724.092241         -26.028            154.315
724.103299         -26.066            154.364
724.114363         -26.104            154.412
724.125432         -26.141            154.461
724.136507         -26.179            154.510
724.147587         -26.217            154.558
724.158673         -26.254            154.607
724.169765         -26.292            154.656
724.180861         -26.330            154.705
724.191964         -26.367            154.754
724.203071         -26.405            154.802
724.214184         -26.442            154.851
724.225302         -26.480            154.900
724.236425         -26.517            154.949
724.247553         -26.555            154.998
724.258686         -26.592            155.047
724.269825         -26.630            155.096
724.280968         -26.667            155.145
724.292116         -26.704            155.195
724.303269         -26.742            155.244
724.314427         -26.779            155.293
724.325590         -26.816            155.342
724.336757         -26.854            155.392
724.347929         -26.891            155.441
724.359106         -26.928            155.490
724.370287         -26.966            155.540
724.381472         -27.003            155.589
724.392662         -27.040            155.639
724.403857         -27.077            155.688
724.415056         -27.114            155.738
724.426259         -27.152            155.787
724.437467         -27.189            155.837
724.448678         -27.226            155.886
724.459894         -27.263            155.936
724.471114         -27.300            155.986
724.482338         -27.337            156.035
724.493566         -27.374            156.085
724.504798         -27.411            156.135
724.516034         -27.448            156.185
724.527274         -27.485            156.235
724.538517         -27.522            156.285
724.549765         -27.559            156.335
724.561016         -27.596            156.385
724.572271         -27.632            156.435
724.583529         -27.669            156.485
724.594791         -27.706            156.535
724.606056         -27.743            156.585
724.617325         -27.780            156.635
724.628597         -27.817            156.685
724.639873         -27.853            156.736
724.651152         -27.890            156.786
724.662434         -27.927            156.836
724.673719         -27.963            156.887
724.685008         -28.000            156.937
724.696299         -28.037            156.988
724.707594         -28.073            157.038
724.718892         -28.110            157.088
724.730192         -28.146            157.139
724.741496         -28.183            157.190
724.752802         -28.220            157.240
724.764112         -28.256            157.291
724.775423         -28.292            157.342
724.786738         -28.329            157.392
724.798055         -28.365            157.443
724.809375         -28.402            157.494
724.820698         -28.438            157.545
724.832023         -28.475            157.596
724.843350         -28.511            157.647
724.854680         -28.547            157.698
724.866012         -28.584            157.748
724.877346         -28.620            157.800
724.888683         -28.656            157.851
724.900022         -28.692            157.902
724.911363         -28.729            157.953
724.922706         -28.765            158.004
724.934051         -28.801            158.055
724.945398         -28.837            158.107
724.956747         -28.873            158.158
724.968098         -28.909            158.209
724.979451         -28.945            158.261
724.990805         -28.981            158.312
725.002162         -29.017            158.363
725.013520         -29.053            158.415
725.024879         -29.089            158.466
725.036241         -29.125            158.518
725.047603         -29.161            158.570
725.058968         -29.197            158.621
725.070333         -29.233            158.673
725.081700         -29.269            158.725
725.093069         -29.305            158.776
725.104438         -29.341            158.828
725.115809         -29.376            158.880
725.127181         -29.412            158.932
725.138554         -29.448            158.984
725.149929         -29.484            159.036
725.161304         -29.519            159.088
725.172680         -29.555            159.140
725.184057         -29.591            159.192
725.195435         -29.626            159.244
725.206814         -29.662            159.296
725.218194         -29.697            159.348
725.229574         -29.733            159.401
725.240955         -29.768            159.453
725.252337         -29.804            159.505
725.263719         -29.839            159.558
725.275102         -29.875            159.610
725.286485         -29.910            159.662
725.297869         -29.946            159.715
725.309253         -29.981            159.767
725.320637         -30.016            159.820
725.332021         -30.052            159.872
725.343406         -30.087            159.925
725.354791         -30.122            159.978
725.366176         -30.158            160.030
725.377561         -30.193            160.083
725.388946         -30.228            160.136
725.400331         -30.263            160.189
725.411716         -30.298            160.242
725.423101         -30.334            160.295
725.434486         -30.369            160.348
725.445870         -30.404            160.401
725.457254         -30.439            160.454
725.468638         -30.474            160.507
725.480021         -30.509            160.560
725.491404         -30.544            160.613
725.502786         -30.579            160.666
725.514168         -30.614            160.719
725.525549         -30.649            160.773
725.536930         -30.684            160.826
725.548310         -30.718            160.879
725.559689         -30.753            160.933
725.571067         -30.788            160.986
725.582445         -30.823            161.040
725.593821         -30.858            161.093
725.605197         -30.892            161.147
725.616571         -30.927            161.200
725.627945         -30.962            161.254
725.639317         -30.996            161.308
725.650688         -31.031            161.362
725.662058         -31.066            161.415
725.673427         -31.100            161.469
725.684794         -31.135            161.523
725.696160         -31.169            161.577
725.707525         -31.204            161.631
725.718888         -31.238            161.685
725.730250         -31.273            161.739
725.741610         -31.307            161.793
725.752968         -31.341            161.847
725.764325         -31.376            161.901
725.775680         -31.410            161.955
725.787034         -31.444            162.010
725.798385         -31.479            162.064
725.809735         -31.513            162.118
725.821082         -31.547            162.173
725.832428         -31.581            162.227
725.843772         -31.615            162.282
725.855113         -31.650            162.336
725.866453         -31.684            162.391
725.877790         -31.718            162.445
725.889125         -31.752            162.500
725.900458         -31.786            162.554
725.911788         -31.820            162.609
725.923117         -31.854            162.664
725.934442         -31.888            162.719
725.945765         -31.922            162.774
725.957086         -31.956            162.828
725.968404         -31.990            162.883
725.979719         -32.023            162.938
725.991032         -32.057            162.993
726.002342         -32.091            163.048
726.013649         -32.125            163.104
726.024954         -32.158            163.159
726.036255         -32.192            163.214
726.047554         -32.226            163.269
726.058849         -32.260            163.324
726.070142         -32.293            163.380
726.081431         -32.327            163.435
726.092718         -32.360            163.490
726.104001         -32.394            163.546
726.115281         -32.427            163.601
726.126557         -32.461            163.657
726.137831         -32.494            163.713
726.149101         -32.528            163.768
726.160367         -32.561            163.824
726.171630         -32.594            163.880
726.182889         -32.628            163.935
726.194145         -32.661            163.991
726.205397         -32.694            164.047
726.216646         -32.728            164.103
726.227890         -32.761            164.159
726.239131         -32.794            164.215
726.250369         -32.827            164.271
726.261602         -32.860            164.327
726.272831         -32.893            164.383
726.284056         -32.926            164.439
726.295278         -32.959            164.495
726.306495         -32.993            164.552
726.317708         -33.025            164.608
726.328916         -33.058            164.664
726.340121         -33.091            164.721
726.351321         -33.124            164.777
726.362517         -33.157            164.834
726.373709         -33.190            164.890
726.384896         -33.223            164.947
726.396078         -33.256            165.003
726.407257         -33.288            165.060
726.418430         -33.321            165.117
726.429599         -33.354            165.173
726.440763         -33.386            165.230
726.451922         -33.419            165.287
726.463077         -33.452            165.344
726.474227         -33.484            165.401
726.485372         -33.517            165.458
726.496511         -33.549            165.515
726.507646         -33.582            165.572
726.518776         -33.614            165.629
726.529901         -33.647            165.686
726.541021         -33.679            165.743
726.552135         -33.711            165.801
726.563244         -33.744            165.858
726.574348         -33.776            165.915
726.585447         -33.808            165.973
726.596540         -33.840            166.030
726.607628         -33.873            166.088
726.618710         -33.905            166.145
726.629787         -33.937            166.203
726.640858         -33.969            166.260
726.651924         -34.001            166.318
726.662984         -34.033            166.376
726.674038         -34.065            166.433
726.685086         -34.097            166.491
726.696128         -34.129            166.549
726.707165         -34.161            166.607
726.718196         -34.193            166.665
726.729220         -34.225            166.723
726.740239         -34.257            166.781
726.751252         -34.288            166.839
726.762258         -34.320            166.897
726.773259         -34.352            166.955
726.784253         -34.384            167.014
726.795240         -34.415            167.072
726.806222         -34.447            167.130
726.817197         -34.478            167.188
726.828166         -34.510            167.247
726.839128         -34.542            167.305
726.850083         -34.573            167.364
726.861033         -34.605            167.422
726.871975         -34.636            167.481
726.882911         -34.667            167.540
726.893840         -34.699            167.598
726.904762         -34.730            167.657
726.915678         -34.761            167.716
726.926587         -34.793            167.775
726.937488         -34.824            167.834
726.948383         -34.855            167.893
726.959271         -34.886            167.952
726.970152         -34.917            168.011
726.981025         -34.949            168.070
726.991892         -34.980            168.129
727.002751         -35.011            168.188
727.013603         -35.042            168.247
727.024448         -35.073            168.306
727.035285         -35.104            168.366
727.046115         -35.135            168.425
727.056938         -35.165            168.484
727.067753         -35.196            168.544
727.078560         -35.227            168.603
727.089360         -35.258            168.663
727.100153         -35.289            168.723
727.110937         -35.319            168.782
727.121714         -35.350            168.842
727.132483         -35.381            168.902
727.143244         -35.411            168.961
727.153998         -35.442            169.021
727.164743         -35.472            169.081
727.175481         -35.503            169.141
727.186210         -35.533            169.201
727.196932         -35.564            169.261
727.207645         -35.594            169.321
727.218350         -35.625            169.381
727.229047         -35.655            169.442
727.239736         -35.685            169.502
727.250416         -35.715            169.562
727.261088         -35.746            169.622
727.271751         -35.776            169.683
727.282407         -35.806            169.743
727.293053         -35.836            169.804
727.303691         -35.866            169.864
727.314321         -35.896            169.925
727.324942         -35.926            169.985
727.335554         -35.956            170.046
727.346157         -35.986            170.107
727.356752         -36.016            170.168
727.367338         -36.046            170.228
727.377915         -36.076            170.289
727.388483         -36.106            170.350
727.399042         -36.136            170.411
727.409592         -36.165            170.472
727.420133         -36.195            170.533
727.430665         -36.225            170.594
727.441188         -36.254            170.655
727.451701         -36.284            170.717
727.462205         -36.313            170.778
727.472700         -36.343            170.839
727.483186         -36.372            170.901
727.493662         -36.402            170.962
727.504129         -36.431            171.023
727.514586         -36.461            171.085
727.525034         -36.490            171.146
727.535472         -36.519            171.208
727.545901         -36.549            171.270
727.556319         -36.578            171.331
727.566729         -36.607            171.393
727.577128         -36.636            171.455
727.587518         -36.665            171.517
727.597897         -36.694            171.579
727.608267         -36.724            171.641
727.618627         -36.753            171.703
727.628977         -36.782            171.765
727.639317         -36.810            171.827
727.649647         -36.839            171.889
727.659966         -36.868            171.951
727.670276         -36.897            172.013
727.680575         -36.926            172.076
727.690864         -36.955            172.138
727.701142         -36.983            172.200
727.711411         -37.012            172.263
727.721668         -37.041            172.325
727.731916         -37.069            172.388
727.742153         -37.098            172.451
727.752379         -37.126            172.513
727.762595         -37.155            172.576
727.772800         -37.183            172.639
727.782994         -37.212            172.701
727.793178         -37.240            172.764
727.803351         -37.268            172.827
727.813513         -37.297            172.890
727.823664         -37.325            172.953
727.833805         -37.353            173.016
727.843934         -37.381            173.079
727.854052         -37.410            173.142
727.864160         -37.438            173.206
727.874256         -37.466            173.269
727.884341         -37.494            173.332
727.894415         -37.522            173.395
727.904478         -37.550            173.459
727.914529         -37.578            173.522
727.924569         -37.606            173.586
727.934598         -37.633            173.649
727.944615         -37.661            173.713
727.954621         -37.689            173.777
727.964615         -37.717            173.840
727.974598         -37.744            173.904
727.984570         -37.772            173.968
727.994529         -37.800            174.032
728.004477         -37.827            174.096
728.014413         -37.855            174.160
728.024338         -37.882            174.224
728.034251         -37.910            174.288
728.044151         -37.937            174.352
728.054040         -37.964            174.416
728.063917         -37.992            174.480
728.073782         -38.019            174.544
728.083635         -38.046            174.609
728.093476         -38.074            174.673
728.103305         -38.101            174.737
728.113122         -38.128            174.802
728.122926         -38.155            174.866
728.132719         -38.182            174.931
728.142499         -38.209            174.996
728.152266         -38.236            175.060
728.162021         -38.263            175.125
728.171764         -38.290            175.190
728.181495         -38.317            175.255
728.191212         -38.343            175.319
728.200918         -38.370            175.384
728.210610         -38.397            175.449
728.220291         -38.424            175.514
728.229958         -38.450            175.579
728.239613         -38.477            175.645
728.249255         -38.503            175.710
728.258884         -38.530            175.775
728.268500         -38.556            175.840
728.278103         -38.583            175.906
728.287694         -38.609            175.971
728.297271         -38.636            176.036
728.306836         -38.662            176.102
728.316387         -38.688            176.167
728.325925         -38.714            176.233
728.335450         -38.741            176.299
728.344962         -38.767            176.364
728.354461         -38.793            176.430
728.363947         -38.819            176.496
728.373419         -38.845            176.562
728.382877         -38.871            176.627
728.392323         -38.897            176.693
728.401755         -38.923            176.759
728.411173         -38.949            176.825
728.420578         -38.974            176.891
728.429969         -39.000            176.958
728.439347         -39.026            177.024
728.448711         -39.052            177.090
728.458061         -39.077            177.156
728.467398         -39.103            177.223
728.476721         -39.128            177.289
728.486030         -39.154            177.355
728.495325         -39.179            177.422
728.504606         -39.205            177.488
728.513874         -39.230            177.555
728.523127         -39.256            177.622
728.532366         -39.281            177.688
728.541592         -39.306            177.755
728.550803         -39.331            177.822
728.560000         -39.356            177.889
728.569182         -39.382            177.956
728.578351         -39.407            178.023
728.587505         -39.432            178.090
728.596645         -39.457            178.157
728.605771         -39.482            178.224
728.614882         -39.507            178.291
728.623979         -39.531            178.358
728.633061         -39.556            178.425
728.642129         -39.581            178.493
728.651182         -39.606            178.560
728.660221         -39.630            178.628
728.669245         -39.655            178.695
728.678254         -39.680            178.762
728.687249         -39.704            178.830
728.696229         -39.729            178.898
728.705194         -39.753            178.965
728.714144         -39.778            179.033
728.723080         -39.802            179.101
728.732000         -39.826            179.169
728.740905         -39.851            179.236
728.749796         -39.875            179.304
728.758671         -39.899            179.372
728.767532         -39.923            179.440
728.776377         -39.947            179.508
728.785207         -39.971            179.577
728.794022         -39.995            179.645
728.802822         -40.019            179.713
728.811606         -40.043            179.781
728.820375         -40.067            179.849
728.829129         -40.091            179.918
728.837867         -40.115            179.986
728.846590         -40.139            -179.945
728.855298         -40.162            -179.877
728.863990         -40.186            -179.808
728.872666         -40.210            -179.740
728.881327         -40.233            -179.671
728.889972         -40.257            -179.602
728.898602         -40.280            -179.533
728.907216         -40.303            -179.465
728.915814         -40.327            -179.396
728.924396         -40.350            -179.327
728.932963         -40.373            -179.258
728.941514         -40.397            -179.189
728.950048         -40.420            -179.120
728.958567         -40.443            -179.051
728.967070         -40.466            -178.981
728.975557         -40.489            -178.912
728.984028         -40.512            -178.843
728.992483         -40.535            -178.774
729.000921         -40.558            -178.704
729.009344         -40.581            -178.635
729.017750         -40.604            -178.565
729.026140         -40.627            -178.496
729.034514         -40.649            -178.426
729.042872         -40.672            -178.357
729.051213         -40.695            -178.287
729.059538         -40.717            -178.217
729.067846         -40.740            -178.147
729.076138         -40.762            -178.078
729.084414         -40.785            -178.008
729.092673         -40.807            -177.938
729.100915         -40.829            -177.868
729.109141         -40.852            -177.798
729.117350         -40.874            -177.728
729.125542         -40.896            -177.658
729.133718         -40.918            -177.587
729.141877         -40.940            -177.517
729.150019         -40.962            -177.447
729.158145         -40.984            -177.377
729.166253         -41.006            -177.306
729.174345         -41.028            -177.236
729.182420         -41.050            -177.165
729.190478         -41.072            -177.095
729.198519         -41.094            -177.024
729.206542         -41.116            -176.954
729.214549         -41.137            -176.883
729.222539         -41.159            -176.812
729.230511         -41.180            -176.742
729.238466         -41.202            -176.671
729.246405         -41.223            -176.600
729.254325         -41.245            -176.529
729.262229         -41.266            -176.458
729.270115         -41.288            -176.387
729.277984         -41.309            -176.316
729.285836         -41.330            -176.245
729.293670         -41.351            -176.174
729.301486         -41.372            -176.103
729.309285         -41.393            -176.031
729.317067         -41.414            -175.960
729.324831         -41.435            -175.889
729.332578         -41.456            -175.817
729.340306         -41.477            -175.746
729.348018         -41.498            -175.674
729.355711         -41.519            -175.603
729.363387         -41.540            -175.531
729.371045         -41.560            -175.460
729.378685         -41.581            -175.388
729.386307         -41.602            -175.316
729.393912         -41.622            -175.244
729.401498         -41.643            -175.173
729.409067         -41.663            -175.101
729.416618         -41.683            -175.029
729.424150         -41.704            -174.957
729.431665         -41.724            -174.885
729.439162         -41.744            -174.813
729.446640         -41.764            -174.741
729.454100         -41.785            -174.668
729.461543         -41.805            -174.596
729.468966         -41.825            -174.524
729.476372         -41.845            -174.452
729.483760         -41.865            -174.379
729.491129         -41.884            -174.307
729.498480         -41.904            -174.234
729.505812         -41.924            -174.162
729.513126         -41.944            -174.089
729.520422         -41.963            -174.017
729.527699         -41.983            -173.944
729.534958         -42.003            -173.871
729.542198         -42.022            -173.799
729.549419         -42.042            -173.726
729.556622         -42.061            -173.653
729.563807         -42.080            -173.580
729.570972         -42.100            -173.507
729.578119         -42.119            -173.434
729.585248         -42.138            -173.361
729.592357         -42.157            -173.288
729.599448         -42.177            -173.215
729.606520         -42.196            -173.142
729.613573         -42.215            -173.069
729.620607         -42.234            -172.996
729.627622         -42.252            -172.922
729.634619         -42.271            -172.849
729.641596         -42.290            -172.776
729.648555         -42.309            -172.702
729.655494         -42.327            -172.629
729.662414         -42.346            -172.555
729.669315         -42.365            -172.482
729.676197         -42.383            -172.408
729.683060         -42.402            -172.334
729.689904         -42.420            -172.261
729.696729         -42.439            -172.187
729.703534         -42.457            -172.113
729.710320         -42.475            -172.039
729.717086         -42.493            -171.965
729.723834         -42.511            -171.891
729.730562         -42.530            -171.817
729.737270         -42.548            -171.743
729.743959         -42.566            -171.669
729.750629         -42.584            -171.595
729.757279         -42.601            -171.521
729.763910         -42.619            -171.447
729.770521         -42.637            -171.373
729.777113         -42.655            -171.298
729.783685         -42.672            -171.224
729.790237         -42.690            -171.150
729.796770         -42.708            -171.075
729.803282         -42.725            -171.001
729.809776         -42.743            -170.926
729.816249         -42.760            -170.852
729.822703         -42.777            -170.777
729.829137         -42.795            -170.702
729.835551         -42.812            -170.628
729.841945         -42.829            -170.553
729.848319         -42.846            -170.478
729.854674         -42.863            -170.403
729.861008         -42.880            -170.329
729.867323         -42.897            -170.254
729.873617         -42.914            -170.179
729.879891         -42.931            -170.104
729.886146         -42.948            -170.029
729.892380         -42.965            -169.954
729.898594         -42.981            -169.879
729.904788         -42.998            -169.803
729.910962         -43.015            -169.728
729.917116         -43.031            -169.653
729.923249         -43.048            -169.578
729.929362         -43.064            -169.502
729.935455         -43.080            -169.427
729.941527         -43.097            -169.352
729.947580         -43.113            -169.276
729.953612         -43.129            -169.201
729.959623         -43.145            -169.125
729.965614         -43.162            -169.049
729.971585         -43.178            -168.974
729.977535         -43.194            -168.898
729.983464         -43.209            -168.822
729.989373         -43.225            -168.747
729.995262         -43.241            -168.671
730.001130         -43.257            -168.595
730.006977         -43.273            -168.519
730.012804         -43.288            -168.443
730.018610         -43.304            -168.367
730.024396         -43.319            -168.291
730.030160         -43.335            -168.215
730.035904         -43.350            -168.139
730.041628         -43.366            -168.063
730.047330         -43.381            -167.987
730.053012         -43.396            -167.911
730.058672         -43.411            -167.835
730.064312         -43.427            -167.758
730.069931         -43.442            -167.682
730.075530         -43.457            -167.606
730.081107         -43.472            -167.529
730.086663         -43.487            -167.453
730.092198         -43.501            -167.376
730.097713         -43.516            -167.300
730.103206         -43.531            -167.223
730.108678         -43.546            -167.147
730.114129         -43.560            -167.070
730.119559         -43.575            -166.993
730.124968         -43.589            -166.917
730.130356         -43.604            -166.840
730.135722         -43.618            -166.763
730.141068         -43.633            -166.686
730.146392         -43.647            -166.609
730.151695         -43.661            -166.532
730.156976         -43.675            -166.455
730.162237         -43.689            -166.379
730.167476         -43.703            -166.301
730.172693         -43.717            -166.224
730.177890         -43.731            -166.147
730.183065         -43.745            -166.070
730.188218         -43.759            -165.993
730.193350         -43.773            -165.916
730.198461         -43.787            -165.839
730.203550         -43.800            -165.761
730.208618         -43.814            -165.684
730.213664         -43.827            -165.607
730.218688         -43.841            -165.529
730.223691         -43.854            -165.452
730.228673         -43.868            -165.374
730.233633         -43.881            -165.297
730.238571         -43.894            -165.219
730.243487         -43.907            -165.142
730.248382         -43.920            -165.064
730.253255         -43.934            -164.987
730.258107         -43.947            -164.909
730.262936         -43.959            -164.831
730.267744         -43.972            -164.753
730.272530         -43.985            -164.676
730.277295         -43.998            -164.598
730.282037         -44.011            -164.520
730.286758         -44.023            -164.442
730.291457         -44.036            -164.364
730.296133         -44.048            -164.286
730.300788         -44.061            -164.208
730.305421         -44.073            -164.130
730.310032         -44.086            -164.052
730.314622         -44.098            -163.974
730.319189         -44.110            -163.896
730.323734         -44.122            -163.818
730.328257         -44.135            -163.739
730.332758         -44.147            -163.661
730.337237         -44.159            -163.583
730.341694         -44.171            -163.505
730.346128         -44.183            -163.426
730.350541         -44.194            -163.348
730.354931         -44.206            -163.270
730.359299         -44.218            -163.191
730.363646         -44.230            -163.113
730.367969         -44.241            -163.034
730.372271         -44.253            -162.956
730.376550         -44.264            -162.877
730.380807         -44.276            -162.798
730.385042         -44.287            -162.720
730.389255         -44.298            -162.641
730.393445         -44.309            -162.563
730.397613         -44.321            -162.484
730.401758         -44.332            -162.405
730.405881         -44.343            -162.326
730.409982         -44.354            -162.247
730.414060         -44.365            -162.169
730.418116         -44.376            -162.090
730.422149         -44.386            -162.011
730.426160         -44.397            -161.932
730.430149         -44.408            -161.853
730.434115         -44.418            -161.774
730.438058         -44.429            -161.695
730.441979         -44.439            -161.616
730.445877         -44.450            -161.537
730.449753         -44.460            -161.458
730.453606         -44.471            -161.378
730.457437         -44.481            -161.299
730.461244         -44.491            -161.220
730.465030         -44.501            -161.141
730.468792         -44.511            -161.062
730.472532         -44.521            -160.982
730.476249         -44.531            -160.903
730.479944         -44.541            -160.824
730.483615         -44.551            -160.744
730.487264         -44.561            -160.665
730.490891         -44.571            -160.585
730.494494         -44.580            -160.506
730.498075         -44.590            -160.427
730.501633         -44.599            -160.347
730.505168         -44.609            -160.267
730.508680         -44.618            -160.188
730.512169         -44.628            -160.108
730.515636         -44.637            -160.029
730.519079         -44.646            -159.949
730.522500         -44.655            -159.869
730.525898         -44.664            -159.790
730.529272         -44.673            -159.710
730.532624         -44.682            -159.630
730.535953         -44.691            -159.550
730.539259         -44.700            -159.471
730.542542         -44.709            -159.391
730.545802         -44.718            -159.311
730.549039         -44.726            -159.231
730.552253         -44.735            -159.151
730.555444         -44.744            -159.071
730.558611         -44.752            -158.991
730.561756         -44.760            -158.911
730.564878         -44.769            -158.831
730.567976         -44.777            -158.751
730.571052         -44.785            -158.671
730.574104         -44.794            -158.591
730.577133         -44.802            -158.511
730.580139         -44.810            -158.431
730.583121         -44.818            -158.351
730.586081         -44.826            -158.271
730.589017         -44.834            -158.190
730.591931         -44.841            -158.110
730.594820         -44.849            -158.030
730.597687         -44.857            -157.950
730.600531         -44.864            -157.869
730.603351         -44.872            -157.789
730.606148         -44.879            -157.709
730.608921         -44.887            -157.628
730.611672         -44.894            -157.548
730.614399         -44.902            -157.468
730.617102         -44.909            -157.387
730.619783         -44.916            -157.307
730.622439         -44.923            -157.226
730.625073         -44.930            -157.146
730.627683         -44.937            -157.065
730.630270         -44.944            -156.985
730.632834         -44.951            -156.904
730.635374         -44.958            -156.824
730.637890         -44.964            -156.743
730.640384         -44.971            -156.663
730.642853         -44.978            -156.582
730.645300         -44.984            -156.501
730.647722         -44.991            -156.421
730.650122         -44.997            -156.340
730.652498         -45.004            -156.259
730.654850         -45.010            -156.179
730.657179         -45.016            -156.098
730.659484         -45.022            -156.017
730.661766         -45.028            -155.936
730.664024         -45.034            -155.856
730.666259         -45.040            -155.775
730.668470         -45.046            -155.694
730.670658         -45.052            -155.613
730.672822         -45.058            -155.532
730.674963         -45.064            -155.451
730.677079         -45.069            -155.371
730.679173         -45.075            -155.290
730.681242         -45.081            -155.209
730.683288         -45.086            -155.128
730.685311         -45.092            -155.047
730.687310         -45.097            -154.966
730.689285         -45.102            -154.885
730.691236         -45.107            -154.804
730.693164         -45.113            -154.723
730.695068         -45.118            -154.642
730.696948         -45.123            -154.561
730.698805         -45.128            -154.480
730.700638         -45.133            -154.399
730.702447         -45.137            -154.318
730.704233         -45.142            -154.236
730.705995         -45.147            -154.155
730.707733         -45.152            -154.074
730.709448         -45.156            -153.993
730.711138         -45.161            -153.912
730.712805         -45.165            -153.831
730.714448         -45.170            -153.750
730.716068         -45.174            -153.668
730.717663         -45.178            -153.587
730.719235         -45.182            -153.506
730.720783         -45.187            -153.425
730.722307         -45.191            -153.343
730.723808         -45.195            -153.262
730.725284         -45.199            -153.181
730.726737         -45.203            -153.100
730.728166         -45.206            -153.018
730.729571         -45.210            -152.937
730.730952         -45.214            -152.856
730.732310         -45.217            -152.774
730.733643         -45.221            -152.693
730.734953         -45.225            -152.612
730.736239         -45.228            -152.530
730.737501         -45.231            -152.449
730.738739         -45.235            -152.368
730.739953         -45.238            -152.286
730.741144         -45.241            -152.205
730.742310         -45.244            -152.123
730.743453         -45.247            -152.042
730.744572         -45.250            -151.960
730.745666         -45.253            -151.879
730.746737         -45.256            -151.798
730.747784         -45.259            -151.716
730.748807         -45.262            -151.635
730.749806         -45.264            -151.553
730.750782         -45.267            -151.472
730.751733         -45.269            -151.390
730.752660         -45.272            -151.309
730.753564         -45.274            -151.227
730.754443         -45.277            -151.146
730.755299         -45.279            -151.064
730.756130         -45.281            -150.983
730.756938         -45.283            -150.901
730.757721         -45.286            -150.820
730.758481         -45.288            -150.738
730.759217         -45.290            -150.657
730.759928         -45.291            -150.575
730.760616         -45.293            -150.493
730.761280         -45.295            -150.412
730.761920         -45.297            -150.330
730.762536         -45.298            -150.249
730.763127         -45.300            -150.167
730.763695         -45.302            -150.086
730.764239         -45.303            -150.004
730.764759         -45.304            -149.922
730.765255         -45.306            -149.841
730.765727         -45.307            -149.759
730.766175         -45.308            -149.678
730.766599         -45.309            -149.596
730.766998         -45.310            -149.514
730.767374         -45.311            -149.433
730.767726         -45.312            -149.351
730.768054         -45.313            -149.269
730.768358         -45.314            -149.188
730.768638         -45.315            -149.106
730.768894         -45.315            -149.025
730.769125         -45.316            -148.943
730.769333         -45.317            -148.861
730.769517         -45.317            -148.780
730.769677         -45.318            -148.698
730.769813         -45.318            -148.616
730.769924         -45.318            -148.535
730.770012         -45.318            -148.453
730.770076         -45.319            -148.371
730.770116         -45.319            -148.290
730.770131         -45.319            -148.208
730.770123         -45.319            -148.127
730.770091         -45.319            -148.045
730.770034         -45.319            -147.963
730.769954         -45.318            -147.882
730.769849         -45.318            -147.800
730.769721         -45.318            -147.718
730.769569         -45.317            -147.637
730.769392         -45.317            -147.555
730.769192         -45.316            -147.473
730.768967         -45.316            -147.392
730.768719         -45.315            -147.310
730.768446         -45.314            -147.229
730.768150         -45.313            -147.147
730.767829         -45.313            -147.065
730.767485         -45.312            -146.984
730.767116         -45.311            -146.902
730.766724         -45.310            -146.820
730.766307         -45.309            -146.739
730.765866         -45.307            -146.657
730.765402         -45.306            -146.576
730.764913         -45.305            -146.494
730.764401         -45.303            -146.412
730.763864         -45.302            -146.331
730.763304         -45.300            -146.249
730.762719         -45.299            -146.168
730.762111         -45.297            -146.086
730.761478         -45.296            -146.005
730.760822         -45.294            -145.923
730.760142         -45.292            -145.841
730.759437         -45.290            -145.760
730.758709         -45.288            -145.678
730.757956         -45.286            -145.597
730.757180         -45.284            -145.515
730.756380         -45.282            -145.434
730.755556         -45.280            -145.352
730.754708         -45.277            -145.271
730.753835         -45.275            -145.189
730.752939         -45.273            -145.108
730.752019         -45.270            -145.026
730.751075         -45.268            -144.945
730.750108         -45.265            -144.863
730.749116         -45.262            -144.782
730.748100         -45.260            -144.700
730.747060         -45.257            -144.619
730.745997         -45.254            -144.537
730.744909         -45.251            -144.456
730.743798         -45.248            -144.374
730.742663         -45.245            -144.293
730.741504         -45.242            -144.212
730.740320         -45.239            -144.130
730.739114         -45.236            -144.049
730.737883         -45.232            -143.967
730.736628         -45.229            -143.886
730.735349         -45.226            -143.805
730.734047         -45.222            -143.723
730.732721         -45.219            -143.642
730.731371         -45.215            -143.561
730.729997         -45.211            -143.479
730.728599         -45.207            -143.398
730.727177         -45.204            -143.317
730.725732         -45.200            -143.235
730.724262         -45.196            -143.154
730.722769         -45.192            -143.073
730.721252         -45.188            -142.992
730.719711         -45.184            -142.910
730.718147         -45.179            -142.829
730.716559         -45.175            -142.748
730.714947         -45.171            -142.667
730.713311         -45.167            -142.585
730.711651         -45.162            -142.504
730.709968         -45.158            -142.423
730.708261         -45.153            -142.342
730.706530         -45.148            -142.261
730.704775         -45.144            -142.180
730.702997         -45.139            -142.099
730.701195         -45.134            -142.018
730.699369         -45.129            -141.936
730.697519         -45.124            -141.855
730.695646         -45.119            -141.774
730.693749         -45.114            -141.693
730.691829         -45.109            -141.612
730.689885         -45.104            -141.531
730.687917         -45.099            -141.450
730.685925         -45.093            -141.369
730.683910         -45.088            -141.288
730.681871         -45.082            -141.207
730.679809         -45.077            -141.126
730.677723         -45.071            -141.046
730.675613         -45.066            -140.965
730.673480         -45.060            -140.884
730.671323         -45.054            -140.803
730.669143         -45.048            -140.722
730.666939         -45.042            -140.641
730.664711         -45.036            -140.560
730.662460         -45.030            -140.480
730.660185         -45.024            -140.399
730.657887         -45.018            -140.318
730.655566         -45.012            -140.237
730.653220         -45.006            -140.157
730.650852         -44.999            -140.076
730.648460         -44.993            -139.995
730.646044         -44.986            -139.915
730.643605         -44.980            -139.834
730.641142         -44.973            -139.753
730.638656         -44.967            -139.673
730.636147         -44.960            -139.592
730.633614         -44.953            -139.512
730.631058         -44.946            -139.431
730.628478         -44.939            -139.351
730.625875         -44.932            -139.270
730.623248         -44.925            -139.190
730.620599         -44.918            -139.109
730.617925         -44.911            -139.029
730.615229         -44.904            -138.948
730.612509         -44.896            -138.868
730.609766         -44.889            -138.788
730.606999         -44.882            -138.707
730.604210         -44.874            -138.627
730.601397         -44.867            -138.547
730.598560         -44.859            -138.466
730.595701         -44.851            -138.386
730.592818         -44.844            -138.306
730.589912         -44.836            -138.226
730.586983         -44.828            -138.145
730.584030         -44.820            -138.065
730.581054         -44.812            -137.985
730.578056         -44.804            -137.905
730.575034         -44.796            -137.825
730.571989         -44.788            -137.745
730.568920         -44.780            -137.665
730.565829         -44.771            -137.585
730.562714         -44.763            -137.505
730.559577         -44.755            -137.425
730.556416         -44.746            -137.345
730.553232         -44.738            -137.265
730.550025         -44.729            -137.185
730.546796         -44.720            -137.105
730.543543         -44.712            -137.025
730.540267         -44.703            -136.945
730.536968         -44.694            -136.865
730.533646         -44.685            -136.786
730.530301         -44.676            -136.706
730.526933         -44.667            -136.626
730.523543         -44.658            -136.546
730.520129         -44.649            -136.467
730.516692         -44.640            -136.387
730.513233         -44.630            -136.307
730.509751         -44.621            -136.228
730.506245         -44.612            -136.148
730.502717         -44.602            -136.069
730.499167         -44.593            -135.989
730.495593         -44.583            -135.910
730.491996         -44.574            -135.830
730.488377         -44.564            -135.751
730.484735         -44.554            -135.671
730.481070         -44.544            -135.592
730.477383         -44.534            -135.513
730.473673         -44.524            -135.433
730.469940         -44.514            -135.354
730.466184         -44.504            -135.275
730.462406         -44.494            -135.195
730.458605         -44.484            -135.116
730.454781         -44.474            -135.037
730.450935         -44.463            -134.958
730.447066         -44.453            -134.879
730.443175         -44.443            -134.800
730.439261         -44.432            -134.721
730.435325         -44.422            -134.642
730.431365         -44.411            -134.563
730.427384         -44.400            -134.484
730.423380         -44.390            -134.405
730.419353         -44.379            -134.326
730.415304         -44.368            -134.247
730.411233         -44.357            -134.168
730.407139         -44.346            -134.089
730.403023         -44.335            -134.010
730.398884         -44.324            -133.932
730.394723         -44.313            -133.853
730.390540         -44.302            -133.774
730.386334         -44.290            -133.696
730.382106         -44.279            -133.617
730.377856         -44.268            -133.538
730.373584         -44.256            -133.460
730.369289         -44.245            -133.381
730.364972         -44.233            -133.303
730.360633         -44.221            -133.224
730.356271         -44.210            -133.146
730.351887         -44.198            -133.067
730.347482         -44.186            -132.989
730.343054         -44.174            -132.911
730.338604         -44.162            -132.832
730.334131         -44.150            -132.754
730.329637         -44.138            -132.676
730.325121         -44.126            -132.598
730.320583         -44.114            -132.519
730.316022         -44.102            -132.441
730.311440         -44.090            -132.363
730.306836         -44.077            -132.285
730.302209         -44.065            -132.207
730.297561         -44.052            -132.129
730.292891         -44.040            -132.051
730.288199         -44.027            -131.973
730.283485         -44.015            -131.895
730.278749         -44.002            -131.817
730.273991         -43.989            -131.740
730.269212         -43.976            -131.662
730.264411         -43.963            -131.584
730.259588         -43.950            -131.506
730.254743         -43.937            -131.429
730.249876         -43.924            -131.351
730.244988         -43.911            -131.273
730.240078         -43.898            -131.196
730.235147         -43.885            -131.118
730.230194         -43.872            -131.041
730.225219         -43.858            -130.963
730.220223         -43.845            -130.886
730.215205         -43.831            -130.808
730.210165         -43.818            -130.731
730.205104         -43.804            -130.654
730.200021         -43.791            -130.576
730.194917         -43.777            -130.499
730.189792         -43.763            -130.422
730.184645         -43.749            -130.345
730.179477         -43.736            -130.268
730.174287         -43.722            -130.191
730.169076         -43.708            -130.113
730.163843         -43.694            -130.036
730.158589         -43.680            -129.959
730.153314         -43.665            -129.882
730.148018         -43.651            -129.806
730.142700         -43.637            -129.729
730.137361         -43.623            -129.652
730.132001         -43.608            -129.575
730.126620         -43.594            -129.498
730.121218         -43.579            -129.422
730.115794         -43.565            -129.345
730.110349         -43.550            -129.268
730.104884         -43.535            -129.192
730.099397         -43.521            -129.115
730.093889         -43.506            -129.039
730.088360         -43.491            -128.962
730.082810         -43.476            -128.886
730.077239         -43.461            -128.809
730.071648         -43.446            -128.733
730.066035         -43.431            -128.656
730.060401         -43.416            -128.580
730.054747         -43.401            -128.504
730.049072         -43.386            -128.428
730.043376         -43.370            -128.352
730.037659         -43.355            -128.275
730.031921         -43.340            -128.199
730.026163         -43.324            -128.123
730.020384         -43.309            -128.047
730.014584         -43.293            -127.971
730.008764         -43.277            -127.895
730.002923         -43.262            -127.820
729.997061         -43.246            -127.744
729.991179         -43.230            -127.668
729.985276         -43.214            -127.592
729.979352         -43.198            -127.516
729.973409         -43.182            -127.441
729.967444         -43.166            -127.365
729.961460         -43.150            -127.289
729.955454         -43.134            -127.214
729.949429         -43.118            -127.138
729.943383         -43.102            -127.063
729.937316         -43.085            -126.988
729.931230         -43.069            -126.912
729.925123         -43.053            -126.837
729.918996         -43.036            -126.761
729.912848         -43.020            -126.686
729.906681         -43.003            -126.611
729.900493         -42.987            -126.536
729.894285         -42.970            -126.461
729.888057         -42.953            -126.386
729.881809         -42.936            -126.311
729.875540         -42.919            -126.236
729.869252         -42.903            -126.161
729.862944         -42.886            -126.086
729.856615         -42.869            -126.011
729.850267         -42.852            -125.936
729.843899         -42.834            -125.861
729.837511         -42.817            -125.786
729.831103         -42.800            -125.712
729.824675         -42.783            -125.637
729.818227         -42.765            -125.563
729.811760         -42.748            -125.488
729.805273         -42.731            -125.413
729.798766         -42.713            -125.339
729.792239         -42.695            -125.265
729.785693         -42.678            -125.190
729.779127         -42.660            -125.116
729.772541         -42.643            -125.041
729.765936         -42.625            -124.967
729.759312         -42.607            -124.893
729.752667         -42.589            -124.819
729.746004         -42.571            -124.745
729.739320         -42.553            -124.671
729.732618         -42.535            -124.597
729.725896         -42.517            -124.523
729.719154         -42.499            -124.449
729.712394         -42.481            -124.375
729.705614         -42.462            -124.301
729.698814         -42.444            -124.227
729.691996         -42.426            -124.153
729.685158         -42.407            -124.080
729.678301         -42.389            -124.006
729.671425         -42.370            -123.932
729.664529         -42.352            -123.859
729.657615         -42.333            -123.785
729.650681         -42.315            -123.712
729.643729         -42.296            -123.638
729.636757         -42.277            -123.565
729.629767         -42.258            -123.492
729.622757         -42.239            -123.418
729.615729         -42.220            -123.345
729.608681         -42.201            -123.272
729.601615         -42.182            -123.199
729.594530         -42.163            -123.125
729.587426         -42.144            -123.052
729.580304         -42.125            -122.979
729.573163         -42.106            -122.906
729.566003         -42.086            -122.833
729.558824         -42.067            -122.761
729.551627         -42.048            -122.688
729.544411         -42.028            -122.615
729.537176         -42.009            -122.542
729.529923         -41.989            -122.470
729.522652         -41.970            -122.397
729.515362         -41.950            -122.324
729.508053         -41.930            -122.252
729.500727         -41.910            -122.179
729.493381         -41.891            -122.107
729.486018         -41.871            -122.034
729.478636         -41.851            -121.962
729.471236         -41.831            -121.890
729.463818         -41.811            -121.817
729.456381         -41.791            -121.745
729.448926         -41.771            -121.673
729.441453         -41.750            -121.601
729.433962         -41.730            -121.529
729.426453         -41.710            -121.457
729.418926         -41.690            -121.385
729.411381         -41.669            -121.313
729.403818         -41.649            -121.241
729.396237         -41.628            -121.169
729.388638         -41.608            -121.097
729.381021         -41.587            -121.025
729.373386         -41.567            -120.954
729.365733         -41.546            -120.882
729.358063         -41.525            -120.811
729.350375         -41.504            -120.739
729.342669         -41.484            -120.667
729.334946         -41.463            -120.596
729.327205         -41.442            -120.525
729.319446         -41.421            -120.453
729.311670         -41.400            -120.382
729.303876         -41.379            -120.311
729.296065         -41.358            -120.239
729.288236         -41.337            -120.168
729.280390         -41.315            -120.097
729.272526         -41.294            -120.026
729.264645         -41.273            -119.955
729.256747         -41.251            -119.884
729.248832         -41.230            -119.813
729.240899         -41.208            -119.742
729.232949         -41.187            -119.671
729.224982         -41.165            -119.601
729.216997         -41.144            -119.530
729.208996         -41.122            -119.459
729.200977         -41.100            -119.389
729.192942         -41.079            -119.318
729.184889         -41.057            -119.248
729.176819         -41.035            -119.177
729.168733         -41.013            -119.107
729.160629         -40.991            -119.036
729.152509         -40.969            -118.966
729.144372         -40.947            -118.896
729.136218         -40.925            -118.825
729.128047         -40.903            -118.755
729.119860         -40.881            -118.685
729.111656         -40.858            -118.615
729.103435         -40.836            -118.545
729.095198         -40.814            -118.475
729.086944         -40.791            -118.405
729.078674         -40.769            -118.335
729.070387         -40.747            -118.265
729.062083         -40.724            -118.196
729.053764         -40.702            -118.126
729.045427         -40.679            -118.056
729.037075         -40.656            -117.986
729.028706         -40.634            -117.917
729.020321         -40.611            -117.847
729.011920         -40.588            -117.778
729.003502         -40.565            -117.708
728.995068         -40.542            -117.639
728.986618         -40.519            -117.570
728.978152         -40.496            -117.500
728.969670         -40.473            -117.431
728.961172         -40.450            -117.362
728.952658         -40.427            -117.293
728.944128         -40.404            -117.224
728.935583         -40.381            -117.155
728.927021         -40.357            -117.086
728.918443         -40.334            -117.017
728.909850         -40.311            -116.948
728.901241         -40.287            -116.879
728.892616         -40.264            -116.810
728.883976         -40.240            -116.742
728.875320         -40.217            -116.673
728.866648         -40.193            -116.604
728.857961         -40.170            -116.536
728.849258         -40.146            -116.467
728.840540         -40.122            -116.399
728.831806         -40.098            -116.330
728.823057         -40.074            -116.262
728.814293         -40.051            -116.193
728.805513         -40.027            -116.125
728.796718         -40.003            -116.057
728.787908         -39.979            -115.989
728.779082         -39.955            -115.921
728.770242         -39.931            -115.853
728.761386         -39.906            -115.784
728.752515         -39.882            -115.717
728.743629         -39.858            -115.649
728.734728         -39.834            -115.581
728.725812         -39.809            -115.513
728.716882         -39.785            -115.445
728.707936         -39.761            -115.377
728.698975         -39.736            -115.310
728.690000         -39.712            -115.242
728.681010         -39.687            -115.175
728.672005         -39.663            -115.107
728.662986         -39.638            -115.040
728.653951         -39.613            -114.972
728.644903         -39.589            -114.905
728.635839         -39.564            -114.837
728.626761         -39.539            -114.770
728.617669         -39.514            -114.703
728.608562         -39.489            -114.636
728.599441         -39.464            -114.569
728.590305         -39.439            -114.502
728.581155         -39.414            -114.435
728.571991         -39.389            -114.368
728.562813         -39.364            -114.301
728.553620         -39.339            -114.234
728.544413         -39.314            -114.167
728.535192         -39.289            -114.100
728.525957         -39.263            -114.034
728.516708         -39.238            -113.967
728.507445         -39.213            -113.900
728.498168         -39.187            -113.834
728.488877         -39.162            -113.767
728.479573         -39.136            -113.701
728.470254         -39.111            -113.634
728.460922         -39.085            -113.568
728.451575         -39.059            -113.502
728.442216         -39.034            -113.435
728.432842         -39.008            -113.369
728.423455         -38.982            -113.303
728.414054         -38.957            -113.237
728.404640         -38.931            -113.171
728.395212         -38.905            -113.105
728.385771         -38.879            -113.039
728.376316         -38.853            -112.973
728.366848         -38.827            -112.907
728.357367         -38.801            -112.841
728.347872         -38.775            -112.776
728.338364         -38.749            -112.710
728.328843         -38.722            -112.644
728.319309         -38.696            -112.579
728.309762         -38.670            -112.513
728.300201         -38.644            -112.448
728.290628         -38.617            -112.382
728.281041         -38.591            -112.317
728.271442         -38.565            -112.252
728.261829         -38.538            -112.186
728.252204         -38.512            -112.121
728.242566         -38.485            -112.056
728.232915         -38.458            -111.991
728.223252         -38.432            -111.926
728.213576         -38.405            -111.861
728.203887         -38.378            -111.796
728.194185         -38.352            -111.731
728.184471         -38.325            -111.666
728.174745         -38.298            -111.601
728.165006         -38.271            -111.536
728.155254         -38.244            -111.471
728.145491         -38.217            -111.407
728.135714         -38.190            -111.342
728.125926         -38.163            -111.278
728.116125         -38.136            -111.213
728.106312         -38.109            -111.149
728.096487         -38.082            -111.084
728.086650         -38.055            -111.020
728.076801         -38.027            -110.955
728.066939         -38.000            -110.891
728.057066         -37.973            -110.827
728.047181         -37.945            -110.763
728.037283         -37.918            -110.699
728.027374         -37.891            -110.635
728.017453         -37.863            -110.571
728.007521         -37.836            -110.507
727.997576         -37.808            -110.443
727.987620         -37.781            -110.379
727.977653         -37.753            -110.315
727.967673         -37.725            -110.251
727.957682         -37.697            -110.188
727.947680         -37.670            -110.124
727.937666         -37.642            -110.060
727.927641         -37.614            -109.997
727.917604         -37.586            -109.933
727.907556         -37.558            -109.870
727.897497         -37.530            -109.806
727.887427         -37.502            -109.743
727.877345         -37.474            -109.680
727.867252         -37.446            -109.616
727.857148         -37.418            -109.553
727.847033         -37.390            -109.490
727.836907         -37.362            -109.427
727.826770         -37.334            -109.364
727.816622         -37.305            -109.301
727.806464         -37.277            -109.238
727.796294         -37.249            -109.175
727.786113         -37.220            -109.112
727.775922         -37.192            -109.049
727.765721         -37.164            -108.986
727.755508         -37.135            -108.924
727.745285         -37.107            -108.861
727.735051         -37.078            -108.798
727.724807         -37.049            -108.736
727.714552         -37.021            -108.673
727.704287         -36.992            -108.611
727.694012         -36.963            -108.549
727.683726         -36.935            -108.486
727.673430         -36.906            -108.424
727.663124         -36.877            -108.362
727.652807         -36.848            -108.299
727.642481         -36.819            -108.237
727.632144         -36.790            -108.175
727.621797         -36.761            -108.113
727.611440         -36.732            -108.051
727.601073         -36.703            -107.989
727.590697         -36.674            -107.927
727.580310         -36.645            -107.865
727.569914         -36.616            -107.803
727.559508         -36.587            -107.742
727.549092         -36.558            -107.680
727.538666         -36.528            -107.618
727.528231         -36.499            -107.557
727.517786         -36.470            -107.495
727.507332         -36.440            -107.434
727.496868         -36.411            -107.372
727.486394         -36.381            -107.311
727.475912         -36.352            -107.249
727.465420         -36.323            -107.188
727.454918         -36.293            -107.127
727.444408         -36.263            -107.066
727.433888         -36.234            -107.004
727.423359         -36.204            -106.943
727.412820         -36.174            -106.882
727.402273         -36.145            -106.821
727.391717         -36.115            -106.760
727.381152         -36.085            -106.699
727.370577         -36.055            -106.638
727.359994         -36.025            -106.578
727.349402         -35.995            -106.517
727.338801         -35.966            -106.456
727.328192         -35.936            -106.395
727.317574         -35.906            -106.335
727.306947         -35.875            -106.274
727.296311         -35.845            -106.214
727.285667         -35.815            -106.153
727.275015         -35.785            -106.093
727.264354         -35.755            -106.032
727.253684         -35.725            -105.972
727.243007         -35.694            -105.912
727.232321         -35.664            -105.851
727.221626         -35.634            -105.791
727.210924         -35.603            -105.731
727.200213         -35.573            -105.671
727.189494         -35.543            -105.611
727.178767         -35.512            -105.551
727.168032         -35.482            -105.491
727.157289         -35.451            -105.431
727.146538         -35.421            -105.371
727.135779         -35.390            -105.311
727.125012         -35.359            -105.252
727.114238         -35.329            -105.192
727.103455         -35.298            -105.132
727.092666         -35.267            -105.073
727.081868         -35.237            -105.013
727.071063         -35.206            -104.954
727.060250         -35.175            -104.894
727.049430         -35.144            -104.835
727.038602         -35.113            -104.775
727.027767         -35.082            -104.716
727.016924         -35.051            -104.657
727.006075         -35.020            -104.597
726.995218         -34.989            -104.538
726.984353         -34.958            -104.479
726.973482         -34.927            -104.420
726.962603         -34.896            -104.361
726.951718         -34.865            -104.302
726.940825         -34.833            -104.243
726.929925         -34.802            -104.184
726.919019         -34.771            -104.125
726.908105         -34.740            -104.066
726.897185         -34.708            -104.008
726.886258         -34.677            -103.949
726.875324         -34.646            -103.890
726.864384         -34.614            -103.832
726.853437         -34.583            -103.773
726.842483         -34.551            -103.715
726.831523         -34.520            -103.656
726.820556         -34.488            -103.598
726.809583         -34.457            -103.539
726.798603         -34.425            -103.481
726.787618         -34.393            -103.423
726.776625         -34.362            -103.364
726.765627         -34.330            -103.306
726.754622         -34.298            -103.248
726.743612         -34.266            -103.190
726.732595         -34.234            -103.132
726.721572         -34.203            -103.074
726.710543         -34.171            -103.016
726.699508         -34.139            -102.958
726.688468         -34.107            -102.900
726.677421         -34.075            -102.842
726.666369         -34.043            -102.785
726.655311         -34.011            -102.727
726.644247         -33.979            -102.669
726.633177         -33.947            -102.612
726.622102         -33.915            -102.554
726.611022         -33.882            -102.497
726.599936         -33.850            -102.439
726.588844         -33.818            -102.382
726.577747         -33.786            -102.324
726.566645         -33.753            -102.267
726.555537         -33.721            -102.210
726.544424         -33.689            -102.152
726.533306         -33.656            -102.095
726.522183         -33.624            -102.038
726.511055         -33.592            -101.981
726.499921         -33.559            -101.924
726.488783         -33.527            -101.867
726.477640         -33.494            -101.810
726.466491         -33.462            -101.753
726.455338         -33.429            -101.696
726.444180         -33.396            -101.639
726.433018         -33.364            -101.582
726.421850         -33.331            -101.525
726.410678         -33.298            -101.469
726.399501         -33.266            -101.412
726.388320         -33.233            -101.355
726.377135         -33.200            -101.299
726.365944         -33.167            -101.242
726.354750         -33.134            -101.186
726.343551         -33.101            -101.129
726.332348         -33.069            -101.073
726.321140         -33.036            -101.017
726.309928         -33.003            -100.960
726.298712         -32.970            -100.904
726.287493         -32.937            -100.848
726.276268         -32.904            -100.792
726.265040         -32.870            -100.735
726.253808         -32.837            -100.679
726.242572         -32.804            -100.623
726.231333         -32.771            -100.567
726.220089         -32.738            -100.511
726.208842         -32.705            -100.455
726.197591         -32.671            -100.400
726.186336         -32.638            -100.344
726.175078         -32.605            -100.288
726.163816         -32.571            -100.232
726.152551         -32.538            -100.177
726.141282         -32.504            -100.121
726.130009         -32.471            -100.065
726.118734         -32.438            -100.010
726.107455         -32.404            -99.954
726.096173         -32.371            -99.899
726.084888         -32.337            -99.843
726.073599         -32.303            -99.788
726.062307         -32.270            -99.733
726.051013         -32.236            -99.677
726.039715         -32.202            -99.622
726.028414         -32.169            -99.567
726.017111         -32.135            -99.512
726.005805         -32.101            -99.457
725.994495         -32.068            -99.402
725.983184         -32.034            -99.347
725.971869         -32.000            -99.292
725.960552         -31.966            -99.237
725.949232         -31.932            -99.182
725.937909         -31.898            -99.127
725.926585         -31.864            -99.072
725.915257         -31.830            -99.017
725.903927         -31.796            -98.963
725.892595         -31.762            -98.908
725.881261         -31.728            -98.853
725.869924         -31.694            -98.799
725.858586         -31.660            -98.744
725.847245         -31.626            -98.690
725.835902         -31.592            -98.635
725.824556         -31.558            -98.581
725.813209         -31.523            -98.526
725.801860         -31.489            -98.472
725.790509         -31.455            -98.418
725.779157         -31.421            -98.363
725.767802         -31.386            -98.309
725.756446         -31.352            -98.255
725.745088         -31.318            -98.201
725.733728         -31.283            -98.147
725.722367         -31.249            -98.093
725.711005         -31.214            -98.039
725.699640         -31.180            -97.985
725.688275         -31.145            -97.931
725.676908         -31.111            -97.877
725.665539         -31.076            -97.823
725.654170         -31.042            -97.769
725.642799         -31.007            -97.716
725.631427         -30.972            -97.662
725.620054         -30.938            -97.608
725.608679         -30.903            -97.555
725.597304         -30.868            -97.501
725.585928         -30.833            -97.448
725.574551         -30.799            -97.394
725.563173         -30.764            -97.341
725.551794         -30.729            -97.287
725.540414         -30.694            -97.234
725.529034         -30.659            -97.180
725.517653         -30.624            -97.127
725.506271         -30.590            -97.074
725.494889         -30.555            -97.021
725.483506         -30.520            -96.967
725.472123         -30.485            -96.914
725.460740         -30.450            -96.861
725.449356         -30.415            -96.808
725.437971         -30.379            -96.755
725.426587         -30.344            -96.702
725.415202         -30.309            -96.649
725.403817         -30.274            -96.596
725.392432         -30.239            -96.544
725.381047         -30.204            -96.491
725.369662         -30.168            -96.438
725.358277         -30.133            -96.385
725.346892         -30.098            -96.333
725.335507         -30.063            -96.280
725.324123         -30.027            -96.227
725.312738         -29.992            -96.175
725.301354         -29.957            -96.122
725.289970         -29.921            -96.070
725.278587         -29.886            -96.017
725.267204         -29.850            -95.965
725.255822         -29.815            -95.913
725.244440         -29.779            -95.860
725.233059         -29.744            -95.808
725.221678         -29.708            -95.756
725.210298         -29.673            -95.703
725.198919         -29.637            -95.651
725.187541         -29.602            -95.599
725.176164         -29.566            -95.547
725.164787         -29.530            -95.495
725.153411         -29.495            -95.443
725.142037         -29.459            -95.391
725.130663         -29.423            -95.339
725.119291         -29.387            -95.287
725.107920         -29.352            -95.235
725.096550         -29.316            -95.184
725.085181         -29.280            -95.132
725.073814         -29.244            -95.080
725.062447         -29.208            -95.028
725.051083         -29.172            -94.977
725.039720         -29.136            -94.925
725.028358         -29.100            -94.874
725.016998         -29.064            -94.822
725.005639         -29.028            -94.771
724.994282         -28.992            -94.719
724.982927         -28.956            -94.668
724.971574         -28.920            -94.616
724.960222         -28.884            -94.565
724.948873         -28.848            -94.514
724.937525         -28.812            -94.462
724.926179         -28.776            -94.411
724.914836         -28.740            -94.360
724.903494         -28.703            -94.309
724.892155         -28.667            -94.258
724.880817         -28.631            -94.207
724.869482         -28.595            -94.155
724.858149         -28.558            -94.104
724.846819         -28.522            -94.054
724.835491         -28.486            -94.003
724.824165         -28.449            -93.952
724.812842         -28.413            -93.901
724.801521         -28.377            -93.850
724.790203         -28.340            -93.799
724.778888         -28.304            -93.748
724.767575         -28.267            -93.698
724.756265         -28.231            -93.647
724.744957         -28.194            -93.596
724.733653         -28.158            -93.546
724.722352         -28.121            -93.495
724.711053         -28.084            -93.445
724.699757         -28.048            -93.394
724.688465         -28.011            -93.344
724.677175         -27.975            -93.293
724.665889         -27.938            -93.243
724.654606         -27.901            -93.193
724.643326         -27.865            -93.142
724.632049         -27.828            -93.092
724.620776         -27.791            -93.042
724.609506         -27.754            -92.992
724.598240         -27.717            -92.942
724.586977         -27.681            -92.892
724.575717         -27.644            -92.841
724.564462         -27.607            -92.791
724.553209         -27.570            -92.741
724.541961         -27.533            -92.691
724.530716         -27.496            -92.641
724.519475         -27.459            -92.592
724.508238         -27.422            -92.542
724.497005         -27.385            -92.492
724.485776         -27.348            -92.442
724.474550         -27.311            -92.392
724.463329         -27.274            -92.343
724.452112         -27.237            -92.293
724.440899         -27.200            -92.243
724.429690         -27.163            -92.194
724.418486         -27.126            -92.144
724.407286         -27.089            -92.095
724.396090         -27.051            -92.045
724.384898         -27.014            -91.996
724.373711         -26.977            -91.946
724.362529         -26.940            -91.897
724.351351         -26.902            -91.847
724.340177         -26.865            -91.798
724.329008         -26.828            -91.749
724.317844         -26.791            -91.699
724.306685         -26.753            -91.650
724.295530         -26.716            -91.601
724.284381         -26.678            -91.552
724.273236         -26.641            -91.503
724.262096         -26.604            -91.454
724.250961         -26.566            -91.405
724.239832         -26.529            -91.356
724.228707         -26.491            -91.307
724.217587         -26.454            -91.258
724.206473         -26.416            -91.209
724.195364         -26.379            -91.160
724.184260         -26.341            -91.111
724.173162         -26.304            -91.062
724.162069         -26.266            -91.013
724.150981         -26.228            -90.965
724.139899         -26.191            -90.916
724.128822         -26.153            -90.867
724.117751         -26.115            -90.819
724.106686         -26.078            -90.770
724.095626         -26.040            -90.721
724.084572         -26.002            -90.673
724.073524         -25.964            -90.624
724.062482         -25.927            -90.576
724.051446         -25.889            -90.527
724.040415         -25.851            -90.479
724.029391         -25.813            -90.431
724.018372         -25.775            -90.382
724.007360         -25.737            -90.334
723.996354         -25.700            -90.286
723.985354         -25.662            -90.238
723.974360         -25.624            -90.189
723.963372         -25.586            -90.141
723.952391         -25.548            -90.093
723.941417         -25.510            -90.045
723.930448         -25.472            -89.997
723.919486         -25.434            -89.949
723.908531         -25.396            -89.901
723.897582         -25.358            -89.853
723.886640         -25.320            -89.805
723.875705         -25.281            -89.757
723.864776         -25.243            -89.709
723.853854         -25.205            -89.661
723.842939         -25.167            -89.613
723.832031         -25.129            -89.566
723.821129         -25.091            -89.518
723.810235         -25.052            -89.470
723.799348         -25.014            -89.422
723.788467         -24.976            -89.375
723.777594         -24.938            -89.327
723.766728         -24.899            -89.280
723.755869         -24.861            -89.232
723.745018         -24.823            -89.184
723.734174         -24.784            -89.137
723.723337         -24.746            -89.089
723.712507         -24.708            -89.042
723.701685         -24.669            -88.995
723.690871         -24.631            -88.947
723.680064         -24.592            -88.900
723.669265         -24.554            -88.853
723.658473         -24.516            -88.805
723.647689         -24.477            -88.758
723.636913         -24.439            -88.711
723.626145         -24.400            -88.664
723.615384         -24.361            -88.617
723.604631         -24.323            -88.569
723.593887         -24.284            -88.522
723.583150         -24.246            -88.475
723.572421         -24.207            -88.428
723.561700         -24.169            -88.381
723.550988         -24.130            -88.334
723.540284         -24.091            -88.287
723.529588         -24.053            -88.240
723.518900         -24.014            -88.194
723.508220         -23.975            -88.147
723.497549         -23.936            -88.100
723.486886         -23.898            -88.053
723.476232         -23.859            -88.006
723.465587         -23.820            -87.960
723.454949         -23.781            -87.913
723.444321         -23.743            -87.866
723.433701         -23.704            -87.820
723.423090         -23.665            -87.773
723.412487         -23.626            -87.726
723.401894         -23.587            -87.680
723.391309         -23.548            -87.633
723.380733         -23.509            -87.587
723.370166         -23.470            -87.540
723.359608         -23.431            -87.494
723.349059         -23.393            -87.448
723.338520         -23.354            -87.401
723.327989         -23.315            -87.355
723.317467         -23.276            -87.309
723.306955         -23.236            -87.262
723.296452         -23.197            -87.216
723.285958         -23.158            -87.170
723.275474         -23.119            -87.124
723.264999         -23.080            -87.078
723.254534         -23.041            -87.031
723.244078         -23.002            -86.985
723.233632         -22.963            -86.939
723.223195         -22.924            -86.893
723.212768         -22.885            -86.847
723.202350         -22.845            -86.801
723.191943         -22.806            -86.755
723.181545         -22.767            -86.709
723.171157         -22.728            -86.663
723.160778         -22.688            -86.617
723.150410         -22.649            -86.572
723.140052         -22.610            -86.526
723.129704         -22.571            -86.480
723.119366         -22.531            -86.434
723.109038         -22.492            -86.389
723.098720         -22.453            -86.343
723.088412         -22.413            -86.297
723.078115         -22.374            -86.251
723.067827         -22.334            -86.206
723.057551         -22.295            -86.160
723.047284         -22.256            -86.115
723.037028         -22.216            -86.069
723.026783         -22.177            -86.024
723.016548         -22.137            -85.978
723.006323         -22.098            -85.933
722.996110         -22.058            -85.887
722.985907         -22.019            -85.842
722.975714         -21.979            -85.797
722.965533         -21.940            -85.751
722.955362         -21.900            -85.706
722.945202         -21.860            -85.661
722.935053         -21.821            -85.615
722.924915         -21.781            -85.570
722.914788         -21.742            -85.525
722.904671         -21.702            -85.480
722.894566         -21.662            -85.435
722.884473         -21.623            -85.389
722.874390         -21.583            -85.344
722.864318         -21.543            -85.299
722.854258         -21.504            -85.254
722.844209         -21.464            -85.209
722.834172         -21.424            -85.164
722.824145         -21.384            -85.119
722.814131         -21.345            -85.074
722.804127         -21.305            -85.029
722.794135         -21.265            -84.984
722.784155         -21.225            -84.940
722.774187         -21.185            -84.895
722.764230         -21.146            -84.850
722.754285         -21.106            -84.805
722.744351         -21.066            -84.760
722.734429         -21.026            -84.716
722.724520         -20.986            -84.671
722.714622         -20.946            -84.626
722.704736         -20.906            -84.582
722.694862         -20.866            -84.537
722.685000         -20.826            -84.492
722.675150         -20.786            -84.448
722.665312         -20.746            -84.403
722.655486         -20.706            -84.359
722.645673         -20.666            -84.314
722.635871         -20.626            -84.270
722.626082         -20.586            -84.225
722.616306         -20.546            -84.181
722.606542         -20.506            -84.136
722.596790         -20.466            -84.092
722.587050         -20.426            -84.048
722.577323         -20.386            -84.003
722.567609         -20.346            -83.959
722.557907         -20.306            -83.915
722.548218         -20.265            -83.871
722.538542         -20.225            -83.826
722.528878         -20.185            -83.782
722.519227         -20.145            -83.738
722.509589         -20.105            -83.694
722.499963         -20.065            -83.650
722.490351         -20.024            -83.606
722.480752         -19.984            -83.561
722.471165         -19.944            -83.517
722.461592         -19.904            -83.473
722.452031         -19.863            -83.429
722.442484         -19.823            -83.385
722.432950         -19.783            -83.341
722.423429         -19.742            -83.298
722.413921         -19.702            -83.254
722.404426         -19.662            -83.210
722.394945         -19.621            -83.166
722.385477         -19.581            -83.122
722.376023         -19.541            -83.078
722.366582         -19.500            -83.034
722.357155         -19.460            -82.991
722.347741         -19.419            -82.947
722.338340         -19.379            -82.903
722.328954         -19.338            -82.860
722.319581         -19.298            -82.816
722.310221         -19.257            -82.772
722.300876         -19.217            -82.729
722.291544         -19.176            -82.685
722.282226         -19.136            -82.641
722.272922         -19.095            -82.598
722.263632         -19.055            -82.554
722.254355         -19.014            -82.511
722.245093         -18.974            -82.467
722.235845         -18.933            -82.424
722.226611         -18.893            -82.380
722.217391         -18.852            -82.337
722.208185         -18.811            -82.294
722.198993         -18.771            -82.250
722.189816         -18.730            -82.207
722.180652         -18.689            -82.164
722.171504         -18.649            -82.120
722.162369         -18.608            -82.077
722.153249         -18.567            -82.034
722.144143         -18.527            -81.991
722.135052         -18.486            -81.947
722.125976         -18.445            -81.904
722.116914         -18.405            -81.861
722.107866         -18.364            -81.818
722.098834         -18.323            -81.775
722.089816         -18.282            -81.732
722.080812         -18.241            -81.688
722.071824         -18.201            -81.645
722.062850         -18.160            -81.602
722.053891         -18.119            -81.559
722.044947         -18.078            -81.516
722.036018         -18.037            -81.473
722.027104         -17.997            -81.430
722.018205         -17.956            -81.388
722.009321         -17.915            -81.345
722.000452         -17.874            -81.302
721.991598         -17.833            -81.259
721.982759         -17.792            -81.216
721.973936         -17.751            -81.173
721.965128         -17.710            -81.130
721.956335         -17.669            -81.088
721.947557         -17.628            -81.045
721.938795         -17.587            -81.002
721.930048         -17.546            -80.959
721.921317         -17.505            -80.917
721.912601         -17.464            -80.874
721.903901         -17.423            -80.831
721.895216         -17.382            -80.789
721.886547         -17.341            -80.746
721.877894         -17.300            -80.704
721.869256         -17.259            -80.661
721.860634         -17.218            -80.618
721.852028         -17.177            -80.576
721.843437         -17.136            -80.533
721.834862         -17.095            -80.491
721.826304         -17.054            -80.448
721.817761         -17.013            -80.406
721.809234         -16.971            -80.364
721.800723         -16.930            -80.321
721.792228         -16.889            -80.279
721.783749         -16.848            -80.236
721.775286         -16.807            -80.194
721.766840         -16.766            -80.152
721.758409         -16.724            -80.109
721.749995         -16.683            -80.067
721.741597         -16.642            -80.025
721.733216         -16.601            -79.983
721.724850         -16.560            -79.940
721.716502         -16.518            -79.898
721.708169         -16.477            -79.856
721.699853         -16.436            -79.814
721.691553         -16.394            -79.772
721.683270         -16.353            -79.730
721.675004         -16.312            -79.688
721.666754         -16.271            -79.645
721.658521         -16.229            -79.603
721.650304         -16.188            -79.561
721.642104         -16.147            -79.519
721.633921         -16.105            -79.477
721.625755         -16.064            -79.435
721.617605         -16.022            -79.393
721.609472         -15.981            -79.351
721.601356         -15.940            -79.309
721.593258         -15.898            -79.267
721.585176         -15.857            -79.226
721.577111         -15.815            -79.184
721.569063         -15.774            -79.142
721.561032         -15.733            -79.100
721.553018         -15.691            -79.058
721.545022         -15.650            -79.016
721.537042         -15.608            -78.975
721.529080         -15.567            -78.933
721.521135         -15.525            -78.891
721.513207         -15.484            -78.849
721.505297         -15.442            -78.808
721.497404         -15.401            -78.766
721.489528         -15.359            -78.724
721.481670         -15.318            -78.683
721.473830         -15.276            -78.641
721.466006         -15.234            -78.599
721.458201         -15.193            -78.558
721.450413         -15.151            -78.516
721.442642         -15.110            -78.475
721.434889         -15.068            -78.433
721.427154         -15.027            -78.391
721.419437         -14.985            -78.350
721.411737         -14.943            -78.308
721.404055         -14.902            -78.267
721.396391         -14.860            -78.226
721.388744         -14.818            -78.184
721.381116         -14.777            -78.143
721.373505         -14.735            -78.101
721.365913         -14.693            -78.060
721.358338         -14.652            -78.018
721.350782         -14.610            -77.977
721.343243         -14.568            -77.936
721.335723         -14.527            -77.894
721.328220         -14.485            -77.853
721.320736         -14.443            -77.812
721.313270         -14.401            -77.771
721.305823         -14.360            -77.729
721.298393         -14.318            -77.688
721.290982         -14.276            -77.647
721.283589         -14.234            -77.606
721.276214         -14.192            -77.564
721.268858         -14.151            -77.523
721.261521         -14.109            -77.482
721.254201         -14.067            -77.441
721.246900         -14.025            -77.400
721.239618         -13.983            -77.359
721.232354         -13.942            -77.318
721.225109         -13.900            -77.277
721.217883         -13.858            -77.235
721.210675         -13.816            -77.194
721.203486         -13.774            -77.153
721.196315         -13.732            -77.112
721.189163         -13.690            -77.071
721.182030         -13.648            -77.030
721.174916         -13.606            -76.989
721.167821         -13.565            -76.949
721.160744         -13.523            -76.908
721.153687         -13.481            -76.867
721.146648         -13.439            -76.826
721.139629         -13.397            -76.785
721.132628         -13.355            -76.744
721.125646         -13.313            -76.703
721.118684         -13.271            -76.662
721.111740         -13.229            -76.621
721.104816         -13.187            -76.581
721.097911         -13.145            -76.540
721.091025         -13.103            -76.499
721.084158         -13.061            -76.458
721.077311         -13.019            -76.418
721.070482         -12.977            -76.377
721.063673         -12.935            -76.336
721.056884         -12.893            -76.295
721.050114         -12.851            -76.255
721.043363         -12.809            -76.214
721.036631         -12.767            -76.173
721.029919         -12.725            -76.133
721.023227         -12.682            -76.092
721.016554         -12.640            -76.052
721.009901         -12.598            -76.011
721.003267         -12.556            -75.970
720.996653         -12.514            -75.930
720.990058         -12.472            -75.889
720.983483         -12.430            -75.849
720.976928         -12.388            -75.808
720.970393         -12.346            -75.768
720.963877         -12.303            -75.727
720.957381         -12.261            -75.687
720.950905         -12.219            -75.646
720.944449         -12.177            -75.606
720.938013         -12.135            -75.565
720.931596         -12.092            -75.525
720.925200         -12.050            -75.484
720.918823         -12.008            -75.444
720.912467         -11.966            -75.404
720.906130         -11.924            -75.363
720.899814         -11.881            -75.323
720.893517         -11.839            -75.283
720.887241         -11.797            -75.242
720.880985         -11.755            -75.202
720.874749         -11.712            -75.162
720.868533         -11.670            -75.121
720.862337         -11.628            -75.081
720.856162         -11.586            -75.041
720.850007         -11.543            -75.001
720.843872         -11.501            -74.960
720.837758         -11.459            -74.920
720.831664         -11.416            -74.880
720.825590         -11.374            -74.840
720.819537         -11.332            -74.799
720.813504         -11.290            -74.759
720.807491         -11.247            -74.719
720.801499         -11.205            -74.679
720.795528         -11.163            -74.639
720.789577         -11.120            -74.599
720.783647         -11.078            -74.559
720.777737         -11.035            -74.519
720.771848         -10.993            -74.478
720.765980         -10.951            -74.438
720.760132         -10.908            -74.398
720.754305         -10.866            -74.358
720.748499         -10.824            -74.318
720.742713         -10.781            -74.278
720.736949         -10.739            -74.238
720.731205         -10.696            -74.198
720.725482         -10.654            -74.158
720.719779         -10.611            -74.118
720.714098         -10.569            -74.078
720.708438         -10.527            -74.038
720.702798         -10.484            -73.998
720.697180         -10.442            -73.959
720.691582         -10.399            -73.919
720.686005         -10.357            -73.879
720.680450         -10.314            -73.839
720.674916         -10.272            -73.799
720.669402         -10.229            -73.759
720.663910         -10.187            -73.719
720.658439         -10.144            -73.679
720.652989         -10.102            -73.640
720.647560         -10.059            -73.600
720.642153         -10.017            -73.560
720.636766         -9.974             -73.520
720.631401         -9.932             -73.480
720.626058         -9.889             -73.441
720.620735         -9.847             -73.401
720.615434         -9.804             -73.361
720.610154         -9.762             -73.321
720.604896         -9.719             -73.282
720.599659         -9.676             -73.242
720.594443         -9.634             -73.202
720.589249         -9.591             -73.162
720.584077         -9.549             -73.123
720.578925         -9.506             -73.083
720.573796         -9.464             -73.043
720.568688         -9.421             -73.004
720.563601         -9.378             -72.964
720.558536         -9.336             -72.925
720.553493         -9.293             -72.885
720.548471         -9.251             -72.845
720.543471         -9.208             -72.806
720.538493         -9.165             -72.766
720.533536         -9.123             -72.727
720.528601         -9.080             -72.687
720.523688         -9.037             -72.647
720.518797         -8.995             -72.608
720.513927         -8.952             -72.568
720.509079         -8.909             -72.529
720.504253         -8.867             -72.489
720.499449         -8.824             -72.450
720.494667         -8.781             -72.410
720.489907         -8.739             -72.371
720.485168         -8.696             -72.331
720.480452         -8.653             -72.292
720.475757         -8.611             -72.252
720.471085         -8.568             -72.213
720.466434         -8.525             -72.174
720.461806         -8.483             -72.134
720.457199         -8.440             -72.095
720.452615         -8.397             -72.055
720.448053         -8.354             -72.016
720.443512         -8.312             -71.976
720.438994         -8.269             -71.937
720.434498         -8.226             -71.898
720.430025         -8.183             -71.858
720.425573         -8.141             -71.819
720.421144         -8.098             -71.780
720.416737         -8.055             -71.740
720.412352         -8.012             -71.701
720.407989         -7.970             -71.662
720.403649         -7.927             -71.622
720.399331         -7.884             -71.583
720.395035         -7.841             -71.544
720.390762         -7.799             -71.505
720.386511         -7.756             -71.465
720.382282         -7.713             -71.426
720.378076         -7.670             -71.387
720.373892         -7.627             -71.347
720.369731         -7.585             -71.308
720.365592         -7.542             -71.269
720.361476         -7.499             -71.230
720.357382         -7.456             -71.191
720.353311         -7.413             -71.151
720.349262         -7.370             -71.112
720.345235         -7.328             -71.073
720.341232         -7.285             -71.034
720.337251         -7.242             -70.995
720.333292         -7.199             -70.955
720.329356         -7.156             -70.916
720.325443         -7.113             -70.877
720.321552         -7.070             -70.838
720.317684         -7.028             -70.799
720.313839         -6.985             -70.760
720.310017         -6.942             -70.721
720.306217         -6.899             -70.682
720.302440         -6.856             -70.642
720.298686         -6.813             -70.603
720.294954         -6.770             -70.564
720.291245         -6.727             -70.525
720.287560         -6.685             -70.486
720.283897         -6.642             -70.447
720.280256         -6.599             -70.408
720.276639         -6.556             -70.369
720.273045         -6.513             -70.330
720.269473         -6.470             -70.291
720.265924         -6.427             -70.252
720.262399         -6.384             -70.213
720.258896         -6.341             -70.174
720.255416         -6.298             -70.135
720.251959         -6.255             -70.096
720.248525         -6.212             -70.057
720.245114         -6.170             -70.018
720.241726         -6.127             -69.979
720.238362         -6.084             -69.940
720.235020         -6.041             -69.901
720.231701         -5.998             -69.862
720.228406         -5.955             -69.823
720.225133         -5.912             -69.784
720.221884         -5.869             -69.745
720.218657         -5.826             -69.706
720.215454         -5.783             -69.667
720.212274         -5.740             -69.628
720.209118         -5.697             -69.590
720.205984         -5.654             -69.551
720.202873         -5.611             -69.512
720.199786         -5.568             -69.473
720.196722         -5.525             -69.434
720.193681         -5.482             -69.395
720.190664         -5.439             -69.356
720.187670         -5.396             -69.317
720.184699         -5.353             -69.279
720.181751         -5.310             -69.240
720.178827         -5.267             -69.201
720.175926         -5.224             -69.162
720.173048         -5.181             -69.123
720.170194         -5.138             -69.084
720.167363         -5.095             -69.046
720.164555         -5.052             -69.007
720.161771         -5.009             -68.968
720.159010         -4.966             -68.929
720.156272         -4.923             -68.890
720.153558         -4.880             -68.851
720.150868         -4.837             -68.813
720.148200         -4.794             -68.774
720.145557         -4.751             -68.735
720.142937         -4.708             -68.696
720.140340         -4.664             -68.658
720.137767         -4.621             -68.619
720.135217         -4.578             -68.580
720.132691         -4.535             -68.541
720.130188         -4.492             -68.503
720.127709         -4.449             -68.464
720.125253         -4.406             -68.425
720.122821         -4.363             -68.386
720.120412         -4.320             -68.348
720.118027         -4.277             -68.309
720.115666         -4.234             -68.270
720.113328         -4.191             -68.231
720.111014         -4.148             -68.193
720.108724         -4.105             -68.154
720.106457         -4.062             -68.115
720.104214         -4.018             -68.077
720.101994         -3.975             -68.038
720.099798         -3.932             -67.999
720.097626         -3.889             -67.961
720.095478         -3.846             -67.922
720.093353         -3.803             -67.883
720.091252         -3.760             -67.845
720.089174         -3.717             -67.806
720.087120         -3.674             -67.767
720.085090         -3.631             -67.729
720.083084         -3.587             -67.690
720.081102         -3.544             -67.651
720.079143         -3.501             -67.613
720.077208         -3.458             -67.574
720.075297         -3.415             -67.535
720.073409         -3.372             -67.497
720.071546         -3.329             -67.458
720.069706         -3.286             -67.420
720.067890         -3.242             -67.381
720.066098         -3.199             -67.342
720.064330         -3.156             -67.304
720.062585         -3.113             -67.265
720.060864         -3.070             -67.226
720.059168         -3.027             -67.188
720.057495         -2.984             -67.149
720.055845         -2.941             -67.111
720.054220         -2.897             -67.072
720.052619         -2.854             -67.033
720.051041         -2.811             -66.995
720.049488         -2.768             -66.956
720.047958         -2.725             -66.918
720.046452         -2.682             -66.879
720.044971         -2.639             -66.841
720.043513         -2.595             -66.802
720.042079         -2.552             -66.763
720.040669         -2.509             -66.725
720.039282         -2.466             -66.686
720.037920         -2.423             -66.648
720.036582         -2.380             -66.609
720.035268         -2.336             -66.571
720.033977         -2.293             -66.532
720.032711         -2.250             -66.494
720.031469         -2.207             -66.455
720.030250         -2.164             -66.416
720.029056         -2.121             -66.378
720.027886         -2.077             -66.339
720.026739         -2.034             -66.301
720.025617         -1.991             -66.262
720.024518         -1.948             -66.224
720.023444         -1.905             -66.185
720.022394         -1.862             -66.147
720.021367         -1.818             -66.108
720.020365         -1.775             -66.070
720.019387         -1.732             -66.031
720.018433         -1.689             -65.993
720.017502         -1.646             -65.954
720.016596         -1.603             -65.916
720.015714         -1.559             -65.877
720.014856         -1.516             -65.838
720.014022         -1.473             -65.800
720.013212         -1.430             -65.761
720.012426         -1.387             -65.723
720.011664         -1.343             -65.684
720.010927         -1.300             -65.646
720.010213         -1.257             -65.607
720.009523         -1.214             -65.569
720.008858         -1.171             -65.530
720.008217         -1.128             -65.492
720.007599         -1.084             -65.453
720.007006         -1.041             -65.415
720.006437         -0.998             -65.376
720.005892         -0.955             -65.338
720.005371         -0.912             -65.299
720.004874         -0.868             -65.261
720.004401         -0.825             -65.222
720.003953         -0.782             -65.184
720.003528         -0.739             -65.145
720.003128         -0.696             -65.107
720.002751         -0.652             -65.068
720.002399         -0.609             -65.030
720.002071         -0.566             -64.992
720.001767         -0.523             -64.953
720.001487         -0.480             -64.915
720.001231         -0.436             -64.876
720.001000         -0.393             -64.838
720.000792         -0.350             -64.799
720.000609         -0.307             -64.761
720.000449         -0.264             -64.722
720.000314         -0.220             -64.684
720.000203         -0.177             -64.645
720.000116         -0.134             -64.607
720.000053         -0.091             -64.568
720.000015         -0.048             -64.530
720.000000         -0.004             -64.491
720.000010         0.039              -64.453
720.000043         0.082              -64.414
720.000101         0.125              -64.376
720.000183         0.168              -64.337
720.000289         0.212              -64.299
720.000419         0.255              -64.260
720.000574         0.298              -64.222
720.000752         0.341              -64.183
720.000955         0.384              -64.145
720.001181         0.427              -64.106
720.001432         0.471              -64.068
720.001707         0.514              -64.029
720.002006         0.557              -63.991
720.002329         0.600              -63.952
720.002676         0.643              -63.914
720.003048         0.687              -63.875
720.003443         0.730              -63.837
720.003863         0.773              -63.798
720.004306         0.816              -63.760
720.004774         0.859              -63.721
720.005266         0.903              -63.683
720.005782         0.946              -63.644
720.006322         0.989              -63.606
720.006886         1.032              -63.567
720.007475         1.075              -63.529
720.008087         1.119              -63.490
720.008723         1.162              -63.452
720.009384         1.205              -63.413
720.010068         1.248              -63.375
720.010777         1.291              -63.336
720.011510         1.335              -63.298
720.012267         1.378              -63.259
720.013048         1.421              -63.221
720.013853         1.464              -63.182
720.014682         1.507              -63.144
720.015535         1.550              -63.105
720.016412         1.594              -63.067
720.017313         1.637              -63.028
720.018238         1.680              -62.990
720.019188         1.723              -62.951
720.020161         1.766              -62.913
720.021158         1.809              -62.874
720.022180         1.853              -62.836
720.023225         1.896              -62.797
720.024294         1.939              -62.759
720.025388         1.982              -62.720
720.026505         2.025              -62.682
720.027647         2.069              -62.643
720.028812         2.112              -62.605
720.030001         2.155              -62.566
720.031215         2.198              -62.527
720.032452         2.241              -62.489
720.033714         2.284              -62.450
720.034999         2.328              -62.412
720.036308         2.371              -62.373
720.037642         2.414              -62.335
720.038999         2.457              -62.296
720.040380         2.500              -62.258
720.041785         2.543              -62.219
720.043214         2.586              -62.180
720.044667         2.630              -62.142
720.046144         2.673              -62.103
720.047645         2.716              -62.065
720.049170         2.759              -62.026
720.050718         2.802              -61.988
720.052291         2.845              -61.949
720.053887         2.888              -61.910
720.055507         2.932              -61.872
720.057152         2.975              -61.833
720.058820         3.018              -61.795
720.060512         3.061              -61.756
720.062227         3.104              -61.717
720.063967         3.147              -61.679
720.065730         3.190              -61.640
720.067518         3.234              -61.602
720.069329         3.277              -61.563
720.071163         3.320              -61.524
720.073022         3.363              -61.486
720.074905         3.406              -61.447
720.076811         3.449              -61.408
720.078741         3.492              -61.370
720.080695         3.535              -61.331
720.082672         3.579              -61.292
720.084674         3.622              -61.254
720.086699         3.665              -61.215
720.088748         3.708              -61.176
720.090820         3.751              -61.138
720.092916         3.794              -61.099
720.095036         3.837              -61.060
720.097180         3.880              -61.022
720.099347         3.923              -60.983
720.101538         3.966              -60.944
720.103753         4.010              -60.906
720.105991         4.053              -60.867
720.108253         4.096              -60.828
720.110539         4.139              -60.790
720.112848         4.182              -60.751
720.115181         4.225              -60.712
720.117537         4.268              -60.674
720.119917         4.311              -60.635
720.122321         4.354              -60.596
720.124748         4.397              -60.557
720.127199         4.440              -60.519
720.129673         4.483              -60.480
720.132171         4.526              -60.441
720.134692         4.569              -60.402
720.137237         4.613              -60.364
720.139806         4.656              -60.325
720.142398         4.699              -60.286
720.145013         4.742              -60.247
720.147652         4.785              -60.209
720.150314         4.828              -60.170
720.153000         4.871              -60.131
720.155709         4.914              -60.092
720.158442         4.957              -60.053
720.161198         5.000              -60.015
720.163977         5.043              -59.976
720.166780         5.086              -59.937
720.169606         5.129              -59.898
720.172456         5.172              -59.859
720.175329         5.215              -59.820
720.178225         5.258              -59.782
720.181144         5.301              -59.743
720.184087         5.344              -59.704
720.187053         5.387              -59.665
720.190043         5.430              -59.626
720.193056         5.473              -59.587
720.196092         5.516              -59.548
720.199151         5.559              -59.510
720.202233         5.602              -59.471
720.205339         5.645              -59.432
720.208468         5.688              -59.393
720.211620         5.731              -59.354
720.214795         5.774              -59.315
720.217993         5.817              -59.276
720.221215         5.860              -59.237
720.224459         5.903              -59.198
720.227727         5.946              -59.159
720.231018         5.989              -59.120
720.234332         6.032              -59.081
720.237669         6.075              -59.043
720.241029         6.118              -59.004
720.244412         6.161              -58.965
720.247818         6.204              -58.926
720.251247         6.247              -58.887
720.254699         6.289              -58.848
720.258174         6.332              -58.809
720.261672         6.375              -58.770
720.265193         6.418              -58.731
720.268737         6.461              -58.692
720.272304         6.504              -58.653
720.275894         6.547              -58.614
720.279506         6.590              -58.574
720.283142         6.633              -58.535
720.286800         6.676              -58.496
720.290481         6.719              -58.457
720.294185         6.761              -58.418
720.297912         6.804              -58.379
720.301662         6.847              -58.340
720.305434         6.890              -58.301
720.309229         6.933              -58.262
720.313047         6.976              -58.223
720.316888         7.019              -58.184
720.320751         7.062              -58.144
720.324637         7.104              -58.105
720.328545         7.147              -58.066
720.332476         7.190              -58.027
720.336430         7.233              -57.988
720.340407         7.276              -57.949
720.344406         7.319              -57.910
720.348427         7.362              -57.870
720.352472         7.404              -57.831
720.356538         7.447              -57.792
720.360627         7.490              -57.753
720.364739         7.533              -57.714
720.368873         7.576              -57.674
720.373030         7.618              -57.635
720.377209         7.661              -57.596
720.381411         7.704              -57.557
720.385635         7.747              -57.517
720.389881         7.790              -57.478
720.394150         7.832              -57.439
720.398441         7.875              -57.400
720.402754         7.918              -57.360
720.407090         7.961              -57.321
720.411448         8.004              -57.282
720.415828         8.046              -57.242
720.420231         8.089              -57.203
720.424655         8.132              -57.164
720.429102         8.175              -57.124
720.433572         8.217              -57.085
720.438063         8.260              -57.046
720.442576         8.303              -57.006
720.447112         8.346              -56.967
720.451670         8.388              -56.927
720.456250         8.431              -56.888
720.460851         8.474              -56.849
720.465475         8.516              -56.809
720.470121         8.559              -56.770
720.474789         8.602              -56.730
720.479479         8.645              -56.691
720.484191         8.687              -56.651
720.488925         8.730              -56.612
720.493681         8.773              -56.572
720.498459         8.815              -56.533
720.503258         8.858              -56.493
720.508080         8.901              -56.454
720.512923         8.943              -56.414
720.517788         8.986              -56.375
720.522675         9.029              -56.335
720.527584         9.071              -56.296
720.532514         9.114              -56.256
720.537466         9.156              -56.217
720.542440         9.199              -56.177
720.547436         9.242              -56.137
720.552453         9.284              -56.098
720.557492         9.327              -56.058
720.562552         9.370              -56.018
720.567634         9.412              -55.979
720.572738         9.455              -55.939
720.577863         9.497              -55.900
720.583010         9.540              -55.860
720.588178         9.583              -55.820
720.593368         9.625              -55.781
720.598579         9.668              -55.741
720.603811         9.710              -55.701
720.609065         9.753              -55.661
720.614340         9.795              -55.622
720.619637         9.838              -55.582
720.624955         9.880              -55.542
720.630295         9.923              -55.502
720.635655         9.965              -55.463
720.641037         10.008             -55.423
720.646440         10.051             -55.383
720.651865         10.093             -55.343
720.657310         10.136             -55.303
720.662777         10.178             -55.263
720.668265         10.221             -55.224
720.673774         10.263             -55.184
720.679304         10.305             -55.144
720.684855         10.348             -55.104
720.690427         10.390             -55.064
720.696020         10.433             -55.024
720.701635         10.475             -54.984
720.707270         10.518             -54.944
720.712926         10.560             -54.904
720.718603         10.603             -54.864
720.724301         10.645             -54.824
720.730020         10.688             -54.785
720.735759         10.730             -54.745
720.741520         10.772             -54.705
720.747301         10.815             -54.664
720.753103         10.857             -54.624
720.758925         10.900             -54.584
720.764769         10.942             -54.544
720.770633         10.984             -54.504
720.776518         11.027             -54.464
720.782423         11.069             -54.424
720.788349         11.111             -54.384
720.794296         11.154             -54.344
720.800263         11.196             -54.304
720.806251         11.238             -54.264
720.812259         11.281             -54.223
720.818287         11.323             -54.183
720.824336         11.365             -54.143
720.830406         11.408             -54.103
720.836496         11.450             -54.063
720.842606         11.492             -54.022
720.848737         11.535             -53.982
720.854888         11.577             -53.942
720.861059         11.619             -53.902
720.867250         11.661             -53.861
720.873462         11.704             -53.821
720.879694         11.746             -53.781
720.885946         11.788             -53.741
720.892218         11.830             -53.700
720.898510         11.873             -53.660
720.904822         11.915             -53.620
720.911155         11.957             -53.579
720.917507         11.999             -53.539
720.923879         12.042             -53.498
720.930272         12.084             -53.458
720.936684         12.126             -53.418
720.943116         12.168             -53.377
720.949568         12.210             -53.337
720.956040         12.252             -53.296
720.962532         12.295             -53.256
720.969044         12.337             -53.215
720.975575         12.379             -53.175
720.982126         12.421             -53.134
720.988697         12.463             -53.094
720.995287         12.505             -53.053
721.001898         12.547             -53.013
721.008527         12.590             -52.972
721.015177         12.632             -52.931
721.021845         12.674             -52.891
721.028534         12.716             -52.850
721.035242         12.758             -52.809
721.041969         12.800             -52.769
721.048716         12.842             -52.728
721.055482         12.884             -52.687
721.062268         12.926             -52.647
721.069073         12.968             -52.606
721.075897         13.010             -52.565
721.082741         13.052             -52.525
721.089603         13.094             -52.484
721.096485         13.136             -52.443
721.103387         13.178             -52.402
721.110307         13.220             -52.361
721.117246         13.262             -52.321
721.124205         13.304             -52.280
721.131183         13.346             -52.239
721.138179         13.388             -52.198
721.145195         13.430             -52.157
721.152230         13.472             -52.116
721.159284         13.514             -52.075
721.166356         13.556             -52.034
721.173448         13.598             -51.993
721.180558         13.640             -51.953
721.187687         13.682             -51.912
721.194835         13.724             -51.871
721.202001         13.765             -51.830
721.209187         13.807             -51.789
721.216391         13.849             -51.747
721.223613         13.891             -51.706
721.230855         13.933             -51.665
721.238115         13.975             -51.624
721.245393         14.017             -51.583
721.252690         14.058             -51.542
721.260006         14.100             -51.501
721.267339         14.142             -51.460
721.274692         14.184             -51.419
721.282063         14.226             -51.377
721.289452         14.267             -51.336
721.296859         14.309             -51.295
721.304285         14.351             -51.254
721.311729         14.393             -51.212
721.319191         14.434             -51.171
721.326671         14.476             -51.130
721.334170         14.518             -51.089
721.341687         14.560             -51.047
721.349221         14.601             -51.006
721.356774         14.643             -50.965
721.364345         14.685             -50.923
721.371934         14.726             -50.882
721.379541         14.768             -50.840
721.387166         14.810             -50.799
721.394808         14.851             -50.758
721.402469         14.893             -50.716
721.410147         14.935             -50.675
721.417843         14.976             -50.633
721.425557         15.018             -50.592
721.433288         15.060             -50.550
721.441038         15.101             -50.508
721.448804         15.143             -50.467
721.456589         15.184             -50.425
721.464391         15.226             -50.384
721.472210         15.267             -50.342
721.480048         15.309             -50.300
721.487902         15.351             -50.259
721.495774         15.392             -50.217
721.503663         15.434             -50.175
721.511570         15.475             -50.134
721.519494         15.517             -50.092
721.527436         15.558             -50.050
721.535394         15.600             -50.008
721.543370         15.641             -49.967
721.551363         15.683             -49.925
721.559373         15.724             -49.883
721.567401         15.765             -49.841
721.575445         15.807             -49.799
721.583507         15.848             -49.758
721.591585         15.890             -49.716
721.599680         15.931             -49.674
721.607793         15.973             -49.632
721.615922         16.014             -49.590
721.624068         16.055             -49.548
721.632231         16.097             -49.506
721.640411         16.138             -49.464
721.648607         16.179             -49.422
721.656820         16.221             -49.380
721.665050         16.262             -49.338
721.673297         16.303             -49.296
721.681560         16.345             -49.254
721.689839         16.386             -49.211
721.698135         16.427             -49.169
721.706448         16.469             -49.127
721.714777         16.510             -49.085
721.723123         16.551             -49.043
721.731485         16.592             -49.000
721.739863         16.634             -48.958
721.748257         16.675             -48.916
721.756668         16.716             -48.874
721.765095         16.757             -48.831
721.773539         16.798             -48.789
721.781998         16.840             -48.747
721.790473         16.881             -48.704
721.798965         16.922             -48.662
721.807473         16.963             -48.620
721.815996         17.004             -48.577
721.824536         17.045             -48.535
721.833091         17.086             -48.492
721.841663         17.127             -48.450
721.850250         17.169             -48.407
721.858853         17.210             -48.365
721.867472         17.251             -48.322
721.876106         17.292             -48.280
721.884757         17.333             -48.237
721.893422         17.374             -48.194
721.902104         17.415             -48.152
721.910801         17.456             -48.109
721.919514         17.497             -48.067
721.928242         17.538             -48.024
721.936985         17.579             -47.981
721.945744         17.620             -47.938
721.954519         17.661             -47.896
721.963308         17.702             -47.853
721.972113         17.743             -47.810
721.980934         17.784             -47.767
721.989769         17.825             -47.724
721.998620         17.865             -47.682
722.007486         17.906             -47.639
722.016366         17.947             -47.596
722.025262         17.988             -47.553
722.034173         18.029             -47.510
722.043099         18.070             -47.467
722.052040         18.111             -47.424
722.060996         18.151             -47.381
722.069967         18.192             -47.338
722.078952         18.233             -47.295
722.087953         18.274             -47.252
722.096968         18.315             -47.209
722.105997         18.355             -47.166
722.115042         18.396             -47.122
722.124101         18.437             -47.079
722.133174         18.478             -47.036
722.142262         18.518             -46.993
722.151365         18.559             -46.950
722.160482         18.600             -46.906
722.169614         18.640             -46.863
722.178759         18.681             -46.820
722.187920         18.722             -46.777
722.197094         18.762             -46.733
722.206283         18.803             -46.690
722.215486         18.844             -46.646
722.224703         18.884             -46.603
722.233934         18.925             -46.560
722.243180         18.965             -46.516
722.252439         19.006             -46.473
722.261712         19.046             -46.429
722.271000         19.087             -46.386
722.280301         19.128             -46.342
722.289616         19.168             -46.298
722.298945         19.209             -46.255
722.308288         19.249             -46.211
722.317644         19.290             -46.168
722.327014         19.330             -46.124
722.336398         19.370             -46.080
722.345796         19.411             -46.037
722.355207         19.451             -45.993
722.364632         19.492             -45.949
722.374070         19.532             -45.905
722.383521         19.573             -45.861
722.392986         19.613             -45.818
722.402465         19.653             -45.774
722.411957         19.694             -45.730
722.421462         19.734             -45.686
722.430980         19.774             -45.642
722.440511         19.815             -45.598
722.450056         19.855             -45.554
722.459614         19.895             -45.510
722.469184         19.935             -45.466
722.478768         19.976             -45.422
722.488365         20.016             -45.378
722.497975         20.056             -45.334
722.507597         20.096             -45.290
722.517233         20.137             -45.246
722.526881         20.177             -45.201
722.536542         20.217             -45.157
722.546216         20.257             -45.113
722.555903         20.297             -45.069
722.565602         20.337             -45.025
722.575314         20.378             -44.980
722.585038         20.418             -44.936
722.594775         20.458             -44.892
722.604524         20.498             -44.847
722.614286         20.538             -44.803
722.624060         20.578             -44.758
722.633846         20.618             -44.714
722.643645         20.658             -44.669
722.653456         20.698             -44.625
722.663279         20.738             -44.580
722.673115         20.778             -44.536
722.682962         20.818             -44.491
722.692821         20.858             -44.447
722.702693         20.898             -44.402
722.712577         20.938             -44.357
722.722472         20.978             -44.313
722.732379         21.018             -44.268
722.742299         21.058             -44.223
722.752230         21.097             -44.179
722.762172         21.137             -44.134
722.772127         21.177             -44.089
722.782093         21.217             -44.044
722.792071         21.257             -43.999
722.802060         21.297             -43.954
722.812061         21.336             -43.910
722.822074         21.376             -43.865
722.832097         21.416             -43.820
722.842133         21.456             -43.775
722.852179         21.495             -43.730
722.862237         21.535             -43.685
722.872306         21.575             -43.640
722.882387         21.615             -43.594
722.892478         21.654             -43.549
722.902581         21.694             -43.504
722.912695         21.733             -43.459
722.922820         21.773             -43.414
722.932956         21.813             -43.369
722.943102         21.852             -43.323
722.953260         21.892             -43.278
722.963429         21.931             -43.233
722.973608         21.971             -43.187
722.983798         22.011             -43.142
722.993999         22.050             -43.097
723.004211         22.090             -43.051
723.014433         22.129             -43.006
723.024666         22.169             -42.960
723.034909         22.208             -42.915
723.045163         22.247             -42.869
723.055427         22.287             -42.824
723.065701         22.326             -42.778
723.075986         22.366             -42.732
723.086282         22.405             -42.687
723.096587         22.444             -42.641
723.106903         22.484             -42.595
723.117229         22.523             -42.550
723.127565         22.562             -42.504
723.137911         22.602             -42.458
723.148268         22.641             -42.412
723.158634         22.680             -42.366
723.169010         22.720             -42.321
723.179396         22.759             -42.275
723.189792         22.798             -42.229
723.200197         22.837             -42.183
723.210613         22.876             -42.137
723.221038         22.916             -42.091
723.231473         22.955             -42.045
723.241917         22.994             -41.999
723.252371         23.033             -41.953
723.262834         23.072             -41.906
723.273307         23.111             -41.860
723.283790         23.150             -41.814
723.294281         23.189             -41.768
723.304783         23.228             -41.722
723.315293         23.267             -41.675
723.325813         23.306             -41.629
723.336341         23.345             -41.583
723.346879         23.384             -41.536
723.357426         23.423             -41.490
723.367982         23.462             -41.444
723.378547         23.501             -41.397
723.389121         23.540             -41.351
723.399704         23.579             -41.304
723.410296         23.618             -41.258
723.420897         23.657             -41.211
723.431506         23.696             -41.164
723.442124         23.735             -41.118
723.452751         23.773             -41.071
723.463386         23.812             -41.024
723.474030         23.851             -40.978
723.484683         23.890             -40.931
723.495344         23.928             -40.884
723.506013         23.967             -40.837
723.516691         24.006             -40.791
723.527377         24.045             -40.744
723.538071         24.083             -40.697
723.548774         24.122             -40.650
723.559485         24.161             -40.603
723.570204         24.199             -40.556
723.580931         24.238             -40.509
723.591666         24.276             -40.462
723.602409         24.315             -40.415
723.613160         24.354             -40.368
723.623919         24.392             -40.321
723.634686         24.431             -40.273
723.645460         24.469             -40.226
723.656243         24.508             -40.179
723.667033         24.546             -40.132
723.677830         24.584             -40.084
723.688636         24.623             -40.037
723.699449         24.661             -39.990
723.710269         24.700             -39.942
723.721097         24.738             -39.895
723.731932         24.776             -39.847
723.742775         24.815             -39.800
723.753625         24.853             -39.752
723.764482         24.891             -39.705
723.775347         24.930             -39.657
723.786218         24.968             -39.610
723.797097         25.006             -39.562
723.807983         25.045             -39.514
723.818876         25.083             -39.467
723.829776         25.121             -39.419
723.840683         25.159             -39.371
723.851596         25.197             -39.323
723.862517         25.235             -39.275
723.873444         25.274             -39.227
723.884378         25.312             -39.180
723.895319         25.350             -39.132
723.906266         25.388             -39.084
723.917220         25.426             -39.036
723.928181         25.464             -38.988
723.939148         25.502             -38.940
723.950121         25.540             -38.891
723.961101         25.578             -38.843
723.972087         25.616             -38.795
723.983080         25.654             -38.747
723.994079         25.692             -38.699
724.005084         25.730             -38.650
724.016095         25.767             -38.602
724.027112         25.805             -38.554
724.038135         25.843             -38.505
724.049164         25.881             -38.457
724.060199         25.919             -38.409
724.071240         25.957             -38.360
724.082287         25.994             -38.312
724.093340         26.032             -38.263
724.104399         26.070             -38.214
724.115463         26.108             -38.166
724.126533         26.145             -38.117
724.137608         26.183             -38.069
724.148689         26.221             -38.020
724.159775         26.258             -37.971
724.170867         26.296             -37.922
724.181965         26.333             -37.874
724.193067         26.371             -37.825
724.204175         26.408             -37.776
724.215289         26.446             -37.727
724.226407         26.483             -37.678
724.237531         26.521             -37.629
724.248660         26.558             -37.580
724.259793         26.596             -37.531
724.270932         26.633             -37.482
724.282076         26.671             -37.433
724.293225         26.708             -37.384
724.304378         26.745             -37.334
724.315536         26.783             -37.285
724.326699         26.820             -37.236
724.337867         26.857             -37.187
724.349040         26.895             -37.137
724.360217         26.932             -37.088
724.371398         26.969             -37.039
724.382584         27.007             -36.989
724.393775         27.044             -36.940
724.404970         27.081             -36.890
724.416169         27.118             -36.841
724.427373         27.155             -36.791
724.438581         27.192             -36.741
724.449793         27.229             -36.692
724.461009         27.267             -36.642
724.472230         27.304             -36.592
724.483454         27.341             -36.543
724.494683         27.378             -36.493
724.505915         27.415             -36.443
724.517151         27.452             -36.393
724.528391         27.489             -36.343
724.539635         27.525             -36.293
724.550883         27.562             -36.243
724.562134         27.599             -36.193
724.573390         27.636             -36.143
724.584648         27.673             -36.093
724.595910         27.710             -36.043
724.607176         27.747             -35.993
724.618445         27.783             -35.943
724.629718         27.820             -35.893
724.640994         27.857             -35.842
724.652273         27.894             -35.792
724.663556         27.930             -35.742
724.674841         27.967             -35.691
724.686130         28.004             -35.641
724.697422         28.040             -35.591
724.708717         28.077             -35.540
724.720015         28.114             -35.490
724.731316         28.150             -35.439
724.742620         28.187             -35.388
724.753926         28.223             -35.338
724.765236         28.260             -35.287
724.776548         28.296             -35.236
724.787863         28.333             -35.186
724.799181         28.369             -35.135
724.810501         28.405             -35.084
724.821823         28.442             -35.033
724.833149         28.478             -34.982
724.844476         28.515             -34.931
724.855806         28.551             -34.881
724.867139         28.587             -34.830
724.878473         28.623             -34.778
724.889810         28.660             -34.727
724.901149         28.696             -34.676
724.912490         28.732             -34.625
724.923834         28.768             -34.574
724.935179         28.804             -34.523
724.946526         28.841             -34.471
724.957875         28.877             -34.420
724.969227         28.913             -34.369
724.980580         28.949             -34.317
724.991934         28.985             -34.266
725.003291         29.021             -34.215
725.014649         29.057             -34.163
725.026009         29.093             -34.112
725.037370         29.129             -34.060
725.048733         29.165             -34.008
725.060097         29.201             -33.957
725.071463         29.237             -33.905
725.082830         29.272             -33.853
725.094199         29.308             -33.802
725.105569         29.344             -33.750
725.116940         29.380             -33.698
725.128312         29.416             -33.646
725.139685         29.451             -33.594
725.151059         29.487             -33.542
725.162435         29.523             -33.490
725.173811         29.558             -33.438
725.185188         29.594             -33.386
725.196566         29.630             -33.334
725.207945         29.665             -33.282
725.219325         29.701             -33.230
725.230706         29.736             -33.177
725.242087         29.772             -33.125
725.253468         29.808             -33.073
725.264851         29.843             -33.020
725.276233         29.878             -32.968
725.287617         29.914             -32.916
725.299000         29.949             -32.863
725.310384         29.985             -32.811
725.321769         30.020             -32.758
725.333153         30.055             -32.705
725.344538         30.091             -32.653
725.355923         30.126             -32.600
725.367308         30.161             -32.547
725.378693         30.196             -32.495
725.390078         30.232             -32.442
725.401463         30.267             -32.389
725.412848         30.302             -32.336
725.424233         30.337             -32.283
725.435617         30.372             -32.230
725.447002         30.407             -32.177
725.458386         30.442             -32.124
725.469769         30.477             -32.071
725.481153         30.512             -32.018
725.492535         30.547             -31.965
725.503918         30.582             -31.912
725.515300         30.617             -31.858
725.526681         30.652             -31.805
725.538061         30.687             -31.752
725.549441         30.722             -31.698
725.560820         30.757             -31.645
725.572198         30.791             -31.592
725.583575         30.826             -31.538
725.594952         30.861             -31.484
725.606327         30.896             -31.431
725.617702         30.930             -31.377
725.629075         30.965             -31.324
725.640447         31.000             -31.270
725.651819         31.034             -31.216
725.663188         31.069             -31.162
725.674557         31.104             -31.109
725.685924         31.138             -31.055
725.697290         31.173             -31.001
725.708655         31.207             -30.947
725.720018         31.242             -30.893
725.731379         31.276             -30.839
725.742739         31.310             -30.785
725.754097         31.345             -30.731
725.765454         31.379             -30.676
725.776809         31.413             -30.622
725.788162         31.448             -30.568
725.799513         31.482             -30.514
725.810863         31.516             -30.459
725.822210         31.551             -30.405
725.833556         31.585             -30.351
725.844899         31.619             -30.296
725.856241         31.653             -30.242
725.867580         31.687             -30.187
725.878917         31.721             -30.132
725.890252         31.755             -30.078
725.901584         31.789             -30.023
725.912915         31.823             -29.968
725.924242         31.857             -29.914
725.935568         31.891             -29.859
725.946891         31.925             -29.804
725.958211         31.959             -29.749
725.969529         31.993             -29.694
725.980844         32.027             -29.639
725.992157         32.061             -29.584
726.003466         32.094             -29.529
726.014773         32.128             -29.474
726.026077         32.162             -29.419
726.037379         32.196             -29.364
726.048677         32.229             -29.308
726.059972         32.263             -29.253
726.071264         32.296             -29.198
726.082553         32.330             -29.143
726.093839         32.364             -29.087
726.105122         32.397             -29.032
726.116402         32.431             -28.976
726.127678         32.464             -28.921
726.138951         32.498             -28.865
726.150221         32.531             -28.809
726.161487         32.564             -28.754
726.172749         32.598             -28.698
726.184008         32.631             -28.642
726.195264         32.664             -28.586
726.206516         32.698             -28.531
726.217764         32.731             -28.475
726.229008         32.764             -28.419
726.240249         32.797             -28.363
726.251485         32.830             -28.307
726.262718         32.864             -28.251
726.273947         32.897             -28.194
726.285172         32.930             -28.138
726.296393         32.963             -28.082
726.307609         32.996             -28.026
726.318822         33.029             -27.970
726.330030         33.062             -27.913
726.341235         33.095             -27.857
726.352434         33.128             -27.800
726.363630         33.160             -27.744
726.374821         33.193             -27.687
726.386008         33.226             -27.631
726.397190         33.259             -27.574
726.408367         33.292             -27.518
726.419540         33.324             -27.461
726.430709         33.357             -27.404
726.441872         33.390             -27.347
726.453031         33.422             -27.290
726.464185         33.455             -27.234
726.475335         33.487             -27.177
726.486479         33.520             -27.120
726.497618         33.552             -27.063
726.508753         33.585             -27.006
726.519882         33.617             -26.948
726.531007         33.650             -26.891
726.542126         33.682             -26.834
726.553240         33.714             -26.777
726.564348         33.747             -26.719
726.575452         33.779             -26.662
726.586550         33.811             -26.605
726.597643         33.844             -26.547
726.608730         33.876             -26.490
726.619812         33.908             -26.432
726.630888         33.940             -26.375
726.641958         33.972             -26.317
726.653023         34.004             -26.259
726.664083         34.036             -26.202
726.675136         34.068             -26.144
726.686184         34.100             -26.086
726.697226         34.132             -26.028
726.708262         34.164             -25.970
726.719292         34.196             -25.912
726.730316         34.228             -25.854
726.741334         34.260             -25.796
726.752346         34.292             -25.738
726.763352         34.323             -25.680
726.774352         34.355             -25.622
726.785345         34.387             -25.564
726.796332         34.418             -25.505
726.807313         34.450             -25.447
726.818288         34.482             -25.389
726.829256         34.513             -25.330
726.840217         34.545             -25.272
726.851172         34.576             -25.213
726.862121         34.608             -25.155
726.873062         34.639             -25.096
726.883998         34.670             -25.038
726.894926         34.702             -24.979
726.905848         34.733             -24.920
726.916763         34.765             -24.861
726.927671         34.796             -24.803
726.938572         34.827             -24.744
726.949466         34.858             -24.685
726.960353         34.889             -24.626
726.971233         34.921             -24.567
726.982106         34.952             -24.508
726.992972         34.983             -24.448
727.003830         35.014             -24.389
727.014681         35.045             -24.330
727.025525         35.076             -24.271
727.036362         35.107             -24.211
727.047191         35.138             -24.152
727.058013         35.168             -24.093
727.068827         35.199             -24.033
727.079634         35.230             -23.974
727.090433         35.261             -23.914
727.101225         35.292             -23.855
727.112009         35.322             -23.795
727.122785         35.353             -23.735
727.133553         35.384             -23.675
727.144314         35.414             -23.616
727.155066         35.445             -23.556
727.165811         35.475             -23.496
727.176548         35.506             -23.436
727.187276         35.536             -23.376
727.197997         35.567             -23.316
727.208709         35.597             -23.256
727.219414         35.628             -23.196
727.230110         35.658             -23.136
727.240798         35.688             -23.075
727.251477         35.718             -23.015
727.262148         35.749             -22.955
727.272811         35.779             -22.894
727.283465         35.809             -22.834
727.294111         35.839             -22.773
727.304748         35.869             -22.713
727.315377         35.899             -22.652
727.325997         35.929             -22.592
727.336608         35.959             -22.531
727.347211         35.989             -22.470
727.357805         36.019             -22.410
727.368390         36.049             -22.349
727.378966         36.079             -22.288
727.389533         36.109             -22.227
727.400091         36.139             -22.166
727.410640         36.168             -22.105
727.421180         36.198             -22.044
727.431711         36.228             -21.983
727.442233         36.257             -21.922
727.452746         36.287             -21.860
727.463249         36.316             -21.799
727.473743         36.346             -21.738
727.484228         36.375             -21.676
727.494703         36.405             -21.615
727.505169         36.434             -21.554
727.515625         36.464             -21.492
727.526072         36.493             -21.431
727.536509         36.522             -21.369
727.546937         36.552             -21.307
727.557355         36.581             -21.246
727.567763         36.610             -21.184
727.578161         36.639             -21.122
727.588550         36.668             -21.060
727.598929         36.697             -20.998
727.609297         36.726             -20.936
727.619656         36.755             -20.874
727.630005         36.784             -20.812
727.640344         36.813             -20.750
727.650673         36.842             -20.688
727.660991         36.871             -20.626
727.671300         36.900             -20.563
727.681598         36.929             -20.501
727.691886         36.957             -20.439
727.702163         36.986             -20.376
727.712431         37.015             -20.314
727.722687         37.044             -20.251
727.732934         37.072             -20.189
727.743170         37.101             -20.126
727.753395         37.129             -20.064
727.763610         37.158             -20.001
727.773814         37.186             -19.938
727.784007         37.215             -19.875
727.794190         37.243             -19.813
727.804361         37.271             -19.750
727.814522         37.300             -19.687
727.824673         37.328             -19.624
727.834812         37.356             -19.561
727.844940         37.384             -19.498
727.855057         37.412             -19.434
727.865164         37.441             -19.371
727.875259         37.469             -19.308
727.885343         37.497             -19.245
727.895416         37.525             -19.181
727.905477         37.553             -19.118
727.915527         37.580             -19.054
727.925566         37.608             -18.991
727.935594         37.636             -18.927
727.945610         37.664             -18.864
727.955615         37.692             -18.800
727.965608         37.719             -18.736
727.975590         37.747             -18.673
727.985560         37.775             -18.609
727.995518         37.802             -18.545
728.005465         37.830             -18.481
728.015400         37.857             -18.417
728.025324         37.885             -18.353
728.035235         37.912             -18.289
728.045135         37.940             -18.225
728.055023         37.967             -18.161
728.064899         37.995             -18.097
728.074762         38.022             -18.032
728.084614         38.049             -17.968
728.094454         38.076             -17.904
728.104282         38.103             -17.839
728.114097         38.131             -17.775
728.123900         38.158             -17.710
728.133691         38.185             -17.646
728.143470         38.212             -17.581
728.153236         38.239             -17.516
728.162990         38.266             -17.452
728.172732         38.292             -17.387
728.182461         38.319             -17.322
728.192178         38.346             -17.257
728.201882         38.373             -17.192
728.211573         38.400             -17.127
728.221252         38.426             -17.062
728.230918         38.453             -16.997
728.240572         38.480             -16.932
728.250212         38.506             -16.867
728.259840         38.533             -16.802
728.269455         38.559             -16.736
728.279057         38.585             -16.671
728.288646         38.612             -16.606
728.298222         38.638             -16.540
728.307786         38.665             -16.475
728.317336         38.691             -16.409
728.326873         38.717             -16.344
728.336396         38.743             -16.278
728.345907         38.769             -16.212
728.355404         38.795             -16.147
728.364889         38.822             -16.081
728.374359         38.848             -16.015
728.383817         38.874             -15.949
728.393261         38.899             -15.883
728.402691         38.925             -15.817
728.412108         38.951             -15.751
728.421512         38.977             -15.685
728.430902         39.003             -15.619
728.440278         39.028             -15.553
728.449641         39.054             -15.487
728.458990         39.080             -15.420
728.468325         39.105             -15.354
728.477647         39.131             -15.287
728.486954         39.156             -15.221
728.496248         39.182             -15.155
728.505528         39.207             -15.088
728.514794         39.233             -15.021
728.524046         39.258             -14.955
728.533284         39.283             -14.888
728.542508         39.309             -14.821
728.551717         39.334             -14.754
728.560913         39.359             -14.688
728.570094         39.384             -14.621
728.579262         39.409             -14.554
728.588414         39.434             -14.487
728.597553         39.459             -14.420
728.606677         39.484             -14.353
728.615787         39.509             -14.285
728.624882         39.534             -14.218
728.633963         39.559             -14.151
728.643030         39.583             -14.084
728.652081         39.608             -14.016
728.661119         39.633             -13.949
728.670141         39.658             -13.881
728.679149         39.682             -13.814
728.688142         39.707             -13.746
728.697121         39.731             -13.679
728.706084         39.756             -13.611
728.715033         39.780             -13.543
728.723967         39.804             -13.476
728.732886         39.829             -13.408
728.741790         39.853             -13.340
728.750679         39.877             -13.272
728.759553         39.901             -13.204
728.768412         39.926             -13.136
728.777255         39.950             -13.068
728.786084         39.974             -13.000
728.794897         39.998             -12.932
728.803696         40.022             -12.863
728.812478         40.046             -12.795
728.821246         40.070             -12.727
728.829998         40.093             -12.658
728.838735         40.117             -12.590
728.847457         40.141             -12.522
728.856162         40.165             -12.453
728.864853         40.188             -12.384
728.873528         40.212             -12.316
728.882187         40.235             -12.247
728.890831         40.259             -12.178
728.899459         40.282             -12.110
728.908071         40.306             -12.041
728.916668         40.329             -11.972
728.925248         40.353             -11.903
728.933813         40.376             -11.834
728.942362         40.399             -11.765
728.950896         40.422             -11.696
728.959413         40.445             -11.627
728.967914         40.468             -11.558
728.976400         40.492             -11.488
728.984869         40.515             -11.419
728.993322         40.537             -11.350
729.001759         40.560             -11.280
729.010180         40.583             -11.211
729.018585         40.606             -11.142
729.026973         40.629             -11.072
729.035346         40.652             -11.002
729.043701         40.674             -10.933
729.052041         40.697             -10.863
729.060364         40.719             -10.793
729.068671         40.742             -10.724
729.076961         40.764             -10.654
729.085235         40.787             -10.584
729.093493         40.809             -10.514
729.101733         40.832             -10.444
729.109957         40.854             -10.374
729.118165         40.876             -10.304
729.126356         40.898             -10.234
729.134530         40.920             -10.164
729.142687         40.943             -10.093
729.150828         40.965             -10.023
729.158952         40.987             -9.953
729.167058         41.009             -9.882
729.175148         41.031             -9.812
729.183222         41.052             -9.741
729.191278         41.074             -9.671
729.199317         41.096             -9.600
729.207339         41.118             -9.530
729.215344         41.139             -9.459
729.223332         41.161             -9.388
729.231303         41.183             -9.318
729.239256         41.204             -9.247
729.247193         41.226             -9.176
729.255112         41.247             -9.105
729.263013         41.268             -9.034
729.270898         41.290             -8.963
729.278765         41.311             -8.892
729.286615         41.332             -8.821
729.294447         41.353             -8.750
729.302262         41.374             -8.679
729.310060         41.396             -8.607
729.317839         41.417             -8.536
729.325602         41.438             -8.465
729.333347         41.458             -8.393
729.341074         41.479             -8.322
729.348783         41.500             -8.250
729.356475         41.521             -8.179
729.364149         41.542             -8.107
729.371805         41.562             -8.036
729.379443         41.583             -7.964
729.387064         41.604             -7.892
729.394667         41.624             -7.820
729.402251         41.645             -7.748
729.409818         41.665             -7.677
729.417367         41.685             -7.605
729.424898         41.706             -7.533
729.432411         41.726             -7.461
729.439906         41.746             -7.389
729.447382         41.766             -7.316
729.454841         41.787             -7.244
729.462281         41.807             -7.172
729.469703         41.827             -7.100
729.477107         41.847             -7.027
729.484493         41.867             -6.955
729.491860         41.886             -6.883
729.499209         41.906             -6.810
729.506540         41.926             -6.738
729.513852         41.946             -6.665
729.521146         41.965             -6.593
729.528421         41.985             -6.520
729.535678         42.005             -6.447
729.542916         42.024             -6.375
729.550136         42.044             -6.302
729.557337         42.063             -6.229
729.564520         42.082             -6.156
729.571683         42.102             -6.083
729.578829         42.121             -6.010
729.585955         42.140             -5.937
729.593063         42.159             -5.864
729.600152         42.178             -5.791
729.607222         42.197             -5.718
729.614273         42.216             -5.645
729.621305         42.235             -5.571
729.628319         42.254             -5.498
729.635313         42.273             -5.425
729.642289         42.292             -5.351
729.649245         42.311             -5.278
729.656182         42.329             -5.204
729.663101         42.348             -5.131
729.670000         42.367             -5.057
729.676880         42.385             -4.984
729.683741         42.404             -4.910
729.690583         42.422             -4.836
729.697406         42.440             -4.763
729.704209         42.459             -4.689
729.710993         42.477             -4.615
729.717758         42.495             -4.541
729.724503         42.513             -4.467
729.731229         42.531             -4.393
729.737936         42.549             -4.319
729.744623         42.567             -4.245
729.751291         42.585             -4.171
729.757939         42.603             -4.097
729.764568         42.621             -4.023
729.771177         42.639             -3.948
729.777767         42.657             -3.874
729.784337         42.674             -3.800
729.790887         42.692             -3.725
729.797418         42.709             -3.651
729.803929         42.727             -3.576
729.810420         42.744             -3.502
729.816891         42.762             -3.427
729.823343         42.779             -3.353
729.829775         42.796             -3.278
729.836187         42.814             -3.203
729.842579         42.831             -3.129
729.848952         42.848             -3.054
729.855304         42.865             -2.979
729.861637         42.882             -2.904
729.867949         42.899             -2.829
729.874241         42.916             -2.754
729.880514         42.933             -2.679
729.886766         42.950             -2.604
729.892998         42.966             -2.529
729.899211         42.983             -2.454
729.905403         43.000             -2.379
729.911574         43.016             -2.304
729.917726         43.033             -2.229
729.923857         43.049             -2.153
729.929968         43.066             -2.078
729.936059         43.082             -2.003
729.942130         43.098             -1.927
729.948180         43.115             -1.852
729.954210         43.131             -1.776
729.960219         43.147             -1.701
729.966208         43.163             -1.625
729.972177         43.179             -1.549
729.978125         43.195             -1.474
729.984052         43.211             -1.398
729.989960         43.227             -1.322
729.995846         43.243             -1.246
730.001712         43.258             -1.171
730.007557         43.274             -1.095
730.013382         43.290             -1.019
730.019186         43.305             -0.943
730.024969         43.321             -0.867
730.030732         43.336             -0.791
730.036474         43.352             -0.715
730.042195         43.367             -0.639
730.047896         43.382             -0.562
730.053575         43.398             -0.486
730.059234         43.413             -0.410
730.064872         43.428             -0.334
730.070489         43.443             -0.257
730.076085         43.458             -0.181
730.081660         43.473             -0.105
730.087214         43.488             -0.028
730.092747         43.503             0.048
730.098259         43.518             0.125
730.103751         43.532             0.201
730.109221         43.547             0.278
730.114670         43.562             0.355
730.120098         43.576             0.431
730.125504         43.591             0.508
730.130890         43.605             0.585
730.136255         43.620             0.662
730.141598         43.634             0.738
730.146920         43.648             0.815
730.152221         43.662             0.892
730.157500         43.677             0.969
730.162758         43.691             1.046
730.167995         43.705             1.123
730.173211         43.719             1.200
730.178405         43.733             1.277
730.183578         43.747             1.354
730.188729         43.760             1.432
730.193859         43.774             1.509
730.198968         43.788             1.586
730.204055         43.802             1.663
730.209120         43.815             1.741
730.214164         43.829             1.818
730.219186         43.842             1.895
730.224187         43.856             1.973
730.229167         43.869             2.050
730.234124         43.882             2.128
730.239060         43.895             2.205
730.243975         43.909             2.283
730.248867         43.922             2.360
730.253738         43.935             2.438
730.258588         43.948             2.516
730.263415         43.961             2.594
730.268221         43.974             2.671
730.273005         43.986             2.749
730.277767         43.999             2.827
730.282507         44.012             2.905
730.287226         44.025             2.983
730.291922         44.037             3.061
730.296597         44.050             3.139
730.301250         44.062             3.217
730.305881         44.075             3.295
730.310489         44.087             3.373
730.315076         44.099             3.451
730.319641         44.112             3.529
730.324184         44.124             3.607
730.328705         44.136             3.685
730.333204         44.148             3.763
730.337681         44.160             3.842
730.342135         44.172             3.920
730.346568         44.184             3.998
730.350978         44.196             4.077
730.355366         44.207             4.155
730.359732         44.219             4.234
730.364076         44.231             4.312
730.368398         44.242             4.391
730.372697         44.254             4.469
730.376974         44.265             4.548
730.381229         44.277             4.626
730.385462         44.288             4.705
730.389672         44.299             4.784
730.393860         44.311             4.862
730.398026         44.322             4.941
730.402169         44.333             5.020
730.406290         44.344             5.098
730.410388         44.355             5.177
730.414464         44.366             5.256
730.418518         44.377             5.335
730.422549         44.387             5.414
730.426558         44.398             5.493
730.430544         44.409             5.572
730.434508         44.419             5.651
730.438449         44.430             5.730
730.442367         44.441             5.809
730.446263         44.451             5.888
730.450137         44.461             5.967
730.453988         44.472             6.046
730.457816         44.482             6.125
730.461621         44.492             6.205
730.465404         44.502             6.284
730.469165         44.512             6.363
730.472902         44.522             6.442
730.476617         44.532             6.522
730.480309         44.542             6.601
730.483979         44.552             6.680
730.487626         44.562             6.760
730.491250         44.572             6.839
730.494851         44.581             6.919
730.498429         44.591             6.998
730.501985         44.600             7.078
730.505518         44.610             7.157
730.509028         44.619             7.237
730.512515         44.629             7.317
730.515979         44.638             7.396
730.519420         44.647             7.476
730.522838         44.656             7.555
730.526234         44.665             7.635
730.529606         44.674             7.715
730.532956         44.683             7.795
730.536283         44.692             7.874
730.539586         44.701             7.954
730.542867         44.710             8.034
730.546125         44.719             8.114
730.549359         44.727             8.194
730.552571         44.736             8.274
730.555759         44.744             8.354
730.558925         44.753             8.434
730.562067         44.761             8.514
730.565187         44.770             8.594
730.568283         44.778             8.674
730.571356         44.786             8.754
730.574406         44.794             8.834
730.577432         44.802             8.914
730.580436         44.811             8.994
730.583417         44.819             9.074
730.586374         44.826             9.154
730.589308         44.834             9.234
730.592219         44.842             9.315
730.595106         44.850             9.395
730.597971         44.858             9.475
730.600812         44.865             9.555
730.603630         44.873             9.636
730.606424         44.880             9.716
730.609195         44.888             9.796
730.611943         44.895             9.877
730.614668         44.902             9.957
730.617369         44.909             10.038
730.620047         44.917             10.118
730.622702         44.924             10.199
730.625333         44.931             10.279
730.627941         44.938             10.360
730.630526         44.945             10.440
730.633087         44.952             10.521
730.635625         44.958             10.601
730.638139         44.965             10.682
730.640630         44.972             10.762
730.643097         44.978             10.843
730.645541         44.985             10.924
730.647962         44.991             11.004
730.650359         44.998             11.085
730.652732         45.004             11.166
730.655082         45.011             11.246
730.657409         45.017             11.327
730.659712         45.023             11.408
730.661991         45.029             11.489
730.664247         45.035             11.569
730.666480         45.041             11.650
730.668689         45.047             11.731
730.670874         45.053             11.812
730.673036         45.059             11.893
730.675174         45.064             11.974
730.677288         45.070             12.054
730.679379         45.076             12.135
730.681447         45.081             12.216
730.683490         45.087             12.297
730.685510         45.092             12.378
730.687507         45.097             12.459
730.689479         45.103             12.540
730.691429         45.108             12.621
730.693354         45.113             12.702
730.695256         45.118             12.783
730.697134         45.123             12.864
730.698988         45.128             12.945
730.700819         45.133             13.026
730.702626         45.138             13.107
730.704409         45.143             13.189
730.706169         45.147             13.270
730.707904         45.152             13.351
730.709616         45.157             13.432
730.711305         45.161             13.513
730.712969         45.166             13.594
730.714610         45.170             13.675
730.716227         45.174             13.757
730.717820         45.179             13.838
730.719390         45.183             13.919
730.720935         45.187             14.000
730.722457         45.191             14.082
730.723955         45.195             14.163
730.725429         45.199             14.244
730.726880         45.203             14.325
730.728306         45.207             14.407
730.729709         45.210             14.488
730.731088         45.214             14.569
730.732443         45.218             14.651
730.733774         45.221             14.732
730.735082         45.225             14.813
730.736365         45.228             14.895
730.737625         45.232             14.976
730.738861         45.235             15.057
730.740073         45.238             15.139
730.741261         45.241             15.220
730.742425         45.245             15.302
730.743565         45.248             15.383
730.744681         45.251             15.465
730.745774         45.254             15.546
730.746842         45.256             15.627
730.747887         45.259             15.709
730.748907         45.262             15.790
730.749904         45.265             15.872
730.750877         45.267             15.953
730.751826         45.270             16.035
730.752751         45.272             16.116
730.753652         45.275             16.198
730.754529         45.277             16.279
730.755382         45.279             16.361
730.756211         45.281             16.442
730.757016         45.284             16.524
730.757798         45.286             16.605
730.758555         45.288             16.687
730.759288         45.290             16.769
730.759998         45.292             16.850
730.760683         45.293             16.932
730.761344         45.295             17.013
730.761982         45.297             17.095
730.762595         45.299             17.176
730.763185         45.300             17.258
730.763750         45.302             17.340
730.764292         45.303             17.421
730.764809         45.305             17.503
730.765303         45.306             17.584
730.765772         45.307             17.666
730.766218         45.308             17.748
730.766639         45.309             17.829
730.767037         45.310             17.911
730.767410         45.311             17.992
730.767760         45.312             18.074
730.768085         45.313             18.156
730.768387         45.314             18.237
730.768664         45.315             18.319
730.768918         45.316             18.400
730.769147         45.316             18.482
730.769352         45.317             18.564
730.769534         45.317             18.645
730.769691         45.318             18.727
730.769825         45.318             18.809
730.769934         45.318             18.890
730.770019         45.318             18.972
730.770081         45.319             19.054
730.770118         45.319             19.135
730.770131         45.319             19.217
730.770121         45.319             19.298
730.770086         45.319             19.380
730.770027         45.318             19.462
730.769944         45.318             19.543
730.769837         45.318             19.625
730.769707         45.318             19.707
730.769552         45.317             19.788
730.769373         45.317             19.870
730.769170         45.316             19.952
730.768943         45.316             20.033
730.768692         45.315             20.115
730.768418         45.314             20.196
730.768119         45.313             20.278
730.767796         45.313             20.360
730.767449         45.312             20.441
730.767078         45.311             20.523
730.766683         45.310             20.605
730.766264         45.308             20.686
730.765821         45.307             20.768
730.765354         45.306             20.849
730.764863         45.305             20.931
730.764348         45.303             21.013
730.763809         45.302             21.094
730.763247         45.300             21.176
730.762660         45.299             21.257
730.762049         45.297             21.339
730.761414         45.295             21.421
730.760755         45.294             21.502
730.760072         45.292             21.584
730.759366         45.290             21.665
730.758635         45.288             21.747
730.757880         45.286             21.828
730.757101         45.284             21.910
730.756299         45.282             21.991
730.755472         45.279             22.073
730.754622         45.277             22.154
730.753747         45.275             22.236
730.752849         45.272             22.317
730.751926         45.270             22.399
730.750980         45.267             22.480
730.750010         45.265             22.562
730.749016         45.262             22.643
730.747997         45.259             22.725
730.746955         45.257             22.806
730.745890         45.254             22.888
730.744800         45.251             22.969
730.743686         45.248             23.051
730.742548         45.245             23.132
730.741387         45.242             23.213
730.740201         45.239             23.295
730.738992         45.235             23.376
730.737759         45.232             23.458
730.736502         45.229             23.539
730.735221         45.225             23.620
730.733916         45.222             23.702
730.732587         45.218             23.783
730.731235         45.215             23.864
730.729858         45.211             23.946
730.728458         45.207             24.027
730.727034         45.203             24.108
730.725586         45.199             24.190
730.724115         45.195             24.271
730.722619         45.191             24.352
730.721100         45.187             24.433
730.719557         45.183             24.515
730.717990         45.179             24.596
730.716399         45.175             24.677
730.714785         45.170             24.758
730.713147         45.166             24.839
730.711485         45.162             24.921
730.709799         45.157             25.002
730.708089         45.153             25.083
730.706356         45.148             25.164
730.704599         45.143             25.245
730.702818         45.138             25.326
730.701014         45.134             25.407
730.699186         45.129             25.489
730.697334         45.124             25.570
730.695458         45.119             25.651
730.693559         45.114             25.732
730.691636         45.108             25.813
730.689690         45.103             25.894
730.687720         45.098             25.975
730.685726         45.093             26.056
730.683708         45.087             26.137
730.681667         45.082             26.218
730.679602         45.076             26.298
730.677514         45.071             26.379
730.675402         45.065             26.460
730.673266         45.059             26.541
730.671107         45.053             26.622
730.668924         45.048             26.703
730.666718         45.042             26.784
730.664488         45.036             26.864
730.662235         45.030             26.945
730.659958         45.024             27.026
730.657657         45.017             27.107
730.655333         45.011             27.187
730.652986         45.005             27.268
730.650615         44.999             27.349
730.648220         44.992             27.430
730.645802         44.986             27.510
730.643361         44.979             27.591
730.640896         44.973             27.672
730.638408         44.966             27.752
730.635896         44.959             27.833
730.633361         44.952             27.913
730.630802         44.945             27.994
730.628220         44.939             28.074
730.625614         44.932             28.155
730.622986         44.925             28.235
730.620334         44.917             28.316
730.617658         44.910             28.396
730.614959         44.903             28.477
730.612237         44.896             28.557
730.609492         44.888             28.637
730.606723         44.881             28.718
730.603931         44.873             28.798
730.601115         44.866             28.878
730.598277         44.858             28.959
730.595415         44.851             29.039
730.592530         44.843             29.119
730.589621         44.835             29.199
730.586690         44.827             29.280
730.583735         44.819             29.360
730.580757         44.811             29.440
730.577756         44.803             29.520
730.574732         44.795             29.600
730.571684         44.787             29.680
730.568614         44.779             29.760
730.565520         44.771             29.840
730.562403         44.762             29.920
730.559263         44.754             30.000
730.556100         44.745             30.080
730.552914         44.737             30.160
730.549705         44.728             30.240
730.546473         44.720             30.320
730.543218         44.711             30.400
730.539940         44.702             30.480
730.536638         44.693             30.559
730.533314         44.684             30.639
730.529967         44.675             30.719
730.526597         44.666             30.799
730.523204         44.657             30.878
730.519788         44.648             30.958
730.516349         44.639             31.038
730.512888         44.630             31.117
730.509403         44.620             31.197
730.505896         44.611             31.277
730.502365         44.601             31.356
730.498812         44.592             31.436
730.495236         44.582             31.515
730.491637         44.573             31.595
730.488016         44.563             31.674
730.484372         44.553             31.753
730.480705         44.543             31.833
730.477015         44.533             31.912
730.473302         44.523             31.991
730.469567         44.513             32.071
730.465809         44.503             32.150
730.462029         44.493             32.229
730.458225         44.483             32.308
730.454400         44.473             32.388
730.450551         44.462             32.467
730.446680         44.452             32.546
730.442787         44.442             32.625
730.438870         44.431             32.704
730.434932         44.421             32.783
730.430970         44.410             32.862
730.426987         44.399             32.941
730.422980         44.389             33.020
730.418952         44.378             33.099
730.414901         44.367             33.178
730.410827         44.356             33.257
730.406731         44.345             33.336
730.402612         44.334             33.414
730.398472         44.323             33.493
730.394308         44.312             33.572
730.390123         44.300             33.650
730.385915         44.289             33.729
730.381685         44.278             33.808
730.377432         44.266             33.886
730.373157         44.255             33.965
730.368860         44.243             34.043
730.364541         44.232             34.122
730.360200         44.220             34.200
730.355836         44.209             34.279
730.351450         44.197             34.357
730.347042         44.185             34.436
730.342612         44.173             34.514
730.338160         44.161             34.592
730.333685         44.149             34.671
730.329189         44.137             34.749
730.324671         44.125             34.827
730.320130         44.113             34.905
730.315567         44.101             34.983
730.310983         44.088             35.061
730.306376         44.076             35.140
730.301748         44.064             35.218
730.297097         44.051             35.296
730.292425         44.039             35.374
730.287731         44.026             35.451
730.283015         44.013             35.529
730.278277         44.001             35.607
730.273517         43.988             35.685
730.268735         43.975             35.763
730.263932         43.962             35.841
730.259107         43.949             35.918
730.254260         43.936             35.996
730.249391         43.923             36.074
730.244501         43.910             36.151
730.239589         43.897             36.229
730.234655         43.884             36.306
730.229700         43.870             36.384
730.224723         43.857             36.461
730.219724         43.844             36.539
730.214704         43.830             36.616
730.209663         43.817             36.694
730.204599         43.803             36.771
730.199515         43.789             36.848
730.194409         43.776             36.925
730.189281         43.762             37.003
730.184132         43.748             37.080
730.178961         43.734             37.157
730.173769         43.720             37.234
730.168556         43.706             37.311
730.163322         43.692             37.388
730.158066         43.678             37.465
730.152788         43.664             37.542
730.147490         43.650             37.619
730.142170         43.636             37.696
730.136829         43.621             37.773
730.131467         43.607             37.849
730.126084         43.592             37.926
730.120679         43.578             38.003
730.115254         43.563             38.080
730.109807         43.549             38.156
730.104339         43.534             38.233
730.098850         43.519             38.309
730.093340         43.504             38.386
730.087809         43.490             38.462
730.082257         43.475             38.539
730.076684         43.460             38.615
730.071090         43.445             38.692
730.065476         43.430             38.768
730.059840         43.415             38.844
730.054184         43.399             38.921
730.048506         43.384             38.997
730.042808         43.369             39.073
730.037089         43.353             39.149
730.031349         43.338             39.225
730.025589         43.323             39.301
730.019808         43.307             39.377
730.014006         43.291             39.453
730.008184         43.276             39.529
730.002341         43.260             39.605
729.996477         43.244             39.681
729.990592         43.229             39.757
729.984688         43.213             39.832
729.978762         43.197             39.908
729.972816         43.181             39.984
729.966850         43.165             40.059
729.960863         43.149             40.135
729.954856         43.133             40.210
729.948828         43.116             40.286
729.942780         43.100             40.361
729.936712         43.084             40.437
729.930623         43.068             40.512
729.924514         43.051             40.588
729.918385         43.035             40.663
729.912236         43.018             40.738
729.906066         43.002             40.813
729.899876         42.985             40.889
729.893666         42.968             40.964
729.887436         42.951             41.039
729.881186         42.935             41.114
729.874916         42.918             41.189
729.868626         42.901             41.264
729.862315         42.884             41.339
729.855985         42.867             41.414
729.849635         42.850             41.488
729.843264         42.833             41.563
729.836874         42.816             41.638
729.830464         42.798             41.713
729.824035         42.781             41.787
729.817585         42.764             41.862
729.811116         42.746             41.936
729.804627         42.729             42.011
729.798118         42.711             42.085
729.791589         42.694             42.160
729.785041         42.676             42.234
729.778473         42.658             42.309
729.771885         42.641             42.383
729.765278         42.623             42.457
729.758652         42.605             42.531
729.752006         42.587             42.605
729.745340         42.569             42.680
729.738655         42.551             42.754
729.731950         42.533             42.828
729.725226         42.515             42.902
729.718483         42.497             42.976
729.711720         42.479             43.049
729.704938         42.461             43.123
729.698137         42.442             43.197
729.691317         42.424             43.271
729.684477         42.406             43.345
729.677618         42.387             43.418
729.670740         42.369             43.492
729.663842         42.350             43.565
729.656926         42.331             43.639
729.649991         42.313             43.712
729.643036         42.294             43.786
729.636063         42.275             43.859
729.629070         42.256             43.933
729.622059         42.237             44.006
729.615029         42.218             44.079
729.607980         42.199             44.152
729.600911         42.180             44.226
729.593825         42.161             44.299
729.586719         42.142             44.372
729.579595         42.123             44.445
729.572451         42.104             44.518
729.565290         42.084             44.591
729.558109         42.065             44.664
729.550910         42.046             44.736
729.543692         42.026             44.809
729.536456         42.007             44.882
729.529201         41.987             44.955
729.521928         41.968             45.027
729.514636         41.948             45.100
729.507326         41.928             45.172
729.499997         41.908             45.245
729.492650         41.889             45.317
729.485285         41.869             45.390
729.477901         41.849             45.462
729.470499         41.829             45.534
729.463079         41.809             45.607
729.455640         41.789             45.679
729.448184         41.769             45.751
729.440709         41.748             45.823
729.433216         41.728             45.895
729.425705         41.708             45.967
729.418176         41.688             46.039
729.410630         41.667             46.111
729.403065         41.647             46.183
729.395482         41.626             46.255
729.387881         41.606             46.327
729.380262         41.585             46.399
729.372626         41.565             46.470
729.364972         41.544             46.542
729.357299         41.523             46.614
729.349610         41.502             46.685
729.341902         41.482             46.757
729.334177         41.461             46.828
729.326434         41.440             46.899
729.318674         41.419             46.971
729.310896         41.398             47.042
729.303100         41.377             47.113
729.295287         41.356             47.185
729.287457         41.334             47.256
729.279609         41.313             47.327
729.271743         41.292             47.398
729.263861         41.271             47.469
729.255961         41.249             47.540
729.248044         41.228             47.611
729.240109         41.206             47.682
729.232157         41.185             47.752
729.224188         41.163             47.823
729.216202         41.142             47.894
729.208199         41.120             47.965
729.200179         41.098             48.035
729.192142         41.077             48.106
729.184087         41.055             48.176
729.176016         41.033             48.247
729.167928         41.011             48.317
729.159823         40.989             48.388
729.151701         40.967             48.458
729.143562         40.945             48.528
729.135406         40.923             48.598
729.127234         40.901             48.669
729.119045         40.879             48.739
729.110839         40.856             48.809
729.102617         40.834             48.879
729.094378         40.812             48.949
729.086122         40.789             49.019
729.077850         40.767             49.089
729.069562         40.744             49.159
729.061257         40.722             49.228
729.052935         40.699             49.298
729.044598         40.677             49.368
729.036243         40.654             49.437
729.027873         40.631             49.507
729.019486         40.608             49.576
729.011083         40.586             49.646
729.002664         40.563             49.715
728.994229         40.540             49.785
728.985777         40.517             49.854
728.977310         40.494             49.923
728.968826         40.471             49.993
728.960326         40.448             50.062
728.951811         40.425             50.131
728.943279         40.402             50.200
728.934732         40.378             50.269
728.926169         40.355             50.338
728.917590         40.332             50.407
728.908995         40.308             50.476
728.900384         40.285             50.545
728.891758         40.261             50.613
728.883116         40.238             50.682
728.874458         40.214             50.751
728.865785         40.191             50.820
728.857096         40.167             50.888
728.848392         40.143             50.957
728.839672         40.120             51.025
728.830937         40.096             51.094
728.822186         40.072             51.162
728.813420         40.048             51.230
728.804639         40.024             51.299
728.795843         40.000             51.367
728.787031         39.976             51.435
728.778204         39.952             51.503
728.769362         39.928             51.571
728.760505         39.904             51.639
728.751632         39.880             51.707
728.742745         39.856             51.775
728.733842         39.831             51.843
728.724925         39.807             51.911
728.715993         39.783             51.979
728.707046         39.758             52.046
728.698084         39.734             52.114
728.689107         39.709             52.182
728.680115         39.685             52.249
728.671109         39.660             52.317
728.662088         39.636             52.384
728.653052         39.611             52.452
728.644002         39.586             52.519
728.634937         39.561             52.586
728.625858         39.537             52.653
728.616764         39.512             52.721
728.607656         39.487             52.788
728.598533         39.462             52.855
728.589396         39.437             52.922
728.580245         39.412             52.989
728.571079         39.387             53.056
728.561899         39.362             53.123
728.552705         39.337             53.190
728.543497         39.311             53.257
728.534275         39.286             53.323
728.525038         39.261             53.390
728.515788         39.235             53.457
728.506524         39.210             53.523
728.497245         39.185             53.590
728.487953         39.159             53.656
728.478647         39.134             53.723
728.469327         39.108             53.789
728.459993         39.083             53.856
728.450645         39.057             53.922
728.441284         39.031             53.988
728.431909         39.006             54.054
728.422521         38.980             54.120
728.413119         38.954             54.187
728.403703         38.928             54.253
728.394274         38.902             54.319
728.384831         38.876             54.385
728.375375         38.850             54.450
728.365906         38.824             54.516
728.356423         38.798             54.582
728.346927         38.772             54.648
728.337418         38.746             54.713
728.327896         38.720             54.779
728.318360         38.694             54.845
728.308812         38.667             54.910
728.299250         38.641             54.976
728.289675         38.615             55.041
728.280087         38.588             55.107
728.270487         38.562             55.172
728.260873         38.535             55.237
728.251246         38.509             55.302
728.241607         38.482             55.368
728.231955         38.456             55.433
728.222290         38.429             55.498
728.212613         38.402             55.563
728.202923         38.376             55.628
728.193220         38.349             55.693
728.183505         38.322             55.758
728.173777         38.295             55.822
728.164037         38.268             55.887
728.154284         38.242             55.952
728.144519         38.215             56.017
728.134742         38.188             56.081
728.124952         38.161             56.146
728.115150         38.133             56.210
728.105336         38.106             56.275
728.095510         38.079             56.339
728.085671         38.052             56.404
728.075821         38.025             56.468
728.065958         37.997             56.532
728.056084         37.970             56.596
728.046197         37.943             56.661
728.036299         37.915             56.725
728.026388         37.888             56.789
728.016466         37.860             56.853
728.006532         37.833             56.917
727.996587         37.805             56.981
727.986630         37.778             57.044
727.976661         37.750             57.108
727.966680         37.722             57.172
727.956688         37.695             57.236
727.946685         37.667             57.299
727.936670         37.639             57.363
727.926643         37.611             57.427
727.916606         37.583             57.490
727.906557         37.556             57.554
727.896496         37.528             57.617
727.886425         37.500             57.680
727.876342         37.472             57.744
727.866248         37.444             57.807
727.856143         37.415             57.870
727.846027         37.387             57.933
727.835900         37.359             57.996
727.825762         37.331             58.059
727.815613         37.303             58.122
727.805453         37.274             58.185
727.795282         37.246             58.248
727.785101         37.218             58.311
727.774908         37.189             58.374
727.764706         37.161             58.437
727.754492         37.132             58.499
727.744268         37.104             58.562
727.734033         37.075             58.625
727.723788         37.047             58.687
727.713532         37.018             58.750
727.703266         36.989             58.812
727.692990         36.961             58.875
727.682703         36.932             58.937
727.672406         36.903             58.999
727.662098         36.874             59.062
727.651781         36.845             59.124
727.641453         36.816             59.186
727.631116         36.788             59.248
727.620768         36.759             59.310
727.610410         36.730             59.372
727.600042         36.700             59.434
727.589664         36.671             59.496
727.579277         36.642             59.558
727.568880         36.613             59.620
727.558472         36.584             59.681
727.548056         36.555             59.743
727.537629         36.525             59.805
727.527193         36.496             59.866
727.516747         36.467             59.928
727.506292         36.437             59.989
727.495827         36.408             60.051
727.485353         36.379             60.112
727.474869         36.349             60.174
727.464376         36.320             60.235
727.453874         36.290             60.296
727.443362         36.260             60.357
727.432841         36.231             60.419
727.422311         36.201             60.480
727.411772         36.171             60.541
727.401224         36.142             60.602
727.390667         36.112             60.663
727.380101         36.082             60.724
727.369525         36.052             60.785
727.358941         36.022             60.845
727.348349         35.992             60.906
727.337747         35.963             60.967
727.327137         35.933             61.028
727.316518         35.903             61.088
727.305890         35.873             61.149
727.295253         35.842             61.209
727.284609         35.812             61.270
727.273955         35.782             61.330
727.263293         35.752             61.391
727.252623         35.722             61.451
727.241944         35.691             61.511
727.231258         35.661             61.572
727.220562         35.631             61.632
727.209859         35.600             61.692
727.199147         35.570             61.752
727.188428         35.540             61.812
727.177700         35.509             61.872
727.166964         35.479             61.932
727.156220         35.448             61.992
727.145468         35.418             62.052
727.134709         35.387             62.111
727.123941         35.356             62.171
727.113166         35.326             62.231
727.102383         35.295             62.291
727.091592         35.264             62.350
727.080794         35.233             62.410
727.069988         35.203             62.469
727.059174         35.172             62.529
727.048353         35.141             62.588
727.037525         35.110             62.648
727.026689         35.079             62.707
727.015846         35.048             62.766
727.004995         35.017             62.825
726.994138         34.986             62.885
726.983273         34.955             62.944
726.972400         34.924             63.003
726.961521         34.893             63.062
726.950635         34.862             63.121
726.939741         34.830             63.180
726.928841         34.799             63.239
726.917934         34.768             63.297
726.907020         34.737             63.356
726.896099         34.705             63.415
726.885171         34.674             63.474
726.874237         34.642             63.532
726.863296         34.611             63.591
726.852348         34.580             63.650
726.841394         34.548             63.708
726.830433         34.517             63.767
726.819465         34.485             63.825
726.808492         34.453             63.883
726.797511         34.422             63.942
726.786525         34.390             64.000
726.775532         34.358             64.058
726.764533         34.327             64.116
726.753528         34.295             64.175
726.742517         34.263             64.233
726.731499         34.231             64.291
726.720476         34.199             64.349
726.709446         34.168             64.407
726.698411         34.136             64.465
726.687370         34.104             64.522
726.676322         34.072             64.580
726.665270         34.040             64.638
726.654211         34.008             64.696
726.643147         33.976             64.753
726.632077         33.944             64.811
726.621001         33.911             64.869
726.609920         33.879             64.926
726.598833         33.847             64.984
726.587741         33.815             65.041
726.576644         33.783             65.098
726.565541         33.750             65.156
726.554433         33.718             65.213
726.543319         33.686             65.270
726.532201         33.653             65.328
726.521077         33.621             65.385
726.509948         33.588             65.442
726.498814         33.556             65.499
726.487675         33.523             65.556
726.476531         33.491             65.613
726.465383         33.458             65.670
726.454229         33.426             65.727
726.443071         33.393             65.784
726.431907         33.360             65.840
726.420740         33.328             65.897
726.409567         33.295             65.954
726.398390         33.262             66.011
726.387208         33.230             66.067
726.376022         33.197             66.124
726.364832         33.164             66.180
726.353637         33.131             66.237
726.342437         33.098             66.293
726.331233         33.065             66.350
726.320026         33.032             66.406
726.308813         32.999             66.462
726.297597         32.966             66.519
726.286377         32.933             66.575
726.275152         32.900             66.631
726.263924         32.867             66.687
726.252691         32.834             66.743
726.241455         32.801             66.799
726.230215         32.768             66.855
726.218971         32.734             66.911
726.207723         32.701             66.967
726.196472         32.668             67.023
726.185217         32.635             67.079
726.173958         32.601             67.134
726.162696         32.568             67.190
726.151430         32.535             67.246
726.140161         32.501             67.301
726.128889         32.468             67.357
726.117613         32.434             67.413
726.106333         32.401             67.468
726.095051         32.367             67.524
726.083765         32.334             67.579
726.072476         32.300             67.634
726.061185         32.266             67.690
726.049890         32.233             67.745
726.038592         32.199             67.800
726.027291         32.165             67.855
726.015987         32.132             67.911
726.004680         32.098             67.966
725.993371         32.064             68.021
725.982059         32.030             68.076
725.970744         31.997             68.131
725.959426         31.963             68.186
725.948106         31.929             68.241
725.936784         31.895             68.295
725.925458         31.861             68.350
725.914131         31.827             68.405
725.902801         31.793             68.460
725.891469         31.759             68.514
725.880134         31.725             68.569
725.868797         31.691             68.624
725.857458         31.657             68.678
725.846117         31.623             68.733
725.834774         31.588             68.787
725.823428         31.554             68.842
725.812081         31.520             68.896
725.800732         31.486             68.950
725.789381         31.451             69.005
725.778028         31.417             69.059
725.766673         31.383             69.113
725.755317         31.348             69.167
725.743959         31.314             69.221
725.732599         31.280             69.275
725.721238         31.245             69.330
725.709875         31.211             69.384
725.698510         31.176             69.437
725.687145         31.142             69.491
725.675777         31.107             69.545
725.664409         31.073             69.599
725.653039         31.038             69.653
725.641668         31.003             69.707
725.630296         30.969             69.760
725.618923         30.934             69.814
725.607549         30.899             69.868
725.596173         30.865             69.921
725.584797         30.830             69.975
725.573420         30.795             70.028
725.562042         30.760             70.082
725.550663         30.726             70.135
725.539283         30.691             70.188
725.527903         30.656             70.242
725.516521         30.621             70.295
725.505140         30.586             70.348
725.493757         30.551             70.402
725.482375         30.516             70.455
725.470992         30.481             70.508
725.459608         30.446             70.561
725.448224         30.411             70.614
725.436840         30.376             70.667
725.425455         30.341             70.720
725.414070         30.306             70.773
725.402685         30.271             70.826
725.391300         30.235             70.879
725.379915         30.200             70.931
725.368530         30.165             70.984
725.357145         30.130             71.037
725.345760         30.094             71.090
725.334375         30.059             71.142
725.322991         30.024             71.195
725.311606         29.988             71.247
725.300222         29.953             71.300
725.288839         29.918             71.352
725.277455         29.882             71.405
725.266073         29.847             71.457
725.254690         29.811             71.510
725.243309         29.776             71.562
725.231927         29.740             71.614
725.220547         29.705             71.666
725.209167         29.669             71.719
725.197788         29.634             71.771
725.186410         29.598             71.823
725.175032         29.562             71.875
725.163656         29.527             71.927
725.152281         29.491             71.979
725.140906         29.455             72.031
725.129533         29.420             72.083
725.118160         29.384             72.135
725.106789         29.348             72.187
725.095419         29.312             72.238
725.084051         29.276             72.290
725.072683         29.240             72.342
725.061317         29.205             72.394
725.049953         29.169             72.445
725.038590         29.133             72.497
725.027228         29.097             72.548
725.015868         29.061             72.600
725.004510         29.025             72.652
724.993153         28.989             72.703
724.981798         28.953             72.754
724.970445         28.917             72.806
724.959094         28.881             72.857
724.947745         28.844             72.908
724.936397         28.808             72.960
724.925051         28.772             73.011
724.913708         28.736             73.062
724.902367         28.700             73.113
724.891027         28.664             73.164
724.879690         28.627             73.215
724.868355         28.591             73.266
724.857023         28.555             73.317
724.845692         28.518             73.368
724.834365         28.482             73.419
724.823039         28.446             73.470
724.811716         28.409             73.521
724.800396         28.373             73.572
724.789078         28.336             73.623
724.777763         28.300             73.673
724.766450         28.264             73.724
724.755140         28.227             73.775
724.743833         28.191             73.825
724.732529         28.154             73.876
724.721228         28.117             73.927
724.709930         28.081             73.977
724.698634         28.044             74.028
724.687342         28.008             74.078
724.676053         27.971             74.128
724.664767         27.934             74.179
724.653484         27.898             74.229
724.642205         27.861             74.279
724.630928         27.824             74.330
724.619655         27.787             74.380
724.608386         27.751             74.430
724.597120         27.714             74.480
724.585857         27.677             74.530
724.574598         27.640             74.580
724.563343         27.603             74.630
724.552091         27.566             74.680
724.540843         27.529             74.730
724.529598         27.493             74.780
724.518358         27.456             74.830
724.507121         27.419             74.880
724.495888         27.382             74.930
724.484659         27.345             74.980
724.473435         27.308             75.030
724.462214         27.270             75.079
724.450997         27.233             75.129
724.439784         27.196             75.179
724.428576         27.159             75.228
724.417372         27.122             75.278
724.406172         27.085             75.327
724.394977         27.048             75.377
724.383786         27.010             75.426
724.372599         26.973             75.476
724.361417         26.936             75.525
724.350239         26.899             75.574
724.339067         26.861             75.624
724.327898         26.824             75.673
724.316735         26.787             75.722
724.305576         26.750             75.772
724.294422         26.712             75.821
724.283273         26.675             75.870
724.272128         26.637             75.919
724.260989         26.600             75.968
724.249855         26.562             76.017
724.238725         26.525             76.066
724.227601         26.488             76.115
724.216482         26.450             76.164
724.205368         26.412             76.213
724.194260         26.375             76.262
724.183156         26.337             76.311
724.172059         26.300             76.360
724.160966         26.262             76.408
724.149879         26.225             76.457
724.138797         26.187             76.506
724.127721         26.149             76.554
724.116651         26.112             76.603
724.105586         26.074             76.652
724.094527         26.036             76.700
724.083474         25.998             76.749
724.072426         25.961             76.797
724.061384         25.923             76.846
724.050349         25.885             76.894
724.039319         25.847             76.943
724.028295         25.809             76.991
724.017277         25.772             77.039
724.006265         25.734             77.088
723.995260         25.696             77.136
723.984260         25.658             77.184
723.973267         25.620             77.232
723.962280         25.582             77.281
723.951300         25.544             77.329
723.940326         25.506             77.377
723.929358         25.468             77.425
723.918397         25.430             77.473
723.907442         25.392             77.521
723.896494         25.354             77.569
723.885553         25.316             77.617
723.874618         25.278             77.665
723.863690         25.240             77.713
723.852768         25.201             77.760
723.841854         25.163             77.808
723.830946         25.125             77.856
723.820046         25.087             77.904
723.809152         25.049             77.952
723.798266         25.010             77.999
723.787386         24.972             78.047
723.776514         24.934             78.095
723.765648         24.896             78.142
723.754790         24.857             78.190
723.743939         24.819             78.237
723.733096         24.781             78.285
723.722260         24.742             78.332
723.711431         24.704             78.380
723.700610         24.665             78.427
723.689796         24.627             78.474
723.678990         24.589             78.522
723.668192         24.550             78.569
723.657401         24.512             78.616
723.646617         24.473             78.664
723.635842         24.435             78.711
723.625074         24.396             78.758
723.614315         24.358             78.805
723.603563         24.319             78.852
723.592819         24.281             78.899
723.582083         24.242             78.946
723.571355         24.203             78.993
723.560635         24.165             79.040
723.549923         24.126             79.087
723.539220         24.087             79.134
723.528525         24.049             79.181
723.517838         24.010             79.228
723.507159         23.971             79.275
723.496489         23.933             79.322
723.485827         23.894             79.368
723.475173         23.855             79.415
723.464529         23.816             79.462
723.453892         23.778             79.509
723.443265         23.739             79.555
723.432646         23.700             79.602
723.422035         23.661             79.649
723.411434         23.622             79.695
723.400841         23.583             79.742
723.390257         23.544             79.788
723.379682         23.505             79.835
723.369116         23.467             79.881
723.358559         23.428             79.928
723.348011         23.389             79.974
723.337472         23.350             80.020
723.326942         23.311             80.067
723.316422         23.272             80.113
723.305910         23.233             80.159
723.295408         23.194             80.205
723.284916         23.155             80.252
723.274432         23.115             80.298
723.263958         23.076             80.344
723.253494         23.037             80.390
723.243039         22.998             80.436
723.232593         22.959             80.482
723.222158         22.920             80.528
723.211732         22.881             80.574
723.201315         22.841             80.620
723.190908         22.802             80.666
723.180511         22.763             80.712
723.170124         22.724             80.758
723.159747         22.685             80.804
723.149380         22.645             80.850
723.139023         22.606             80.896
723.128675         22.567             80.941
723.118338         22.527             80.987
723.108011         22.488             81.033
723.097694         22.449             81.079
723.087388         22.409             81.124
723.077091         22.370             81.170
723.066805         22.330             81.216
723.056529         22.291             81.261
723.046264         22.252             81.307
723.036009         22.212             81.352
723.025765         22.173             81.398
723.015531         22.133             81.443
723.005308         22.094             81.489
722.995095         22.054             81.534
722.984893         22.015             81.580
722.974702         21.975             81.625
722.964521         21.936             81.670
722.954351         21.896             81.716
722.944192         21.857             81.761
722.934044         21.817             81.806
722.923907         21.777             81.851
722.913781         21.738             81.897
722.903666         21.698             81.942
722.893562         21.658             81.987
722.883470         21.619             82.032
722.873388         21.579             82.077
722.863318         21.539             82.122
722.853258         21.500             82.167
722.843211         21.460             82.212
722.833174         21.420             82.257
722.823149         21.380             82.302
722.813135         21.341             82.347
722.803133         21.301             82.392
722.793143         21.261             82.437
722.783164         21.221             82.482
722.773196         21.181             82.527
722.763241         21.142             82.571
722.753296         21.102             82.616
722.743364         21.062             82.661
722.733444         21.022             82.706
722.723535         20.982             82.750
722.713638         20.942             82.795
722.703754         20.902             82.840
722.693881         20.862             82.884
722.684020         20.822             82.929
722.674171         20.782             82.974
722.664334         20.742             83.018
722.654510         20.702             83.063
722.644698         20.662             83.107
722.634898         20.622             83.152
722.625110         20.582             83.196
722.615335         20.542             83.240
722.605571         20.502             83.285
722.595821         20.462             83.329
722.586083         20.422             83.374
722.576357         20.382             83.418
722.566644         20.342             83.462
722.556943         20.302             83.507
722.547256         20.261             83.551
722.537580         20.221             83.595
722.527918         20.181             83.639
722.518268         20.141             83.683
722.508631         20.101             83.727
722.499007         20.061             83.772
722.489396         20.020             83.816
722.479798         19.980             83.860
722.470213         19.940             83.904
722.460640         19.900             83.948
722.451081         19.859             83.992
722.441535         19.819             84.036
722.432002         19.779             84.080
722.422483         19.738             84.124
722.412976         19.698             84.168
722.403483         19.658             84.212
722.394003         19.617             84.255
722.384537         19.577             84.299
722.375084         19.536             84.343
722.365644         19.496             84.387
722.356218         19.456             84.431
722.346806         19.415             84.474
722.337407         19.375             84.518
722.328021         19.334             84.562
722.318650         19.294             84.605
722.309292         19.253             84.649
722.299947         19.213             84.693
722.290617         19.172             84.736
722.281300         19.132             84.780
722.271998         19.091             84.823
722.262709         19.051             84.867
722.253434         19.010             84.910
722.244173         18.970             84.954
722.234926         18.929             84.997
722.225693         18.889             85.041
722.216475         18.848             85.084
722.207270         18.807             85.128
722.198080         18.767             85.171
722.188904         18.726             85.214
722.179742         18.685             85.258
722.170595         18.645             85.301
722.161462         18.604             85.344
722.152343         18.563             85.387
722.143239         18.523             85.431
722.134149         18.482             85.474
722.125074         18.441             85.517
722.116014         18.400             85.560
722.106968         18.360             85.603
722.097936         18.319             85.647
722.088920         18.278             85.690
722.079918         18.237             85.733
722.070931         18.197             85.776
722.061959         18.156             85.819
722.053001         18.115             85.862
722.044059         18.074             85.905
722.035131         18.033             85.948
722.026218         17.992             85.991
722.017321         17.952             86.034
722.008438         17.911             86.077
721.999571         17.870             86.119
721.990719         17.829             86.162
721.981881         17.788             86.205
721.973060         17.747             86.248
721.964253         17.706             86.291
721.955462         17.665             86.334
721.946686         17.624             86.376
721.937925         17.583             86.419
721.929180         17.542             86.462
721.920450         17.501             86.504
721.911736         17.460             86.547
721.903037         17.419             86.590
721.894354         17.378             86.632
721.885686         17.337             86.675
721.877034         17.296             86.718
721.868398         17.255             86.760
721.859778         17.214             86.803
721.851173         17.173             86.845
721.842584         17.132             86.888
721.834011         17.091             86.930
721.825454         17.050             86.973
721.816912         17.009             87.015
721.808387         16.967             87.058
721.799878         16.926             87.100
721.791384         16.885             87.142
721.782907         16.844             87.185
721.774446         16.803             87.227
721.766001         16.762             87.269
721.757572         16.720             87.312
721.749160         16.679             87.354
721.740763         16.638             87.396
721.732383         16.597             87.438
721.724020         16.555             87.481
721.715672         16.514             87.523
721.707342         16.473             87.565
721.699027         16.432             87.607
721.690729         16.390             87.649
721.682448         16.349             87.691
721.674183         16.308             87.734
721.665935         16.266             87.776
721.657703         16.225             87.818
721.649488         16.184             87.860
721.641290         16.142             87.902
721.633108         16.101             87.944
721.624944         16.060             87.986
721.616796         16.018             88.028
721.608665         15.977             88.070
721.600550         15.936             88.112
721.592453         15.894             88.154
721.584373         15.853             88.195
721.576310         15.811             88.237
721.568264         15.770             88.279
721.560234         15.728             88.321
721.552222         15.687             88.363
721.544228         15.646             88.405
721.536250         15.604             88.446
721.528289         15.563             88.488
721.520346         15.521             88.530
721.512420         15.480             88.572
721.504512         15.438             88.613
721.496620         15.397             88.655
721.488746         15.355             88.697
721.480890         15.313             88.738
721.473051         15.272             88.780
721.465230         15.230             88.822
721.457426         15.189             88.863
721.449639         15.147             88.905
721.441871         15.106             88.946
721.434119         15.064             88.988
721.426386         15.022             89.030
721.418670         14.981             89.071
721.410972         14.939             89.113
721.403292         14.898             89.154
721.395630         14.856             89.196
721.387985         14.814             89.237
721.380359         14.773             89.278
721.372750         14.731             89.320
721.365159         14.689             89.361
721.357586         14.647             89.403
721.350031         14.606             89.444
721.342495         14.564             89.485
721.334976         14.522             89.527
721.327476         14.481             89.568
721.319993         14.439             89.609
721.312529         14.397             89.650
721.305083         14.355             89.692
721.297655         14.314             89.733
721.290246         14.272             89.774
721.282855         14.230             89.815
721.275482         14.188             89.857
721.268128         14.146             89.898
721.260792         14.105             89.939
721.253475         14.063             89.980
721.246176         14.021             90.021
721.238895         13.979             90.062
721.231633         13.937             90.103
721.224390         13.896             90.144
721.217165         13.854             90.185
721.209959         13.812             90.227
721.202772         13.770             90.268
721.195603         13.728             90.309
721.188453         13.686             90.350
721.181322         13.644             90.391
721.174210         13.602             90.432
721.167117         13.560             90.472
721.160042         13.518             90.513
721.152986         13.477             90.554
721.145950         13.435             90.595
721.138932         13.393             90.636
721.131933         13.351             90.677
721.124953         13.309             90.718
721.117993         13.267             90.759
721.111051         13.225             90.799
721.104129         13.183             90.840
721.097225         13.141             90.881
721.090341         13.099             90.922
721.083476         13.057             90.963
721.076631         13.015             91.003
721.069804         12.973             91.044
721.062997         12.931             91.085
721.056210         12.889             91.126
721.049441         12.847             91.166
721.042693         12.805             91.207
721.035963         12.762             91.248
721.029253         12.720             91.288
721.022563         12.678             91.329
721.015892         12.636             91.369
721.009240         12.594             91.410
721.002608         12.552             91.451
720.995996         12.510             91.491
720.989404         12.468             91.532
720.982831         12.426             91.572
720.976277         12.383             91.613
720.969744         12.341             91.653
720.963230         12.299             91.694
720.956736         12.257             91.734
720.950262         12.215             91.775
720.943808         12.173             91.815
720.937374         12.130             91.856
720.930959         12.088             91.896
720.924565         12.046             91.936
720.918190         12.004             91.977
720.911836         11.962             92.017
720.905501         11.919             92.058
720.899187         11.877             92.098
720.892892         11.835             92.138
720.886618         11.793             92.179
720.880364         11.750             92.219
720.874130         11.708             92.259
720.867916         11.666             92.300
720.861722         11.624             92.340
720.855549         11.581             92.380
720.849396         11.539             92.420
720.843263         11.497             92.461
720.837151         11.455             92.501
720.831059         11.412             92.541
720.824987         11.370             92.581
720.818936         11.328             92.621
720.812905         11.285             92.662
720.806895         11.243             92.702
720.800905         11.201             92.742
720.794935         11.158             92.782
720.788987         11.116             92.822
720.783058         11.074             92.862
720.777151         11.031             92.902
720.771264         10.989             92.942
720.765398         10.946             92.983
720.759552         10.904             93.023
720.753727         10.862             93.063
720.747923         10.819             93.103
720.742139         10.777             93.143
720.736377         10.734             93.183
720.730635         10.692             93.223
720.724914         10.650             93.263
720.719214         10.607             93.303
720.713534         10.565             93.343
720.707876         10.522             93.383
720.702239         10.480             93.422
720.696622         10.437             93.462
720.691027         10.395             93.502
720.685452         10.353             93.542
720.679899         10.310             93.582
720.674366         10.268             93.622
720.668855         10.225             93.662
720.663365         10.183             93.702
720.657896         10.140             93.741
720.652448         10.098             93.781
720.647022         10.055             93.821
720.641616         10.013             93.861
720.636232         9.970              93.901
720.630869         9.928              93.941
720.625527         9.885              93.980
720.620207         9.842              94.020
720.614908         9.800              94.060
720.609630         9.757              94.100
720.604374         9.715              94.139
720.599139         9.672              94.179
720.593926         9.630              94.219
720.588734         9.587              94.258
720.583563         9.545              94.298
720.578414         9.502              94.338
720.573287         9.459              94.377
720.568181         9.417              94.417
720.563097         9.374              94.457
720.558034         9.332              94.496
720.552993         9.289              94.536
720.547973         9.246              94.576
720.542975         9.204              94.615
720.537999         9.161              94.655
720.533045         9.118              94.694
720.528112         9.076              94.734
720.523201         9.033              94.773
720.518312         8.991              94.813
720.513444         8.948              94.853
720.508599         8.905              94.892
720.503775         8.863              94.932
720.498973         8.820              94.971
720.494193         8.777              95.011
720.489435         8.734              95.050
720.484698         8.692              95.090
720.479984         8.649              95.129
720.475292         8.606              95.168
720.470622         8.564              95.208
720.465973         8.521              95.247
720.461347         8.478              95.287
720.456743         8.436              95.326
720.452160         8.393              95.366
720.447600         8.350              95.405
720.443062         8.307              95.444
720.438546         8.265              95.484
720.434053         8.222              95.523
720.429581         8.179              95.562
720.425132         8.136              95.602
720.420705         8.094              95.641
720.416300         8.051              95.680
720.411917         8.008              95.720
720.407557         7.965              95.759
720.403219         7.923              95.798
720.398903         7.880              95.838
720.394609         7.837              95.877
720.390338         7.794              95.916
720.386090         7.751              95.956
720.381863         7.709              95.995
720.377659         7.666              96.034
720.373478         7.623              96.073
720.369319         7.580              96.113
720.365182         7.537              96.152
720.361068         7.495              96.191
720.356976         7.452              96.230
720.352907         7.409              96.269
720.348860         7.366              96.309
720.344836         7.323              96.348
720.340835         7.280              96.387
720.336856         7.238              96.426
720.332900         7.195              96.465
720.328966         7.152              96.504
720.325055         7.109              96.544
720.321167         7.066              96.583
720.317301         7.023              96.622
720.313458         6.980              96.661
720.309638         6.938              96.700
720.305840         6.895              96.739
720.302066         6.852              96.778
720.298314         6.809              96.817
720.294584         6.766              96.856
720.290878         6.723              96.896
720.287194         6.680              96.935
720.283534         6.637              96.974
720.279896         6.594              97.013
720.276281         6.552              97.052
720.272688         6.509              97.091
720.269119         6.466              97.130
720.265573         6.423              97.169
720.262049         6.380              97.208
720.258549         6.337              97.247
720.255071         6.294              97.286
720.251617         6.251              97.325
720.248185         6.208              97.364
720.244777         6.165              97.403
720.241391         6.122              97.442
720.238028         6.079              97.481
720.234689         6.036              97.520
720.231373         5.993              97.559
720.228079         5.950              97.598
720.224809         5.908              97.637
720.221562         5.865              97.676
720.218338         5.822              97.714
720.215137         5.779              97.753
720.211959         5.736              97.792
720.208805         5.693              97.831
720.205674         5.650              97.870
720.202565         5.607              97.909
720.199481         5.564              97.948
720.196419         5.521              97.987
720.193380         5.478              98.026
720.190365         5.435              98.064
720.187373         5.392              98.103
720.184405         5.349              98.142
720.181459         5.306              98.181
720.178537         5.263              98.220
720.175638         5.220              98.259
720.172763         5.177              98.298
720.169911         5.134              98.336
720.167082         5.091              98.375
720.164277         5.048              98.414
720.161495         5.005              98.453
720.158737         4.962              98.492
720.156001         4.918              98.530
720.153290         4.875              98.569
720.150601         4.832              98.608
720.147937         4.789              98.647
720.145295         4.746              98.686
720.142677         4.703              98.724
720.140083         4.660              98.763
720.137512         4.617              98.802
720.134965         4.574              98.841
720.132441         4.531              98.879
720.129940         4.488              98.918
720.127463         4.445              98.957
720.125010         4.402              98.996
720.122580         4.359              99.034
720.120174         4.316              99.073
720.117792         4.273              99.112
720.115433         4.230              99.151
720.113097         4.186              99.189
720.110786         4.143              99.228
720.108497         4.100              99.267
720.106233         4.057              99.305
720.103992         4.014              99.344
720.101775         3.971              99.383
720.099581         3.928              99.421
720.097411         3.885              99.460
720.095265         3.842              99.499
720.093143         3.799              99.537
720.091044         3.756              99.576
720.088969         3.712              99.615
720.086918         3.669              99.653
720.084890         3.626              99.692
720.082886         3.583              99.731
720.080906         3.540              99.769
720.078950         3.497              99.808
720.077017         3.454              99.847
720.075108         3.411              99.885
720.073223         3.368              99.924
720.071362         3.324              99.963
720.069524         3.281              100.001
720.067711         3.238              100.040
720.065921         3.195              100.078
720.064155         3.152              100.117
720.062413         3.109              100.156
720.060695         3.066              100.194
720.059000         3.023              100.233
720.057330         2.979              100.271
720.055683         2.936              100.310
720.054060         2.893              100.349
720.052461         2.850              100.387
720.050886         2.807              100.426
720.049335         2.764              100.464
720.047807         2.721              100.503
720.046304         2.677              100.542
720.044825         2.634              100.580
720.043369         2.591              100.619
720.041937         2.548              100.657
720.040530         2.505              100.696
720.039146         2.462              100.734
720.037786         2.418              100.773
720.036450         2.375              100.812
720.035138         2.332              100.850
720.033851         2.289              100.889
720.032587         2.246              100.927
720.031347         2.203              100.966
720.030131         2.159              101.004
720.028939         2.116              101.043
720.027771         2.073              101.081
720.026627         2.030              101.120
720.025507         1.987              101.158
720.024411         1.944              101.197
720.023339         1.900              101.236
720.022291         1.857              101.274
720.021267         1.814              101.313
720.020267         1.771              101.351
720.019291         1.728              101.390
720.018339         1.685              101.428
720.017411         1.641              101.467
720.016507         1.598              101.505
720.015628         1.555              101.544
720.014772         1.512              101.582
720.013940         1.469              101.621
720.013133         1.426              101.659
720.012349         1.382              101.698
720.011590         1.339              101.736
720.010855         1.296              101.775
720.010143         1.253              101.813
720.009456         1.210              101.852
720.008793         1.166              101.890
720.008154         1.123              101.929
720.007539         1.080              101.967
720.006948         1.037              102.006
720.006382         0.994              102.044
720.005839         0.950              102.083
720.005320         0.907              102.121
720.004826         0.864              102.160
720.004355         0.821              102.198
720.003909         0.778              102.237
720.003487         0.734              102.275
720.003089         0.691              102.314
720.002715         0.648              102.352
720.002365         0.605              102.391
720.002040         0.562              102.429
720.001738         0.519              102.468
720.001460         0.475              102.506
720.001207         0.432              102.545
720.000978         0.389              102.583
720.000773         0.346              102.622
720.000592         0.303              102.660
720.000435         0.259              102.699
720.000302         0.216              102.737
720.000193         0.173              102.776
720.000109         0.130              102.814
720.000048         0.087              102.853
720.000012         0.043              102.891
720.000000         0.000              102.930
720.000012         -0.043             102.968
720.000048         -0.086             103.006
720.000108         -0.129             103.045
720.000193         -0.173             103.083
720.000301         -0.216             103.122
720.000434         -0.259             103.160
720.000590         -0.302             103.199
720.000771         -0.345             103.237
720.000976         -0.389             103.276
720.001205         -0.432             103.314
720.001458         -0.475             103.353
720.001736         -0.518             103.391
720.002037         -0.561             103.430
720.002363         -0.605             103.468
720.002712         -0.648             103.507
720.003086         -0.691             103.545
720.003484         -0.734             103.584
720.003906         -0.777             103.622
720.004352         -0.821             103.661
720.004822         -0.864             103.699
720.005316         -0.907             103.738
720.005835         -0.950             103.776
720.006377         -0.993             103.815
720.006944         -1.036             103.853
720.007534         -1.080             103.892
720.008149         -1.123             103.930
720.008788         -1.166             103.969
720.009451         -1.209             104.007
720.010138         -1.252             104.046
720.010849         -1.296             104.084
720.011584         -1.339             104.123
720.012343         -1.382             104.161
720.013127         -1.425             104.200
720.013934         -1.468             104.238
720.014765         -1.512             104.277
720.015621         -1.555             104.315
720.016500         -1.598             104.354
720.017404         -1.641             104.392
720.018332         -1.684             104.431
720.019283         -1.727             104.469
720.020259         -1.771             104.508
720.021259         -1.814             104.546
720.022282         -1.857             104.585
720.023330         -1.900             104.624
720.024402         -1.943             104.662
720.025498         -1.986             104.701
720.026618         -2.030             104.739
720.027761         -2.073             104.778
720.028929         -2.116             104.816
720.030121         -2.159             104.855
720.031337         -2.202             104.893
720.032577         -2.245             104.932
720.033840         -2.289             104.970
720.035128         -2.332             105.009
720.036440         -2.375             105.047
720.037775         -2.418             105.086
720.039135         -2.461             105.125
720.040519         -2.504             105.163
720.041926         -2.548             105.202
720.043358         -2.591             105.240
720.044813         -2.634             105.279
720.046292         -2.677             105.317
720.047795         -2.720             105.356
720.049322         -2.763             105.395
720.050873         -2.806             105.433
720.052448         -2.850             105.472
720.054047         -2.893             105.510
720.055670         -2.936             105.549
720.057316         -2.979             105.588
720.058987         -3.022             105.626
720.060681         -3.065             105.665
720.062399         -3.108             105.703
720.064141         -3.152             105.742
720.065907         -3.195             105.781
720.067697         -3.238             105.819
720.069510         -3.281             105.858
720.071347         -3.324             105.896
720.073208         -3.367             105.935
720.075093         -3.410             105.974
720.077002         -3.453             106.012
720.078934         -3.497             106.051
720.080890         -3.540             106.090
720.082870         -3.583             106.128
720.084874         -3.626             106.167
720.086901         -3.669             106.206
720.088952         -3.712             106.244
720.091027         -3.755             106.283
720.093126         -3.798             106.322
720.095248         -3.841             106.360
720.097394         -3.885             106.399
720.099564         -3.928             106.438
720.101757         -3.971             106.476
720.103974         -4.014             106.515
720.106215         -4.057             106.554
720.108479         -4.100             106.592
720.110767         -4.143             106.631
720.113079         -4.186             106.670
720.115414         -4.229             106.708
720.117773         -4.272             106.747
720.120155         -4.315             106.786
720.122561         -4.358             106.825
720.124991         -4.402             106.863
720.127444         -4.445             106.902
720.129920         -4.488             106.941
720.132421         -4.531             106.980
720.134944         -4.574             107.018
720.137492         -4.617             107.057
720.140062         -4.660             107.096
720.142657         -4.703             107.135
720.145274         -4.746             107.173
720.147916         -4.789             107.212
720.150580         -4.832             107.251
720.153268         -4.875             107.290
720.155980         -4.918             107.329
720.158715         -4.961             107.367
720.161473         -5.004             107.406
720.164255         -5.047             107.445
720.167060         -5.090             107.484
720.169888         -5.133             107.523
720.172740         -5.176             107.561
720.175616         -5.219             107.600
720.178514         -5.262             107.639
720.181436         -5.305             107.678
720.184381         -5.348             107.717
720.187350         -5.391             107.756
720.190341         -5.434             107.795
720.193356         -5.477             107.833
720.196395         -5.520             107.872
720.199456         -5.563             107.911
720.202541         -5.606             107.950
720.205649         -5.649             107.989
720.208780         -5.692             108.028
720.211934         -5.735             108.067
720.215112         -5.778             108.106
720.218312         -5.821             108.145
720.221536         -5.864             108.184
720.224783         -5.907             108.222
720.228053         -5.950             108.261
720.231346         -5.993             108.300
720.234663         -6.036             108.339
720.238002         -6.079             108.378
720.241364         -6.122             108.417
720.244749         -6.165             108.456
720.248158         -6.208             108.495
720.251589         -6.251             108.534
720.255044         -6.294             108.573
720.258521         -6.337             108.612
720.262021         -6.380             108.651
720.265545         -6.422             108.690
720.269091         -6.465             108.729
720.272660         -6.508             108.768
720.276252         -6.551             108.807
720.279867         -6.594             108.846
720.283505         -6.637             108.885
720.287165         -6.680             108.924
720.290849         -6.723             108.963
720.294555         -6.766             109.003
720.298284         -6.809             109.042
720.302036         -6.852             109.081
720.305810         -6.894             109.120
720.309608         -6.937             109.159
720.313428         -6.980             109.198
720.317271         -7.023             109.237
720.321136         -7.066             109.276
720.325024         -7.109             109.315
720.328935         -7.152             109.355
720.332868         -7.194             109.394
720.336825         -7.237             109.433
720.340803         -7.280             109.472
720.344805         -7.323             109.511
720.348828         -7.366             109.550
720.352875         -7.409             109.590
720.356944         -7.451             109.629
720.361035         -7.494             109.668
720.365149         -7.537             109.707
720.369286         -7.580             109.746
720.373445         -7.623             109.786
720.377626         -7.666             109.825
720.381830         -7.708             109.864
720.386056         -7.751             109.903
720.390304         -7.794             109.943
720.394575         -7.837             109.982
720.398869         -7.880             110.021
720.403184         -7.922             110.061
720.407522         -7.965             110.100
720.411882         -8.008             110.139
720.416265         -8.051             110.179
720.420670         -8.093             110.218
720.425097         -8.136             110.257
720.429546         -8.179             110.297
720.434017         -8.222             110.336
720.438511         -8.264             110.375
720.443026         -8.307             110.415
720.447564         -8.350             110.454
720.452124         -8.393             110.493
720.456706         -8.435             110.533
720.461310         -8.478             110.572
720.465936         -8.521             110.612
720.470584         -8.563             110.651
720.475255         -8.606             110.691
720.479947         -8.649             110.730
720.484661         -8.691             110.770
720.489397         -8.734             110.809
720.494155         -8.777             110.848
720.498935         -8.820             110.888
720.503737         -8.862             110.927
720.508560         -8.905             110.967
720.513406         -8.948             111.007
720.518273         -8.990             111.046
720.523162         -9.033             111.086
720.528073         -9.075             111.125
720.533005         -9.118             111.165
720.537960         -9.161             111.204
720.542936         -9.203             111.244
720.547933         -9.246             111.283
720.552953         -9.289             111.323
720.557994         -9.331             111.363
720.563056         -9.374             111.402
720.568141         -9.416             111.442
720.573246         -9.459             111.482
720.578374         -9.502             111.521
720.583522         -9.544             111.561
720.588693         -9.587             111.601
720.593885         -9.629             111.640
720.599098         -9.672             111.680
720.604333         -9.714             111.720
720.609589         -9.757             111.759
720.614866         -9.800             111.799
720.620165         -9.842             111.839
720.625485         -9.885             111.879
720.630827         -9.927             111.919
720.636189         -9.970             111.958
720.641573         -10.012            111.998
720.646979         -10.055            112.038
720.652405         -10.097            112.078
720.657853         -10.140            112.118
720.663322         -10.182            112.157
720.668811         -10.225            112.197
720.674323         -10.267            112.237
720.679855         -10.310            112.277
720.685408         -10.352            112.317
720.690982         -10.395            112.357
720.696578         -10.437            112.397
720.702194         -10.480            112.437
720.707831         -10.522            112.477
720.713489         -10.564            112.516
720.719168         -10.607            112.556
720.724868         -10.649            112.596
720.730589         -10.692            112.636
720.736331         -10.734            112.676
720.742093         -10.777            112.716
720.747877         -10.819            112.756
720.753681         -10.861            112.796
720.759505         -10.904            112.836
720.765351         -10.946            112.877
720.771217         -10.989            112.917
720.777104         -11.031            112.957
720.783011         -11.073            112.997
720.788939         -11.116            113.037
720.794888         -11.158            113.077
720.800857         -11.200            113.117
720.806847         -11.243            113.157
720.812857         -11.285            113.197
720.818888         -11.327            113.238
720.824939         -11.370            113.278
720.831010         -11.412            113.318
720.837102         -11.454            113.358
720.843215         -11.497            113.398
720.849347         -11.539            113.439
720.855500         -11.581            113.479
720.861673         -11.623            113.519
720.867867         -11.666            113.559
720.874080         -11.708            113.600
720.880314         -11.750            113.640
720.886568         -11.792            113.680
720.892842         -11.835            113.721
720.899137         -11.877            113.761
720.905451         -11.919            113.801
720.911785         -11.961            113.842
720.918140         -12.004            113.882
720.924514         -12.046            113.923
720.930908         -12.088            113.963
720.937323         -12.130            114.003
720.943757         -12.172            114.044
720.950211         -12.214            114.084
720.956685         -12.257            114.125
720.963179         -12.299            114.165
720.969692         -12.341            114.206
720.976225         -12.383            114.246
720.982779         -12.425            114.287
720.989351         -12.467            114.327
720.995944         -12.510            114.368
721.002556         -12.552            114.408
721.009187         -12.594            114.449
721.015839         -12.636            114.490
721.022510         -12.678            114.530
721.029200         -12.720            114.571
721.035910         -12.762            114.611
721.042639         -12.804            114.652
721.049388         -12.846            114.693
721.056156         -12.888            114.734
721.062943         -12.930            114.774
721.069750         -12.972            114.815
721.076576         -13.014            114.856
721.083422         -13.056            114.896
721.090287         -13.098            114.937
721.097171         -13.140            114.978
721.104074         -13.182            115.019
721.110996         -13.224            115.060
721.117937         -13.266            115.100
721.124898         -13.308            115.141
721.131877         -13.350            115.182
721.138876         -13.392            115.223
721.145894         -13.434            115.264
721.152930         -13.476            115.305
721.159986         -13.518            115.346
721.167060         -13.560            115.387
721.174154         -13.602            115.428
721.181266         -13.644            115.468
721.188397         -13.686            115.509
721.195546         -13.728            115.550
721.202715         -13.770            115.591
721.209902         -13.811            115.632
721.217108         -13.853            115.674
721.224332         -13.895            115.715
721.231576         -13.937            115.756
721.238837         -13.979            115.797
721.246118         -14.021            115.838
721.253416         -14.063            115.879
721.260734         -14.104            115.920
721.268070         -14.146            115.961
721.275424         -14.188            116.002
721.282796         -14.230            116.044
721.290187         -14.272            116.085
721.297596         -14.313            116.126
721.305024         -14.355            116.167
721.312470         -14.397            116.209
721.319934         -14.439            116.250
721.327416         -14.480            116.291
721.334916         -14.522            116.332
721.342435         -14.564            116.374
721.349971         -14.605            116.415
721.357526         -14.647            116.456
721.365099         -14.689            116.498
721.372689         -14.731            116.539
721.380298         -14.772            116.581
721.387924         -14.814            116.622
721.395569         -14.856            116.664
721.403231         -14.897            116.705
721.410911         -14.939            116.746
721.418609         -14.980            116.788
721.426325         -15.022            116.829
721.434058         -15.064            116.871
721.441809         -15.105            116.913
721.449577         -15.147            116.954
721.457364         -15.188            116.996
721.465167         -15.230            117.037
721.472989         -15.272            117.079
721.480828         -15.313            117.121
721.488684         -15.355            117.162
721.496558         -15.396            117.204
721.504449         -15.438            117.246
721.512357         -15.479            117.287
721.520283         -15.521            117.329
721.528226         -15.562            117.371
721.536186         -15.604            117.413
721.544164         -15.645            117.454
721.552159         -15.687            117.496
721.560171         -15.728            117.538
721.568200         -15.770            117.580
721.576246         -15.811            117.622
721.584309         -15.852            117.664
721.592389         -15.894            117.705
721.600486         -15.935            117.747
721.608600         -15.977            117.789
721.616731         -16.018            117.831
721.624879         -16.059            117.873
721.633043         -16.101            117.915
721.641225         -16.142            117.957
721.649423         -16.183            117.999
721.657638         -16.225            118.041
721.665869         -16.266            118.083
721.674117         -16.307            118.125
721.682382         -16.349            118.168
721.690663         -16.390            118.210
721.698961         -16.431            118.252
721.707275         -16.473            118.294
721.715606         -16.514            118.336
721.723953         -16.555            118.378
721.732317         -16.596            118.421
721.740697         -16.638            118.463
721.749093         -16.679            118.505
721.757505         -16.720            118.547
721.765934         -16.761            118.590
721.774379         -16.802            118.632
721.782840         -16.844            118.674
721.791317         -16.885            118.717
721.799810         -16.926            118.759
721.808319         -16.967            118.802
721.816844         -17.008            118.844
721.825386         -17.049            118.886
721.833943         -17.090            118.929
721.842516         -17.132            118.971
721.851104         -17.173            119.014
721.859709         -17.214            119.056
721.868329         -17.255            119.099
721.876966         -17.296            119.141
721.885617         -17.337            119.184
721.894285         -17.378            119.227
721.902968         -17.419            119.269
721.911666         -17.460            119.312
721.920381         -17.501            119.355
721.929110         -17.542            119.397
721.937855         -17.583            119.440
721.946616         -17.624            119.483
721.955392         -17.665            119.525
721.964183         -17.706            119.568
721.972989         -17.747            119.611
721.981811         -17.788            119.654
721.990648         -17.829            119.697
721.999500         -17.870            119.740
722.008368         -17.910            119.782
722.017250         -17.951            119.825
722.026148         -17.992            119.868
722.035060         -18.033            119.911
722.043988         -18.074            119.954
722.052930         -18.115            119.997
722.061887         -18.155            120.040
722.070859         -18.196            120.083
722.079846         -18.237            120.126
722.088848         -18.278            120.169
722.097865         -18.319            120.212
722.106896         -18.359            120.256
722.115942         -18.400            120.299
722.125002         -18.441            120.342
722.134077         -18.482            120.385
722.143167         -18.522            120.428
722.152271         -18.563            120.472
722.161389         -18.604            120.515
722.170522         -18.644            120.558
722.179669         -18.685            120.601
722.188831         -18.726            120.645
722.198007         -18.766            120.688
722.207197         -18.807            120.731
722.216401         -18.848            120.775
722.225620         -18.888            120.818
722.234853         -18.929            120.862
722.244099         -18.969            120.905
722.253360         -19.010            120.949
722.262635         -19.051            120.992
722.271924         -19.091            121.036
722.281226         -19.132            121.079
722.290543         -19.172            121.123
722.299873         -19.213            121.166
722.309217         -19.253            121.210
722.318575         -19.294            121.254
722.327947         -19.334            121.297
722.337332         -19.374            121.341
722.346731         -19.415            121.385
722.356143         -19.455            121.428
722.365569         -19.496            121.472
722.375009         -19.536            121.516
722.384462         -19.577            121.560
722.393928         -19.617            121.604
722.403408         -19.657            121.647
722.412901         -19.698            121.691
722.422407         -19.738            121.735
722.431927         -19.778            121.779
722.441459         -19.819            121.823
722.451005         -19.859            121.867
722.460564         -19.899            121.911
722.470136         -19.939            121.955
722.479722         -19.980            121.999
722.489320         -20.020            122.043
722.498931         -20.060            122.087
722.508555         -20.100            122.132
722.518191         -20.141            122.176
722.527841         -20.181            122.220
722.537503         -20.221            122.264
722.547179         -20.261            122.308
722.556866         -20.301            122.352
722.566567         -20.341            122.397
722.576280         -20.382            122.441
722.586005         -20.422            122.485
722.595743         -20.462            122.530
722.605494         -20.502            122.574
722.615257         -20.542            122.619
722.625032         -20.582            122.663
722.634820         -20.622            122.707
722.644620         -20.662            122.752
722.654432         -20.702            122.796
722.664256         -20.742            122.841
722.674093         -20.782            122.885
722.683942         -20.822            122.930
722.693802         -20.862            122.975
722.703675         -20.902            123.019
722.713560         -20.942            123.064
722.723456         -20.982            123.109
722.733365         -21.022            123.153
722.743285         -21.062            123.198
722.753217         -21.101            123.243
722.763161         -21.141            123.288
722.773117         -21.181            123.332
722.783084         -21.221            123.377
722.793063         -21.261            123.422
722.803054         -21.301            123.467
722.813056         -21.340            123.512
722.823069         -21.380            123.557
722.833094         -21.420            123.602
722.843131         -21.460            123.647
722.853179         -21.499            123.692
722.863238         -21.539            123.737
722.873308         -21.579            123.782
722.883389         -21.618            123.827
722.893482         -21.658            123.872
722.903586         -21.698            123.917
722.913701         -21.737            123.962
722.923827         -21.777            124.008
722.933964         -21.817            124.053
722.944112         -21.856            124.098
722.954270         -21.896            124.143
722.964440         -21.935            124.189
722.974621         -21.975            124.234
722.984812         -22.014            124.279
722.995014         -22.054            124.325
723.005226         -22.093            124.370
723.015449         -22.133            124.416
723.025683         -22.172            124.461
723.035928         -22.212            124.507
723.046182         -22.251            124.552
723.056448         -22.291            124.598
723.066723         -22.330            124.643
723.077009         -22.370            124.689
723.087306         -22.409            124.735
723.097612         -22.448            124.780
723.107929         -22.488            124.826
723.118256         -22.527            124.872
723.128593         -22.566            124.918
723.138940         -22.606            124.963
723.149298         -22.645            125.009
723.159665         -22.684            125.055
723.170042         -22.723            125.101
723.180429         -22.763            125.147
723.190826         -22.802            125.193
723.201232         -22.841            125.239
723.211649         -22.880            125.285
723.222075         -22.919            125.331
723.232510         -22.959            125.377
723.242956         -22.998            125.423
723.253411         -23.037            125.469
723.263875         -23.076            125.515
723.274349         -23.115            125.561
723.284832         -23.154            125.607
723.295325         -23.193            125.654
723.305827         -23.232            125.700
723.316338         -23.271            125.746
723.326859         -23.310            125.792
723.337388         -23.349            125.839
723.347927         -23.388            125.885
723.358475         -23.427            125.931
723.369032         -23.466            125.978
723.379598         -23.505            126.024
723.390173         -23.544            126.071
723.400757         -23.583            126.117
723.411350         -23.622            126.164
723.421951         -23.661            126.210
723.432561         -23.700            126.257
723.443180         -23.738            126.304
723.453808         -23.777            126.350
723.464444         -23.816            126.397
723.475089         -23.855            126.444
723.485742         -23.894            126.491
723.496404         -23.932            126.537
723.507074         -23.971            126.584
723.517753         -24.010            126.631
723.528440         -24.048            126.678
723.539135         -24.087            126.725
723.549838         -24.126            126.772
723.560550         -24.164            126.819
723.571270         -24.203            126.866
723.581997         -24.242            126.913
723.592733         -24.280            126.960
723.603477         -24.319            127.007
723.614229         -24.357            127.054
723.624989         -24.396            127.101
723.635756         -24.434            127.148
723.646532         -24.473            127.195
723.657315         -24.511            127.243
723.668106         -24.550            127.290
723.678904         -24.588            127.337
723.689710         -24.627            127.385
723.700524         -24.665            127.432
723.711345         -24.704            127.479
723.722174         -24.742            127.527
723.733010         -24.780            127.574
723.743853         -24.819            127.622
723.754704         -24.857            127.669
723.765562         -24.895            127.717
723.776427         -24.934            127.764
723.787299         -24.972            127.812
723.798179         -25.010            127.860
723.809066         -25.048            127.907
723.819959         -25.087            127.955
723.830860         -25.125            128.003
723.841767         -25.163            128.051
723.852682         -25.201            128.098
723.863603         -25.239            128.146
723.874531         -25.277            128.194
723.885466         -25.315            128.242
723.896407         -25.354            128.290
723.907355         -25.392            128.338
723.918310         -25.430            128.386
723.929271         -25.468            128.434
723.940238         -25.506            128.482
723.951213         -25.544            128.530
723.962193         -25.582            128.578
723.973180         -25.620            128.627
723.984173         -25.658            128.675
723.995172         -25.695            128.723
724.006178         -25.733            128.771
724.017190         -25.771            128.820
724.028207         -25.809            128.868
724.039231         -25.847            128.916
724.050261         -25.885            128.965
724.061297         -25.923            129.013
724.072338         -25.960            129.062
724.083386         -25.998            129.110
724.094439         -26.036            129.159
724.105498         -26.074            129.207
724.116563         -26.111            129.256
724.127633         -26.149            129.305
724.138709         -26.187            129.353
724.149791         -26.224            129.402
724.160878         -26.262            129.451
724.171970         -26.299            129.499
724.183068         -26.337            129.548
724.194171         -26.375            129.597
724.205280         -26.412            129.646
724.216394         -26.450            129.695
724.227513         -26.487            129.744
724.238637         -26.525            129.793
724.249766         -26.562            129.842
724.260900         -26.600            129.891
724.272040         -26.637            129.940
724.283184         -26.674            129.989
724.294333         -26.712            130.038
724.305487         -26.749            130.087
724.316646         -26.787            130.137
724.327809         -26.824            130.186
724.338978         -26.861            130.235
724.350151         -26.898            130.285
724.361328         -26.936            130.334
724.372510         -26.973            130.383
724.383697         -27.010            130.433
724.394888         -27.047            130.482
724.406083         -27.085            130.532
724.417283         -27.122            130.581
724.428487         -27.159            130.631
724.439695         -27.196            130.680
724.450908         -27.233            130.730
724.462125         -27.270            130.780
724.473345         -27.307            130.829
724.484570         -27.344            130.879
724.495799         -27.381            130.929
724.507032         -27.418            130.979
724.518268         -27.455            131.029
724.529509         -27.492            131.079
724.540753         -27.529            131.128
724.552001         -27.566            131.178
724.563253         -27.603            131.228
724.574509         -27.640            131.279
724.585768         -27.677            131.329
724.597030         -27.713            131.379
724.608296         -27.750            131.429
724.619566         -27.787            131.479
724.630839         -27.824            131.529
724.642115         -27.861            131.580
724.653394         -27.897            131.630
724.664677         -27.934            131.680
724.675963         -27.971            131.731
724.687252         -28.007            131.781
724.698545         -28.044            131.831
724.709840         -28.081            131.882
724.721138         -28.117            131.932
724.732439         -28.154            131.983
724.743744         -28.190            132.033
724.755050         -28.227            132.084
724.766360         -28.263            132.135
724.777673         -28.300            132.185
724.788988         -28.336            132.236
724.800306         -28.373            132.287
724.811626         -28.409            132.338
724.822949         -28.445            132.389
724.834274         -28.482            132.440
724.845602         -28.518            132.490
724.856933         -28.554            132.541
724.868265         -28.591            132.592
724.879600         -28.627            132.643
724.890937         -28.663            132.695
724.902276         -28.699            132.746
724.913618         -28.736            132.797
724.924961         -28.772            132.848
724.936307         -28.808            132.899
724.947654         -28.844            132.951
724.959004         -28.880            133.002
724.970355         -28.916            133.053
724.981708         -28.952            133.105
724.993063         -28.988            133.156
725.004420         -29.025            133.207
725.015778         -29.061            133.259
725.027138         -29.096            133.310
725.038500         -29.132            133.362
725.049863         -29.168            133.414
725.061227         -29.204            133.465
725.072593         -29.240            133.517
725.083960         -29.276            133.569
725.095329         -29.312            133.621
725.106699         -29.348            133.672
725.118070         -29.383            133.724
725.129442         -29.419            133.776
725.140816         -29.455            133.828
725.152190         -29.491            133.880
725.163566         -29.526            133.932
725.174942         -29.562            133.984
725.186319         -29.598            134.036
725.197698         -29.633            134.088
725.209077         -29.669            134.140
725.220456         -29.704            134.193
725.231837         -29.740            134.245
725.243218         -29.776            134.297
725.254600         -29.811            134.349
725.265982         -29.847            134.402
725.277365         -29.882            134.454
725.288748         -29.917            134.507
725.300132         -29.953            134.559
725.311516         -29.988            134.612
725.322900         -30.024            134.664
725.334285         -30.059            134.717
725.345670         -30.094            134.769
725.357055         -30.129            134.822
725.368440         -30.165            134.875
725.379825         -30.200            134.928
725.391210         -30.235            134.980
725.402595         -30.270            135.033
725.413980         -30.305            135.086
725.425364         -30.341            135.139
725.436749         -30.376            135.192
725.448133         -30.411            135.245
725.459517         -30.446            135.298
725.470901         -30.481            135.351
725.482284         -30.516            135.404
725.493667         -30.551            135.457
725.505049         -30.586            135.511
725.516431         -30.621            135.564
725.527812         -30.656            135.617
725.539192         -30.690            135.670
725.550572         -30.725            135.724
725.561951         -30.760            135.777
725.573329         -30.795            135.831
725.584706         -30.830            135.884
725.596083         -30.864            135.938
725.607458         -30.899            135.991
725.618832         -30.934            136.045
725.630206         -30.969            136.099
725.641578         -31.003            136.152
725.652949         -31.038            136.206
725.664319         -31.072            136.260
725.675687         -31.107            136.314
725.687054         -31.142            136.368
725.698420         -31.176            136.421
725.709784         -31.211            136.475
725.721147         -31.245            136.529
725.732509         -31.279            136.583
725.743868         -31.314            136.638
725.755226         -31.348            136.692
725.766583         -31.383            136.746
725.777938         -31.417            136.800
725.789291         -31.451            136.854
725.800642         -31.485            136.909
725.811991         -31.520            136.963
725.823338         -31.554            137.017
725.834683         -31.588            137.072
725.846027         -31.622            137.126
725.857368         -31.656            137.181
725.868707         -31.691            137.235
725.880044         -31.725            137.290
725.891378         -31.759            137.344
725.902711         -31.793            137.399
725.914041         -31.827            137.454
725.925368         -31.861            137.509
725.936693         -31.895            137.563
725.948016         -31.929            137.618
725.959336         -31.962            137.673
725.970654         -31.996            137.728
725.981969         -32.030            137.783
725.993281         -32.064            137.838
726.004590         -32.098            137.893
726.015897         -32.131            137.948
726.027201         -32.165            138.003
726.038502         -32.199            138.059
726.049800         -32.233            138.114
726.061095         -32.266            138.169
726.072387         -32.300            138.225
726.083675         -32.333            138.280
726.094961         -32.367            138.335
726.106244         -32.400            138.391
726.117523         -32.434            138.446
726.128799         -32.467            138.502
726.140071         -32.501            138.557
726.151341         -32.534            138.613
726.162606         -32.568            138.669
726.173869         -32.601            138.724
726.185127         -32.634            138.780
726.196382         -32.668            138.836
726.207634         -32.701            138.892
726.218882         -32.734            138.948
726.230126         -32.767            139.004
726.241366         -32.801            139.060
726.252602         -32.834            139.116
726.263834         -32.867            139.172
726.275063         -32.900            139.228
726.286287         -32.933            139.284
726.297508         -32.966            139.340
726.308724         -32.999            139.397
726.319936         -33.032            139.453
726.331144         -33.065            139.509
726.342348         -33.098            139.566
726.353547         -33.131            139.622
726.364742         -33.164            139.679
726.375933         -33.196            139.735
726.387119         -33.229            139.792
726.398301         -33.262            139.848
726.409478         -33.295            139.905
726.420651         -33.328            139.962
726.431819         -33.360            140.018
726.442982         -33.393            140.075
726.454140         -33.425            140.132
726.465294         -33.458            140.189
726.476443         -33.491            140.246
726.487587         -33.523            140.303
726.498725         -33.556            140.360
726.509859         -33.588            140.417
726.520988         -33.621            140.474
726.532112         -33.653            140.531
726.543231         -33.685            140.589
726.554344         -33.718            140.646
726.565452         -33.750            140.703
726.576555         -33.782            140.760
726.587653         -33.815            140.818
726.598745         -33.847            140.875
726.609832         -33.879            140.933
726.620913         -33.911            140.990
726.631988         -33.943            141.048
726.643058         -33.975            141.106
726.654123         -34.007            141.163
726.665182         -34.039            141.221
726.676235         -34.072            141.279
726.687282         -34.103            141.337
726.698323         -34.135            141.394
726.709358         -34.167            141.452
726.720388         -34.199            141.510
726.731411         -34.231            141.568
726.742429         -34.263            141.626
726.753440         -34.295            141.684
726.764446         -34.326            141.743
726.775445         -34.358            141.801
726.786437         -34.390            141.859
726.797424         -34.421            141.917
726.808404         -34.453            141.976
726.819378         -34.485            142.034
726.830345         -34.516            142.092
726.841306         -34.548            142.151
726.852261         -34.579            142.209
726.863208         -34.611            142.268
726.874150         -34.642            142.326
726.885084         -34.674            142.385
726.896012         -34.705            142.444
726.906933         -34.736            142.503
726.917847         -34.768            142.561
726.928754         -34.799            142.620
726.939655         -34.830            142.679
726.950548         -34.861            142.738
726.961435         -34.893            142.797
726.972314         -34.924            142.856
726.983186         -34.955            142.915
726.994051         -34.986            142.974
727.004909         -35.017            143.033
727.015760         -35.048            143.093
727.026603         -35.079            143.152
727.037439         -35.110            143.211
727.048267         -35.141            143.271
727.059088         -35.172            143.330
727.069902         -35.202            143.390
727.080708         -35.233            143.449
727.091506         -35.264            143.509
727.102297         -35.295            143.568
727.113080         -35.325            143.628
727.123856         -35.356            143.688
727.134623         -35.387            143.747
727.145383         -35.417            143.807
727.156135         -35.448            143.867
727.166878         -35.478            143.927
727.177614         -35.509            143.987
727.188342         -35.539            144.047
727.199062         -35.570            144.107
727.209774         -35.600            144.167
727.220477         -35.631            144.227
727.231172         -35.661            144.287
727.241859         -35.691            144.348
727.252538         -35.721            144.408
727.263208         -35.752            144.468
727.273870         -35.782            144.529
727.284524         -35.812            144.589
727.295169         -35.842            144.650
727.305805         -35.872            144.710
727.316433         -35.902            144.771
727.327052         -35.932            144.831
727.337663         -35.962            144.892
727.348264         -35.992            144.953
727.358857         -36.022            145.013
727.369441         -36.052            145.074
727.380016         -36.082            145.135
727.390583         -36.112            145.196
727.401140         -36.141            145.257
727.411688         -36.171            145.318
727.422227         -36.201            145.379
727.432757         -36.231            145.440
727.443278         -36.260            145.501
727.453790         -36.290            145.563
727.464292         -36.319            145.624
727.474785         -36.349            145.685
727.485269         -36.378            145.747
727.495744         -36.408            145.808
727.506208         -36.437            145.869
727.516664         -36.467            145.931
727.527110         -36.496            145.993
727.537546         -36.525            146.054
727.547973         -36.554            146.116
727.558390         -36.584            146.178
727.568797         -36.613            146.239
727.579194         -36.642            146.301
727.589582         -36.671            146.363
727.599960         -36.700            146.425
727.610327         -36.729            146.487
727.620685         -36.758            146.549
727.631033         -36.787            146.611
727.641371         -36.816            146.673
727.651699         -36.845            146.735
727.662016         -36.874            146.797
727.672324         -36.903            146.860
727.682621         -36.932            146.922
727.692908         -36.960            146.984
727.703184         -36.989            147.047
727.713451         -37.018            147.109
727.723706         -37.046            147.172
727.733952         -37.075            147.234
727.744186         -37.104            147.297
727.754411         -37.132            147.359
727.764624         -37.161            147.422
727.774827         -37.189            147.485
727.785020         -37.217            147.548
727.795201         -37.246            147.611
727.805372         -37.274            147.673
727.815532         -37.302            147.736
727.825681         -37.331            147.799
727.835819         -37.359            147.863
727.845946         -37.387            147.926
727.856062         -37.415            147.989
727.866168         -37.443            148.052
727.876262         -37.471            148.115
727.886344         -37.499            148.179
727.896416         -37.527            148.242
727.906477         -37.555            148.305
727.916526         -37.583            148.369
727.926564         -37.611            148.432
727.936590         -37.639            148.496
727.946605         -37.667            148.559
727.956609         -37.695            148.623
727.966601         -37.722            148.687
727.976581         -37.750            148.751
727.986550         -37.778            148.814
727.996508         -37.805            148.878
728.006453         -37.833            148.942
728.016387         -37.860            149.006
728.026309         -37.888            149.070
728.036220         -37.915            149.134
728.046118         -37.943            149.198
728.056005         -37.970            149.262
728.065879         -37.997            149.327
728.075742         -38.025            149.391
728.085593         -38.052            149.455
728.095431         -38.079            149.520
728.105258         -38.106            149.584
728.115072         -38.133            149.649
728.124874         -38.160            149.713
728.134664         -38.187            149.778
728.144441         -38.214            149.842
728.154206         -38.241            149.907
728.163959         -38.268            149.972
728.173700         -38.295            150.036
728.183427         -38.322            150.101
728.193143         -38.349            150.166
728.202846         -38.376            150.231
728.212536         -38.402            150.296
728.222213         -38.429            150.361
728.231878         -38.456            150.426
728.241530         -38.482            150.491
728.251170         -38.509            150.556
728.260796         -38.535            150.622
728.270410         -38.562            150.687
728.280011         -38.588            150.752
728.289599         -38.615            150.818
728.299174         -38.641            150.883
728.308735         -38.667            150.949
728.318284         -38.693            151.014
728.327820         -38.720            151.080
728.337342         -38.746            151.145
728.346852         -38.772            151.211
728.356348         -38.798            151.277
728.365831         -38.824            151.343
728.375300         -38.850            151.408
728.384756         -38.876            151.474
728.394199         -38.902            151.540
728.403628         -38.928            151.606
728.413044         -38.954            151.672
728.422446         -38.980            151.738
728.431835         -39.005            151.805
728.441210         -39.031            151.871
728.450571         -39.057            151.937
728.459918         -39.082            152.003
728.469252         -39.108            152.070
728.478572         -39.133            152.136
728.487879         -39.159            152.202
728.497171         -39.184            152.269
728.506450         -39.210            152.336
728.515714         -39.235            152.402
728.524965         -39.261            152.469
728.534201         -39.286            152.536
728.543424         -39.311            152.602
728.552632         -39.336            152.669
728.561826         -39.361            152.736
728.571006         -39.387            152.803
728.580172         -39.412            152.870
728.589323         -39.437            152.937
728.598461         -39.462            153.004
728.607583         -39.487            153.071
728.616692         -39.512            153.138
728.625786         -39.536            153.205
728.634865         -39.561            153.273
728.643930         -39.586            153.340
728.652980         -39.611            153.407
728.662016         -39.635            153.475
728.671037         -39.660            153.542
728.680044         -39.685            153.610
728.689035         -39.709            153.677
728.698012         -39.734            153.745
728.706974         -39.758            153.813
728.715922         -39.782            153.880
728.724854         -39.807            153.948
728.733771         -39.831            154.016
728.742674         -39.855            154.084
728.751561         -39.880            154.152
728.760434         -39.904            154.220
728.769291         -39.928            154.288
728.778134         -39.952            154.356
728.786961         -39.976            154.424
728.795773         -40.000            154.492
728.804569         -40.024            154.560
728.813351         -40.048            154.629
728.822117         -40.072            154.697
728.830867         -40.096            154.765
728.839603         -40.120            154.834
728.848323         -40.143            154.902
728.857027         -40.167            154.971
728.865716         -40.191            155.039
728.874389         -40.214            155.108
728.883047         -40.238            155.177
728.891689         -40.261            155.245
728.900315         -40.285            155.314
728.908926         -40.308            155.383
728.917521         -40.332            155.452
728.926100         -40.355            155.521
728.934664         -40.378            155.590
728.943211         -40.401            155.659
728.951743         -40.425            155.728
728.960259         -40.448            155.797
728.968758         -40.471            155.866
728.977242         -40.494            155.935
728.985710         -40.517            156.005
728.994161         -40.540            156.074
729.002597         -40.563            156.143
729.011016         -40.585            156.213
729.019419         -40.608            156.282
729.027806         -40.631            156.352
729.036177         -40.654            156.421
729.044531         -40.676            156.491
729.052869         -40.699            156.561
729.061191         -40.722            156.630
729.069496         -40.744            156.700
729.077784         -40.767            156.770
729.086057         -40.789            156.840
729.094312         -40.811            156.910
729.102551         -40.834            156.980
729.110774         -40.856            157.050
729.118980         -40.878            157.120
729.127169         -40.901            157.190
729.135341         -40.923            157.260
729.143497         -40.945            157.331
729.151636         -40.967            157.401
729.159758         -40.989            157.471
729.167863         -41.011            157.542
729.175952         -41.033            157.612
729.184023         -41.055            157.682
729.192077         -41.076            157.753
729.200115         -41.098            157.824
729.208135         -41.120            157.894
729.216139         -41.141            157.965
729.224125         -41.163            158.036
729.232094         -41.185            158.106
729.240046         -41.206            158.177
729.247980         -41.228            158.248
729.255898         -41.249            158.319
729.263798         -41.270            158.390
729.271681         -41.292            158.461
729.279546         -41.313            158.532
729.287394         -41.334            158.603
729.295225         -41.355            158.674
729.303038         -41.377            158.745
729.310834         -41.398            158.817
729.318612         -41.419            158.888
729.326372         -41.440            158.959
729.334115         -41.461            159.031
729.341841         -41.481            159.102
729.349548         -41.502            159.174
729.357238         -41.523            159.245
729.364910         -41.544            159.317
729.372565         -41.564            159.389
729.380202         -41.585            159.460
729.387820         -41.606            159.532
729.395421         -41.626            159.604
729.403004         -41.647            159.676
729.410569         -41.667            159.747
729.418116         -41.687            159.819
729.425646         -41.708            159.891
729.433157         -41.728            159.963
729.440650         -41.748            160.036
729.448124         -41.768            160.108
729.455581         -41.789            160.180
729.463020         -41.809            160.252
729.470440         -41.829            160.324
729.477842         -41.849            160.397
729.485226         -41.869            160.469
729.492591         -41.888            160.541
729.499939         -41.908            160.614
729.507267         -41.928            160.686
729.514578         -41.948            160.759
729.521870         -41.967            160.832
729.529143         -41.987            160.904
729.536398         -42.007            160.977
729.543635         -42.026            161.050
729.550852         -42.046            161.122
729.558052         -42.065            161.195
729.565232         -42.084            161.268
729.572394         -42.104            161.341
729.579538         -42.123            161.414
729.586662         -42.142            161.487
729.593768         -42.161            161.560
729.600855         -42.180            161.633
729.607923         -42.199            161.706
729.614973         -42.218            161.780
729.622003         -42.237            161.853
729.629015         -42.256            161.926
729.636007         -42.275            161.999
729.642981         -42.294            162.073
729.649935         -42.313            162.146
729.656871         -42.331            162.220
729.663787         -42.350            162.293
729.670685         -42.368            162.367
729.677563         -42.387            162.441
729.684422         -42.405            162.514
729.691262         -42.424            162.588
729.698083         -42.442            162.662
729.704884         -42.460            162.735
729.711666         -42.479            162.809
729.718429         -42.497            162.883
729.725173         -42.515            162.957
729.731897         -42.533            163.031
729.738601         -42.551            163.105
729.745287         -42.569            163.179
729.751952         -42.587            163.253
729.758599         -42.605            163.327
729.765226         -42.623            163.402
729.771833         -42.641            163.476
729.778420         -42.658            163.550
729.784989         -42.676            163.625
729.791537         -42.694            163.699
729.798066         -42.711            163.773
729.804575         -42.729            163.848
729.811064         -42.746            163.922
729.817534         -42.764            163.997
729.823983         -42.781            164.072
729.830413         -42.798            164.146
729.836823         -42.815            164.221
729.843214         -42.833            164.296
729.849584         -42.850            164.370
729.855934         -42.867            164.445
729.862265         -42.884            164.520
729.868575         -42.901            164.595
729.874866         -42.918            164.670
729.881136         -42.935            164.745
729.887386         -42.951            164.820
729.893617         -42.968            164.895
729.899827         -42.985            164.970
729.906017         -43.001            165.045
729.912187         -43.018            165.121
729.918336         -43.034            165.196
729.924466         -43.051            165.271
729.930575         -43.067            165.346
729.936664         -43.084            165.422
729.942732         -43.100            165.497
729.948780         -43.116            165.573
729.954808         -43.132            165.648
729.960815         -43.149            165.724
729.966802         -43.165            165.799
729.972769         -43.181            165.875
729.978715         -43.197            165.951
729.984640         -43.213            166.026
729.990545         -43.228            166.102
729.996430         -43.244            166.178
730.002294         -43.260            166.254
730.008137         -43.276            166.330
730.013960         -43.291            166.406
730.019762         -43.307            166.482
730.025543         -43.322            166.558
730.031304         -43.338            166.634
730.037043         -43.353            166.710
730.042763         -43.369            166.786
730.048461         -43.384            166.862
730.054138         -43.399            166.938
730.059795         -43.414            167.014
730.065431         -43.430            167.091
730.071046         -43.445            167.167
730.076640         -43.460            167.243
730.082213         -43.475            167.320
730.087765         -43.489            167.396
730.093296         -43.504            167.473
730.098806         -43.519            167.549
730.104295         -43.534            167.626
730.109763         -43.549            167.702
730.115210         -43.563            167.779
730.120636         -43.578            167.856
730.126041         -43.592            167.932
730.131424         -43.607            168.009
730.136786         -43.621            168.086
730.142128         -43.635            168.163
730.147448         -43.650            168.240
730.152746         -43.664            168.317
730.158024         -43.678            168.394
730.163280         -43.692            168.471
730.168514         -43.706            168.548
730.173728         -43.720            168.625
730.178920         -43.734            168.702
730.184091         -43.748            168.779
730.189240         -43.762            168.856
730.194368         -43.776            168.933
730.199474         -43.789            169.011
730.204559         -43.803            169.088
730.209622         -43.816            169.165
730.214664         -43.830            169.243
730.219684         -43.843            169.320
730.224683         -43.857            169.397
730.229660         -43.870            169.475
730.234616         -43.884            169.552
730.239550         -43.897            169.630
730.244462         -43.910            169.707
730.249352         -43.923            169.785
730.254221         -43.936            169.863
730.259068         -43.949            169.940
730.263894         -43.962            170.018
730.268697         -43.975            170.096
730.273479         -43.988            170.174
730.278239         -44.001            170.252
730.282977         -44.013            170.329
730.287693         -44.026            170.407
730.292388         -44.038            170.485
730.297060         -44.051            170.563
730.301711         -44.063            170.641
730.306339         -44.076            170.719
730.310946         -44.088            170.797
730.315531         -44.101            170.875
730.320094         -44.113            170.954
730.324634         -44.125            171.032
730.329153         -44.137            171.110
730.333650         -44.149            171.188
730.338124         -44.161            171.266
730.342577         -44.173            171.345
730.347007         -44.185            171.423
730.351415         -44.197            171.501
730.355801         -44.208            171.580
730.360165         -44.220            171.658
730.364507         -44.232            171.737
730.368826         -44.243            171.815
730.373123         -44.255            171.894
730.377398         -44.266            171.972
730.381651         -44.278            172.051
730.385881         -44.289            172.130
730.390089         -44.300            172.208
730.394275         -44.312            172.287
730.398438         -44.323            172.366
730.402579         -44.334            172.444
730.406698         -44.345            172.523
730.410794         -44.356            172.602
730.414868         -44.367            172.681
730.418919         -44.378            172.760
730.422948         -44.388            172.839
730.426955         -44.399            172.918
730.430939         -44.410            172.997
730.434900         -44.421            173.076
730.438839         -44.431            173.155
730.442755         -44.442            173.234
730.446649         -44.452            173.313
730.450520         -44.462            173.392
730.454369         -44.473            173.471
730.458195         -44.483            173.550
730.461998         -44.493            173.629
730.465779         -44.503            173.709
730.469537         -44.513            173.788
730.473272         -44.523            173.867
730.476985         -44.533            173.947
730.480675         -44.543            174.026
730.484342         -44.553            174.105
730.487987         -44.563            174.185
730.491608         -44.572            174.264
730.495207         -44.582            174.344
730.498784         -44.592            174.423
730.502337         -44.601            174.503
730.505867         -44.611            174.582
730.509375         -44.620            174.662
730.512860         -44.629            174.741
730.516322         -44.639            174.821
730.519761         -44.648            174.901
730.523177         -44.657            174.980
730.526570         -44.666            175.060
730.529940         -44.675            175.140
730.533288         -44.684            175.219
730.536612         -44.693            175.299
730.539913         -44.702            175.379
730.543192         -44.711            175.459
730.546447         -44.719            175.539
730.549679         -44.728            175.619
730.552889         -44.737            175.699
730.556075         -44.745            175.778
730.559238         -44.754            175.858
730.562378         -44.762            175.938
730.565495         -44.770            176.018
730.568589         -44.779            176.098
730.571660         -44.787            176.179
730.574707         -44.795            176.259
730.577732         -44.803            176.339
730.580733         -44.811            176.419
730.583711         -44.819            176.499
730.586666         -44.827            176.579
730.589598         -44.835            176.659
730.592507         -44.843            176.740
730.595392         -44.851            176.820
730.598254         -44.858            176.900
730.601093         -44.866            176.980
730.603908         -44.873            177.061
730.606701         -44.881            177.141
730.609469         -44.888            177.221
730.612215         -44.896            177.302
730.614937         -44.903            177.382
730.617637         -44.910            177.463
730.620312         -44.917            177.543
730.622965         -44.924            177.623
730.625593         -44.932            177.704
730.628199         -44.938            177.784
730.630781         -44.945            177.865
730.633340         -44.952            177.945
730.635875         -44.959            178.026
730.638387         -44.966            178.107
730.640876         -44.972            178.187
730.643341         -44.979            178.268
730.645783         -44.986            178.348
730.648201         -44.992            178.429
730.650596         -44.999            178.510
730.652967         -45.005            178.590
730.655314         -45.011            178.671
730.657639         -45.017            178.752
730.659939         -45.024            178.833
730.662217         -45.030            178.913
730.664470         -45.036            178.994
730.666700         -45.042            179.075
730.668907         -45.048            179.156
730.671090         -45.053            179.237
730.673249         -45.059            179.318
730.675385         -45.065            179.398
730.677497         -45.071            179.479
730.679586         -45.076            179.560
730.681651         -45.082            179.641
730.683692         -45.087            179.722
730.685710         -45.093            179.803
730.687704         -45.098            179.884
730.689674         -45.103            179.965
730.691621         -45.108            -179.954
730.693544         -45.114            -179.873
730.695443         -45.119            -179.792
730.697319         -45.124            -179.711
730.699171         -45.129            -179.630
730.700999         -45.134            -179.549
730.702804         -45.138            -179.468
730.704585         -45.143            -179.387
730.706342         -45.148            -179.305
730.708075         -45.153            -179.224
730.709785         -45.157            -179.143
730.711471         -45.162            -179.062
730.713133         -45.166            -178.981
730.714772         -45.170            -178.900
730.716386         -45.175            -178.818
730.717977         -45.179            -178.737
730.719544         -45.183            -178.656
730.721087         -45.187            -178.575
730.722607         -45.191            -178.493
730.724103         -45.195            -178.412
730.725575         -45.199            -178.331
730.727023         -45.203            -178.250
730.728447         -45.207            -178.168
730.729847         -45.211            -178.087
730.731224         -45.215            -178.006
730.732576         -45.218            -177.924
730.733905         -45.222            -177.843
730.735210         -45.225            -177.762
730.736491         -45.229            -177.680
730.737749         -45.232            -177.599
730.738982         -45.235            -177.518
730.740192         -45.239            -177.436
730.741377         -45.242            -177.355
730.742539         -45.245            -177.273
730.743677         -45.248            -177.192
730.744791         -45.251            -177.110
730.745881         -45.254            -177.029
730.746947         -45.257            -176.948
730.747989         -45.259            -176.866
730.749007         -45.262            -176.785
730.750002         -45.265            -176.703
730.750972         -45.267            -176.622
730.751919         -45.270            -176.540
730.752841         -45.272            -176.459
730.753740         -45.275            -176.377
730.754615         -45.277            -176.296
730.755465         -45.279            -176.214
730.756292         -45.282            -176.133
730.757095         -45.284            -176.051
730.757874         -45.286            -175.970
730.758629         -45.288            -175.888
730.759360         -45.290            -175.806
730.760067         -45.292            -175.725
730.760750         -45.294            -175.643
730.761409         -45.295            -175.562
730.762044         -45.297            -175.480
730.762655         -45.299            -175.399
730.763242         -45.300            -175.317
730.763805         -45.302            -175.235
730.764344         -45.303            -175.154
730.764859         -45.305            -175.072
730.765350         -45.306            -174.991
730.765817         -45.307            -174.909
730.766260         -45.308            -174.827
730.766680         -45.310            -174.746
730.767075         -45.311            -174.664
730.767446         -45.312            -174.583
730.767793         -45.313            -174.501
730.768116         -45.313            -174.419
730.768415         -45.314            -174.338
730.768690         -45.315            -174.256
730.768941         -45.316            -174.175
730.769168         -45.316            -174.093
730.769371         -45.317            -174.011
730.769550         -45.317            -173.930
730.769705         -45.318            -173.848
730.769836         -45.318            -173.766
730.769943         -45.318            -173.685
730.770026         -45.318            -173.603
730.770085         -45.319            -173.521
730.770120         -45.319            -173.440
730.770131         -45.319            -173.358
730.770118         -45.319            -173.277
730.770081         -45.319            -173.195
730.770020         -45.318            -173.113
730.769935         -45.318            -173.032
730.769825         -45.318            -172.950
730.769692         -45.318            -172.868
730.769535         -45.317            -172.787
730.769354         -45.317            -172.705
730.769148         -45.316            -172.623
730.768919         -45.316            -172.542
730.768666         -45.315            -172.460
730.768389         -45.314            -172.379
730.768087         -45.313            -172.297
730.767762         -45.312            -172.215
730.767413         -45.311            -172.134
730.767039         -45.310            -172.052
730.766642         -45.309            -171.970
730.766221         -45.308            -171.889
730.765776         -45.307            -171.807
730.765306         -45.306            -171.726
730.764813         -45.305            -171.644
730.764296         -45.303            -171.562
730.763754         -45.302            -171.481
730.763189         -45.300            -171.399
730.762600         -45.299            -171.318
730.761987         -45.297            -171.236
730.761349         -45.295            -171.154
730.760688         -45.293            -171.073
730.760003         -45.292            -170.991
730.759294         -45.290            -170.910
730.758561         -45.288            -170.828
730.757804         -45.286            -170.747
730.757022         -45.284            -170.665
730.756217         -45.281            -170.584
730.755388         -45.279            -170.502
730.754536         -45.277            -170.421
730.753659         -45.275            -170.339
730.752758         -45.272            -170.258
730.751833         -45.270            -170.176
730.750884         -45.267            -170.095
730.749912         -45.265            -170.013
730.748915         -45.262            -169.932
730.747895         -45.259            -169.850
730.746850         -45.256            -169.769
730.745782         -45.254            -169.687
730.744690         -45.251            -169.606
730.743574         -45.248            -169.524
730.742434         -45.245            -169.443
730.741270         -45.241            -169.362
730.740082         -45.238            -169.280
730.738870         -45.235            -169.199
730.737635         -45.232            -169.117
730.736375         -45.228            -169.036
730.735092         -45.225            -168.955
730.733785         -45.221            -168.873
730.732454         -45.218            -168.792
730.731099         -45.214            -168.711
730.729720         -45.211            -168.629
730.728317         -45.207            -168.548
730.726891         -45.203            -168.467
730.725441         -45.199            -168.385
730.723967         -45.195            -168.304
730.722469         -45.191            -168.223
730.720947         -45.187            -168.142
730.719402         -45.183            -168.060
730.717833         -45.179            -167.979
730.716240         -45.174            -167.898
730.714623         -45.170            -167.817
730.712982         -45.166            -167.736
730.711318         -45.161            -167.654
730.709630         -45.157            -167.573
730.707918         -45.152            -167.492
730.706182         -45.147            -167.411
730.704423         -45.143            -167.330
730.702640         -45.138            -167.249
730.700833         -45.133            -167.168
730.699003         -45.128            -167.087
730.697148         -45.123            -167.005
730.695271         -45.118            -166.924
730.693369         -45.113            -166.843
730.691444         -45.108            -166.762
730.689495         -45.103            -166.681
730.687522         -45.097            -166.600
730.685526         -45.092            -166.519
730.683506         -45.087            -166.438
730.681463         -45.081            -166.358
730.679396         -45.076            -166.277
730.677305         -45.070            -166.196
730.675190         -45.064            -166.115
730.673052         -45.059            -166.034
730.670891         -45.053            -165.953
730.668706         -45.047            -165.872
730.666497         -45.041            -165.791
730.664265         -45.035            -165.711
730.662009         -45.029            -165.630
730.659730         -45.023            -165.549
730.657427         -45.017            -165.468
730.655101         -45.011            -165.388
730.652751         -45.004            -165.307
730.650377         -44.998            -165.226
730.647981         -44.992            -165.145
730.645560         -44.985            -165.065
730.643117         -44.978            -164.984
730.640649         -44.972            -164.904
730.638159         -44.965            -164.823
730.635645         -44.958            -164.742
730.633107         -44.952            -164.662
730.630546         -44.945            -164.581
730.627962         -44.938            -164.501
730.625354         -44.931            -164.420
730.622723         -44.924            -164.340
730.620068         -44.917            -164.259
730.617391         -44.910            -164.179
730.614689         -44.902            -164.099
730.611965         -44.895            -164.018
730.609217         -44.888            -163.938
730.606446         -44.880            -163.857
730.603652         -44.873            -163.777
730.600834         -44.865            -163.697
730.597993         -44.858            -163.616
730.595129         -44.850            -163.536
730.592241         -44.842            -163.456
730.589331         -44.834            -163.376
730.586397         -44.826            -163.296
730.583440         -44.819            -163.215
730.580460         -44.811            -163.135
730.577456         -44.803            -163.055
730.574430         -44.794            -162.975
730.571380         -44.786            -162.895
730.568307         -44.778            -162.815
730.565211         -44.770            -162.735
730.562092         -44.761            -162.655
730.558950         -44.753            -162.575
730.555784         -44.744            -162.495
730.552596         -44.736            -162.415
730.549385         -44.727            -162.335
730.546150         -44.719            -162.255
730.542893         -44.710            -162.175
730.539612         -44.701            -162.096
730.536309         -44.692            -162.016
730.532982         -44.683            -161.936
730.529633         -44.674            -161.856
730.526261         -44.665            -161.776
730.522865         -44.656            -161.697
730.519447         -44.647            -161.617
730.516006         -44.638            -161.537
730.512542         -44.629            -161.458
730.509055         -44.619            -161.378
730.505545         -44.610            -161.299
730.502013         -44.600            -161.219
730.498457         -44.591            -161.140
730.494879         -44.581            -161.060
730.491278         -44.572            -160.981
730.487654         -44.562            -160.901
730.484008         -44.552            -160.822
730.480339         -44.542            -160.742
730.476646         -44.532            -160.663
730.472932         -44.522            -160.584
730.469194         -44.512            -160.504
730.465434         -44.502            -160.425
730.461651         -44.492            -160.346
730.457846         -44.482            -160.267
730.454018         -44.472            -160.188
730.450167         -44.461            -160.108
730.446294         -44.451            -160.029
730.442398         -44.441            -159.950
730.438480         -44.430            -159.871
730.434539         -44.420            -159.792
730.430575         -44.409            -159.713
730.426589         -44.398            -159.634
730.422581         -44.387            -159.555
730.418550         -44.377            -159.476
730.414496         -44.366            -159.397
730.410420         -44.355            -159.319
730.406322         -44.344            -159.240
730.402202         -44.333            -159.161
730.398058         -44.322            -159.082
730.393893         -44.311            -159.003
730.389705         -44.299            -158.925
730.385495         -44.288            -158.846
730.381263         -44.277            -158.768
730.377008         -44.265            -158.689
730.372731         -44.254            -158.610
730.368432         -44.242            -158.532
730.364110         -44.231            -158.453
730.359767         -44.219            -158.375
730.355401         -44.207            -158.296
730.351013         -44.196            -158.218
730.346603         -44.184            -158.140
730.342170         -44.172            -158.061
730.337716         -44.160            -157.983
730.333239         -44.148            -157.905
730.328741         -44.136            -157.827
730.324220         -44.124            -157.748
730.319677         -44.112            -157.670
730.315112         -44.099            -157.592
730.310526         -44.087            -157.514
730.305917         -44.075            -157.436
730.301286         -44.062            -157.358
730.296634         -44.050            -157.280
730.291959         -44.037            -157.202
730.287263         -44.025            -157.124
730.282545         -44.012            -157.046
730.277804         -43.999            -156.968
730.273042         -43.987            -156.890
730.268259         -43.974            -156.813
730.263453         -43.961            -156.735
730.258626         -43.948            -156.657
730.253777         -43.935            -156.579
730.248906         -43.922            -156.502
730.244013         -43.909            -156.424
730.239099         -43.896            -156.347
730.234163         -43.882            -156.269
730.229206         -43.869            -156.192
730.224227         -43.856            -156.114
730.219226         -43.842            -156.037
730.214204         -43.829            -155.959
730.209160         -43.815            -155.882
730.204095         -43.802            -155.805
730.199008         -43.788            -155.727
730.193900         -43.774            -155.650
730.188770         -43.761            -155.573
730.183619         -43.747            -155.496
730.178446         -43.733            -155.418
730.173252         -43.719            -155.341
730.168037         -43.705            -155.264
730.162800         -43.691            -155.187
730.157542         -43.677            -155.110
730.152262         -43.663            -155.033
730.146962         -43.648            -154.956
730.141640         -43.634            -154.880
730.136297         -43.620            -154.803
730.130933         -43.605            -154.726
730.125547         -43.591            -154.649
730.120141         -43.576            -154.573
730.114713         -43.562            -154.496
730.109264         -43.547            -154.419
730.103794         -43.533            -154.343
730.098303         -43.518            -154.266
730.092791         -43.503            -154.190
730.087258         -43.488            -154.113
730.081704         -43.473            -154.037
730.076129         -43.458            -153.960
730.070533         -43.443            -153.884
730.064916         -43.428            -153.808
730.059278         -43.413            -153.731
730.053620         -43.398            -153.655
730.047940         -43.383            -153.579
730.042240         -43.367            -153.503
730.036519         -43.352            -153.426
730.030778         -43.337            -153.350
730.025015         -43.321            -153.274
730.019232         -43.306            -153.198
730.013428         -43.290            -153.122
730.007603         -43.274            -153.047
730.001758         -43.259            -152.971
729.995893         -43.243            -152.895
729.990006         -43.227            -152.819
729.984099         -43.211            -152.743
729.978172         -43.195            -152.668
729.972224         -43.179            -152.592
729.966256         -43.163            -152.516
729.960267         -43.147            -152.441
729.954257         -43.131            -152.365
729.948228         -43.115            -152.290
729.942178         -43.099            -152.214
729.936107         -43.082            -152.139
729.930017         -43.066            -152.063
729.923906         -43.049            -151.988
729.917775         -43.033            -151.913
729.911623         -43.016            -151.837
729.905451         -43.000            -151.762
729.899260         -42.983            -151.687
729.893048         -42.967            -151.612
729.886816         -42.950            -151.537
729.880563         -42.933            -151.462
729.874291         -42.916            -151.387
729.867999         -42.899            -151.312
729.861687         -42.882            -151.237
729.855354         -42.865            -151.162
729.849002         -42.848            -151.087
729.842630         -42.831            -151.013
729.836238         -42.814            -150.938
729.829826         -42.797            -150.863
729.823394         -42.779            -150.788
729.816943         -42.762            -150.714
729.810471         -42.745            -150.639
729.803980         -42.727            -150.565
729.797469         -42.710            -150.490
729.790939         -42.692            -150.416
729.784389         -42.674            -150.342
729.777819         -42.657            -150.267
729.771229         -42.639            -150.193
729.764620         -42.621            -150.119
729.757992         -42.603            -150.044
729.751344         -42.585            -149.970
729.744676         -42.568            -149.896
729.737989         -42.550            -149.822
729.731282         -42.532            -149.748
729.724557         -42.513            -149.674
729.717811         -42.495            -149.600
729.711047         -42.477            -149.526
729.704263         -42.459            -149.452
729.697460         -42.440            -149.379
729.690637         -42.422            -149.305
729.683796         -42.404            -149.231
729.676935         -42.385            -149.158
729.670055         -42.367            -149.084
729.663156         -42.348            -149.010
729.656237         -42.329            -148.937
729.649300         -42.311            -148.863
729.642344         -42.292            -148.790
729.635368         -42.273            -148.717
729.628374         -42.254            -148.643
729.621361         -42.236            -148.570
729.614329         -42.217            -148.497
729.607277         -42.198            -148.423
729.600208         -42.179            -148.350
729.593119         -42.159            -148.277
729.586011         -42.140            -148.204
729.578885         -42.121            -148.131
729.571740         -42.102            -148.058
729.564576         -42.083            -147.985
729.557394         -42.063            -147.912
729.550193         -42.044            -147.839
729.542973         -42.024            -147.767
729.535735         -42.005            -147.694
729.528479         -41.985            -147.621
729.521203         -41.966            -147.549
729.513910         -41.946            -147.476
729.506598         -41.926            -147.403
729.499267         -41.906            -147.331
729.491918         -41.887            -147.259
729.484551         -41.867            -147.186
729.477166         -41.847            -147.114
729.469762         -41.827            -147.041
729.462340         -41.807            -146.969
729.454900         -41.787            -146.897
729.447441         -41.767            -146.825
729.439965         -41.746            -146.753
729.432470         -41.726            -146.681
729.424958         -41.706            -146.609
729.417427         -41.686            -146.537
729.409878         -41.665            -146.465
729.402311         -41.645            -146.393
729.394727         -41.624            -146.321
729.387124         -41.604            -146.249
729.379504         -41.583            -146.177
729.371865         -41.563            -146.106
729.364209         -41.542            -146.034
729.356536         -41.521            -145.962
729.348844         -41.500            -145.891
729.341135         -41.480            -145.819
729.333408         -41.459            -145.748
729.325663         -41.438            -145.677
729.317901         -41.417            -145.605
729.310121         -41.396            -145.534
729.302324         -41.375            -145.463
729.294509         -41.354            -145.391
729.286677         -41.332            -145.320
729.278827         -41.311            -145.249
729.270960         -41.290            -145.178
729.263076         -41.268            -145.107
729.255174         -41.247            -145.036
729.247255         -41.226            -144.965
729.239319         -41.204            -144.894
729.231366         -41.183            -144.824
729.223395         -41.161            -144.753
729.215407         -41.140            -144.682
729.207402         -41.118            -144.611
729.199380         -41.096            -144.541
729.191341         -41.074            -144.470
729.183285         -41.053            -144.400
729.175212         -41.031            -144.329
729.167123         -41.009            -144.259
729.159016         -40.987            -144.188
729.150892         -40.965            -144.118
729.142752         -40.943            -144.048
729.134594         -40.921            -143.978
729.126421         -40.899            -143.907
729.118230         -40.876            -143.837
729.110022         -40.854            -143.767
729.101798         -40.832            -143.697
729.093558         -40.809            -143.627
729.085301         -40.787            -143.557
729.077027         -40.765            -143.487
729.068737         -40.742            -143.418
729.060430         -40.720            -143.348
729.052107         -40.697            -143.278
729.043768         -40.674            -143.208
729.035412         -40.652            -143.139
729.027040         -40.629            -143.069
729.018651         -40.606            -143.000
729.010247         -40.583            -142.930
729.001826         -40.561            -142.861
728.993389         -40.538            -142.791
728.984936         -40.515            -142.722
728.976467         -40.492            -142.653
728.967982         -40.469            -142.584
728.959480         -40.446            -142.514
728.950963         -40.422            -142.445
728.942430         -40.399            -142.376
728.933881         -40.376            -142.307
728.925316         -40.353            -142.238
728.916736         -40.329            -142.169
728.908139         -40.306            -142.100
728.899527         -40.283            -142.032
728.890899         -40.259            -141.963
728.882256         -40.236            -141.894
728.873596         -40.212            -141.825
728.864922         -40.188            -141.757
728.856231         -40.165            -141.688
728.847526         -40.141            -141.620
728.838804         -40.117            -141.551
728.830068         -40.094            -141.483
728.821315         -40.070            -141.414
728.812548         -40.046            -141.346
728.803765         -40.022            -141.278
728.794967         -39.998            -141.210
728.786154         -39.974            -141.141
728.777325         -39.950            -141.073
728.768482         -39.926            -141.005
728.759623         -39.902            -140.937
728.750749         -39.877            -140.869
728.741860         -39.853            -140.801
728.732956         -39.829            -140.733
728.724038         -39.805            -140.666
728.715104         -39.780            -140.598
728.706155         -39.756            -140.530
728.697192         -39.731            -140.462
728.688213         -39.707            -140.395
728.679220         -39.682            -140.327
728.670213         -39.658            -140.260
728.661190         -39.633            -140.192
728.652153         -39.608            -140.125
728.643101         -39.584            -140.058
728.634035         -39.559            -139.990
728.624954         -39.534            -139.923
728.615859         -39.509            -139.856
728.606749         -39.484            -139.789
728.597625         -39.459            -139.721
728.588487         -39.434            -139.654
728.579334         -39.409            -139.587
728.570167         -39.384            -139.520
728.560986         -39.359            -139.454
728.551790         -39.334            -139.387
728.542581         -39.309            -139.320
728.533357         -39.284            -139.253
728.524119         -39.258            -139.186
728.514867         -39.233            -139.120
728.505602         -39.208            -139.053
728.496322         -39.182            -138.987
728.487028         -39.157            -138.920
728.477721         -39.131            -138.854
728.468399         -39.106            -138.787
728.459064         -39.080            -138.721
728.449715         -39.054            -138.655
728.440353         -39.029            -138.588
728.430976         -39.003            -138.522
728.421586         -38.977            -138.456
728.412183         -38.951            -138.390
728.402766         -38.926            -138.324
728.393336         -38.900            -138.258
728.383892         -38.874            -138.192
728.374434         -38.848            -138.126
728.364964         -38.822            -138.060
728.355480         -38.796            -137.995
728.345982         -38.770            -137.929
728.336472         -38.743            -137.863
728.326948         -38.717            -137.797
728.317411         -38.691            -137.732
728.307861         -38.665            -137.666
728.298298         -38.638            -137.601
728.288722         -38.612            -137.535
728.279133         -38.586            -137.470
728.269531         -38.559            -137.405
728.259916         -38.533            -137.339
728.250289         -38.506            -137.274
728.240648         -38.480            -137.209
728.230995         -38.453            -137.144
728.221329         -38.426            -137.079
728.211650         -38.400            -137.014
728.201959         -38.373            -136.949
728.192255         -38.346            -136.884
728.182538         -38.320            -136.819
728.172809         -38.293            -136.754
728.163068         -38.266            -136.689
728.153314         -38.239            -136.625
728.143547         -38.212            -136.560
728.133769         -38.185            -136.495
728.123978         -38.158            -136.431
728.114175         -38.131            -136.366
728.104359         -38.104            -136.302
728.094532         -38.076            -136.238
728.084692         -38.049            -136.173
728.074840         -38.022            -136.109
728.064977         -37.995            -136.045
728.055101         -37.967            -135.980
728.045213         -37.940            -135.916
728.035314         -37.913            -135.852
728.025402         -37.885            -135.788
728.015479         -37.858            -135.724
728.005544         -37.830            -135.660
727.995597         -37.803            -135.596
727.985639         -37.775            -135.532
727.975669         -37.747            -135.469
727.965687         -37.720            -135.405
727.955694         -37.692            -135.341
727.945690         -37.664            -135.277
727.935673         -37.636            -135.214
727.925646         -37.609            -135.150
727.915607         -37.581            -135.087
727.905557         -37.553            -135.023
727.895495         -37.525            -134.960
727.885423         -37.497            -134.896
727.875339         -37.469            -134.833
727.865244         -37.441            -134.770
727.855138         -37.413            -134.707
727.845020         -37.384            -134.644
727.834892         -37.356            -134.580
727.824753         -37.328            -134.517
727.814603         -37.300            -134.454
727.804442         -37.272            -134.391
727.794270         -37.243            -134.329
727.784088         -37.215            -134.266
727.773894         -37.186            -134.203
727.763690         -37.158            -134.140
727.753476         -37.129            -134.077
727.743251         -37.101            -134.015
727.733015         -37.072            -133.952
727.722769         -37.044            -133.890
727.712512         -37.015            -133.827
727.702245         -36.986            -133.765
727.691967         -36.958            -133.702
727.681679         -36.929            -133.640
727.671381         -36.900            -133.578
727.661073         -36.871            -133.515
727.650755         -36.842            -133.453
727.640426         -36.814            -133.391
727.630087         -36.785            -133.329
727.619738         -36.756            -133.267
727.609380         -36.727            -133.205
727.599011         -36.698            -133.143
727.588632         -36.669            -133.081
727.578244         -36.639            -133.019
727.567845         -36.610            -132.957
727.557437         -36.581            -132.896
727.547019         -36.552            -132.834
727.536592         -36.523            -132.772
727.526155         -36.493            -132.711
727.515708         -36.464            -132.649
727.505252         -36.435            -132.588
727.494786         -36.405            -132.526
727.484311         -36.376            -132.465
727.473826         -36.346            -132.403
727.463332         -36.317            -132.342
727.452829         -36.287            -132.281
727.442316         -36.257            -132.220
727.431795         -36.228            -132.158
727.421264         -36.198            -132.097
727.410724         -36.168            -132.036
727.400175         -36.139            -131.975
727.389617         -36.109            -131.914
727.379049         -36.079            -131.853
727.368473         -36.049            -131.792
727.357889         -36.019            -131.732
727.347295         -35.990            -131.671
727.336692         -35.960            -131.610
727.326081         -35.930            -131.549
727.315461         -35.900            -131.489
727.304833         -35.870            -131.428
727.294195         -35.839            -131.368
727.283550         -35.809            -131.307
727.272895         -35.779            -131.247
727.262233         -35.749            -131.186
727.251562         -35.719            -131.126
727.240882         -35.688            -131.066
727.230195         -35.658            -131.006
727.219498         -35.628            -130.945
727.208794         -35.597            -130.885
727.198082         -35.567            -130.825
727.187361         -35.537            -130.765
727.176633         -35.506            -130.705
727.165896         -35.476            -130.645
727.155151         -35.445            -130.585
727.144399         -35.415            -130.525
727.133638         -35.384            -130.466
727.122870         -35.353            -130.406
727.112094         -35.323            -130.346
727.101310         -35.292            -130.287
727.090519         -35.261            -130.227
727.079720         -35.230            -130.167
727.068913         -35.200            -130.108
727.058099         -35.169            -130.048
727.047277         -35.138            -129.989
727.036448         -35.107            -129.930
727.025611         -35.076            -129.870
727.014767         -35.045            -129.811
727.003916         -35.014            -129.752
726.993058         -34.983            -129.693
726.982192         -34.952            -129.634
726.971319         -34.921            -129.574
726.960439         -34.890            -129.515
726.949552         -34.858            -129.456
726.938658         -34.827            -129.397
726.927757         -34.796            -129.339
726.916849         -34.765            -129.280
726.905934         -34.733            -129.221
726.895013         -34.702            -129.162
726.884084         -34.671            -129.104
726.873149         -34.639            -129.045
726.862207         -34.608            -128.986
726.851259         -34.576            -128.928
726.840304         -34.545            -128.869
726.829342         -34.513            -128.811
726.818375         -34.482            -128.752
726.807400         -34.450            -128.694
726.796419         -34.419            -128.636
726.785432         -34.387            -128.577
726.774439         -34.355            -128.519
726.763439         -34.324            -128.461
726.752433         -34.292            -128.403
726.741421         -34.260            -128.345
726.730403         -34.228            -128.287
726.719379         -34.196            -128.229
726.708349         -34.164            -128.171
726.697313         -34.133            -128.113
726.686271         -34.101            -128.055
726.675224         -34.069            -127.997
726.664170         -34.037            -127.939
726.653111         -34.005            -127.882
726.642046         -33.972            -127.824
726.630976         -33.940            -127.766
726.619899         -33.908            -127.709
726.608818         -33.876            -127.651
726.597730         -33.844            -127.594
726.586638         -33.812            -127.536
726.575540         -33.779            -127.479
726.564436         -33.747            -127.422
726.553328         -33.715            -127.364
726.542214         -33.682            -127.307
726.531095         -33.650            -127.250
726.519971         -33.618            -127.193
726.508841         -33.585            -127.136
726.497707         -33.553            -127.079
726.486567         -33.520            -127.021
726.475423         -33.488            -126.964
726.464274         -33.455            -126.908
726.453120         -33.422            -126.851
726.441961         -33.390            -126.794
726.430797         -33.357            -126.737
726.419629         -33.325            -126.680
726.408456         -33.292            -126.624
726.397278         -33.259            -126.567
726.386096         -33.226            -126.510
726.374910         -33.193            -126.454
726.363719         -33.161            -126.397
726.352523         -33.128            -126.341
726.341323         -33.095            -126.284
726.330119         -33.062            -126.228
726.318911         -33.029            -126.172
726.307698         -32.996            -126.115
726.296482         -32.963            -126.059
726.285261         -32.930            -126.003
726.274036         -32.897            -125.947
726.262807         -32.864            -125.890
726.251574         -32.831            -125.834
726.240338         -32.798            -125.778
726.229097         -32.764            -125.722
726.217853         -32.731            -125.666
726.206605         -32.698            -125.611
726.195353         -32.665            -125.555
726.184098         -32.631            -125.499
726.172839         -32.598            -125.443
726.161576         -32.565            -125.387
726.150310         -32.531            -125.332
726.139040         -32.498            -125.276
726.127768         -32.464            -125.220
726.116491         -32.431            -125.165
726.105212         -32.397            -125.109
726.093929         -32.364            -125.054
726.082643         -32.330            -124.999
726.071354         -32.297            -124.943
726.060062         -32.263            -124.888
726.048766         -32.229            -124.833
726.037468         -32.196            -124.777
726.026167         -32.162            -124.722
726.014863         -32.128            -124.667
726.003556         -32.095            -124.612
725.992246         -32.061            -124.557
725.980934         -32.027            -124.502
725.969619         -31.993            -124.447
725.958301         -31.959            -124.392
725.946981         -31.925            -124.337
725.935658         -31.892            -124.282
725.924332         -31.858            -124.227
725.913004         -31.824            -124.173
725.901674         -31.790            -124.118
725.890342         -31.756            -124.063
725.879007         -31.721            -124.009
725.867670         -31.687            -123.954
725.856331         -31.653            -123.899
725.844989         -31.619            -123.845
725.833646         -31.585            -123.790
725.822300         -31.551            -123.736
725.810953         -31.517            -123.682
725.799603         -31.482            -123.627
725.788252         -31.448            -123.573
725.776899         -31.414            -123.519
725.765544         -31.379            -123.465
725.754188         -31.345            -123.410
725.742829         -31.311            -123.356
725.731469         -31.276            -123.302
725.720108         -31.242            -123.248
725.708745         -31.207            -123.194
725.697380         -31.173            -123.140
725.686014         -31.138            -123.086
725.674647         -31.104            -123.033
725.663279         -31.069            -122.979
725.651909         -31.035            -122.925
725.640538         -31.000            -122.871
725.629165         -30.965            -122.817
725.617792         -30.931            -122.764
725.606418         -30.896            -122.710
725.595042         -30.861            -122.657
725.583666         -30.827            -122.603
725.572288         -30.792            -122.550
725.560910         -30.757            -122.496
725.549531         -30.722            -122.443
725.538151         -30.687            -122.389
725.526771         -30.652            -122.336
725.515390         -30.618            -122.283
725.504008         -30.583            -122.229
725.492626         -30.548            -122.176
725.481243         -30.513            -122.123
725.469860         -30.478            -122.070
725.458476         -30.443            -122.017
725.447092         -30.408            -121.964
725.435708         -30.372            -121.911
725.424323         -30.337            -121.858
725.412938         -30.302            -121.805
725.401553         -30.267            -121.752
725.390168         -30.232            -121.699
725.378783         -30.197            -121.646
725.367398         -30.161            -121.594
725.356013         -30.126            -121.541
725.344628         -30.091            -121.488
725.333243         -30.056            -121.436
725.321859         -30.020            -121.383
725.310475         -29.985            -121.331
725.299091         -29.950            -121.278
725.287707         -29.914            -121.226
725.276324         -29.879            -121.173
725.264941         -29.843            -121.121
725.253559         -29.808            -121.068
725.242177         -29.772            -121.016
725.230796         -29.737            -120.964
725.219415         -29.701            -120.912
725.208036         -29.666            -120.859
725.196657         -29.630            -120.807
725.185279         -29.594            -120.755
725.173901         -29.559            -120.703
725.162525         -29.523            -120.651
725.151150         -29.487            -120.599
725.139775         -29.452            -120.547
725.128402         -29.416            -120.495
725.117030         -29.380            -120.443
725.105659         -29.344            -120.391
725.094289         -29.309            -120.340
725.082920         -29.273            -120.288
725.071553         -29.237            -120.236
725.060187         -29.201            -120.184
725.048823         -29.165            -120.133
725.037460         -29.129            -120.081
725.026099         -29.093            -120.030
725.014739         -29.057            -119.978
725.003381         -29.021            -119.926
724.992024         -28.985            -119.875
724.980670         -28.949            -119.824
724.969317         -28.913            -119.772
724.957966         -28.877            -119.721
724.946616         -28.841            -119.670
724.935269         -28.805            -119.618
724.923924         -28.769            -119.567
724.912580         -28.732            -119.516
724.901239         -28.696            -119.465
724.889900         -28.660            -119.414
724.878563         -28.624            -119.363
724.867228         -28.587            -119.312
724.855896         -28.551            -119.261
724.844566         -28.515            -119.210
724.833238         -28.478            -119.159
724.821913         -28.442            -119.108
724.810590         -28.406            -119.057
724.799270         -28.369            -119.006
724.787953         -28.333            -118.955
724.776638         -28.296            -118.905
724.765326         -28.260            -118.854
724.754016         -28.223            -118.803
724.742709         -28.187            -118.753
724.731406         -28.150            -118.702
724.720105         -28.114            -118.651
724.708807         -28.077            -118.601
724.697512         -28.041            -118.550
724.686220         -28.004            -118.500
724.674931         -27.967            -118.450
724.663645         -27.931            -118.399
724.652363         -27.894            -118.349
724.641083         -27.857            -118.299
724.629807         -27.820            -118.248
724.618535         -27.784            -118.198
724.607266         -27.747            -118.148
724.596000         -27.710            -118.098
724.584738         -27.673            -118.048
724.573479         -27.636            -117.998
724.562224         -27.600            -117.948
724.550972         -27.563            -117.898
724.539725         -27.526            -117.848
724.528481         -27.489            -117.798
724.517240         -27.452            -117.748
724.506004         -27.415            -117.698
724.494772         -27.378            -117.648
724.483543         -27.341            -117.598
724.472319         -27.304            -117.549
724.461098         -27.267            -117.499
724.449882         -27.230            -117.449
724.438670         -27.193            -117.400
724.427462         -27.155            -117.350
724.416258         -27.118            -117.300
724.405059         -27.081            -117.251
724.393864         -27.044            -117.201
724.382673         -27.007            -117.152
724.371487         -26.970            -117.102
724.360305         -26.932            -117.053
724.349128         -26.895            -117.004
724.337956         -26.858            -116.954
724.326788         -26.820            -116.905
724.315625         -26.783            -116.856
724.304467         -26.746            -116.807
724.293313         -26.708            -116.757
724.282164         -26.671            -116.708
724.271021         -26.634            -116.659
724.259882         -26.596            -116.610
724.248748         -26.559            -116.561
724.237619         -26.521            -116.512
724.226495         -26.484            -116.463
724.215377         -26.446            -116.414
724.204264         -26.409            -116.365
724.193156         -26.371            -116.316
724.182053         -26.334            -116.268
724.170955         -26.296            -116.219
724.159863         -26.258            -116.170
724.148777         -26.221            -116.121
724.137696         -26.183            -116.072
724.126620         -26.145            -116.024
724.115551         -26.108            -115.975
724.104486         -26.070            -115.927
724.093428         -26.032            -115.878
724.082375         -25.995            -115.829
724.071328         -25.957            -115.781
724.060287         -25.919            -115.732
724.049252         -25.881            -115.684
724.038223         -25.843            -115.636
724.027199         -25.806            -115.587
724.016182         -25.768            -115.539
724.005171         -25.730            -115.491
723.994166         -25.692            -115.442
723.983167         -25.654            -115.394
723.972175         -25.616            -115.346
723.961188         -25.578            -115.298
723.950209         -25.540            -115.250
723.939235         -25.502            -115.202
723.928268         -25.464            -115.153
723.917307         -25.426            -115.105
723.906353         -25.388            -115.057
723.895406         -25.350            -115.009
723.884465         -25.312            -114.961
723.873531         -25.274            -114.914
723.862604         -25.236            -114.866
723.851683         -25.198            -114.818
723.840769         -25.159            -114.770
723.829862         -25.121            -114.722
723.818962         -25.083            -114.675
723.808069         -25.045            -114.627
723.797184         -25.007            -114.579
723.786305         -24.968            -114.531
723.775433         -24.930            -114.484
723.764568         -24.892            -114.436
723.753711         -24.853            -114.389
723.742861         -24.815            -114.341
723.732018         -24.777            -114.294
723.721183         -24.738            -114.246
723.710355         -24.700            -114.199
723.699534         -24.662            -114.151
723.688722         -24.623            -114.104
723.677916         -24.585            -114.057
723.667118         -24.546            -114.009
723.656328         -24.508            -113.962
723.645546         -24.469            -113.915
723.634771         -24.431            -113.868
723.624004         -24.392            -113.821
723.613245         -24.354            -113.773
723.602494         -24.315            -113.726
723.591751         -24.277            -113.679
723.581016         -24.238            -113.632
723.570289         -24.199            -113.585
723.559570         -24.161            -113.538
723.548859         -24.122            -113.491
723.538156         -24.084            -113.444
723.527462         -24.045            -113.397
723.516776         -24.006            -113.350
723.506098         -23.967            -113.304
723.495428         -23.929            -113.257
723.484767         -23.890            -113.210
723.474115         -23.851            -113.163
723.463471         -23.812            -113.117
723.452835         -23.774            -113.070
723.442208         -23.735            -113.023
723.431590         -23.696            -112.977
723.420981         -23.657            -112.930
723.410380         -23.618            -112.883
723.399788         -23.579            -112.837
723.389205         -23.541            -112.790
723.378631         -23.502            -112.744
723.368066         -23.463            -112.697
723.357510         -23.424            -112.651
723.346963         -23.385            -112.605
723.336425         -23.346            -112.558
723.325896         -23.307            -112.512
723.315376         -23.268            -112.466
723.304866         -23.229            -112.419
723.294365         -23.190            -112.373
723.283873         -23.151            -112.327
723.273391         -23.112            -112.281
723.262918         -23.072            -112.235
723.252454         -23.033            -112.188
723.242000         -22.994            -112.142
723.231556         -22.955            -112.096
723.221121         -22.916            -112.050
723.210695         -22.877            -112.004
723.200280         -22.838            -111.958
723.189874         -22.798            -111.912
723.179478         -22.759            -111.866
723.169092         -22.720            -111.820
723.158716         -22.681            -111.775
723.148350         -22.641            -111.729
723.137994         -22.602            -111.683
723.127647         -22.563            -111.637
723.117311         -22.523            -111.591
723.106985         -22.484            -111.546
723.096669         -22.445            -111.500
723.086364         -22.405            -111.454
723.076068         -22.366            -111.409
723.065783         -22.327            -111.363
723.055508         -22.287            -111.317
723.045244         -22.248            -111.272
723.034990         -22.208            -111.226
723.024747         -22.169            -111.181
723.014514         -22.129            -111.135
723.004292         -22.090            -111.090
722.994080         -22.050            -111.044
722.983879         -22.011            -110.999
722.973689         -21.971            -110.954
722.963509         -21.932            -110.908
722.953341         -21.892            -110.863
722.943183         -21.853            -110.818
722.933036         -21.813            -110.772
722.922900         -21.773            -110.727
722.912775         -21.734            -110.682
722.902661         -21.694            -110.637
722.892559         -21.654            -110.592
722.882467         -21.615            -110.547
722.872386         -21.575            -110.502
722.862317         -21.535            -110.456
722.852259         -21.496            -110.411
722.842212         -21.456            -110.366
722.832177         -21.416            -110.321
722.822153         -21.376            -110.276
722.812141         -21.337            -110.231
722.802140         -21.297            -110.187
722.792150         -21.257            -110.142
722.782172         -21.217            -110.097
722.772206         -21.177            -110.052
722.762251         -21.138            -110.007
722.752308         -21.098            -109.962
722.742377         -21.058            -109.918
722.732458         -21.018            -109.873
722.722551         -20.978            -109.828
722.712655         -20.938            -109.784
722.702771         -20.898            -109.739
722.692900         -20.858            -109.694
722.683040         -20.818            -109.650
722.673193         -20.778            -109.605
722.663357         -20.738            -109.561
722.653534         -20.698            -109.516
722.643723         -20.658            -109.472
722.633924         -20.618            -109.427
722.624138         -20.578            -109.383
722.614363         -20.538            -109.338
722.604602         -20.498            -109.294
722.594852         -20.458            -109.249
722.585115         -20.418            -109.205
722.575391         -20.378            -109.161
722.565679         -20.338            -109.116
722.555980         -20.298            -109.072
722.546293         -20.257            -109.028
722.536619         -20.217            -108.984
722.526958         -20.177            -108.940
722.517309         -20.137            -108.895
722.507674         -20.097            -108.851
722.498051         -20.057            -108.807
722.488441         -20.016            -108.763
722.478844         -19.976            -108.719
722.469260         -19.936            -108.675
722.459689         -19.896            -108.631
722.450132         -19.855            -108.587
722.440587         -19.815            -108.543
722.431055         -19.775            -108.499
722.421537         -19.734            -108.455
722.412032         -19.694            -108.411
722.402540         -19.654            -108.367
722.393062         -19.613            -108.323
722.383596         -19.573            -108.280
722.374145         -19.532            -108.236
722.364707         -19.492            -108.192
722.355282         -19.452            -108.148
722.345871         -19.411            -108.104
722.336473         -19.371            -108.061
722.327089         -19.330            -108.017
722.317719         -19.290            -107.973
722.308362         -19.249            -107.930
722.299019         -19.209            -107.886
722.289690         -19.168            -107.843
722.280375         -19.128            -107.799
722.271073         -19.087            -107.755
722.261786         -19.047            -107.712
722.252512         -19.006            -107.668
722.243253         -18.966            -107.625
722.234008         -18.925            -107.581
722.224776         -18.885            -107.538
722.215559         -18.844            -107.495
722.206356         -18.803            -107.451
722.197167         -18.763            -107.408
722.187992         -18.722            -107.364
722.178832         -18.681            -107.321
722.169686         -18.641            -107.278
722.160555         -18.600            -107.235
722.151437         -18.559            -107.191
722.142335         -18.519            -107.148
722.133246         -18.478            -107.105
722.124173         -18.437            -107.062
722.115114         -18.396            -107.019
722.106069         -18.356            -106.975
722.097039         -18.315            -106.932
722.088024         -18.274            -106.889
722.079024         -18.233            -106.846
722.070038         -18.193            -106.803
722.061067         -18.152            -106.760
722.052111         -18.111            -106.717
722.043170         -18.070            -106.674
722.034244         -18.029            -106.631
722.025333         -17.988            -106.588
722.016437         -17.948            -106.545
722.007556         -17.907            -106.502
721.998690         -17.866            -106.459
721.989839         -17.825            -106.417
721.981004         -17.784            -106.374
721.972183         -17.743            -106.331
721.963378         -17.702            -106.288
721.954588         -17.661            -106.245
721.945814         -17.620            -106.203
721.937055         -17.579            -106.160
721.928311         -17.538            -106.117
721.919583         -17.497            -106.074
721.910870         -17.456            -106.032
721.902173         -17.415            -105.989
721.893491         -17.374            -105.947
721.884825         -17.333            -105.904
721.876175         -17.292            -105.861
721.867540         -17.251            -105.819
721.858921         -17.210            -105.776
721.850318         -17.169            -105.734
721.841731         -17.128            -105.691
721.833159         -17.087            -105.649
721.824604         -17.046            -105.606
721.816064         -17.004            -105.564
721.807540         -16.963            -105.521
721.799033         -16.922            -105.479
721.790541         -16.881            -105.437
721.782065         -16.840            -105.394
721.773606         -16.799            -105.352
721.765162         -16.757            -105.310
721.756735         -16.716            -105.267
721.748324         -16.675            -105.225
721.739929         -16.634            -105.183
721.731551         -16.593            -105.140
721.723189         -16.551            -105.098
721.714843         -16.510            -105.056
721.706514         -16.469            -105.014
721.698201         -16.428            -104.972
721.689905         -16.386            -104.930
721.681625         -16.345            -104.887
721.673362         -16.304            -104.845
721.665115         -16.262            -104.803
721.656886         -16.221            -104.761
721.648672         -16.180            -104.719
721.640476         -16.138            -104.677
721.632296         -16.097            -104.635
721.624133         -16.056            -104.593
721.615987         -16.014            -104.551
721.607857         -15.973            -104.509
721.599745         -15.931            -104.467
721.591649         -15.890            -104.425
721.583571         -15.849            -104.383
721.575509         -15.807            -104.342
721.567465         -15.766            -104.300
721.559437         -15.724            -104.258
721.551427         -15.683            -104.216
721.543434         -15.641            -104.174
721.535458         -15.600            -104.132
721.527499         -15.558            -104.091
721.519557         -15.517            -104.049
721.511633         -15.475            -104.007
721.503726         -15.434            -103.966
721.495837         -15.392            -103.924
721.487965         -15.351            -103.882
721.480110         -15.309            -103.841
721.472273         -15.268            -103.799
721.464453         -15.226            -103.757
721.456651         -15.185            -103.716
721.448866         -15.143            -103.674
721.441099         -15.101            -103.633
721.433350         -15.060            -103.591
721.425618         -15.018            -103.549
721.417904         -14.977            -103.508
721.410208         -14.935            -103.466
721.402530         -14.893            -103.425
721.394869         -14.852            -103.383
721.387226         -14.810            -103.342
721.379601         -14.768            -103.301
721.371994         -14.727            -103.259
721.364405         -14.685            -103.218
721.356834         -14.643            -103.176
721.349281         -14.602            -103.135
721.341746         -14.560            -103.094
721.334230         -14.518            -103.052
721.326731         -14.476            -103.011
721.319250         -14.435            -102.970
721.311788         -14.393            -102.929
721.304344         -14.351            -102.887
721.296918         -14.309            -102.846
721.289510         -14.268            -102.805
721.282121         -14.226            -102.764
721.274750         -14.184            -102.722
721.267398         -14.142            -102.681
721.260064         -14.101            -102.640
721.252748         -14.059            -102.599
721.245451         -14.017            -102.558
721.238172         -13.975            -102.517
721.230912         -13.933            -102.476
721.223671         -13.891            -102.435
721.216448         -13.850            -102.394
721.209244         -13.808            -102.352
721.202058         -13.766            -102.311
721.194892         -13.724            -102.270
721.187744         -13.682            -102.229
721.180614         -13.640            -102.188
721.173504         -13.598            -102.148
721.166412         -13.556            -102.107
721.159340         -13.514            -102.066
721.152286         -13.472            -102.025
721.145251         -13.430            -101.984
721.138235         -13.388            -101.943
721.131238         -13.347            -101.902
721.124260         -13.305            -101.861
721.117302         -13.263            -101.820
721.110362         -13.221            -101.780
721.103441         -13.179            -101.739
721.096540         -13.137            -101.698
721.089658         -13.095            -101.657
721.082795         -13.053            -101.616
721.075951         -13.011            -101.576
721.069127         -12.969            -101.535
721.062322         -12.926            -101.494
721.055536         -12.884            -101.454
721.048770         -12.842            -101.413
721.042023         -12.800            -101.372
721.035295         -12.758            -101.332
721.028587         -12.716            -101.291
721.021899         -12.674            -101.250
721.015230         -12.632            -101.210
721.008580         -12.590            -101.169
721.001950         -12.548            -101.128
720.995340         -12.506            -101.088
720.988749         -12.464            -101.047
720.982178         -12.421            -101.007
720.975627         -12.379            -100.966
720.969096         -12.337            -100.926
720.962584         -12.295            -100.885
720.956092         -12.253            -100.845
720.949620         -12.211            -100.804
720.943168         -12.168            -100.764
720.936735         -12.126            -100.723
720.930323         -12.084            -100.683
720.923930         -12.042            -100.643
720.917558         -12.000            -100.602
720.911205         -11.957            -100.562
720.904872         -11.915            -100.521
720.898560         -11.873            -100.481
720.892268         -11.831            -100.441
720.885995         -11.789            -100.400
720.879743         -11.746            -100.360
720.873511         -11.704            -100.320
720.867299         -11.662            -100.280
720.861108         -11.620            -100.239
720.854936         -11.577            -100.199
720.848785         -11.535            -100.159
720.842655         -11.493            -100.118
720.836544         -11.450            -100.078
720.830454         -11.408            -100.038
720.824385         -11.366            -99.998
720.818335         -11.323            -99.958
720.812307         -11.281            -99.918
720.806298         -11.239            -99.877
720.800310         -11.196            -99.837
720.794343         -11.154            -99.797
720.788396         -11.112            -99.757
720.782470         -11.069            -99.717
720.776565         -11.027            -99.677
720.770680         -10.985            -99.637
720.764815         -10.942            -99.597
720.758972         -10.900            -99.557
720.753149         -10.857            -99.517
720.747347         -10.815            -99.476
720.741565         -10.773            -99.436
720.735805         -10.730            -99.396
720.730065         -10.688            -99.356
720.724346         -10.645            -99.316
720.718648         -10.603            -99.277
720.712971         -10.561            -99.237
720.707315         -10.518            -99.197
720.701679         -10.476            -99.157
720.696065         -10.433            -99.117
720.690471         -10.391            -99.077
720.684899         -10.348            -99.037
720.679348         -10.306            -98.997
720.673818         -10.263            -98.957
720.668308         -10.221            -98.917
720.662820         -10.178            -98.877
720.657354         -10.136            -98.838
720.651908         -10.093            -98.798
720.646483         -10.051            -98.758
720.641080         -10.008            -98.718
720.635698         -9.966             -98.678
720.630337         -9.923             -98.639
720.624998         -9.881             -98.599
720.619679         -9.838             -98.559
720.614382         -9.796             -98.519
720.609107         -9.753             -98.480
720.603853         -9.711             -98.440
720.598620         -9.668             -98.400
720.593409         -9.625             -98.360
720.588219         -9.583             -98.321
720.583051         -9.540             -98.281
720.577904         -9.498             -98.241
720.572778         -9.455             -98.202
720.567675         -9.413             -98.162
720.562592         -9.370             -98.122
720.557532         -9.327             -98.083
720.552493         -9.285             -98.043
720.547475         -9.242             -98.004
720.542480         -9.199             -97.964
720.537506         -9.157             -97.924
720.532553         -9.114             -97.885
720.527623         -9.072             -97.845
720.522714         -9.029             -97.806
720.517827         -8.986             -97.766
720.512962         -8.944             -97.727
720.508118         -8.901             -97.687
720.503296         -8.858             -97.648
720.498497         -8.816             -97.608
720.493719         -8.773             -97.569
720.488963         -8.730             -97.529
720.484229         -8.688             -97.490
720.479517         -8.645             -97.450
720.474827         -8.602             -97.411
720.470158         -8.559             -97.371
720.465512         -8.517             -97.332
720.460888         -8.474             -97.292
720.456286         -8.431             -97.253
720.451706         -8.389             -97.214
720.447148         -8.346             -97.174
720.442612         -8.303             -97.135
720.438099         -8.260             -97.095
720.433607         -8.218             -97.056
720.429138         -8.175             -97.017
720.424691         -8.132             -96.977
720.420266         -8.089             -96.938
720.415863         -8.047             -96.899
720.411483         -8.004             -96.859
720.407124         -7.961             -96.820
720.402789         -7.918             -96.781
720.398475         -7.876             -96.741
720.394184         -7.833             -96.702
720.389915         -7.790             -96.663
720.385668         -7.747             -96.624
720.381444         -7.704             -96.584
720.377242         -7.662             -96.545
720.373063         -7.619             -96.506
720.368906         -7.576             -96.467
720.364772         -7.533             -96.427
720.360660         -7.490             -96.388
720.356571         -7.448             -96.349
720.352504         -7.405             -96.310
720.348459         -7.362             -96.271
720.344438         -7.319             -96.231
720.340438         -7.276             -96.192
720.336462         -7.233             -96.153
720.332508         -7.191             -96.114
720.328576         -7.148             -96.075
720.324668         -7.105             -96.036
720.320782         -7.062             -95.996
720.316918         -7.019             -95.957
720.313077         -6.976             -95.918
720.309259         -6.933             -95.879
720.305464         -6.890             -95.840
720.301692         -6.848             -95.801
720.297942         -6.805             -95.762
720.294215         -6.762             -95.723
720.290511         -6.719             -95.684
720.286829         -6.676             -95.645
720.283171         -6.633             -95.606
720.279535         -6.590             -95.566
720.275922         -6.547             -95.527
720.272333         -6.504             -95.488
720.268766         -6.461             -95.449
720.265221         -6.419             -95.410
720.261700         -6.376             -95.371
720.258202         -6.333             -95.332
720.254727         -6.290             -95.293
720.251274         -6.247             -95.254
720.247845         -6.204             -95.215
720.244439         -6.161             -95.176
720.241056         -6.118             -95.137
720.237695         -6.075             -95.098
720.234358         -6.032             -95.059
720.231044         -5.989             -95.021
720.227753         -5.946             -94.982
720.224485         -5.903             -94.943
720.221240         -5.860             -94.904
720.218019         -5.817             -94.865
720.214820         -5.774             -94.826
720.211645         -5.731             -94.787
720.208493         -5.688             -94.748
720.205364         -5.645             -94.709
720.202258         -5.602             -94.670
720.199175         -5.559             -94.631
720.196116         -5.516             -94.592
720.193080         -5.473             -94.554
720.190067         -5.430             -94.515
720.187077         -5.387             -94.476
720.184111         -5.344             -94.437
720.181168         -5.301             -94.398
720.178248         -5.258             -94.359
720.175352         -5.215             -94.320
720.172479         -5.172             -94.282
720.169629         -5.129             -94.243
720.166802         -5.086             -94.204
720.163999         -5.043             -94.165
720.161220         -5.000             -94.126
720.158464         -4.957             -94.088
720.155731         -4.914             -94.049
720.153021         -4.871             -94.010
720.150335         -4.828             -93.971
720.147673         -4.785             -93.932
720.145034         -4.742             -93.894
720.142418         -4.699             -93.855
720.139826         -4.656             -93.816
720.137258         -4.613             -93.777
720.134713         -4.570             -93.739
720.132191         -4.527             -93.700
720.129693         -4.484             -93.661
720.127218         -4.441             -93.622
720.124768         -4.398             -93.584
720.122340         -4.355             -93.545
720.119936         -4.311             -93.506
720.117556         -4.268             -93.467
720.115199         -4.225             -93.429
720.112866         -4.182             -93.390
720.110557         -4.139             -93.351
720.108271         -4.096             -93.313
720.106009         -4.053             -93.274
720.103771         -4.010             -93.235
720.101556         -3.967             -93.197
720.099364         -3.924             -93.158
720.097197         -3.881             -93.119
720.095053         -3.837             -93.080
720.092933         -3.794             -93.042
720.090837         -3.751             -93.003
720.088764         -3.708             -92.964
720.086715         -3.665             -92.926
720.084690         -3.622             -92.887
720.082688         -3.579             -92.848
720.080710         -3.536             -92.810
720.078756         -3.493             -92.771
720.076826         -3.450             -92.733
720.074920         -3.406             -92.694
720.073037         -3.363             -92.655
720.071178         -3.320             -92.617
720.069343         -3.277             -92.578
720.067532         -3.234             -92.539
720.065744         -3.191             -92.501
720.063981         -3.148             -92.462
720.062241         -3.105             -92.424
720.060525         -3.061             -92.385
720.058833         -3.018             -92.346
720.057165         -2.975             -92.308
720.055520         -2.932             -92.269
720.053900         -2.889             -92.231
720.052303         -2.846             -92.192
720.050731         -2.803             -92.153
720.049182         -2.759             -92.115
720.047657         -2.716             -92.076
720.046156         -2.673             -92.038
720.044679         -2.630             -91.999
720.043226         -2.587             -91.961
720.041796         -2.544             -91.922
720.040391         -2.500             -91.883
720.039010         -2.457             -91.845
720.037652         -2.414             -91.806
720.036319         -2.371             -91.768
720.035009         -2.328             -91.729
720.033724         -2.285             -91.691
720.032462         -2.242             -91.652
720.031225         -2.198             -91.613
720.030011         -2.155             -91.575
720.028821         -2.112             -91.536
720.027656         -2.069             -91.498
720.026514         -2.026             -91.459
720.025397         -1.983             -91.421
720.024303         -1.939             -91.382
720.023233         -1.896             -91.344
720.022188         -1.853             -91.305
720.021166         -1.810             -91.267
720.020169         -1.767             -91.228
720.019195         -1.723             -91.190
720.018246         -1.680             -91.151
720.017320         -1.637             -91.113
720.016419         -1.594             -91.074
720.015542         -1.551             -91.036
720.014688         -1.508             -90.997
720.013859         -1.464             -90.959
720.013054         -1.421             -90.920
720.012273         -1.378             -90.882
720.011516         -1.335             -90.843
720.010783         -1.292             -90.804
720.010074         -1.248             -90.766
720.009389         -1.205             -90.727
720.008729         -1.162             -90.689
720.008092         -1.119             -90.650
720.007479         -1.076             -90.612
720.006891         -1.033             -90.573
720.006327         -0.989             -90.535
720.005786         -0.946             -90.496
720.005270         -0.903             -90.458
720.004778         -0.860             -90.419
720.004310         -0.817             -90.381
720.003866         -0.773             -90.343
720.003446         -0.730             -90.304
720.003051         -0.687             -90.266
720.002679         -0.644             -90.227
720.002332         -0.601             -90.189
720.002008         -0.557             -90.150
720.001709         -0.514             -90.112
720.001434         -0.471             -90.073
720.001183         -0.428             -90.035
720.000956         -0.385             -89.996
720.000754         -0.341             -89.958
720.000575         -0.298             -89.919
720.000421         -0.255             -89.881
720.000290         -0.212             -89.842
720.000184         -0.169             -89.804
720.000102         -0.125             -89.765
720.000044         -0.082             -89.727
720.000010         -0.039             -89.688
720.000000         0.004              -89.650
720.000014         0.047              -89.611
720.000053         0.091              -89.573
720.000116         0.134              -89.534
720.000202         0.177              -89.496
720.000313         0.220              -89.457
720.000448         0.263              -89.419
720.000607         0.306              -89.380
720.000790         0.350              -89.342
720.000998         0.393              -89.303
720.001229         0.436              -89.265
720.001485         0.479              -89.226
720.001765         0.522              -89.188
720.002068         0.566              -89.149
720.002396         0.609              -89.111
720.002748         0.652              -89.072
720.003124         0.695              -89.034
720.003525         0.738              -88.995
720.003949         0.782              -88.957
720.004398         0.825              -88.918
720.004870         0.868              -88.880
720.005367         0.911              -88.842
720.005888         0.954              -88.803
720.006432         0.998              -88.765
720.007001         1.041              -88.726
720.007594         1.084              -88.688
720.008212         1.127              -88.649
720.008853         1.170              -88.611
720.009518         1.214              -88.572
720.010207         1.257              -88.534
720.010921         1.300              -88.495
720.011658         1.343              -88.457
720.012420         1.386              -88.418
720.013206         1.429              -88.379
720.014016         1.473              -88.341
720.014849         1.516              -88.302
720.015707         1.559              -88.264
720.016589         1.602              -88.225
720.017495         1.645              -88.187
720.018425         1.689              -88.148
720.019379         1.732              -88.110
720.020357         1.775              -88.071
720.021359         1.818              -88.033
720.022385         1.861              -87.994
720.023436         1.904              -87.956
720.024510         1.948              -87.917
720.025608         1.991              -87.879
720.026730         2.034              -87.840
720.027876         2.077              -87.802
720.029047         2.120              -87.763
720.030241         2.163              -87.725
720.031459         2.207              -87.686
720.032701         2.250              -87.647
720.033967         2.293              -87.609
720.035257         2.336              -87.570
720.036572         2.379              -87.532
720.037910         2.422              -87.493
720.039272         2.466              -87.455
720.040657         2.509              -87.416
720.042067         2.552              -87.378
720.043501         2.595              -87.339
720.044959         2.638              -87.300
720.046441         2.681              -87.262
720.047946         2.724              -87.223
720.049476         2.768              -87.185
720.051029         2.811              -87.146
720.052606         2.854              -87.107
720.054207         2.897              -87.069
720.055832         2.940              -87.030
720.057481         2.983              -86.992
720.059154         3.026              -86.953
720.060851         3.070              -86.915
720.062571         3.113              -86.876
720.064316         3.156              -86.837
720.066084         3.199              -86.799
720.067876         3.242              -86.760
720.069692         3.285              -86.721
720.071531         3.328              -86.683
720.073395         3.371              -86.644
720.075282         3.415              -86.606
720.077193         3.458              -86.567
720.079128         3.501              -86.528
720.081086         3.544              -86.490
720.083068         3.587              -86.451
720.085074         3.630              -86.412
720.087104         3.673              -86.374
720.089158         3.716              -86.335
720.091235         3.760              -86.296
720.093336         3.803              -86.258
720.095461         3.846              -86.219
720.097609         3.889              -86.180
720.099781         3.932              -86.142
720.101977         3.975              -86.103
720.104196         4.018              -86.064
720.106439         4.061              -86.026
720.108706         4.104              -85.987
720.110996         4.147              -85.948
720.113310         4.190              -85.909
720.115647         4.234              -85.871
720.118009         4.277              -85.832
720.120393         4.320              -85.793
720.122802         4.363              -85.755
720.125234         4.406              -85.716
720.127689         4.449              -85.677
720.130168         4.492              -85.638
720.132671         4.535              -85.600
720.135197         4.578              -85.561
720.137746         4.621              -85.522
720.140319         4.664              -85.483
720.142916         4.707              -85.445
720.145536         4.750              -85.406
720.148179         4.793              -85.367
720.150846         4.836              -85.328
720.153537         4.879              -85.289
720.156251         4.922              -85.251
720.158988         4.965              -85.212
720.161749         5.008              -85.173
720.164533         5.052              -85.134
720.167340         5.095              -85.095
720.170171         5.138              -85.057
720.173025         5.181              -85.018
720.175903         5.224              -84.979
720.178804         5.267              -84.940
720.181728         5.310              -84.901
720.184675         5.353              -84.862
720.187646         5.396              -84.824
720.190640         5.439              -84.785
720.193657         5.482              -84.746
720.196698         5.525              -84.707
720.199762         5.568              -84.668
720.202849         5.611              -84.629
720.205959         5.654              -84.590
720.209092         5.697              -84.551
720.212249         5.740              -84.512
720.215429         5.783              -84.474
720.218632         5.826              -84.435
720.221858         5.868              -84.396
720.225107         5.911              -84.357
720.228380         5.954              -84.318
720.231675         5.997              -84.279
720.234993         6.040              -84.240
720.238335         6.083              -84.201
720.241700         6.126              -84.162
720.245087         6.169              -84.123
720.248498         6.212              -84.084
720.251932         6.255              -84.045
720.255388         6.298              -84.006
720.258868         6.341              -83.967
720.262371         6.384              -83.928
720.265896         6.427              -83.889
720.269445         6.470              -83.850
720.273016         6.513              -83.811
720.276610         6.556              -83.772
720.280227         6.598              -83.733
720.283867         6.641              -83.694
720.287530         6.684              -83.655
720.291216         6.727              -83.616
720.294925         6.770              -83.577
720.298656         6.813              -83.538
720.302410         6.856              -83.498
720.306187         6.899              -83.459
720.309986         6.942              -83.420
720.313809         6.984              -83.381
720.317654         7.027              -83.342
720.321522         7.070              -83.303
720.325412         7.113              -83.264
720.329325         7.156              -83.225
720.333261         7.199              -83.185
720.337219         7.242              -83.146
720.341200         7.284              -83.107
720.345204         7.327              -83.068
720.349230         7.370              -83.029
720.353278         7.413              -82.990
720.357349         7.456              -82.950
720.361443         7.499              -82.911
720.365559         7.541              -82.872
720.369698         7.584              -82.833
720.373859         7.627              -82.793
720.378043         7.670              -82.754
720.382249         7.713              -82.715
720.386477         7.755              -82.676
720.390728         7.798              -82.636
720.395001         7.841              -82.597
720.399297         7.884              -82.558
720.403614         7.927              -82.519
720.407955         7.969              -82.479
720.412317         8.012              -82.440
720.416702         8.055              -82.401
720.421109         8.098              -82.361
720.425538         8.140              -82.322
720.429989         8.183              -82.283
720.434463         8.226              -82.243
720.438959         8.269              -82.204
720.443476         8.311              -82.164
720.448016         8.354              -82.125
720.452579         8.397              -82.086
720.457163         8.439              -82.046
720.461769         8.482              -82.007
720.466397         8.525              -81.967
720.471048         8.568              -81.928
720.475720         8.610              -81.889
720.480414         8.653              -81.849
720.485131         8.696              -81.810
720.489869         8.738              -81.770
720.494629         8.781              -81.731
720.499411         8.824              -81.691
720.504215         8.866              -81.652
720.509041         8.909              -81.612
720.513889         8.952              -81.573
720.518758         8.994              -81.533
720.523649         9.037              -81.494
720.528562         9.080              -81.454
720.533497         9.122              -81.414
720.538453         9.165              -81.375
720.543432         9.208              -81.335
720.548431         9.250              -81.296
720.553453         9.293              -81.256
720.558496         9.335              -81.216
720.563561         9.378              -81.177
720.568647         9.421              -81.137
720.573755         9.463              -81.098
720.578885         9.506              -81.058
720.584036         9.548              -81.018
720.589208         9.591              -80.979
720.594402         9.634              -80.939
720.599617         9.676              -80.899
720.604854         9.719              -80.859
720.610112         9.761              -80.820
720.615392         9.804              -80.780
720.620693         9.846              -80.740
720.626015         9.889              -80.700
720.631359         9.931              -80.661
720.636724         9.974              -80.621
720.642110         10.016             -80.581
720.647517         10.059             -80.541
720.652946         10.101             -80.501
720.658395         10.144             -80.462
720.663866         10.186             -80.422
720.669358         10.229             -80.382
720.674872         10.271             -80.342
720.680406         10.314             -80.302
720.685961         10.356             -80.262
720.691538         10.399             -80.222
720.697135         10.441             -80.182
720.702753         10.484             -80.143
720.708393         10.526             -80.103
720.714053         10.569             -80.063
720.719734         10.611             -80.023
720.725436         10.654             -79.983
720.731159         10.696             -79.943
720.736903         10.738             -79.903
720.742667         10.781             -79.863
720.748453         10.823             -79.823
720.754259         10.866             -79.783
720.760086         10.908             -79.743
720.765933         10.950             -79.703
720.771801         10.993             -79.663
720.777690         11.035             -79.622
720.783600         11.077             -79.582
720.789530         11.120             -79.542
720.795481         11.162             -79.502
720.801452         11.205             -79.462
720.807444         11.247             -79.422
720.813456         11.289             -79.382
720.819488         11.332             -79.341
720.825542         11.374             -79.301
720.831615         11.416             -79.261
720.837709         11.458             -79.221
720.843823         11.501             -79.181
720.849958         11.543             -79.140
720.856113         11.585             -79.100
720.862288         11.628             -79.060
720.868483         11.670             -79.020
720.874699         11.712             -78.979
720.880935         11.754             -78.939
720.887191         11.797             -78.899
720.893467         11.839             -78.858
720.899763         11.881             -78.818
720.906080         11.923             -78.778
720.912416         11.966             -78.737
720.918772         12.008             -78.697
720.925149         12.050             -78.657
720.931545         12.092             -78.616
720.937961         12.134             -78.576
720.944398         12.177             -78.535
720.950854         12.219             -78.495
720.957330         12.261             -78.454
720.963825         12.303             -78.414
720.970341         12.345             -78.373
720.976876         12.387             -78.333
720.983431         12.429             -78.292
720.990006         12.472             -78.252
720.996600         12.514             -78.211
721.003214         12.556             -78.171
721.009848         12.598             -78.130
721.016501         12.640             -78.089
721.023174         12.682             -78.049
721.029866         12.724             -78.008
721.036578         12.766             -77.968
721.043309         12.808             -77.927
721.050060         12.850             -77.886
721.056830         12.892             -77.846
721.063619         12.935             -77.805
721.070428         12.977             -77.764
721.077256         13.019             -77.723
721.084103         13.061             -77.683
721.090970         13.103             -77.642
721.097856         13.145             -77.601
721.104761         13.187             -77.560
721.111685         13.229             -77.519
721.118628         13.271             -77.479
721.125591         13.313             -77.438
721.132572         13.355             -77.397
721.139573         13.396             -77.356
721.146592         13.438             -77.315
721.153631         13.480             -77.274
721.160688         13.522             -77.233
721.167765         13.564             -77.192
721.174860         13.606             -77.152
721.181974         13.648             -77.111
721.189107         13.690             -77.070
721.196258         13.732             -77.029
721.203429         13.774             -76.988
721.210618         13.816             -76.947
721.217825         13.857             -76.905
721.225052         13.899             -76.864
721.232297         13.941             -76.823
721.239560         13.983             -76.782
721.246842         14.025             -76.741
721.254143         14.067             -76.700
721.261462         14.109             -76.659
721.268800         14.150             -76.618
721.276156         14.192             -76.577
721.283530         14.234             -76.535
721.290923         14.276             -76.494
721.298334         14.317             -76.453
721.305763         14.359             -76.412
721.313211         14.401             -76.370
721.320677         14.443             -76.329
721.328161         14.484             -76.288
721.335663         14.526             -76.247
721.343183         14.568             -76.205
721.350722         14.610             -76.164
721.358278         14.651             -76.123
721.365853         14.693             -76.081
721.373445         14.735             -76.040
721.381055         14.776             -75.998
721.388684         14.818             -75.957
721.396330         14.860             -75.915
721.403994         14.901             -75.874
721.411676         14.943             -75.833
721.419375         14.985             -75.791
721.427093         15.026             -75.749
721.434828         15.068             -75.708
721.442580         15.109             -75.666
721.450351         15.151             -75.625
721.458139         15.193             -75.583
721.465944         15.234             -75.542
721.473767         15.276             -75.500
721.481608         15.317             -75.458
721.489466         15.359             -75.417
721.497341         15.400             -75.375
721.505234         15.442             -75.333
721.513144         15.483             -75.292
721.521072         15.525             -75.250
721.529017         15.566             -75.208
721.536979         15.608             -75.166
721.544958         15.649             -75.125
721.552954         15.691             -75.083
721.560968         15.732             -75.041
721.568999         15.774             -74.999
721.577047         15.815             -74.957
721.585111         15.857             -74.915
721.593193         15.898             -74.873
721.601292         15.939             -74.832
721.609408         15.981             -74.790
721.617540         16.022             -74.748
721.625690         16.064             -74.706
721.633856         16.105             -74.664
721.642039         16.146             -74.622
721.650239         16.188             -74.580
721.658455         16.229             -74.538
721.666688         16.270             -74.496
721.674938         16.312             -74.453
721.683204         16.353             -74.411
721.691487         16.394             -74.369
721.699787         16.435             -74.327
721.708103         16.477             -74.285
721.716435         16.518             -74.243
721.724784         16.559             -74.201
721.733149         16.600             -74.158
721.741531         16.642             -74.116
721.749928         16.683             -74.074
721.758342         16.724             -74.031
721.766773         16.765             -73.989
721.775219         16.807             -73.947
721.783682         16.848             -73.905
721.792160         16.889             -73.862
721.800655         16.930             -73.820
721.809166         16.971             -73.777
721.817693         17.012             -73.735
721.826236         17.053             -73.693
721.834794         17.095             -73.650
721.843369         17.136             -73.608
721.851959         17.177             -73.565
721.860565         17.218             -73.523
721.869187         17.259             -73.480
721.877825         17.300             -73.437
721.886478         17.341             -73.395
721.895147         17.382             -73.352
721.903832         17.423             -73.310
721.912532         17.464             -73.267
721.921248         17.505             -73.224
721.929979         17.546             -73.182
721.938726         17.587             -73.139
721.947488         17.628             -73.096
721.956265         17.669             -73.053
721.965058         17.710             -73.011
721.973866         17.751             -72.968
721.982689         17.792             -72.925
721.991528         17.833             -72.882
722.000381         17.874             -72.839
722.009250         17.914             -72.796
722.018134         17.955             -72.753
722.027033         17.996             -72.711
722.035947         18.037             -72.668
722.044876         18.078             -72.625
722.053820         18.119             -72.582
722.062778         18.160             -72.539
722.071752         18.200             -72.496
722.080741         18.241             -72.453
722.089744         18.282             -72.409
722.098762         18.323             -72.366
722.107794         18.363             -72.323
722.116842         18.404             -72.280
722.125904         18.445             -72.237
722.134980         18.486             -72.194
722.144071         18.526             -72.150
722.153177         18.567             -72.107
722.162296         18.608             -72.064
722.171431         18.648             -72.021
722.180580         18.689             -71.977
722.189743         18.730             -71.934
722.198920         18.770             -71.891
722.208111         18.811             -71.847
722.217317         18.852             -71.804
722.226537         18.892             -71.761
722.235771         18.933             -71.717
722.245019         18.973             -71.674
722.254281         19.014             -71.630
722.263558         19.055             -71.587
722.272848         19.095             -71.543
722.282152         19.136             -71.500
722.291470         19.176             -71.456
722.300801         19.217             -71.412
722.310147         19.257             -71.369
722.319506         19.298             -71.325
722.328879         19.338             -71.281
722.338266         19.379             -71.238
722.347666         19.419             -71.194
722.357080         19.459             -71.150
722.366507         19.500             -71.107
722.375948         19.540             -71.063
722.385402         19.581             -71.019
722.394870         19.621             -70.975
722.404351         19.661             -70.931
722.413845         19.702             -70.887
722.423353         19.742             -70.843
722.432874         19.782             -70.800
722.442408         19.823             -70.756
722.451955         19.863             -70.712
722.461515         19.903             -70.668
722.471089         19.943             -70.624
722.480675         19.984             -70.580
722.490275         20.024             -70.535
722.499887         20.064             -70.491
722.509512         20.104             -70.447
722.519150         20.145             -70.403
722.528801         20.185             -70.359
722.538465         20.225             -70.315
722.548141         20.265             -70.270
722.557830         20.305             -70.226
722.567532         20.345             -70.182
722.577246         20.386             -70.138
722.586973         20.426             -70.093
722.596712         20.466             -70.049
722.606464         20.506             -70.005
722.616228         20.546             -69.960
722.626005         20.586             -69.916
722.635793         20.626             -69.871
722.645595         20.666             -69.827
722.655408         20.706             -69.782
722.665234         20.746             -69.738
722.675071         20.786             -69.693
722.684921         20.826             -69.649
722.694783         20.866             -69.604
722.704657         20.906             -69.559
722.714543         20.946             -69.515
722.724441         20.986             -69.470
722.734351         21.026             -69.425
722.744272         21.066             -69.381
722.754205         21.105             -69.336
722.764151         21.145             -69.291
722.774107         21.185             -69.246
722.784076         21.225             -69.201
722.794056         21.265             -69.157
722.804048         21.305             -69.112
722.814051         21.344             -69.067
722.824066         21.384             -69.022
722.834092         21.424             -68.977
722.844129         21.464             -68.932
722.854178         21.503             -68.887
722.864238         21.543             -68.842
722.874310         21.583             -68.797
722.884392         21.622             -68.752
722.894486         21.662             -68.707
722.904591         21.702             -68.661
722.914707         21.741             -68.616
722.924834         21.781             -68.571
722.934972         21.821             -68.526
722.945121         21.860             -68.480
722.955281         21.900             -68.435
722.965452         21.939             -68.390
722.975633         21.979             -68.345
722.985825         22.018             -68.299
722.996028         22.058             -68.254
723.006242         22.097             -68.208
723.016466         22.137             -68.163
723.026701         22.176             -68.117
723.036947         22.216             -68.072
723.047202         22.255             -68.026
723.057469         22.295             -67.981
723.067745         22.334             -67.935
723.078033         22.373             -67.890
723.088330         22.413             -67.844
723.098637         22.452             -67.798
723.108955         22.492             -67.753
723.119283         22.531             -67.707
723.129621         22.570             -67.661
723.139970         22.610             -67.615
723.150328         22.649             -67.569
723.160696         22.688             -67.524
723.171074         22.727             -67.478
723.181462         22.767             -67.432
723.191860         22.806             -67.386
723.202267         22.845             -67.340
723.212685         22.884             -67.294
723.223112         22.923             -67.248
723.233548         22.963             -67.202
723.243995         23.002             -67.156
723.254451         23.041             -67.110
723.264916         23.080             -67.064
723.275391         23.119             -67.017
723.285875         23.158             -66.971
723.296369         23.197             -66.925
723.306871         23.236             -66.879
723.317384         23.275             -66.832
723.327905         23.314             -66.786
723.338436         23.353             -66.740
723.348975         23.392             -66.693
723.359524         23.431             -66.647
723.370082         23.470             -66.601
723.380649         23.509             -66.554
723.391225         23.548             -66.508
723.401809         23.587             -66.461
723.412403         23.626             -66.415
723.423005         23.665             -66.368
723.433616         23.703             -66.321
723.444236         23.742             -66.275
723.454865         23.781             -66.228
723.465502         23.820             -66.181
723.476147         23.859             -66.135
723.486802         23.897             -66.088
723.497464         23.936             -66.041
723.508135         23.975             -65.994
723.518815         24.014             -65.947
723.529502         24.052             -65.901
723.540198         24.091             -65.854
723.550903         24.130             -65.807
723.561615         24.168             -65.760
723.572336         24.207             -65.713
723.583064         24.245             -65.666
723.593801         24.284             -65.619
723.604546         24.323             -65.572
723.615298         24.361             -65.524
723.626059         24.400             -65.477
723.636827         24.438             -65.430
723.647603         24.477             -65.383
723.658387         24.515             -65.336
723.669179         24.554             -65.288
723.679978         24.592             -65.241
723.690785         24.631             -65.194
723.701599         24.669             -65.146
723.712421         24.707             -65.099
723.723251         24.746             -65.052
723.734087         24.784             -65.004
723.744931         24.822             -64.957
723.755783         24.861             -64.909
723.766642         24.899             -64.861
723.777508         24.937             -64.814
723.788381         24.976             -64.766
723.799261         25.014             -64.719
723.810148         25.052             -64.671
723.821042         25.090             -64.623
723.831944         25.129             -64.575
723.842852         25.167             -64.528
723.853767         25.205             -64.480
723.864689         25.243             -64.432
723.875618         25.281             -64.384
723.886553         25.319             -64.336
723.897495         25.357             -64.288
723.908444         25.395             -64.240
723.919399         25.433             -64.192
723.930361         25.471             -64.144
723.941329         25.509             -64.096
723.952304         25.547             -64.048
723.963285         25.585             -64.000
723.974272         25.623             -63.952
723.985266         25.661             -63.903
723.996266         25.699             -63.855
724.007272         25.737             -63.807
724.018284         25.775             -63.759
724.029303         25.813             -63.710
724.040327         25.851             -63.662
724.051358         25.888             -63.614
724.062394         25.926             -63.565
724.073436         25.964             -63.517
724.084484         26.002             -63.468
724.095538         26.040             -63.420
724.106598         26.077             -63.371
724.117663         26.115             -63.322
724.128734         26.153             -63.274
724.139811         26.190             -63.225
724.150893         26.228             -63.176
724.161980         26.266             -63.128
724.173073         26.303             -63.079
724.184172         26.341             -63.030
724.195275         26.378             -62.981
724.206385         26.416             -62.932
724.217499         26.453             -62.883
724.228618         26.491             -62.834
724.239743         26.528             -62.785
724.250873         26.566             -62.736
724.262007         26.603             -62.687
724.273147         26.641             -62.638
724.284292         26.678             -62.589
724.295442         26.716             -62.540
724.306596         26.753             -62.491
724.317755         26.790             -62.442
724.328919         26.828             -62.392
724.340088         26.865             -62.343
724.351261         26.902             -62.294
724.362439         26.939             -62.244
724.373622         26.977             -62.195
724.384809         27.014             -62.145
724.396000         27.051             -62.096
724.407196         27.088             -62.047
724.418396         27.125             -61.997
724.429601         27.163             -61.947
724.440810         27.200             -61.898
724.452023         27.237             -61.848
724.463240         27.274             -61.798
724.474461         27.311             -61.749
724.485686         27.348             -61.699
724.496915         27.385             -61.649
724.508149         27.422             -61.599
724.519386         27.459             -61.549
724.530627         27.496             -61.500
724.541871         27.533             -61.450
724.553120         27.570             -61.400
724.564372         27.607             -61.350
724.575628         27.643             -61.300
724.586887         27.680             -61.250
724.598150         27.717             -61.199
724.609416         27.754             -61.149
724.620686         27.791             -61.099
724.631959         27.827             -61.049
724.643236         27.864             -60.999
724.654516         27.901             -60.948
724.665799         27.938             -60.898
724.677085         27.974             -60.848
724.688375         28.011             -60.797
724.699667         28.048             -60.747
724.710963         28.084             -60.696
724.722261         28.121             -60.646
724.733563         28.157             -60.595
724.744867         28.194             -60.545
724.756175         28.230             -60.494
724.767485         28.267             -60.443
724.778797         28.303             -60.393
724.790113         28.340             -60.342
724.801431         28.376             -60.291
724.812752         28.413             -60.240
724.824075         28.449             -60.189
724.835400         28.485             -60.138
724.846728         28.522             -60.088
724.858059         28.558             -60.037
724.869392         28.594             -59.986
724.880727         28.631             -59.935
724.892064         28.667             -59.883
724.903404         28.703             -59.832
724.914745         28.739             -59.781
724.926089         28.775             -59.730
724.937435         28.812             -59.679
724.948782         28.848             -59.627
724.960132         28.884             -59.576
724.971484         28.920             -59.525
724.982837         28.956             -59.473
724.994192         28.992             -59.422
725.005549         29.028             -59.371
725.016907         29.064             -59.319
725.028267         29.100             -59.268
725.039629         29.136             -59.216
725.050992         29.172             -59.164
725.062357         29.208             -59.113
725.073723         29.244             -59.061
725.085090         29.280             -59.009
725.096459         29.315             -58.957
725.107829         29.351             -58.906
725.119200         29.387             -58.854
725.130573         29.423             -58.802
725.141946         29.459             -58.750
725.153321         29.494             -58.698
725.164696         29.530             -58.646
725.176073         29.566             -58.594
725.187450         29.601             -58.542
725.198829         29.637             -58.490
725.210208         29.672             -58.438
725.221588         29.708             -58.385
725.232968         29.744             -58.333
725.244349         29.779             -58.281
725.255731         29.815             -58.229
725.267114         29.850             -58.176
725.278496         29.885             -58.124
725.289880         29.921             -58.071
725.301263         29.956             -58.019
725.312648         29.992             -57.966
725.324032         30.027             -57.914
725.335416         30.062             -57.861
725.346801         30.098             -57.808
725.358186         30.133             -57.756
725.369571         30.168             -57.703
725.380956         30.203             -57.650
725.392341         30.239             -57.598
725.403726         30.274             -57.545
725.415111         30.309             -57.492
725.426496         30.344             -57.439
725.437881         30.379             -57.386
725.449265         30.414             -57.333
725.460649         30.449             -57.280
725.472033         30.484             -57.227
725.483416         30.519             -57.174
725.494798         30.554             -57.120
725.506181         30.589             -57.067
725.517562         30.624             -57.014
725.528943         30.659             -56.961
725.540324         30.694             -56.907
725.551703         30.729             -56.854
725.563082         30.764             -56.801
725.574460         30.798             -56.747
725.585837         30.833             -56.694
725.597214         30.868             -56.640
725.608589         30.903             -56.586
725.619963         30.937             -56.533
725.631336         30.972             -56.479
725.642708         31.007             -56.425
725.654079         31.041             -56.372
725.665449         31.076             -56.318
725.676817         31.110             -56.264
725.688184         31.145             -56.210
725.699550         31.179             -56.156
725.710914         31.214             -56.102
725.722277         31.248             -56.048
725.733638         31.283             -55.994
725.744997         31.317             -55.940
725.756355         31.352             -55.886
725.767712         31.386             -55.832
725.779066         31.420             -55.778
725.790419         31.455             -55.723
725.801770         31.489             -55.669
725.813119         31.523             -55.615
725.824466         31.557             -55.560
725.835811         31.591             -55.506
725.847154         31.626             -55.451
725.858495         31.660             -55.397
725.869834         31.694             -55.342
725.881171         31.728             -55.288
725.892505         31.762             -55.233
725.903837         31.796             -55.179
725.915167         31.830             -55.124
725.926494         31.864             -55.069
725.937819         31.898             -55.014
725.949142         31.932             -54.959
725.960461         31.966             -54.904
725.971779         32.000             -54.849
725.983093         32.033             -54.795
725.994405         32.067             -54.739
726.005714         32.101             -54.684
726.017021         32.135             -54.629
726.028324         32.169             -54.574
726.039625         32.202             -54.519
726.050923         32.236             -54.464
726.062217         32.270             -54.408
726.073509         32.303             -54.353
726.084797         32.337             -54.298
726.096083         32.370             -54.242
726.107365         32.404             -54.187
726.118644         32.437             -54.131
726.129920         32.471             -54.076
726.141192         32.504             -54.020
726.152461         32.538             -53.965
726.163726         32.571             -53.909
726.174988         32.604             -53.853
726.186246         32.638             -53.797
726.197501         32.671             -53.741
726.208752         32.704             -53.686
726.219999         32.737             -53.630
726.231243         32.771             -53.574
726.242483         32.804             -53.518
726.253719         32.837             -53.462
726.264951         32.870             -53.406
726.276179         32.903             -53.350
726.287403         32.936             -53.293
726.298623         32.969             -53.237
726.309839         33.002             -53.181
726.321051         33.035             -53.125
726.332258         33.068             -53.068
726.343461         33.101             -53.012
726.354660         33.134             -52.955
726.365855         33.167             -52.899
726.377045         33.200             -52.842
726.388231         33.233             -52.786
726.399412         33.265             -52.729
726.410589         33.298             -52.672
726.421761         33.331             -52.616
726.432928         33.363             -52.559
726.444091         33.396             -52.502
726.455249         33.429             -52.445
726.466402         33.461             -52.388
726.477551         33.494             -52.331
726.488694         33.526             -52.274
726.499832         33.559             -52.217
726.510966         33.591             -52.160
726.522094         33.624             -52.103
726.533218         33.656             -52.046
726.544336         33.689             -51.989
726.555449         33.721             -51.932
726.566556         33.753             -51.874
726.577659         33.786             -51.817
726.588756         33.818             -51.760
726.599847         33.850             -51.702
726.610933         33.882             -51.645
726.622014         33.914             -51.587
726.633089         33.946             -51.529
726.644159         33.979             -51.472
726.655222         34.011             -51.414
726.666281         34.043             -51.356
726.677333         34.075             -51.299
726.688379         34.107             -51.241
726.699420         34.139             -51.183
726.710455         34.171             -51.125
726.721484         34.202             -51.067
726.732507         34.234             -51.009
726.743524         34.266             -50.951
726.754535         34.298             -50.893
726.765539         34.330             -50.835
726.776538         34.361             -50.777
726.787530         34.393             -50.718
726.798516         34.425             -50.660
726.809495         34.456             -50.602
726.820468         34.488             -50.543
726.831435         34.519             -50.485
726.842395         34.551             -50.426
726.853349         34.582             -50.368
726.864296         34.614             -50.309
726.875237         34.645             -50.251
726.886171         34.677             -50.192
726.897098         34.708             -50.133
726.908018         34.739             -50.075
726.918932         34.771             -50.016
726.929838         34.802             -49.957
726.940738         34.833             -49.898
726.951631         34.864             -49.839
726.962516         34.896             -49.780
726.973395         34.927             -49.721
726.984266         34.958             -49.662
726.995131         34.989             -49.603
727.005988         35.020             -49.544
727.016838         35.051             -49.484
727.027680         35.082             -49.425
727.038516         35.113             -49.366
727.049343         35.144             -49.306
727.060164         35.175             -49.247
727.070976         35.205             -49.188
727.081782         35.236             -49.128
727.092579         35.267             -49.069
727.103369         35.298             -49.009
727.114152         35.328             -48.949
727.124926         35.359             -48.890
727.135693         35.390             -48.830
727.146452         35.420             -48.770
727.157203         35.451             -48.710
727.167946         35.481             -48.650
727.178681         35.512             -48.590
727.189408         35.542             -48.530
727.200127         35.573             -48.470
727.210838         35.603             -48.410
727.221541         35.634             -48.350
727.232235         35.664             -48.290
727.242921         35.694             -48.230
727.253599         35.724             -48.169
727.264269         35.755             -48.109
727.274930         35.785             -48.048
727.285582         35.815             -47.988
727.296226         35.845             -47.928
727.306862         35.875             -47.867
727.317489         35.905             -47.806
727.328107         35.935             -47.746
727.338717         35.965             -47.685
727.349318         35.995             -47.624
727.359910         36.025             -47.564
727.370493         36.055             -47.503
727.381067         36.085             -47.442
727.391632         36.115             -47.381
727.402189         36.144             -47.320
727.412736         36.174             -47.259
727.423274         36.204             -47.198
727.433804         36.234             -47.137
727.444324         36.263             -47.076
727.454834         36.293             -47.014
727.465336         36.322             -46.953
727.475828         36.352             -46.892
727.486311         36.381             -46.830
727.496784         36.411             -46.769
727.507248         36.440             -46.708
727.517703         36.469             -46.646
727.528147         36.499             -46.584
727.538583         36.528             -46.523
727.549008         36.557             -46.461
727.559424         36.587             -46.399
727.569831         36.616             -46.338
727.580227         36.645             -46.276
727.590614         36.674             -46.214
727.600991         36.703             -46.152
727.611357         36.732             -46.090
727.621714         36.761             -46.028
727.632061         36.790             -45.966
727.642398         36.819             -45.904
727.652725         36.848             -45.842
727.663041         36.877             -45.780
727.673348         36.906             -45.717
727.683644         36.934             -45.655
727.693930         36.963             -45.593
727.704205         36.992             -45.530
727.714470         37.021             -45.468
727.724725         37.049             -45.405
727.734969         37.078             -45.343
727.745203         37.106             -45.280
727.755426         37.135             -45.217
727.765639         37.163             -45.155
727.775841         37.192             -45.092
727.786032         37.220             -45.029
727.796213         37.249             -44.966
727.806382         37.277             -44.903
727.816541         37.305             -44.840
727.826689         37.333             -44.777
727.836826         37.362             -44.714
727.846952         37.390             -44.651
727.857067         37.418             -44.588
727.867171         37.446             -44.525
727.877264         37.474             -44.462
727.887346         37.502             -44.398
727.897417         37.530             -44.335
727.907476         37.558             -44.271
727.917524         37.586             -44.208
727.927561         37.614             -44.145
727.937586         37.642             -44.081
727.947600         37.670             -44.017
727.957602         37.697             -43.954
727.967593         37.725             -43.890
727.977573         37.753             -43.826
727.987541         37.780             -43.762
727.997497         37.808             -43.698
728.007441         37.835             -43.635
728.017374         37.863             -43.571
728.027295         37.890             -43.507
728.037204         37.918             -43.443
728.047101         37.945             -43.378
728.056987         37.973             -43.314
728.066860         38.000             -43.250
728.076722         38.027             -43.186
728.086571         38.054             -43.121
728.096409         38.082             -43.057
728.106234         38.109             -42.993
728.116047         38.136             -42.928
728.125848         38.163             -42.864
728.135636         38.190             -42.799
728.145412         38.217             -42.734
728.155176         38.244             -42.670
728.164928         38.271             -42.605
728.174667         38.298             -42.540
728.184394         38.325             -42.475
728.194108         38.351             -42.411
728.203809         38.378             -42.346
728.213498         38.405             -42.281
728.223175         38.432             -42.216
728.232838         38.458             -42.150
728.242489         38.485             -42.085
728.252127         38.511             -42.020
728.261752         38.538             -41.955
728.271365         38.564             -41.890
728.280964         38.591             -41.824
728.290551         38.617             -41.759
728.300125         38.643             -41.693
728.309685         38.670             -41.628
728.319233         38.696             -41.562
728.328767         38.722             -41.497
728.338288         38.748             -41.431
728.347796         38.775             -41.366
728.357291         38.801             -41.300
728.366772         38.827             -41.234
728.376240         38.853             -41.168
728.385695         38.879             -41.102
728.395137         38.905             -41.036
728.404564         38.930             -40.970
728.413979         38.956             -40.904
728.423380         38.982             -40.838
728.432767         39.008             -40.772
728.442141         39.034             -40.706
728.451501         39.059             -40.640
728.460847         39.085             -40.573
728.470179         39.110             -40.507
728.479498         39.136             -40.440
728.488803         39.162             -40.374
728.498094         39.187             -40.307
728.507371         39.212             -40.241
728.516634         39.238             -40.174
