Altitude Latitude Longitude
721.502062         15.425             163.111
721.509919         15.466             163.153
721.517793         15.508             163.195
721.525685         15.549             163.237
721.533594         15.590             163.279
721.541519         15.631             163.321
721.549462         15.673             163.363
721.557421         15.714             163.405
721.565397         15.755             163.447
721.573391         15.796             163.489
721.581401         15.838             163.531
721.589427         15.879             163.573
721.597471         15.920             163.615
721.605531         15.961             163.658
721.613608         16.002             163.700
721.621701         16.043             163.742
721.629811         16.084             163.784
721.637938         16.126             163.826
721.646081         16.167             163.869
721.654241         16.208             163.911
721.662417         16.249             163.953
721.670609         16.290             163.996
721.678818         16.331             164.038
721.687044         16.372             164.080
721.695285         16.413             164.123
721.703543         16.454             164.165
721.711817         16.495             164.207
721.720107         16.536             164.250
721.728413         16.577             164.292
721.736736         16.618             164.335
721.745074         16.659             164.377
721.753429         16.700             164.420
721.761800         16.741             164.462
721.770186         16.782             164.505
721.778589         16.823             164.547
721.787007         16.864             164.590
721.795441         16.905             164.633
721.803891         16.946             164.675
721.812357         16.987             164.718
721.820839         17.027             164.761
721.829336         17.068             164.803
721.837849         17.109             164.846
721.846377         17.150             164.889
721.854921         17.191             164.931
721.863481         17.232             164.974
721.872056         17.273             165.017
721.880647         17.313             165.060
721.889253         17.354             165.103
721.897874         17.395             165.146
721.906511         17.436             165.188
721.915163         17.476             165.231
721.923831         17.517             165.274
721.932513         17.558             165.317
721.941211         17.599             165.360
721.949924         17.639             165.403
721.958652         17.680             165.446
721.967396         17.721             165.489
721.976154         17.761             165.532
721.984927         17.802             165.575
721.993715         17.843             165.618
722.002519         17.883             165.661
722.011337         17.924             165.704
722.020170         17.965             165.748
722.029017         18.005             165.791
722.037880         18.046             165.834
722.046757         18.086             165.877
722.055649         18.127             165.920
722.064555         18.168             165.964
722.073476         18.208             166.007
722.082412         18.249             166.050
722.091362         18.289             166.094
722.100327         18.330             166.137
722.109306         18.370             166.180
722.118300         18.411             166.224
722.127307         18.451             166.267
722.136330         18.492             166.311
722.145366         18.532             166.354
722.154417         18.573             166.397
722.163482         18.613             166.441
722.172561         18.653             166.485
722.181654         18.694             166.528
722.190762         18.734             166.572
722.199883         18.775             166.615
722.209018         18.815             166.659
722.218168         18.855             166.702
722.227331         18.896             166.746
722.236508         18.936             166.790
722.245699         18.976             166.834
722.254904         19.017             166.877
722.264122         19.057             166.921
722.273355         19.097             166.965
722.282600         19.138             167.009
722.291860         19.178             167.052
722.301133         19.218             167.096
722.310420         19.258             167.140
722.319720         19.299             167.184
722.329033         19.339             167.228
722.338360         19.379             167.272
722.347701         19.419             167.316
722.357055         19.459             167.360
722.366422         19.499             167.404
722.375802         19.540             167.448
722.385195         19.580             167.492
722.394602         19.620             167.536
722.404022         19.660             167.580
722.413455         19.700             167.624
722.422901         19.740             167.668
722.432359         19.780             167.713
722.441831         19.820             167.757
722.451316         19.860             167.801
722.460814         19.900             167.845
722.470324         19.940             167.889
722.479847         19.980             167.934
722.489383         20.020             167.978
722.498932         20.060             168.022
722.508494         20.100             168.067
722.518067         20.140             168.111
722.527654         20.180             168.156
722.537253         20.220             168.200
722.546865         20.260             168.244
722.556489         20.300             168.289
722.566125         20.340             168.333
722.575774         20.379             168.378
722.585435         20.419             168.423
722.595108         20.459             168.467
722.604794         20.499             168.512
722.614492         20.539             168.556
722.624201         20.579             168.601
722.633923         20.618             168.646
722.643657         20.658             168.691
722.653403         20.698             168.735
722.663161         20.738             168.780
722.672931         20.777             168.825
722.682713         20.817             168.870
722.692507         20.857             168.914
722.702312         20.896             168.959
722.712129         20.936             169.004
722.721958         20.976             169.049
722.731799         21.015             169.094
722.741651         21.055             169.139
722.751515         21.095             169.184
722.761390         21.134             169.229
722.771277         21.174             169.274
722.781175         21.213             169.319
722.791084         21.253             169.364
722.801005         21.292             169.409
722.810937         21.332             169.455
722.820881         21.371             169.500
722.830835         21.411             169.545
722.840801         21.450             169.590
722.850778         21.490             169.636
722.860766         21.529             169.681
722.870765         21.569             169.726
722.880775         21.608             169.771
722.890796         21.648             169.817
722.900828         21.687             169.862
722.910871         21.726             169.908
722.920925         21.766             169.953
722.930989         21.805             169.999
722.941064         21.844             170.044
722.951150         21.884             170.090
722.961246         21.923             170.135
722.971353         21.962             170.181
722.981471         22.002             170.226
722.991599         22.041             170.272
723.001737         22.080             170.318
723.011886         22.119             170.363
723.022045         22.158             170.409
723.032214         22.198             170.455
723.042394         22.237             170.501
723.052584         22.276             170.546
723.062784         22.315             170.592
723.072995         22.354             170.638
723.083215         22.393             170.684
723.093445         22.432             170.730
723.103686         22.471             170.776
723.113936         22.511             170.822
723.124196         22.550             170.868
723.134466         22.589             170.914
723.144746         22.628             170.960
723.155036         22.667             171.006
723.165335         22.706             171.052
723.175644         22.745             171.098
723.185963         22.784             171.144
723.196291         22.823             171.191
723.206629         22.861             171.237
723.216976         22.900             171.283
723.227333         22.939             171.329
723.237699         22.978             171.376
723.248075         23.017             171.422
723.258459         23.056             171.468
723.268853         23.095             171.515
723.279257         23.133             171.561
723.289669         23.172             171.608
723.300090         23.211             171.654
723.310521         23.250             171.701
723.320960         23.288             171.747
723.331409         23.327             171.794
723.341866         23.366             171.840
723.352333         23.405             171.887
723.362808         23.443             171.934
723.373292         23.482             171.980
723.383785         23.521             172.027
723.394286         23.559             172.074
723.404796         23.598             172.121
723.415314         23.636             172.167
723.425842         23.675             172.214
723.436377         23.714             172.261
723.446921         23.752             172.308
723.457474         23.791             172.355
723.468035         23.829             172.402
723.478604         23.868             172.449
723.489181         23.906             172.496
723.499767         23.945             172.543
723.510361         23.983             172.590
723.520963         24.021             172.637
723.531573         24.060             172.684
723.542191         24.098             172.732
723.552817         24.137             172.779
723.563451         24.175             172.826
723.574093         24.213             172.873
723.584743         24.252             172.921
723.595400         24.290             172.968
723.606065         24.328             173.015
723.616738         24.366             173.063
723.627419         24.405             173.110
723.638107         24.443             173.157
723.648803         24.481             173.205
723.659506         24.519             173.252
723.670217         24.557             173.300
723.680935         24.596             173.348
723.691660         24.634             173.395
723.702393         24.672             173.443
723.713133         24.710             173.490
723.723880         24.748             173.538
723.734635         24.786             173.586
723.745396         24.824             173.634
723.756165         24.862             173.681
723.766941         24.900             173.729
723.777723         24.938             173.777
723.788513         24.976             173.825
723.799309         25.014             173.873
723.810112         25.052             173.921
723.820922         25.090             173.969
723.831739         25.128             174.017
723.842563         25.166             174.065
723.853393         25.204             174.113
723.864229         25.241             174.161
723.875072         25.279             174.209
723.885922         25.317             174.257
723.896778         25.355             174.306
723.907641         25.393             174.354
723.918510         25.430             174.402
723.929385         25.468             174.450
723.940266         25.506             174.499
723.951154         25.543             174.547
723.962048         25.581             174.596
723.972947         25.619             174.644
723.983853         25.656             174.692
723.994765         25.694             174.741
724.005683         25.732             174.790
724.016607         25.769             174.838
724.027536         25.807             174.887
724.038472         25.844             174.935
724.049413         25.882             174.984
724.060360         25.919             175.033
724.071312         25.957             175.081
724.082271         25.994             175.130
724.093234         26.032             175.179
724.104204         26.069             175.228
724.115178         26.107             175.277
724.126158         26.144             175.326
724.137144         26.181             175.375
724.148135         26.219             175.424
724.159131         26.256             175.473
724.170132         26.293             175.522
724.181138         26.331             175.571
724.192150         26.368             175.620
724.203167         26.405             175.669
724.214188         26.442             175.718
724.225215         26.479             175.767
724.236246         26.517             175.817
724.247283         26.554             175.866
724.258324         26.591             175.915
724.269370         26.628             175.964
724.280421         26.665             176.014
724.291476         26.702             176.063
724.302536         26.739             176.113
724.313601         26.776             176.162
724.324670         26.813             176.212
724.335744         26.850             176.261
724.346822         26.887             176.311
724.357904         26.924             176.360
724.368991         26.961             176.410
724.380082         26.998             176.460
724.391177         27.035             176.510
724.402277         27.072             176.559
724.413380         27.109             176.609
724.424488         27.146             176.659
724.435600         27.182             176.709
724.446715         27.219             176.759
724.457835         27.256             176.809
724.468958         27.293             176.859
724.480086         27.329             176.909
724.491217         27.366             176.959
724.502352         27.403             177.009
724.513490         27.440             177.059
724.524632         27.476             177.109
724.535778         27.513             177.159
724.546927         27.549             177.209
724.558080         27.586             177.260
724.569236         27.623             177.310
724.580396         27.659             177.360
724.591559         27.696             177.411
724.602725         27.732             177.461
724.613894         27.769             177.512
724.625067         27.805             177.562
724.636242         27.841             177.613
724.647421         27.878             177.663
724.658603         27.914             177.714
724.669788         27.951             177.764
724.680976         27.987             177.815
724.692166         28.023             177.866
724.703360         28.060             177.916
724.714556         28.096             177.967
724.725755         28.132             178.018
724.736957         28.168             178.069
724.748161         28.205             178.120
724.759368         28.241             178.171
724.770577         28.277             178.222
724.781789         28.313             178.273
724.793003         28.349             178.324
724.804220         28.385             178.375
724.815439         28.421             178.426
724.826660         28.457             178.477
724.837884         28.493             178.528
724.849110         28.529             178.579
724.860338         28.565             178.631
724.871567         28.601             178.682
724.882799         28.637             178.733
724.894033         28.673             178.785
724.905269         28.709             178.836
724.916507         28.745             178.887
724.927747         28.781             178.939
724.938988         28.817             178.990
724.950231         28.852             179.042
724.961476         28.888             179.094
724.972722         28.924             179.145
724.983970         28.960             179.197
724.995220         28.995             179.249
725.006471         29.031             179.300
725.017723         29.067             179.352
725.028977         29.102             179.404
725.040232         29.138             179.456
725.051488         29.174             179.508
725.062746         29.209             179.560
725.074005         29.245             179.612
725.085265         29.280             179.664
725.096526         29.316             179.716
725.107788         29.351             179.768
725.119051         29.387             179.820
725.130314         29.422             179.872
725.141579         29.457             179.924
725.152845         29.493             179.977
725.164111         29.528             -179.971
725.175378         29.563             -179.919
725.186646         29.599             -179.866
725.197914         29.634             -179.814
725.209183         29.669             -179.762
725.220453         29.704             -179.709
725.231723         29.740             -179.657
725.242993         29.775             -179.604
725.254264         29.810             -179.551
725.265535         29.845             -179.499
725.276806         29.880             -179.446
725.288078         29.915             -179.393
725.299350         29.950             -179.341
725.310621         29.985             -179.288
725.321893         30.020             -179.235
725.333165         30.055             -179.182
725.344437         30.090             -179.129
725.355709         30.125             -179.076
725.366981         30.160             -179.023
725.378252         30.195             -178.970
725.389523         30.230             -178.917
725.400794         30.265             -178.864
725.412065         30.300             -178.811
725.423335         30.334             -178.758
725.434605         30.369             -178.704
725.445874         30.404             -178.651
725.457143         30.439             -178.598
725.468411         30.473             -178.544
725.479679         30.508             -178.491
725.490946         30.542             -178.437
725.502212         30.577             -178.384
725.513477         30.612             -178.330
725.524741         30.646             -178.277
725.536005         30.681             -178.223
725.547268         30.715             -178.170
725.558529         30.750             -178.116
725.569790         30.784             -178.062
725.581050         30.819             -178.008
725.592308         30.853             -177.955
725.603565         30.887             -177.901
725.614821         30.922             -177.847
725.626076         30.956             -177.793
725.637329         30.990             -177.739
725.648581         31.025             -177.685
725.659832         31.059             -177.631
725.671080         31.093             -177.577
725.682328         31.127             -177.523
725.693574         31.161             -177.468
725.704818         31.195             -177.414
725.716061         31.230             -177.360
725.727301         31.264             -177.306
725.738540         31.298             -177.251
725.749777         31.332             -177.197
725.761013         31.366             -177.142
725.772246         31.400             -177.088
725.783477         31.434             -177.033
725.794706         31.468             -176.979
725.805934         31.501             -176.924
725.817159         31.535             -176.869
725.828381         31.569             -176.815
725.839602         31.603             -176.760
725.850820         31.637             -176.705
725.862036         31.670             -176.650
725.873250         31.704             -176.596
725.884461         31.738             -176.541
725.895669         31.772             -176.486
725.906875         31.805             -176.431
725.918079         31.839             -176.376
725.929280         31.872             -176.321
725.940478         31.906             -176.266
725.951673         31.939             -176.210
725.962865         31.973             -176.155
725.974055         32.006             -176.100
725.985242         32.040             -176.045
725.996426         32.073             -175.989
726.007607         32.107             -175.934
726.018784         32.140             -175.878
726.029959         32.173             -175.823
726.041131         32.207             -175.767
726.052299         32.240             -175.712
726.063464         32.273             -175.656
726.074626         32.306             -175.601
726.085784         32.340             -175.545
726.096940         32.373             -175.489
726.108091         32.406             -175.434
726.119239         32.439             -175.378
726.130384         32.472             -175.322
726.141525         32.505             -175.266
726.152662         32.538             -175.210
726.163796         32.571             -175.154
726.174926         32.604             -175.098
726.186052         32.637             -175.042
726.197174         32.670             -174.986
726.208293         32.703             -174.930
726.219407         32.736             -174.873
726.230517         32.769             -174.817
726.241624         32.801             -174.761
726.252726         32.834             -174.705
726.263824         32.867             -174.648
726.274918         32.900             -174.592
726.286008         32.932             -174.535
726.297093         32.965             -174.479
726.308174         32.997             -174.422
726.319251         33.030             -174.366
726.330323         33.063             -174.309
726.341391         33.095             -174.252
726.352454         33.128             -174.195
726.363513         33.160             -174.139
726.374567         33.192             -174.082
726.385616         33.225             -174.025
726.396661         33.257             -173.968
726.407701         33.290             -173.911
726.418736         33.322             -173.854
726.429766         33.354             -173.797
726.440791         33.386             -173.740
726.451811         33.419             -173.683
726.462826         33.451             -173.626
726.473836         33.483             -173.568
726.484841         33.515             -173.511
726.495841         33.547             -173.454
726.506836         33.579             -173.396
726.517825         33.611             -173.339
726.528809         33.643             -173.281
726.539787         33.675             -173.224
726.550761         33.707             -173.166
726.561728         33.739             -173.109
726.572690         33.771             -173.051
726.583647         33.803             -172.993
726.594598         33.835             -172.936
726.605543         33.867             -172.878
726.616483         33.898             -172.820
726.627417         33.930             -172.762
726.638344         33.962             -172.704
726.649267         33.993             -172.646
726.660183         34.025             -172.588
726.671093         34.057             -172.530
726.681997         34.088             -172.472
726.692895         34.120             -172.414
726.703788         34.151             -172.356
726.714673         34.183             -172.298
726.725553         34.214             -172.239
726.736427         34.246             -172.181
726.747294         34.277             -172.123
726.758155         34.308             -172.064
726.769009         34.340             -172.006
726.779857         34.371             -171.947
726.790698         34.402             -171.889
726.801533         34.433             -171.830
726.812362         34.465             -171.771
726.823183         34.496             -171.713
726.833998         34.527             -171.654
726.844807         34.558             -171.595
726.855608         34.589             -171.536
726.866403         34.620             -171.477
726.877191         34.651             -171.418
726.887972         34.682             -171.359
726.898745         34.713             -171.300
726.909512         34.744             -171.241
726.920272         34.775             -171.182
726.931025         34.805             -171.123
726.941770         34.836             -171.064
726.952508         34.867             -171.004
726.963239         34.898             -170.945
726.973963         34.928             -170.886
726.984679         34.959             -170.826
726.995388         34.990             -170.767
727.006090         35.020             -170.707
727.016784         35.051             -170.648
727.027470         35.081             -170.588
727.038149         35.112             -170.529
727.048820         35.142             -170.469
727.059484         35.173             -170.409
727.070139         35.203             -170.349
727.080787         35.233             -170.290
727.091427         35.264             -170.230
727.102059         35.294             -170.170
727.112684         35.324             -170.110
727.123300         35.355             -170.050
727.133908         35.385             -169.990
727.144508         35.415             -169.929
727.155101         35.445             -169.869
727.165684         35.475             -169.809
727.176260         35.505             -169.749
727.186828         35.535             -169.689
727.197387         35.565             -169.628
727.207937         35.595             -169.568
727.218480         35.625             -169.507
727.229014         35.655             -169.447
727.239539         35.685             -169.386
727.250056         35.714             -169.326
727.260564         35.744             -169.265
727.271064         35.774             -169.204
727.281555         35.804             -169.144
727.292037         35.833             -169.083
727.302510         35.863             -169.022
727.312975         35.893             -168.961
727.323431         35.922             -168.900
727.333878         35.952             -168.839
727.344315         35.981             -168.778
727.354744         36.011             -168.717
727.365164         36.040             -168.656
727.375575         36.069             -168.595
727.385976         36.099             -168.533
727.396368         36.128             -168.472
727.406752         36.157             -168.411
727.417125         36.187             -168.349
727.427490         36.216             -168.288
727.437845         36.245             -168.227
727.448190         36.274             -168.165
727.458527         36.303             -168.103
727.468853         36.332             -168.042
727.479170         36.361             -167.980
727.489478         36.390             -167.918
727.499775         36.419             -167.857
727.510064         36.448             -167.795
727.520342         36.477             -167.733
727.530610         36.506             -167.671
727.540869         36.535             -167.609
727.551118         36.563             -167.547
727.561357         36.592             -167.485
727.571586         36.621             -167.423
727.581805         36.649             -167.361
727.592013         36.678             -167.299
727.602212         36.707             -167.236
727.612400         36.735             -167.174
727.622579         36.764             -167.112
727.632747         36.792             -167.049
727.642905         36.821             -166.987
727.653052         36.849             -166.924
727.663189         36.877             -166.862
727.673316         36.906             -166.799
727.683432         36.934             -166.737
727.693537         36.962             -166.674
727.703632         36.990             -166.611
727.713717         37.018             -166.548
727.723790         37.047             -166.485
727.733853         37.075             -166.423
727.743906         37.103             -166.360
727.753947         37.131             -166.297
727.763978         37.159             -166.234
727.773998         37.187             -166.170
727.784006         37.215             -166.107
727.794004         37.242             -166.044
727.803991         37.270             -165.981
727.813967         37.298             -165.918
727.823932         37.326             -165.854
727.833885         37.353             -165.791
727.843827         37.381             -165.727
727.853759         37.409             -165.664
727.863678         37.436             -165.600
727.873587         37.464             -165.537
727.883484         37.491             -165.473
727.893370         37.519             -165.410
727.903244         37.546             -165.346
727.913107         37.574             -165.282
727.922958         37.601             -165.218
727.932797         37.628             -165.154
727.942625         37.656             -165.090
727.952442         37.683             -165.026
727.962246         37.710             -164.962
727.972039         37.737             -164.898
727.981820         37.764             -164.834
727.991589         37.792             -164.770
728.001346         37.819             -164.706
728.011091         37.846             -164.641
728.020825         37.873             -164.577
728.030546         37.899             -164.513
728.040255         37.926             -164.448
728.049952         37.953             -164.384
728.059637         37.980             -164.319
728.069310         38.007             -164.255
728.078970         38.033             -164.190
728.088619         38.060             -164.125
728.098254         38.087             -164.061
728.107878         38.113             -163.996
728.117489         38.140             -163.931
728.127088         38.166             -163.866
728.136674         38.193             -163.801
728.146247         38.219             -163.736
728.155808         38.246             -163.671
728.165357         38.272             -163.606
728.174892         38.298             -163.541
728.184415         38.325             -163.476
728.193926         38.351             -163.411
728.203423         38.377             -163.345
728.212908         38.403             -163.280
728.222379         38.429             -163.215
728.231838         38.455             -163.149
728.241284         38.481             -163.084
728.250717         38.507             -163.018
728.260136         38.533             -162.953
728.269543         38.559             -162.887
728.278936         38.585             -162.821
728.288317         38.611             -162.756
728.297684         38.637             -162.690
728.307038         38.662             -162.624
728.316378         38.688             -162.558
728.325705         38.714             -162.492
728.335019         38.739             -162.426
728.344320         38.765             -162.360
728.353606         38.791             -162.294
728.362880         38.816             -162.228
728.372140         38.841             -162.162
728.381386         38.867             -162.095
728.390619         38.892             -162.029
728.399838         38.918             -161.963
728.409043         38.943             -161.897
728.418234         38.968             -161.830
728.427412         38.993             -161.764
728.436576         39.018             -161.697
728.445726         39.043             -161.630
728.454862         39.068             -161.564
728.463984         39.093             -161.497
728.473092         39.118             -161.430
728.482186         39.143             -161.364
728.491266         39.168             -161.297
728.500332         39.193             -161.230
728.509383         39.218             -161.163
728.518421         39.243             -161.096
728.527444         39.267             -161.029
728.536453         39.292             -160.962
728.545447         39.317             -160.895
728.554428         39.341             -160.828
728.563394         39.366             -160.760
728.572345         39.390             -160.693
728.581282         39.415             -160.626
728.590204         39.439             -160.558
728.599112         39.463             -160.491
728.608005         39.488             -160.424
728.616884         39.512             -160.356
728.625748         39.536             -160.288
728.634597         39.560             -160.221
728.643431         39.585             -160.153
728.652251         39.609             -160.085
728.661056         39.633             -160.018
728.669845         39.657             -159.950
728.678620         39.681             -159.882
728.687380         39.705             -159.814
728.696125         39.728             -159.746
728.704855         39.752             -159.678
728.713570         39.776             -159.610
728.722270         39.800             -159.542
728.730955         39.823             -159.474
728.739624         39.847             -159.405
728.748278         39.871             -159.337
728.756917         39.894             -159.269
728.765541         39.918             -159.201
728.774149         39.941             -159.132
728.782742         39.965             -159.064
728.791320         39.988             -158.995
728.799882         40.011             -158.927
728.808428         40.035             -158.858
728.816959         40.058             -158.789
728.825475         40.081             -158.721
728.833974         40.104             -158.652
728.842459         40.127             -158.583
728.850927         40.150             -158.514
728.859380         40.173             -158.445
728.867817         40.196             -158.376
728.876238         40.219             -158.307
728.884643         40.242             -158.238
728.893033         40.265             -158.169
728.901406         40.288             -158.100
728.909764         40.310             -158.031
728.918106         40.333             -157.961
728.926431         40.356             -157.892
728.934741         40.378             -157.823
728.943034         40.401             -157.753
728.951312         40.423             -157.684
728.959573         40.446             -157.614
728.967818         40.468             -157.545
728.976046         40.491             -157.475
728.984259         40.513             -157.406
728.992455         40.535             -157.336
729.000635         40.557             -157.266
729.008798         40.579             -157.196
729.016945         40.602             -157.127
729.025075         40.624             -157.057
729.033189         40.646             -156.987
729.041287         40.668             -156.917
729.049368         40.690             -156.847
729.057432         40.711             -156.777
729.065479         40.733             -156.706
729.073510         40.755             -156.636
729.081525         40.777             -156.566
729.089522         40.798             -156.496
729.097503         40.820             -156.425
729.105466         40.842             -156.355
729.113413         40.863             -156.285
729.121344         40.885             -156.214
729.129257         40.906             -156.144
729.137153         40.928             -156.073
729.145032         40.949             -156.002
729.152894         40.970             -155.932
729.160739         40.991             -155.861
729.168567         41.013             -155.790
729.176378         41.034             -155.720
729.184172         41.055             -155.649
729.191948         41.076             -155.578
729.199708         41.097             -155.507
729.207450         41.118             -155.436
729.215174         41.139             -155.365
729.222882         41.160             -155.294
729.230572         41.181             -155.223
729.238244         41.201             -155.151
729.245899         41.222             -155.080
729.253537         41.243             -155.009
729.261157         41.263             -154.938
729.268759         41.284             -154.866
729.276344         41.304             -154.795
729.283911         41.325             -154.723
729.291461         41.345             -154.652
729.298993         41.366             -154.580
729.306507         41.386             -154.509
729.314004         41.406             -154.437
729.321483         41.426             -154.365
729.328944         41.447             -154.293
729.336387         41.467             -154.222
729.343812         41.487             -154.150
729.351219         41.507             -154.078
729.358608         41.527             -154.006
729.365980         41.547             -153.934
729.373333         41.567             -153.862
729.380668         41.586             -153.790
729.387985         41.606             -153.718
729.395284         41.626             -153.645
729.402565         41.645             -153.573
729.409828         41.665             -153.501
729.417073         41.685             -153.429
729.424299         41.704             -153.356
729.431507         41.724             -153.284
729.438697         41.743             -153.211
729.445868         41.762             -153.139
729.453021         41.782             -153.066
729.460155         41.801             -152.994
729.467272         41.820             -152.921
729.474369         41.839             -152.849
729.481448         41.858             -152.776
729.488509         41.877             -152.703
729.495551         41.896             -152.630
729.502575         41.915             -152.557
729.509580         41.934             -152.484
729.516566         41.953             -152.411
729.523533         41.972             -152.338
729.530482         41.991             -152.265
729.537412         42.009             -152.192
729.544323         42.028             -152.119
729.551216         42.047             -152.046
729.558090         42.065             -151.973
729.564944         42.084             -151.900
729.571780         42.102             -151.826
729.578597         42.120             -151.753
729.585395         42.139             -151.679
729.592174         42.157             -151.606
729.598934         42.175             -151.532
729.605675         42.193             -151.459
729.612397         42.211             -151.385
729.619099         42.229             -151.312
729.625783         42.247             -151.238
729.632447         42.265             -151.164
729.639093         42.283             -151.091
729.645719         42.301             -151.017
729.652325         42.319             -150.943
729.658913         42.337             -150.869
729.665481         42.354             -150.795
729.672030         42.372             -150.721
729.678559         42.390             -150.647
729.685069         42.407             -150.573
729.691559         42.425             -150.499
729.698030         42.442             -150.425
729.704482         42.459             -150.351
729.710914         42.477             -150.276
729.717327         42.494             -150.202
729.723719         42.511             -150.128
729.730093         42.528             -150.053
729.736446         42.545             -149.979
729.742780         42.562             -149.905
729.749095         42.579             -149.830
729.755389         42.596             -149.755
729.761664         42.613             -149.681
729.767919         42.630             -149.606
729.774155         42.647             -149.532
729.780370         42.664             -149.457
729.786566         42.680             -149.382
729.792741         42.697             -149.307
729.798897         42.713             -149.233
729.805033         42.730             -149.158
729.811149         42.746             -149.083
729.817245         42.763             -149.008
729.823321         42.779             -148.933
729.829376         42.795             -148.858
729.835412         42.812             -148.783
729.841428         42.828             -148.708
729.847423         42.844             -148.632
729.853398         42.860             -148.557
729.859354         42.876             -148.482
729.865289         42.892             -148.407
729.871203         42.908             -148.331
729.877098         42.924             -148.256
729.882972         42.939             -148.181
729.888826         42.955             -148.105
729.894659         42.971             -148.030
729.900472         42.986             -147.954
729.906265         43.002             -147.878
729.912037         43.018             -147.803
729.917789         43.033             -147.727
729.923521         43.048             -147.651
729.929232         43.064             -147.576
729.934922         43.079             -147.500
729.940592         43.094             -147.424
729.946241         43.109             -147.348
729.951870         43.125             -147.272
729.957478         43.140             -147.197
729.963065         43.155             -147.121
729.968632         43.170             -147.045
729.974178         43.185             -146.968
729.979703         43.199             -146.892
729.985208         43.214             -146.816
729.990692         43.229             -146.740
729.996155         43.244             -146.664
730.001597         43.258             -146.588
730.007018         43.273             -146.511
730.012419         43.287             -146.435
730.017798         43.302             -146.359
730.023157         43.316             -146.282
730.028495         43.330             -146.206
730.033811         43.345             -146.129
730.039107         43.359             -146.053
730.044382         43.373             -145.976
730.049636         43.387             -145.900
730.054868         43.401             -145.823
730.060080         43.415             -145.747
730.065271         43.429             -145.670
730.070440         43.443             -145.593
730.075588         43.457             -145.516
730.080715         43.471             -145.440
730.085821         43.484             -145.363
730.090906         43.498             -145.286
730.095969         43.512             -145.209
730.101011         43.525             -145.132
730.106032         43.539             -145.055
730.111032         43.552             -144.978
730.116010         43.565             -144.901
730.120967         43.579             -144.824
730.125902         43.592             -144.747
730.130816         43.605             -144.669
730.135709         43.618             -144.592
730.140580         43.631             -144.515
730.145430         43.644             -144.438
730.150259         43.657             -144.360
730.155065         43.670             -144.283
730.159851         43.683             -144.206
730.164614         43.696             -144.128
730.169357         43.708             -144.051
730.174077         43.721             -143.973
730.178776         43.734             -143.896
730.183454         43.746             -143.818
730.188109         43.759             -143.741
730.192743         43.771             -143.663
730.197356         43.784             -143.586
730.201946         43.796             -143.508
730.206515         43.808             -143.430
730.211062         43.820             -143.352
730.215588         43.832             -143.275
730.220091         43.845             -143.197
730.224573         43.857             -143.119
730.229033         43.869             -143.041
730.233471         43.880             -142.963
730.237887         43.892             -142.885
730.242281         43.904             -142.807
730.246654         43.916             -142.729
730.251004         43.927             -142.651
730.255333         43.939             -142.573
730.259639         43.951             -142.495
730.263924         43.962             -142.417
730.268186         43.974             -142.339
730.272427         43.985             -142.260
730.276645         43.996             -142.182
730.280842         44.007             -142.104
730.285016         44.019             -142.026
730.289168         44.030             -141.947
730.293298         44.041             -141.869
730.297406         44.052             -141.791
730.301492         44.063             -141.712
730.305556         44.074             -141.634
730.309597         44.085             -141.555
730.313616         44.095             -141.477
730.317613         44.106             -141.398
730.321588         44.117             -141.320
730.325541         44.127             -141.241
730.329471         44.138             -141.162
730.333379         44.148             -141.084
730.337264         44.159             -141.005
730.341128         44.169             -140.926
730.344969         44.179             -140.848
730.348787         44.190             -140.769
730.352583         44.200             -140.690
730.356357         44.210             -140.611
730.360108         44.220             -140.532
730.363837         44.230             -140.453
730.367544         44.240             -140.375
730.371228         44.250             -140.296
730.374889         44.260             -140.217
730.378528         44.269             -140.138
730.382145         44.279             -140.059
730.385738         44.289             -139.980
730.389310         44.298             -139.900
730.392859         44.308             -139.821
730.396385         44.317             -139.742
730.399889         44.327             -139.663
730.403370         44.336             -139.584
730.406828         44.345             -139.505
730.410264         44.354             -139.425
730.413677         44.364             -139.346
730.417067         44.373             -139.267
730.420435         44.382             -139.188
730.423780         44.391             -139.108
730.427102         44.400             -139.029
730.430402         44.408             -138.950
730.433679         44.417             -138.870
730.436933         44.426             -138.791
730.440164         44.435             -138.711
730.443373         44.443             -138.632
730.446558         44.452             -138.552
730.449721         44.460             -138.473
730.452861         44.469             -138.393
730.455978         44.477             -138.313
730.459073         44.485             -138.234
730.462144         44.494             -138.154
730.465193         44.502             -138.075
730.468218         44.510             -137.995
730.471221         44.518             -137.915
730.474201         44.526             -137.835
730.477158         44.534             -137.756
730.480092         44.542             -137.676
730.483003         44.549             -137.596
730.485891         44.557             -137.516
730.488756         44.565             -137.436
730.491598         44.572             -137.357
730.494417         44.580             -137.277
730.497213         44.588             -137.197
730.499985         44.595             -137.117
730.502735         44.602             -137.037
730.505462         44.610             -136.957
730.508166         44.617             -136.877
730.510846         44.624             -136.797
730.513504         44.631             -136.717
730.516138         44.638             -136.637
730.518749         44.645             -136.557
730.521337         44.652             -136.477
730.523902         44.659             -136.397
730.526444         44.666             -136.317
730.528963         44.673             -136.236
730.531458         44.679             -136.156
730.533930         44.686             -136.076
730.536379         44.692             -135.996
730.538805         44.699             -135.916
730.541208         44.705             -135.835
730.543587         44.712             -135.755
730.545943         44.718             -135.675
730.548276         44.724             -135.594
730.550585         44.731             -135.514
730.552872         44.737             -135.434
730.555135         44.743             -135.353
730.557374         44.749             -135.273
730.559591         44.755             -135.193
730.561784         44.761             -135.112
730.563953         44.766             -135.032
730.566100         44.772             -134.951
730.568223         44.778             -134.871
730.570322         44.783             -134.790
730.572399         44.789             -134.710
730.574451         44.794             -134.629
730.576481         44.800             -134.549
730.578487         44.805             -134.468
730.580470         44.811             -134.388
730.582429         44.816             -134.307
730.584365         44.821             -134.227
730.586277         44.826             -134.146
730.588166         44.831             -134.065
730.590032         44.836             -133.985
730.591874         44.841             -133.904
730.593693         44.846             -133.824
730.595488         44.851             -133.743
730.597259         44.856             -133.662
730.599008         44.860             -133.581
730.600732         44.865             -133.501
730.602434         44.869             -133.420
730.604111         44.874             -133.339
730.605765         44.878             -133.259
730.607396         44.883             -133.178
730.609003         44.887             -133.097
730.610587         44.891             -133.016
730.612147         44.895             -132.935
730.613683         44.900             -132.855
730.615196         44.904             -132.774
730.616685         44.908             -132.693
730.618151         44.912             -132.612
730.619593         44.915             -132.531
730.621012         44.919             -132.450
730.622407         44.923             -132.369
730.623778         44.927             -132.289
730.625126         44.930             -132.208
730.626450         44.934             -132.127
730.627750         44.937             -132.046
730.629027         44.941             -131.965
730.630281         44.944             -131.884
730.631510         44.947             -131.803
730.632716         44.951             -131.722
730.633899         44.954             -131.641
730.635057         44.957             -131.560
730.636192         44.960             -131.479
730.637304         44.963             -131.398
730.638391         44.966             -131.317
730.639456         44.969             -131.236
730.640496         44.971             -131.155
730.641513         44.974             -131.074
730.642506         44.977             -130.993
730.643475         44.979             -130.912
730.644421         44.982             -130.831
730.645342         44.984             -130.750
730.646241         44.987             -130.669
730.647115         44.989             -130.587
730.647966         44.991             -130.506
730.648793         44.994             -130.425
730.649596         44.996             -130.344
730.650376         44.998             -130.263
730.651132         45.000             -130.182
730.651864         45.002             -130.101
730.652573         45.004             -130.020
730.653257         45.006             -129.939
730.653918         45.007             -129.857
730.654556         45.009             -129.776
730.655169         45.011             -129.695
730.655759         45.012             -129.614
730.656325         45.014             -129.533
730.656867         45.015             -129.452
730.657386         45.017             -129.370
730.657880         45.018             -129.289
730.658351         45.019             -129.208
730.658799         45.020             -129.127
730.659222         45.022             -129.046
730.659622         45.023             -128.965
730.659998         45.024             -128.883
730.660350         45.025             -128.802
730.660678         45.026             -128.721
730.660983         45.026             -128.640
730.661264         45.027             -128.559
730.661521         45.028             -128.477
730.661754         45.028             -128.396
730.661964         45.029             -128.315
730.662149         45.029             -128.234
730.662311         45.030             -128.153
730.662450         45.030             -128.071
730.662564         45.031             -127.990
730.662655         45.031             -127.909
730.662722         45.031             -127.828
730.662765         45.031             -127.747
730.662784         45.031             -127.665
730.662780         45.031             -127.584
730.662751         45.031             -127.503
730.662699         45.031             -127.422
730.662623         45.031             -127.340
730.662524         45.030             -127.259
730.662400         45.030             -127.178
730.662253         45.030             -127.097
730.662082         45.029             -127.016
730.661888         45.029             -126.934
730.661669         45.028             -126.853
730.661427         45.028             -126.772
730.661161         45.027             -126.691
730.660871         45.026             -126.610
730.660558         45.025             -126.528
730.660220         45.024             -126.447
730.659859         45.023             -126.366
730.659474         45.022             -126.285
730.659066         45.021             -126.204
730.658633         45.020             -126.123
730.658177         45.019             -126.041
730.657697         45.018             -125.960
730.657193         45.016             -125.879
730.656666         45.015             -125.798
730.656115         45.013             -125.717
730.655540         45.012             -125.636
730.654941         45.010             -125.554
730.654319         45.008             -125.473
730.653673         45.007             -125.392
730.653003         45.005             -125.311
730.652309         45.003             -125.230
730.651592         45.001             -125.149
730.650850         44.999             -125.068
730.650086         44.997             -124.986
730.649297         44.995             -124.905
730.648485         44.993             -124.824
730.647649         44.991             -124.743
730.646789         44.988             -124.662
730.645906         44.986             -124.581
730.644998         44.984             -124.500
730.644068         44.981             -124.419
730.643113         44.978             -124.338
730.642135         44.976             -124.257
730.641133         44.973             -124.176
730.640107         44.970             -124.095
730.639058         44.968             -124.014
730.637985         44.965             -123.933
730.636888         44.962             -123.852
730.635768         44.959             -123.771
730.634624         44.956             -123.690
730.633457         44.953             -123.609
730.632265         44.949             -123.528
730.631051         44.946             -123.447
730.629812         44.943             -123.366
730.628550         44.939             -123.285
730.627264         44.936             -123.204
730.625955         44.932             -123.123
730.624622         44.929             -123.042
730.623265         44.925             -122.961
730.621885         44.922             -122.880
730.620481         44.918             -122.799
730.619053         44.914             -122.718
730.617602         44.910             -122.638
730.616128         44.906             -122.557
730.614630         44.902             -122.476
730.613108         44.898             -122.395
730.611563         44.894             -122.314
730.609994         44.890             -122.233
730.608401         44.885             -122.153
730.606785         44.881             -122.072
730.605146         44.877             -121.991
730.603483         44.872             -121.910
730.601796         44.868             -121.830
730.600086         44.863             -121.749
730.598353         44.859             -121.668
730.596596         44.854             -121.587
730.594815         44.849             -121.507
730.593011         44.844             -121.426
730.591184         44.839             -121.345
730.589333         44.834             -121.265
730.587459         44.829             -121.184
730.585561         44.824             -121.104
730.583640         44.819             -121.023
730.581695         44.814             -120.942
730.579727         44.809             -120.862
730.577735         44.803             -120.781
730.575720         44.798             -120.701
730.573682         44.792             -120.620
730.571620         44.787             -120.540
730.569535         44.781             -120.459
730.567427         44.776             -120.379
730.565295         44.770             -120.298
730.563140         44.764             -120.218
730.560961         44.758             -120.137
730.558760         44.752             -120.057
730.556535         44.746             -119.977
730.554286         44.740             -119.896
730.552014         44.734             -119.816
730.549719         44.728             -119.736
730.547401         44.722             -119.655
730.545060         44.716             -119.575
730.542695         44.709             -119.495
730.540307         44.703             -119.415
730.537895         44.697             -119.334
730.535461         44.690             -119.254
730.533003         44.683             -119.174
730.530522         44.677             -119.094
730.528018         44.670             -119.014
730.525491         44.663             -118.933
730.522940         44.656             -118.853
730.520367         44.650             -118.773
730.517770         44.643             -118.693
730.515150         44.636             -118.613
730.512507         44.628             -118.533
730.509841         44.621             -118.453
730.507151         44.614             -118.373
730.504439         44.607             -118.293
730.501704         44.600             -118.213
730.498945         44.592             -118.133
730.496164         44.585             -118.053
730.493359         44.577             -117.973
730.490531         44.570             -117.893
730.487681         44.562             -117.813
730.484807         44.554             -117.734
730.481910         44.546             -117.654
730.478991         44.539             -117.574
730.476048         44.531             -117.494
730.473083         44.523             -117.415
730.470094         44.515             -117.335
730.467083         44.507             -117.255
730.464049         44.499             -117.175
730.460992         44.490             -117.096
730.457911         44.482             -117.016
730.454809         44.474             -116.937
730.451683         44.465             -116.857
730.448534         44.457             -116.777
730.445363         44.449             -116.698
730.442168         44.440             -116.618
730.438951         44.431             -116.539
730.435711         44.423             -116.459
730.432449         44.414             -116.380
730.429163         44.405             -116.301
730.425855         44.396             -116.221
730.422524         44.387             -116.142
730.419171         44.378             -116.063
730.415795         44.369             -115.983
730.412396         44.360             -115.904
730.408974         44.351             -115.825
730.405530         44.342             -115.746
730.402063         44.332             -115.666
730.398573         44.323             -115.587
730.395061         44.314             -115.508
730.391526         44.304             -115.429
730.387969         44.295             -115.350
730.384389         44.285             -115.271
730.380787         44.275             -115.192
730.377162         44.266             -115.113
730.373514         44.256             -115.034
730.369844         44.246             -114.955
730.366152         44.236             -114.876
730.362437         44.226             -114.797
730.358700         44.216             -114.718
730.354940         44.206             -114.639
730.351158         44.196             -114.560
730.347353         44.186             -114.482
730.343526         44.176             -114.403
730.339677         44.165             -114.324
730.335805         44.155             -114.245
730.331911         44.144             -114.167
730.327995         44.134             -114.088
730.324057         44.123             -114.009
730.320096         44.113             -113.931
730.316113         44.102             -113.852
730.312107         44.091             -113.774
730.308080         44.081             -113.695
730.304030         44.070             -113.617
730.299958         44.059             -113.538
730.295864         44.048             -113.460
730.291747         44.037             -113.382
730.287609         44.026             -113.303
730.283448         44.014             -113.225
730.279266         44.003             -113.147
730.275061         43.992             -113.068
730.270834         43.981             -112.990
730.266586         43.969             -112.912
730.262315         43.958             -112.834
730.258022         43.946             -112.756
730.253707         43.935             -112.678
730.249370         43.923             -112.600
730.245012         43.911             -112.521
730.240631         43.900             -112.443
730.236228         43.888             -112.366
730.231804         43.876             -112.288
730.227358         43.864             -112.210
730.222890         43.852             -112.132
730.218400         43.840             -112.054
730.213888         43.828             -111.976
730.209354         43.816             -111.898
730.204799         43.804             -111.821
730.200222         43.791             -111.743
730.195623         43.779             -111.665
730.191003         43.767             -111.588
730.186360         43.754             -111.510
730.181697         43.742             -111.432
730.177011         43.729             -111.355
730.172304         43.716             -111.277
730.167575         43.704             -111.200
730.162825         43.691             -111.123
730.158053         43.678             -111.045
730.153260         43.665             -110.968
730.148445         43.652             -110.890
730.143608         43.639             -110.813
730.138751         43.626             -110.736
730.133871         43.613             -110.659
730.128971         43.600             -110.582
730.124048         43.587             -110.504
730.119105         43.574             -110.427
730.114140         43.560             -110.350
730.109154         43.547             -110.273
730.104146         43.533             -110.196
730.099117         43.520             -110.119
730.094067         43.506             -110.042
730.088996         43.493             -109.965
730.083903         43.479             -109.888
730.078789         43.465             -109.812
730.073654         43.452             -109.735
730.068498         43.438             -109.658
730.063321         43.424             -109.581
730.058122         43.410             -109.505
730.052903         43.396             -109.428
730.047662         43.382             -109.351
730.042400         43.368             -109.275
730.037118         43.354             -109.198
730.031814         43.339             -109.122
730.026489         43.325             -109.045
730.021144         43.311             -108.969
730.015777         43.296             -108.893
730.010390         43.282             -108.816
730.004981         43.267             -108.740
729.999552         43.253             -108.664
729.994102         43.238             -108.587
729.988631         43.223             -108.511
729.983140         43.209             -108.435
729.977627         43.194             -108.359
729.972094         43.179             -108.283
729.966540         43.164             -108.207
729.960966         43.149             -108.131
729.955371         43.134             -108.055
729.949755         43.119             -107.979
729.944118         43.104             -107.903
729.938461         43.089             -107.827
729.932784         43.073             -107.752
729.927086         43.058             -107.676
729.921367         43.043             -107.600
729.915628         43.027             -107.524
729.909868         43.012             -107.449
729.904088         42.996             -107.373
729.898288         42.981             -107.298
729.892467         42.965             -107.222
729.886626         42.949             -107.147
729.880765         42.934             -107.071
729.874883         42.918             -106.996
729.868981         42.902             -106.920
729.863058         42.886             -106.845
729.857116         42.870             -106.770
729.851153         42.854             -106.695
729.845170         42.838             -106.619
729.839167         42.822             -106.544
729.833144         42.806             -106.469
729.827101         42.789             -106.394
729.821037         42.773             -106.319
729.814954         42.757             -106.244
729.808851         42.740             -106.169
729.802727         42.724             -106.094
729.796584         42.707             -106.019
729.790421         42.691             -105.945
729.784237         42.674             -105.870
729.778034         42.657             -105.795
729.771811         42.641             -105.720
729.765569         42.624             -105.646
729.759306         42.607             -105.571
729.753024         42.590             -105.496
729.746722         42.573             -105.422
729.740400         42.556             -105.347
729.734059         42.539             -105.273
729.727698         42.522             -105.199
729.721317         42.505             -105.124
729.714917         42.487             -105.050
729.708497         42.470             -104.976
729.702057         42.453             -104.902
729.695599         42.435             -104.827
729.689120         42.418             -104.753
729.682622         42.401             -104.679
729.676105         42.383             -104.605
729.669568         42.365             -104.531
729.663012         42.348             -104.457
729.656437         42.330             -104.383
729.649842         42.312             -104.309
729.643228         42.294             -104.235
729.636595         42.277             -104.162
729.629943         42.259             -104.088
729.623271         42.241             -104.014
729.616580         42.223             -103.941
729.609870         42.205             -103.867
729.603141         42.186             -103.793
729.596393         42.168             -103.720
729.589626         42.150             -103.646
729.582840         42.132             -103.573
729.576035         42.113             -103.500
729.569211         42.095             -103.426
729.562368         42.077             -103.353
729.555506         42.058             -103.280
729.548625         42.040             -103.206
729.541726         42.021             -103.133
729.534808         42.002             -103.060
729.527870         41.984             -102.987
729.520915         41.965             -102.914
729.513940         41.946             -102.841
729.506947         41.927             -102.768
729.499935         41.908             -102.695
729.492904         41.889             -102.622
729.485855         41.870             -102.550
729.478788         41.851             -102.477
729.471702         41.832             -102.404
729.464597         41.813             -102.331
729.457474         41.794             -102.259
729.450332         41.774             -102.186
729.443172         41.755             -102.114
729.435994         41.736             -102.041
729.428798         41.716             -101.969
729.421583         41.697             -101.896
729.414350         41.677             -101.824
729.407098         41.658             -101.752
729.399829         41.638             -101.680
729.392541         41.618             -101.607
729.385235         41.599             -101.535
729.377911         41.579             -101.463
729.370569         41.559             -101.391
729.363209         41.539             -101.319
729.355831         41.519             -101.247
729.348435         41.499             -101.175
729.341021         41.479             -101.103
729.333589         41.459             -101.031
729.326139         41.439             -100.960
729.318672         41.419             -100.888
729.311186         41.399             -100.816
729.303683         41.378             -100.745
729.296162         41.358             -100.673
729.288623         41.338             -100.601
729.281067         41.317             -100.530
729.273493         41.297             -100.458
729.265902         41.276             -100.387
729.258292         41.256             -100.316
729.250666         41.235             -100.244
729.243022         41.214             -100.173
729.235360         41.194             -100.102
729.227681         41.173             -100.031
729.219984         41.152             -99.960
729.212271         41.131             -99.889
729.204539         41.110             -99.817
729.196791         41.089             -99.746
729.189025         41.068             -99.676
729.181242         41.047             -99.605
729.173442         41.026             -99.534
729.165625         41.005             -99.463
729.157790         40.984             -99.392
729.149939         40.962             -99.322
729.142070         40.941             -99.251
729.134185         40.920             -99.180
729.126282         40.898             -99.110
729.118363         40.877             -99.039
729.110426         40.855             -98.969
729.102473         40.834             -98.898
729.094503         40.812             -98.828
729.086516         40.790             -98.758
729.078512         40.769             -98.688
729.070491         40.747             -98.617
729.062454         40.725             -98.547
729.054400         40.703             -98.477
729.046330         40.681             -98.407
729.038243         40.659             -98.337
729.030139         40.637             -98.267
729.022019         40.615             -98.197
729.013882         40.593             -98.127
729.005729         40.571             -98.057
728.997560         40.549             -97.988
728.989374         40.527             -97.918
728.981171         40.504             -97.848
728.972953         40.482             -97.779
728.964718         40.460             -97.709
728.956467         40.437             -97.639
728.948200         40.415             -97.570
728.939916         40.392             -97.501
728.931617         40.370             -97.431
728.923301         40.347             -97.362
728.914970         40.325             -97.293
728.906622         40.302             -97.223
728.898258         40.279             -97.154
728.889879         40.256             -97.085
728.881483         40.234             -97.016
728.873072         40.211             -96.947
728.864645         40.188             -96.878
728.856202         40.165             -96.809
728.847743         40.142             -96.740
728.839269         40.119             -96.671
728.830779         40.096             -96.602
728.822273         40.072             -96.534
728.813752         40.049             -96.465
728.805215         40.026             -96.396
728.796663         40.003             -96.328
728.788095         39.979             -96.259
728.779512         39.956             -96.191
728.770913         39.932             -96.122
728.762299         39.909             -96.054
728.753669         39.885             -95.985
728.745025         39.862             -95.917
728.736365         39.838             -95.849
728.727690         39.815             -95.781
728.718999         39.791             -95.713
728.710294         39.767             -95.644
728.701573         39.743             -95.576
728.692838         39.719             -95.508
728.684087         39.696             -95.440
728.675321         39.672             -95.373
728.666541         39.648             -95.305
728.657745         39.624             -95.237
728.648935         39.600             -95.169
728.640110         39.576             -95.101
728.631270         39.551             -95.034
728.622415         39.527             -94.966
728.613546         39.503             -94.899
728.604662         39.479             -94.831
728.595763         39.454             -94.764
728.586850         39.430             -94.696
728.577922         39.406             -94.629
728.568979         39.381             -94.562
728.560023         39.357             -94.494
728.551051         39.332             -94.427
728.542066         39.307             -94.360
728.533066         39.283             -94.293
728.524051         39.258             -94.226
728.515023         39.233             -94.159
728.505980         39.209             -94.092
728.496923         39.184             -94.025
728.487852         39.159             -93.958
728.478767         39.134             -93.891
728.469667         39.109             -93.824
728.460554         39.084             -93.758
728.451427         39.059             -93.691
728.442285         39.034             -93.624
728.433130         39.009             -93.558
728.423961         38.984             -93.491
728.414778         38.959             -93.425
728.405582         38.933             -93.359
728.396371         38.908             -93.292
728.387147         38.883             -93.226
728.377909         38.857             -93.160
728.368658         38.832             -93.093
728.359393         38.806             -93.027
728.350115         38.781             -92.961
728.340823         38.755             -92.895
728.331517         38.730             -92.829
728.322198         38.704             -92.763
728.312866         38.679             -92.697
728.303521         38.653             -92.631
728.294162         38.627             -92.566
728.284790         38.601             -92.500
728.275404         38.575             -92.434
728.266006         38.550             -92.368
728.256594         38.524             -92.303
728.247170         38.498             -92.237
728.237732         38.472             -92.172
728.228281         38.446             -92.106
728.218818         38.420             -92.041
728.209341         38.393             -91.975
728.199852         38.367             -91.910
728.190350         38.341             -91.845
728.180835         38.315             -91.780
728.171307         38.289             -91.715
728.161766         38.262             -91.649
728.152213         38.236             -91.584
728.142648         38.209             -91.519
728.133069         38.183             -91.454
728.123479         38.156             -91.389
728.113875         38.130             -91.325
728.104259         38.103             -91.260
728.094631         38.077             -91.195
728.084991         38.050             -91.130
728.075338         38.023             -91.066
728.065673         37.997             -91.001
728.055996         37.970             -90.936
728.046306         37.943             -90.872
728.036604         37.916             -90.808
728.026891         37.889             -90.743
728.017165         37.862             -90.679
728.007427         37.835             -90.614
727.997677         37.808             -90.550
727.987916         37.781             -90.486
727.978142         37.754             -90.422
727.968357         37.727             -90.358
727.958559         37.700             -90.294
727.948750         37.673             -90.230
727.938930         37.645             -90.166
727.929097         37.618             -90.102
727.919253         37.591             -90.038
727.909398         37.563             -89.974
727.899531         37.536             -89.910
727.889652         37.509             -89.847
727.879762         37.481             -89.783
727.869861         37.454             -89.719
727.859948         37.426             -89.656
727.850024         37.398             -89.592
727.840089         37.371             -89.529
727.830142         37.343             -89.465
727.820185         37.315             -89.402
727.810216         37.288             -89.339
727.800236         37.260             -89.275
727.790245         37.232             -89.212
727.780243         37.204             -89.149
727.770230         37.176             -89.086
727.760206         37.148             -89.023
727.750171         37.120             -88.960
727.740126         37.092             -88.897
727.730069         37.064             -88.834
727.720002         37.036             -88.771
727.709925         37.008             -88.708
727.699836         36.980             -88.645
727.689737         36.951             -88.583
727.679628         36.923             -88.520
727.669508         36.895             -88.457
727.659377         36.867             -88.395
727.649236         36.838             -88.332
727.639085         36.810             -88.270
727.628923         36.781             -88.207
727.618751         36.753             -88.145
727.608569         36.724             -88.083
727.598377         36.696             -88.020
727.588174         36.667             -87.958
727.577962         36.639             -87.896
727.567739         36.610             -87.834
727.557506         36.581             -87.772
727.547264         36.552             -87.710
727.537011         36.524             -87.648
727.526749         36.495             -87.586
727.516477         36.466             -87.524
727.506195         36.437             -87.462
727.495903         36.408             -87.400
727.485602         36.379             -87.338
727.475290         36.350             -87.277
727.464970         36.321             -87.215
727.454640         36.292             -87.153
727.444300         36.263             -87.092
727.433951         36.234             -87.030
727.423592         36.205             -86.969
727.413224         36.176             -86.908
727.402847         36.146             -86.846
727.392460         36.117             -86.785
727.382065         36.088             -86.724
727.371660         36.058             -86.662
727.361246         36.029             -86.601
727.350822         35.999             -86.540
727.340390         35.970             -86.479
727.329949         35.941             -86.418
727.319499         35.911             -86.357
727.309040         35.881             -86.296
727.298572         35.852             -86.235
727.288095         35.822             -86.174
727.277609         35.792             -86.114
727.267115         35.763             -86.053
727.256612         35.733             -85.992
727.246101         35.703             -85.932
727.235581         35.673             -85.871
727.225052         35.644             -85.810
727.214515         35.614             -85.750
727.203970         35.584             -85.690
727.193416         35.554             -85.629
727.182853         35.524             -85.569
727.172283         35.494             -85.509
727.161704         35.464             -85.448
727.151117         35.434             -85.388
727.140522         35.404             -85.328
727.129919         35.373             -85.268
727.119308         35.343             -85.208
727.108688         35.313             -85.148
727.098061         35.283             -85.088
727.087426         35.252             -85.028
727.076783         35.222             -84.968
727.066132         35.192             -84.908
727.055473         35.161             -84.848
727.044807         35.131             -84.789
727.034133         35.100             -84.729
727.023451         35.070             -84.669
727.012762         35.039             -84.610
727.002065         35.009             -84.550
726.991361         34.978             -84.491
726.980649         34.947             -84.431
726.969930         34.917             -84.372
726.959204         34.886             -84.313
726.948470         34.855             -84.253
726.937729         34.825             -84.194
726.926981         34.794             -84.135
726.916225         34.763             -84.076
726.905463         34.732             -84.017
726.894693         34.701             -83.957
726.883917         34.670             -83.898
726.873134         34.639             -83.840
726.862343         34.608             -83.781
726.851546         34.577             -83.722
726.840742         34.546             -83.663
726.829931         34.515             -83.604
726.819114         34.484             -83.545
726.808289         34.453             -83.487
726.797459         34.422             -83.428
726.786621         34.390             -83.369
726.775777         34.359             -83.311
726.764927         34.328             -83.252
726.754070         34.296             -83.194
726.743207         34.265             -83.136
726.732337         34.234             -83.077
726.721461         34.202             -83.019
726.710579         34.171             -82.961
726.699691         34.139             -82.902
726.688797         34.108             -82.844
726.677896         34.076             -82.786
726.666990         34.045             -82.728
726.656077         34.013             -82.670
726.645159         33.981             -82.612
726.634234         33.950             -82.554
726.623304         33.918             -82.496
726.612368         33.886             -82.438
726.601427         33.855             -82.380
726.590479         33.823             -82.323
726.579526         33.791             -82.265
726.568567         33.759             -82.207
726.557603         33.727             -82.150
726.546634         33.695             -82.092
726.535658         33.663             -82.034
726.524678         33.631             -81.977
726.513692         33.599             -81.920
726.502701         33.567             -81.862
726.491704         33.535             -81.805
726.480702         33.503             -81.747
726.469695         33.471             -81.690
726.458683         33.439             -81.633
726.447666         33.407             -81.576
726.436644         33.374             -81.519
726.425617         33.342             -81.462
726.414585         33.310             -81.405
726.403549         33.277             -81.348
726.392507         33.245             -81.291
726.381461         33.213             -81.234
726.370410         33.180             -81.177
726.359354         33.148             -81.120
726.348293         33.115             -81.063
726.337228         33.083             -81.007
726.326159         33.050             -80.950
726.315085         33.018             -80.893
726.304007         32.985             -80.837
726.292924         32.953             -80.780
726.281837         32.920             -80.724
726.270746         32.887             -80.667
726.259650         32.855             -80.611
726.248550         32.822             -80.554
726.237446         32.789             -80.498
726.226339         32.756             -80.442
726.215227         32.723             -80.385
726.204111         32.691             -80.329
726.192991         32.658             -80.273
726.181867         32.625             -80.217
726.170740         32.592             -80.161
726.159608         32.559             -80.105
726.148473         32.526             -80.049
726.137334         32.493             -79.993
726.126192         32.460             -79.937
726.115046         32.427             -79.881
726.103897         32.393             -79.826
726.092744         32.360             -79.770
726.081587         32.327             -79.714
726.070428         32.294             -79.658
726.059265         32.261             -79.603
726.048098         32.227             -79.547
726.036929         32.194             -79.492
726.025756         32.161             -79.436
726.014580         32.128             -79.381
726.003401         32.094             -79.325
725.992219         32.061             -79.270
725.981034         32.027             -79.215
725.969846         31.994             -79.159
725.958656         31.960             -79.104
725.947462         31.927             -79.049
725.936266         31.893             -78.994
725.925067         31.860             -78.939
725.913865         31.826             -78.884
725.902660         31.793             -78.829
725.891453         31.759             -78.774
725.880244         31.725             -78.719
725.869032         31.691             -78.664
725.857817         31.658             -78.609
725.846601         31.624             -78.554
725.835381         31.590             -78.499
725.824160         31.556             -78.445
725.812936         31.523             -78.390
725.801711         31.489             -78.335
725.790483         31.455             -78.281
725.779253         31.421             -78.226
725.768021         31.387             -78.172
725.756787         31.353             -78.117
725.745551         31.319             -78.063
725.734313         31.285             -78.008
725.723073         31.251             -77.954
725.711832         31.217             -77.900
725.700589         31.183             -77.845
725.689344         31.148             -77.791
725.678097         31.114             -77.737
725.666849         31.080             -77.683
725.655600         31.046             -77.629
725.644349         31.012             -77.575
725.633096         30.977             -77.521
725.621842         30.943             -77.467
725.610587         30.909             -77.413
725.599331         30.874             -77.359
725.588073         30.840             -77.305
725.576814         30.806             -77.251
725.565554         30.771             -77.198
725.554293         30.737             -77.144
725.543031         30.702             -77.090
725.531768         30.668             -77.037
725.520504         30.633             -76.983
725.509240         30.599             -76.929
725.497974         30.564             -76.876
725.486707         30.529             -76.822
725.475440         30.495             -76.769
725.464173         30.460             -76.716
725.452904         30.425             -76.662
725.441635         30.391             -76.609
725.430366         30.356             -76.556
725.419096         30.321             -76.502
725.407825         30.286             -76.449
725.396555         30.252             -76.396
725.385284         30.217             -76.343
725.374012         30.182             -76.290
725.362741         30.147             -76.237
725.351469         30.112             -76.184
725.340197         30.077             -76.131
725.328925         30.042             -76.078
725.317653         30.007             -76.025
725.306381         29.972             -75.972
725.295110         29.937             -75.920
725.283838         29.902             -75.867
725.272566         29.867             -75.814
725.261295         29.832             -75.761
725.250024         29.797             -75.709
725.238754         29.762             -75.656
725.227484         29.726             -75.604
725.216214         29.691             -75.551
725.204944         29.656             -75.499
725.193676         29.621             -75.446
725.182408         29.585             -75.394
725.171140         29.550             -75.342
725.159873         29.515             -75.289
725.148607         29.479             -75.237
725.137342         29.444             -75.185
725.126077         29.409             -75.133
725.114814         29.373             -75.080
725.103551         29.338             -75.028
725.092290         29.302             -74.976
725.081029         29.267             -74.924
725.069769         29.231             -74.872
725.058511         29.196             -74.820
725.047254         29.160             -74.768
725.035998         29.125             -74.716
725.024743         29.089             -74.664
725.013490         29.053             -74.613
725.002238         29.018             -74.561
724.990988         28.982             -74.509
724.979739         28.946             -74.457
724.968492         28.910             -74.406
724.957246         28.875             -74.354
724.946002         28.839             -74.303
724.934759         28.803             -74.251
724.923518         28.767             -74.200
724.912280         28.731             -74.148
724.901043         28.696             -74.097
724.889807         28.660             -74.045
724.878574         28.624             -73.994
724.867343         28.588             -73.943
724.856114         28.552             -73.891
724.844887         28.516             -73.840
724.833662         28.480             -73.789
724.822439         28.444             -73.738
724.811219         28.408             -73.687
724.800000         28.372             -73.636
724.788785         28.336             -73.584
724.777571         28.299             -73.533
724.766360         28.263             -73.482
724.755152         28.227             -73.432
724.743946         28.191             -73.381
724.732743         28.155             -73.330
724.721542         28.118             -73.279
724.710344         28.082             -73.228
724.699149         28.046             -73.177
724.687956         28.010             -73.127
724.676767         27.973             -73.076
724.665580         27.937             -73.025
724.654397         27.901             -72.975
724.643216         27.864             -72.924
724.632038         27.828             -72.874
724.620864         27.791             -72.823
724.609692         27.755             -72.773
724.598524         27.718             -72.722
724.587359         27.682             -72.672
724.576198         27.645             -72.621
724.565039         27.609             -72.571
724.553884         27.572             -72.521
724.542733         27.536             -72.471
724.531585         27.499             -72.420
724.520441         27.462             -72.370
724.509300         27.426             -72.320
724.498163         27.389             -72.270
724.487029         27.352             -72.220
724.475900         27.316             -72.170
724.464774         27.279             -72.120
724.453652         27.242             -72.070
724.442534         27.205             -72.020
724.431419         27.169             -71.970
724.420309         27.132             -71.920
724.409203         27.095             -71.870
724.398101         27.058             -71.821
724.387003         27.021             -71.771
724.375910         26.984             -71.721
724.364820         26.947             -71.671
724.353735         26.910             -71.622
724.342654         26.873             -71.572
724.331578         26.836             -71.523
724.320506         26.799             -71.473
724.309438         26.762             -71.424
724.298375         26.725             -71.374
724.287317         26.688             -71.325
724.276263         26.651             -71.275
724.265214         26.614             -71.226
724.254170         26.577             -71.177
724.243131         26.540             -71.127
724.232096         26.503             -71.078
724.221067         26.465             -71.029
724.210042         26.428             -70.980
724.199022         26.391             -70.930
724.188007         26.354             -70.881
724.176998         26.317             -70.832
724.165993         26.279             -70.783
724.154994         26.242             -70.734
724.144000         26.205             -70.685
724.133011         26.167             -70.636
724.122027         26.130             -70.587
724.111049         26.092             -70.538
724.100077         26.055             -70.490
724.089110         26.018             -70.441
724.078148         25.980             -70.392
724.067192         25.943             -70.343
724.056241         25.905             -70.294
724.045297         25.868             -70.246
724.034358         25.830             -70.197
724.023424         25.793             -70.148
724.012497         25.755             -70.100
724.001575         25.717             -70.051
723.990660         25.680             -70.003
723.979750         25.642             -69.954
723.968847         25.605             -69.906
723.957949         25.567             -69.857
723.947058         25.529             -69.809
723.936172         25.492             -69.761
723.925293         25.454             -69.712
723.914420         25.416             -69.664
723.903554         25.378             -69.616
723.892694         25.341             -69.568
723.881840         25.303             -69.519
723.870993         25.265             -69.471
723.860152         25.227             -69.423
723.849318         25.189             -69.375
723.838490         25.151             -69.327
723.827669         25.114             -69.279
723.816855         25.076             -69.231
723.806048         25.038             -69.183
723.795247         25.000             -69.135
723.784453         24.962             -69.087
723.773666         24.924             -69.039
723.762886         24.886             -68.991
723.752113         24.848             -68.943
723.741347         24.810             -68.896
723.730589         24.772             -68.848
723.719837         24.734             -68.800
723.709092         24.696             -68.753
723.698355         24.657             -68.705
723.687625         24.619             -68.657
723.676902         24.581             -68.610
723.666187         24.543             -68.562
723.655479         24.505             -68.515
723.644779         24.467             -68.467
723.634086         24.428             -68.420
723.623400         24.390             -68.372
723.612723         24.352             -68.325
723.602053         24.314             -68.277
723.591390         24.275             -68.230
723.580736         24.237             -68.183
723.570089         24.199             -68.135
723.559450         24.160             -68.088
723.548819         24.122             -68.041
723.538196         24.084             -67.994
723.527581         24.045             -67.947
723.516974         24.007             -67.900
723.506375         23.968             -67.852
723.495784         23.930             -67.805
723.485202         23.892             -67.758
723.474627         23.853             -67.711
723.464061         23.815             -67.664
723.453503         23.776             -67.617
723.442954         23.738             -67.570
723.432413         23.699             -67.524
723.421881         23.660             -67.477
723.411357         23.622             -67.430
723.400841         23.583             -67.383
723.390335         23.545             -67.336
723.379837         23.506             -67.290
723.369347         23.467             -67.243
723.358866         23.429             -67.196
723.348395         23.390             -67.150
723.337932         23.351             -67.103
723.327478         23.313             -67.056
723.317032         23.274             -67.010
723.306596         23.235             -66.963
723.296169         23.196             -66.917
723.285751         23.158             -66.870
723.275342         23.119             -66.824
723.264942         23.080             -66.777
723.254552         23.041             -66.731
723.244171         23.002             -66.685
723.233799         22.963             -66.638
723.223436         22.925             -66.592
723.213083         22.886             -66.546
723.202739         22.847             -66.499
723.192405         22.808             -66.453
723.182081         22.769             -66.407
723.171765         22.730             -66.361
723.161460         22.691             -66.315
723.151164         22.652             -66.269
723.140878         22.613             -66.223
723.130602         22.574             -66.177
723.120336         22.535             -66.131
723.110079         22.496             -66.085
723.099833         22.457             -66.039
723.089596         22.418             -65.993
723.079369         22.379             -65.947
723.069153         22.339             -65.901
723.058946         22.300             -65.855
723.048750         22.261             -65.809
723.038564         22.222             -65.763
723.028388         22.183             -65.718
723.018222         22.144             -65.672
723.008067         22.104             -65.626
722.997922         22.065             -65.581
722.987788         22.026             -65.535
722.977664         21.987             -65.489
722.967550         21.947             -65.444
722.957447         21.908             -65.398
722.947355         21.869             -65.353
722.937273         21.830             -65.307
722.927202         21.790             -65.262
722.917142         21.751             -65.216
722.907092         21.712             -65.171
722.897053         21.672             -65.125
722.887026         21.633             -65.080
722.877009         21.593             -65.034
722.867003         21.554             -64.989
722.857008         21.514             -64.944
722.847024         21.475             -64.899
722.837051         21.436             -64.853
722.827090         21.396             -64.808
722.817139         21.357             -64.763
722.807200         21.317             -64.718
722.797272         21.278             -64.673
722.787355         21.238             -64.627
722.777450         21.198             -64.582
722.767556         21.159             -64.537
722.757674         21.119             -64.492
722.747803         21.080             -64.447
722.737944         21.040             -64.402
722.728096         21.000             -64.357
722.718260         20.961             -64.312
722.708435         20.921             -64.267
722.698622         20.881             -64.223
722.688821         20.842             -64.178
722.679032         20.802             -64.133
722.669255         20.762             -64.088
722.659489         20.723             -64.043
722.649736         20.683             -63.998
722.639994         20.643             -63.954
722.630265         20.603             -63.909
722.620547         20.564             -63.864
722.610842         20.524             -63.820
722.601149         20.484             -63.775
722.591468         20.444             -63.730
722.581799         20.404             -63.686
722.572143         20.364             -63.641
722.562499         20.325             -63.597
722.552867         20.285             -63.552
722.543248         20.245             -63.508
722.533641         20.205             -63.463
722.524046         20.165             -63.419
722.514465         20.125             -63.374
722.504895         20.085             -63.330
722.495339         20.045             -63.286
722.485795         20.005             -63.241
722.476264         19.965             -63.197
722.466745         19.925             -63.153
722.457240         19.885             -63.109
722.447747         19.845             -63.064
722.438267         19.805             -63.020
722.428800         19.765             -62.976
722.419346         19.725             -62.932
722.409905         19.685             -62.888
722.400477         19.645             -62.843
722.391062         19.605             -62.799
722.381660         19.565             -62.755
722.372272         19.524             -62.711
722.362896         19.484             -62.667
722.353534         19.444             -62.623
722.344186         19.404             -62.579
722.334850         19.364             -62.535
722.325528         19.324             -62.491
722.316220         19.283             -62.447
722.306925         19.243             -62.404
722.297643         19.203             -62.360
722.288375         19.163             -62.316
722.279121         19.122             -62.272
722.269880         19.082             -62.228
722.260653         19.042             -62.185
722.251440         19.002             -62.141
722.242240         18.961             -62.097
722.233054         18.921             -62.053
722.223882         18.881             -62.010
722.214724         18.840             -61.966
722.205580         18.800             -61.922
722.196450         18.759             -61.879
722.187334         18.719             -61.835
722.178232         18.679             -61.792
722.169144         18.638             -61.748
722.160070         18.598             -61.705
722.151011         18.557             -61.661
722.141965         18.517             -61.618
722.132934         18.477             -61.574
722.123917         18.436             -61.531
722.114915         18.396             -61.487
722.105927         18.355             -61.444
722.096953         18.315             -61.401
722.087994         18.274             -61.357
722.079049         18.233             -61.314
722.070119         18.193             -61.271
722.061203         18.152             -61.227
722.052302         18.112             -61.184
722.043416         18.071             -61.141
722.034544         18.031             -61.098
722.025687         17.990             -61.055
722.016845         17.949             -61.011
722.008018         17.909             -60.968
721.999205         17.868             -60.925
721.990408         17.827             -60.882
721.981625         17.787             -60.839
721.972858         17.746             -60.796
721.964105         17.705             -60.753
721.955367         17.665             -60.710
721.946645         17.624             -60.667
721.937938         17.583             -60.624
721.929246         17.543             -60.581
721.920569         17.502             -60.538
721.911907         17.461             -60.495
721.903261         17.420             -60.452
721.894630         17.380             -60.409
721.886014         17.339             -60.367
721.877414         17.298             -60.324
721.868829         17.257             -60.281
721.860259         17.216             -60.238
721.851706         17.176             -60.195
721.843167         17.135             -60.153
721.834645         17.094             -60.110
721.826138         17.053             -60.067
721.817646         17.012             -60.025
721.809171         16.971             -59.982
721.800711         16.930             -59.939
721.792267         16.889             -59.897
721.783838         16.848             -59.854
721.775426         16.808             -59.811
721.767030         16.767             -59.769
721.758649         16.726             -59.726
721.750284         16.685             -59.684
721.741936         16.644             -59.641
721.733603         16.603             -59.599
721.725287         16.562             -59.556
721.716987         16.521             -59.514
721.708703         16.480             -59.472
721.700435         16.439             -59.429
721.692183         16.398             -59.387
721.683948         16.357             -59.344
721.675728         16.316             -59.302
721.667526         16.274             -59.260
721.659339         16.233             -59.217
721.651170         16.192             -59.175
721.643016         16.151             -59.133
721.634879         16.110             -59.091
721.626759         16.069             -59.048
721.618655         16.028             -59.006
721.610568         15.987             -58.964
721.602497         15.946             -58.922
721.594443         15.904             -58.880
721.586406         15.863             -58.837
721.578385         15.822             -58.795
721.570382         15.781             -58.753
721.562395         15.740             -58.711
721.554425         15.698             -58.669
721.546472         15.657             -58.627
721.538536         15.616             -58.585
721.530617         15.575             -58.543
721.522714         15.533             -58.501
721.514829         15.492             -58.459
721.506961         15.451             -58.417
721.499110         15.410             -58.375
721.491277         15.368             -58.333
721.483460         15.327             -58.291
721.475661         15.286             -58.250
721.467878         15.244             -58.208
721.460114         15.203             -58.166
721.452366         15.162             -58.124
721.444636         15.120             -58.082
721.436923         15.079             -58.040
721.429228         15.038             -57.999
721.421550         14.996             -57.957
721.413889         14.955             -57.915
721.406246         14.914             -57.873
721.398621         14.872             -57.832
721.391013         14.831             -57.790
721.383423         14.789             -57.748
721.375851         14.748             -57.707
721.368296         14.706             -57.665
721.360759         14.665             -57.624
721.353240         14.624             -57.582
721.345738         14.582             -57.540
721.338255         14.541             -57.499
721.330789         14.499             -57.457
721.323341         14.458             -57.416
721.315911         14.416             -57.374
721.308499         14.375             -57.333
721.301105         14.333             -57.291
721.293729         14.292             -57.250
721.286371         14.250             -57.208
721.279032         14.208             -57.167
721.271710         14.167             -57.125
721.264407         14.125             -57.084
721.257121         14.084             -57.043
721.249854         14.042             -57.001
721.242606         14.001             -56.960
721.235375         13.959             -56.919
721.228163         13.917             -56.877
721.220969         13.876             -56.836
721.213794         13.834             -56.795
721.206637         13.792             -56.754
721.199498         13.751             -56.712
721.192378         13.709             -56.671
721.185277         13.667             -56.630
721.178194         13.626             -56.589
721.171130         13.584             -56.547
721.164084         13.542             -56.506
721.157057         13.501             -56.465
721.150049         13.459             -56.424
721.143059         13.417             -56.383
721.136088         13.376             -56.342
721.129136         13.334             -56.301
721.122202         13.292             -56.260
721.115288         13.250             -56.219
721.108392         13.209             -56.177
721.101516         13.167             -56.136
721.094658         13.125             -56.095
721.087819         13.083             -56.054
721.080999         13.042             -56.013
721.074198         13.000             -55.972
721.067416         12.958             -55.932
721.060654         12.916             -55.891
721.053910         12.874             -55.850
721.047186         12.833             -55.809
721.040481         12.791             -55.768
721.033794         12.749             -55.727
721.027128         12.707             -55.686
721.020480         12.665             -55.645
721.013852         12.623             -55.604
721.007243         12.581             -55.564
721.000653         12.540             -55.523
720.994083         12.498             -55.482
720.987532         12.456             -55.441
720.981001         12.414             -55.400
720.974489         12.372             -55.360
720.967997         12.330             -55.319
720.961524         12.288             -55.278
720.955071         12.246             -55.238
720.948637         12.204             -55.197
720.942223         12.162             -55.156
720.935829         12.120             -55.116
720.929454         12.078             -55.075
720.923099         12.036             -55.034
720.916763         11.994             -54.994
720.910448         11.952             -54.953
720.904152         11.910             -54.912
720.897876         11.868             -54.872
720.891620         11.826             -54.831
720.885384         11.784             -54.791
720.879168         11.742             -54.750
720.872971         11.700             -54.710
720.866795         11.658             -54.669
720.860638         11.616             -54.629
720.854502         11.574             -54.588
720.848385         11.532             -54.548
720.842289         11.490             -54.507
720.836213         11.448             -54.467
720.830157         11.406             -54.426
720.824121         11.364             -54.386
720.818105         11.322             -54.346
720.812110         11.280             -54.305
720.806134         11.238             -54.265
720.800179         11.195             -54.224
720.794244         11.153             -54.184
720.788330         11.111             -54.144
720.782436         11.069             -54.103
720.776562         11.027             -54.063
720.770709         10.985             -54.023
720.764876         10.943             -53.982
720.759063         10.901             -53.942
720.753271         10.858             -53.902
720.747499         10.816             -53.862
720.741748         10.774             -53.821
720.736018         10.732             -53.781
720.730308         10.690             -53.741
720.724619         10.647             -53.701
720.718950         10.605             -53.661
720.713302         10.563             -53.620
720.707675         10.521             -53.580
720.702068         10.479             -53.540
720.696482         10.436             -53.500
720.690917         10.394             -53.460
720.685372         10.352             -53.420
720.679849         10.310             -53.380
720.674346         10.267             -53.339
720.668864         10.225             -53.299
720.663403         10.183             -53.259
720.657963         10.141             -53.219
720.652543         10.098             -53.179
720.647145         10.056             -53.139
720.641768         10.014             -53.099
720.636412         9.971              -53.059
720.631076         9.929              -53.019
720.625762         9.887              -52.979
720.620469         9.845              -52.939
720.615197         9.802              -52.899
720.609946         9.760              -52.859
720.604716         9.718              -52.819
720.599507         9.675              -52.779
720.594320         9.633              -52.739
720.589154         9.591              -52.699
720.584008         9.548              -52.660
720.578885         9.506              -52.620
720.573782         9.463              -52.580
720.568701         9.421              -52.540
720.563641         9.379              -52.500
720.558603         9.336              -52.460
720.553585         9.294              -52.420
720.548590         9.252              -52.380
720.543615         9.209              -52.341
720.538662         9.167              -52.301
720.533731         9.124              -52.261
720.528821         9.082              -52.221
720.523933         9.040              -52.181
720.519066         8.997              -52.142
720.514220         8.955              -52.102
720.509396         8.912              -52.062
720.504594         8.870              -52.022
720.499814         8.827              -51.983
720.495055         8.785              -51.943
720.490317         8.742              -51.903
720.485602         8.700              -51.864
720.480908         8.658              -51.824
720.476236         8.615              -51.784
720.471585         8.573              -51.745
720.466956         8.530              -51.705
720.462349         8.488              -51.665
720.457764         8.445              -51.626
720.453201         8.403              -51.586
720.448660         8.360              -51.546
720.444140         8.318              -51.507
720.439642         8.275              -51.467
720.435167         8.233              -51.428
720.430713         8.190              -51.388
720.426281         8.148              -51.348
720.421871         8.105              -51.309
720.417483         8.062              -51.269
720.413117         8.020              -51.230
720.408773         7.977              -51.190
720.404451         7.935              -51.151
720.400151         7.892              -51.111
720.395873         7.850              -51.072
720.391618         7.807              -51.032
720.387384         7.765              -50.993
720.383173         7.722              -50.953
720.378984         7.679              -50.914
720.374817         7.637              -50.874
720.370672         7.594              -50.835
720.366549         7.552              -50.795
720.362449         7.509              -50.756
720.358371         7.466              -50.716
720.354315         7.424              -50.677
720.350281         7.381              -50.638
720.346270         7.339              -50.598
720.342281         7.296              -50.559
720.338314         7.253              -50.519
720.334370         7.211              -50.480
720.330448         7.168              -50.441
720.326549         7.125              -50.401
720.322672         7.083              -50.362
720.318817         7.040              -50.323
720.314985         6.998              -50.283
720.311175         6.955              -50.244
720.307388         6.912              -50.205
720.303623         6.870              -50.165
720.299881         6.827              -50.126
720.296161         6.784              -50.087
720.292464         6.742              -50.047
720.288790         6.699              -50.008
720.285138         6.656              -49.969
720.281508         6.614              -49.930
720.277902         6.571              -49.890
720.274318         6.528              -49.851
720.270756         6.485              -49.812
720.267217         6.443              -49.772
720.263701         6.400              -49.733
720.260208         6.357              -49.694
720.256737         6.315              -49.655
720.253289         6.272              -49.616
720.249864         6.229              -49.576
720.246461         6.186              -49.537
720.243082         6.144              -49.498
720.239725         6.101              -49.459
720.236391         6.058              -49.420
720.233079         6.016              -49.380
720.229791         5.973              -49.341
720.226525         5.930              -49.302
720.223283         5.887              -49.263
720.220063         5.845              -49.224
720.216866         5.802              -49.185
720.213692         5.759              -49.146
720.210541         5.716              -49.106
720.207412         5.674              -49.067
720.204307         5.631              -49.028
720.201225         5.588              -48.989
720.198166         5.545              -48.950
720.195129         5.502              -48.911
720.192116         5.460              -48.872
720.189126         5.417              -48.833
720.186158         5.374              -48.794
720.183214         5.331              -48.755
720.180293         5.289              -48.715
720.177395         5.246              -48.676
720.174520         5.203              -48.637
720.171668         5.160              -48.598
720.168839         5.117              -48.559
720.166034         5.075              -48.520
720.163251         5.032              -48.481
720.160492         4.989              -48.442
720.157756         4.946              -48.403
720.155043         4.903              -48.364
720.152353         4.860              -48.325
720.149686         4.818              -48.286
720.147043         4.775              -48.247
720.144422         4.732              -48.208
720.141825         4.689              -48.169
720.139252         4.646              -48.130
720.136701         4.604              -48.091
720.134174         4.561              -48.052
720.131670         4.518              -48.013
720.129189         4.475              -47.974
720.126732         4.432              -47.935
720.124298         4.389              -47.896
720.121887         4.346              -47.857
720.119500         4.304              -47.818
720.117136         4.261              -47.780
720.114795         4.218              -47.741
720.112478         4.175              -47.702
720.110184         4.132              -47.663
720.107914         4.089              -47.624
720.105666         4.046              -47.585
720.103443         4.004              -47.546
720.101242         3.961              -47.507
720.099066         3.918              -47.468
720.096912         3.875              -47.429
720.094782         3.832              -47.390
720.092676         3.789              -47.352
720.090593         3.746              -47.313
720.088533         3.703              -47.274
720.086497         3.660              -47.235
720.084484         3.618              -47.196
720.082495         3.575              -47.157
720.080530         3.532              -47.118
720.078587         3.489              -47.079
720.076669         3.446              -47.041
720.074774         3.403              -47.002
720.072902         3.360              -46.963
720.071055         3.317              -46.924
720.069230         3.274              -46.885
720.067429         3.231              -46.846
720.065652         3.189              -46.807
720.063899         3.146              -46.769
720.062169         3.103              -46.730
720.060462         3.060              -46.691
720.058779         3.017              -46.652
720.057120         2.974              -46.613
720.055485         2.931              -46.575
720.053873         2.888              -46.536
720.052285         2.845              -46.497
720.050720         2.802              -46.458
720.049179         2.759              -46.419
720.047662         2.716              -46.381
720.046168         2.673              -46.342
720.044698         2.631              -46.303
720.043252         2.588              -46.264
720.041829         2.545              -46.225
720.040430         2.502              -46.187
720.039055         2.459              -46.148
720.037704         2.416              -46.109
720.036376         2.373              -46.070
720.035072         2.330              -46.032
720.033791         2.287              -45.993
720.032535         2.244              -45.954
720.031302         2.201              -45.915
720.030093         2.158              -45.876
720.028908         2.115              -45.838
720.027746         2.072              -45.799
720.026608         2.029              -45.760
720.025494         1.986              -45.721
720.024404         1.943              -45.683
720.023337         1.900              -45.644
720.022294         1.857              -45.605
720.021275         1.814              -45.566
720.020280         1.772              -45.528
720.019309         1.729              -45.489
720.018361         1.686              -45.450
720.017437         1.643              -45.411
720.016537         1.600              -45.373
720.015661         1.557              -45.334
720.014809         1.514              -45.295
720.013980         1.471              -45.257
720.013176         1.428              -45.218
720.012395         1.385              -45.179
720.011638         1.342              -45.140
720.010904         1.299              -45.102
720.010195         1.256              -45.063
720.009509         1.213              -45.024
720.008848         1.170              -44.986
720.008210         1.127              -44.947
720.007596         1.084              -44.908
720.007005         1.041              -44.869
720.006439         0.998              -44.831
720.005897         0.955              -44.792
720.005378         0.912              -44.753
720.004883         0.869              -44.715
720.004412         0.826              -44.676
720.003965         0.783              -44.637
720.003542         0.740              -44.598
720.003143         0.697              -44.560
720.002767         0.654              -44.521
720.002416         0.611              -44.482
720.002088         0.568              -44.444
720.001784         0.525              -44.405
720.001504         0.482              -44.366
720.001248         0.439              -44.327
720.001016         0.396              -44.289
720.000807         0.353              -44.250
720.000623         0.310              -44.211
720.000462         0.267              -44.173
720.000326         0.224              -44.134
720.000213         0.182              -44.095
720.000124         0.139              -44.057
720.000059         0.096              -44.018
720.000018         0.053              -43.979
720.000001         0.010              -43.940
720.000007         -0.033             -43.902
720.000038         -0.076             -43.863
720.000092         -0.119             -43.824
720.000170         -0.162             -43.786
720.000273         -0.205             -43.747
720.000399         -0.248             -43.708
720.000548         -0.291             -43.670
720.000722         -0.334             -43.631
720.000920         -0.377             -43.592
720.001141         -0.420             -43.553
720.001387         -0.463             -43.515
720.001656         -0.506             -43.476
720.001949         -0.549             -43.437
720.002266         -0.592             -43.399
720.002607         -0.635             -43.360
720.002972         -0.678             -43.321
720.003361         -0.721             -43.283
720.003773         -0.764             -43.244
720.004210         -0.807             -43.205
720.004670         -0.850             -43.166
720.005154         -0.893             -43.128
720.005662         -0.936             -43.089
720.006194         -0.979             -43.050
720.006750         -1.022             -43.012
720.007329         -1.065             -42.973
720.007933         -1.108             -42.934
720.008560         -1.151             -42.895
720.009211         -1.194             -42.857
720.009886         -1.237             -42.818
720.010585         -1.280             -42.779
720.011307         -1.323             -42.741
720.012054         -1.366             -42.702
720.012824         -1.409             -42.663
720.013618         -1.452             -42.624
720.014436         -1.495             -42.586
720.015278         -1.538             -42.547
720.016144         -1.581             -42.508
720.017033         -1.623             -42.469
720.017946         -1.666             -42.431
720.018883         -1.709             -42.392
720.019844         -1.752             -42.353
720.020829         -1.795             -42.314
720.021837         -1.838             -42.276
720.022869         -1.881             -42.237
720.023925         -1.924             -42.198
720.025005         -1.967             -42.159
720.026108         -2.010             -42.121
720.027235         -2.053             -42.082
720.028386         -2.096             -42.043
720.029561         -2.139             -42.004
720.030760         -2.182             -41.966
720.031982         -2.225             -41.927
720.033228         -2.268             -41.888
720.034498         -2.311             -41.849
720.035791         -2.354             -41.811
720.037108         -2.397             -41.772
720.038449         -2.440             -41.733
720.039814         -2.483             -41.694
720.041202         -2.525             -41.656
720.042614         -2.568             -41.617
720.044050         -2.611             -41.578
720.045509         -2.654             -41.539
720.046992         -2.697             -41.500
720.048499         -2.740             -41.462
720.050030         -2.783             -41.423
720.051584         -2.826             -41.384
720.053161         -2.869             -41.345
720.054763         -2.912             -41.306
720.056388         -2.955             -41.268
720.058036         -2.998             -41.229
720.059709         -3.041             -41.190
720.061404         -3.084             -41.151
720.063124         -3.126             -41.112
720.064867         -3.169             -41.073
720.066634         -3.212             -41.035
720.068424         -3.255             -40.996
720.070238         -3.298             -40.957
720.072075         -3.341             -40.918
720.073936         -3.384             -40.879
720.075821         -3.427             -40.840
720.077729         -3.470             -40.802
720.079660         -3.513             -40.763
720.081615         -3.556             -40.724
720.083594         -3.598             -40.685
720.085596         -3.641             -40.646
720.087622         -3.684             -40.607
720.089671         -3.727             -40.568
720.091743         -3.770             -40.529
720.093840         -3.813             -40.491
720.095959         -3.856             -40.452
720.098102         -3.899             -40.413
720.100268         -3.942             -40.374
720.102458         -3.984             -40.335
720.104672         -4.027             -40.296
720.106908         -4.070             -40.257
720.109168         -4.113             -40.218
720.111452         -4.156             -40.179
720.113759         -4.199             -40.140
720.116089         -4.242             -40.101
720.118443         -4.284             -40.063
720.120820         -4.327             -40.024
720.123220         -4.370             -39.985
720.125643         -4.413             -39.946
720.128090         -4.456             -39.907
720.130561         -4.499             -39.868
720.133054         -4.542             -39.829
720.135571         -4.584             -39.790
720.138111         -4.627             -39.751
720.140674         -4.670             -39.712
720.143261         -4.713             -39.673
720.145871         -4.756             -39.634
720.148504         -4.799             -39.595
720.151160         -4.841             -39.556
720.153840         -4.884             -39.517
720.156542         -4.927             -39.478
720.159268         -4.970             -39.439
720.162017         -5.013             -39.400
720.164790         -5.055             -39.361
720.167585         -5.098             -39.322
720.170403         -5.141             -39.283
720.173245         -5.184             -39.244
720.176110         -5.227             -39.205
720.178997         -5.269             -39.166
720.181908         -5.312             -39.127
720.184842         -5.355             -39.087
720.187799         -5.398             -39.048
720.190779         -5.441             -39.009
720.193782         -5.483             -38.970
720.196808         -5.526             -38.931
720.199857         -5.569             -38.892
720.202929         -5.612             -38.853
720.206024         -5.654             -38.814
720.209142         -5.697             -38.775
720.212283         -5.740             -38.736
720.215447         -5.783             -38.696
720.218634         -5.826             -38.657
720.221843         -5.868             -38.618
720.225076         -5.911             -38.579
720.228331         -5.954             -38.540
720.231610         -5.997             -38.501
720.234911         -6.039             -38.461
720.238235         -6.082             -38.422
720.241581         -6.125             -38.383
720.244951         -6.167             -38.344
720.248343         -6.210             -38.305
720.251758         -6.253             -38.266
720.255196         -6.296             -38.226
720.258657         -6.338             -38.187
720.262140         -6.381             -38.148
720.265646         -6.424             -38.109
720.269175         -6.466             -38.069
720.272726         -6.509             -38.030
720.276300         -6.552             -37.991
720.279897         -6.594             -37.952
720.283516         -6.637             -37.912
720.287158         -6.680             -37.873
720.290822         -6.723             -37.834
720.294509         -6.765             -37.795
720.298219         -6.808             -37.755
720.301951         -6.851             -37.716
720.305706         -6.893             -37.677
720.309483         -6.936             -37.637
720.313283         -6.979             -37.598
720.317105         -7.021             -37.559
720.320949         -7.064             -37.519
720.324816         -7.106             -37.480
720.328706         -7.149             -37.441
720.332618         -7.192             -37.401
720.336552         -7.234             -37.362
720.340509         -7.277             -37.322
720.344488         -7.320             -37.283
720.348489         -7.362             -37.244
720.352513         -7.405             -37.204
720.356559         -7.447             -37.165
720.360627         -7.490             -37.125
720.364717         -7.533             -37.086
720.368830         -7.575             -37.046
720.372965         -7.618             -37.007
720.377122         -7.660             -36.968
720.381301         -7.703             -36.928
720.385503         -7.746             -36.889
720.389726         -7.788             -36.849
720.393972         -7.831             -36.810
720.398240         -7.873             -36.770
720.402530         -7.916             -36.731
720.406842         -7.958             -36.691
720.411176         -8.001             -36.652
720.415532         -8.043             -36.612
720.419911         -8.086             -36.572
720.424311         -8.129             -36.533
720.428733         -8.171             -36.493
720.433177         -8.214             -36.454
720.437643         -8.256             -36.414
720.442131         -8.299             -36.375
720.446641         -8.341             -36.335
720.451172         -8.384             -36.295
720.455726         -8.426             -36.256
720.460301         -8.469             -36.216
720.464899         -8.511             -36.176
720.469518         -8.554             -36.137
720.474158         -8.596             -36.097
720.478821         -8.639             -36.057
720.483505         -8.681             -36.018
720.488211         -8.723             -35.978
720.492939         -8.766             -35.938
720.497688         -8.808             -35.899
720.502459         -8.851             -35.859
720.507252         -8.893             -35.819
720.512066         -8.936             -35.779
720.516901         -8.978             -35.740
720.521759         -9.021             -35.700
720.526638         -9.063             -35.660
720.531538         -9.105             -35.620
720.536460         -9.148             -35.581
720.541403         -9.190             -35.541
720.546368         -9.233             -35.501
720.551354         -9.275             -35.461
720.556362         -9.317             -35.421
720.561391         -9.360             -35.381
720.566441         -9.402             -35.342
720.571513         -9.445             -35.302
720.576606         -9.487             -35.262
720.581720         -9.529             -35.222
720.586856         -9.572             -35.182
720.592013         -9.614             -35.142
720.597191         -9.656             -35.102
720.602390         -9.699             -35.062
720.607610         -9.741             -35.022
720.612852         -9.783             -34.982
720.618114         -9.826             -34.942
720.623398         -9.868             -34.902
720.628703         -9.910             -34.862
720.634029         -9.953             -34.822
720.639376         -9.995             -34.782
720.644744         -10.037            -34.742
720.650133         -10.079            -34.702
720.655543         -10.122            -34.662
720.660973         -10.164            -34.622
720.666425         -10.206            -34.582
720.671898         -10.249            -34.542
720.677391         -10.291            -34.502
720.682906         -10.333            -34.462
720.688441         -10.375            -34.422
720.693997         -10.418            -34.382
720.699573         -10.460            -34.341
720.705171         -10.502            -34.301
720.710789         -10.544            -34.261
720.716428         -10.586            -34.221
720.722087         -10.629            -34.181
720.727767         -10.671            -34.141
720.733468         -10.713            -34.100
720.739189         -10.755            -34.060
720.744931         -10.797            -34.020
720.750694         -10.840            -33.980
720.756477         -10.882            -33.939
720.762280         -10.924            -33.899
720.768104         -10.966            -33.859
720.773948         -11.008            -33.819
720.779813         -11.050            -33.778
720.785698         -11.092            -33.738
720.791603         -11.135            -33.698
720.797529         -11.177            -33.657
720.803475         -11.219            -33.617
720.809441         -11.261            -33.577
720.815428         -11.303            -33.536
720.821435         -11.345            -33.496
720.827462         -11.387            -33.455
720.833509         -11.429            -33.415
720.839576         -11.471            -33.374
720.845663         -11.513            -33.334
720.851771         -11.555            -33.294
720.857898         -11.598            -33.253
720.864046         -11.640            -33.213
720.870213         -11.682            -33.172
720.876401         -11.724            -33.132
720.882608         -11.766            -33.091
720.888836         -11.808            -33.050
720.895083         -11.850            -33.010
720.901350         -11.892            -32.969
720.907637         -11.934            -32.929
720.913944         -11.976            -32.888
720.920270         -12.018            -32.847
720.926616         -12.060            -32.807
720.932982         -12.102            -32.766
720.939368         -12.144            -32.726
720.945773         -12.186            -32.685
720.952198         -12.227            -32.644
720.958643         -12.269            -32.604
720.965107         -12.311            -32.563
720.971590         -12.353            -32.522
720.978094         -12.395            -32.481
720.984616         -12.437            -32.441
720.991158         -12.479            -32.400
720.997720         -12.521            -32.359
721.004301         -12.563            -32.318
721.010901         -12.605            -32.277
721.017521         -12.646            -32.237
721.024160         -12.688            -32.196
721.030818         -12.730            -32.155
721.037495         -12.772            -32.114
721.044192         -12.814            -32.073
721.050908         -12.856            -32.032
721.057643         -12.898            -31.991
721.064397         -12.939            -31.950
721.071171         -12.981            -31.909
721.077963         -13.023            -31.868
721.084774         -13.065            -31.827
721.091605         -13.106            -31.786
721.098454         -13.148            -31.745
721.105322         -13.190            -31.704
721.112209         -13.232            -31.663
721.119116         -13.274            -31.622
721.126041         -13.315            -31.581
721.132984         -13.357            -31.540
721.139947         -13.399            -31.499
721.146928         -13.440            -31.458
721.153928         -13.482            -31.417
721.160947         -13.524            -31.376
721.167984         -13.566            -31.335
721.175040         -13.607            -31.293
721.182115         -13.649            -31.252
721.189208         -13.691            -31.211
721.196320         -13.732            -31.170
721.203450         -13.774            -31.129
721.210599         -13.816            -31.087
721.217766         -13.857            -31.046
721.224952         -13.899            -31.005
721.232156         -13.940            -30.963
721.239378         -13.982            -30.922
721.246618         -14.024            -30.881
721.253877         -14.065            -30.839
721.261154         -14.107            -30.798
721.268450         -14.148            -30.757
721.275763         -14.190            -30.715
721.283095         -14.231            -30.674
721.290445         -14.273            -30.632
721.297813         -14.315            -30.591
721.305198         -14.356            -30.549
721.312602         -14.398            -30.508
721.320024         -14.439            -30.466
721.327464         -14.481            -30.425
721.334922         -14.522            -30.383
721.342398         -14.564            -30.342
721.349891         -14.605            -30.300
721.357402         -14.646            -30.259
721.364931         -14.688            -30.217
721.372478         -14.729            -30.175
721.380043         -14.771            -30.134
721.387625         -14.812            -30.092
721.395225         -14.854            -30.050
721.402842         -14.895            -30.009
721.410478         -14.936            -29.967
721.418130         -14.978            -29.925
721.425800         -15.019            -29.884
721.433488         -15.061            -29.842
721.441193         -15.102            -29.800
721.448915         -15.143            -29.758
721.456655         -15.185            -29.716
721.464412         -15.226            -29.675
721.472187         -15.267            -29.633
721.479979         -15.309            -29.591
721.487787         -15.350            -29.549
721.495614         -15.391            -29.507
721.503457         -15.433            -29.465
721.511317         -15.474            -29.423
721.519195         -15.515            -29.381
721.527089         -15.556            -29.339
721.535001         -15.598            -29.297
721.542930         -15.639            -29.255
721.550875         -15.680            -29.213
721.558838         -15.721            -29.171
721.566817         -15.762            -29.129
721.574813         -15.804            -29.087
721.582826         -15.845            -29.045
721.590856         -15.886            -29.003
721.598902         -15.927            -28.961
721.606965         -15.968            -28.918
721.615045         -16.009            -28.876
721.623142         -16.051            -28.834
721.631255         -16.092            -28.792
721.639384         -16.133            -28.750
721.647530         -16.174            -28.707
721.655693         -16.215            -28.665
721.663872         -16.256            -28.623
721.672067         -16.297            -28.580
721.680279         -16.338            -28.538
721.688507         -16.379            -28.496
721.696752         -16.420            -28.453
721.705012         -16.461            -28.411
721.713289         -16.502            -28.369
721.721582         -16.543            -28.326
721.729891         -16.584            -28.284
721.738217         -16.625            -28.241
721.746558         -16.666            -28.199
721.754916         -16.707            -28.156
721.763289         -16.748            -28.114
721.771678         -16.789            -28.071
721.780084         -16.830            -28.029
721.788505         -16.871            -27.986
721.796942         -16.912            -27.943
721.805395         -16.953            -27.901
721.813863         -16.994            -27.858
721.822348         -17.035            -27.815
721.830848         -17.076            -27.773
721.839363         -17.116            -27.730
721.847895         -17.157            -27.687
721.856442         -17.198            -27.645
721.865004         -17.239            -27.602
721.873582         -17.280            -27.559
721.882175         -17.321            -27.516
721.890784         -17.361            -27.473
721.899408         -17.402            -27.430
721.908048         -17.443            -27.388
721.916703         -17.484            -27.345
721.925373         -17.524            -27.302
721.934058         -17.565            -27.259
721.942759         -17.606            -27.216
721.951475         -17.647            -27.173
721.960205         -17.687            -27.130
721.968951         -17.728            -27.087
721.977712         -17.769            -27.044
721.986488         -17.809            -27.001
721.995279         -17.850            -26.958
722.004085         -17.891            -26.915
722.012905         -17.931            -26.871
722.021741         -17.972            -26.828
722.030591         -18.013            -26.785
722.039456         -18.053            -26.742
722.048336         -18.094            -26.699
722.057231         -18.134            -26.655
722.066140         -18.175            -26.612
722.075063         -18.215            -26.569
722.084002         -18.256            -26.526
722.092955         -18.296            -26.482
722.101922         -18.337            -26.439
722.110903         -18.377            -26.396
722.119900         -18.418            -26.352
722.128910         -18.458            -26.309
722.137935         -18.499            -26.265
722.146974         -18.539            -26.222
722.156027         -18.580            -26.178
722.165095         -18.620            -26.135
722.174176         -18.661            -26.091
722.183272         -18.701            -26.048
722.192382         -18.741            -26.004
722.201506         -18.782            -25.961
722.210644         -18.822            -25.917
722.219795         -18.863            -25.873
722.228961         -18.903            -25.830
722.238141         -18.943            -25.786
722.247334         -18.984            -25.742
722.256541         -19.024            -25.699
722.265762         -19.064            -25.655
722.274997         -19.104            -25.611
722.284245         -19.145            -25.567
722.293507         -19.185            -25.523
722.302783         -19.225            -25.480
722.312072         -19.265            -25.436
722.321374         -19.306            -25.392
722.330690         -19.346            -25.348
722.340020         -19.386            -25.304
722.349362         -19.426            -25.260
722.358718         -19.466            -25.216
722.368088         -19.507            -25.172
722.377470         -19.547            -25.128
722.386866         -19.587            -25.084
722.396275         -19.627            -25.040
722.405697         -19.667            -24.996
722.415133         -19.707            -24.952
722.424581         -19.747            -24.907
722.434042         -19.787            -24.863
722.443516         -19.827            -24.819
722.453003         -19.867            -24.775
722.462503         -19.907            -24.731
722.472016         -19.947            -24.686
722.481541         -19.987            -24.642
722.491080         -20.027            -24.598
722.500631         -20.067            -24.553
722.510194         -20.107            -24.509
722.519770         -20.147            -24.465
722.529359         -20.187            -24.420
722.538961         -20.227            -24.376
722.548574         -20.267            -24.331
722.558201         -20.307            -24.287
722.567839         -20.347            -24.242
722.577490         -20.387            -24.198
722.587153         -20.426            -24.153
722.596829         -20.466            -24.108
722.606517         -20.506            -24.064
722.616216         -20.546            -24.019
722.625928         -20.586            -23.975
722.635653         -20.625            -23.930
722.645389         -20.665            -23.885
722.655137         -20.705            -23.840
722.664897         -20.745            -23.796
722.674669         -20.784            -23.751
722.684453         -20.824            -23.706
722.694249         -20.864            -23.661
722.704056         -20.903            -23.616
722.713876         -20.943            -23.571
722.723706         -20.983            -23.526
722.733549         -21.022            -23.481
722.743403         -21.062            -23.436
722.753269         -21.102            -23.391
722.763146         -21.141            -23.346
722.773035         -21.181            -23.301
722.782935         -21.220            -23.256
722.792847         -21.260            -23.211
722.802770         -21.299            -23.166
722.812704         -21.339            -23.121
722.822649         -21.378            -23.076
722.832606         -21.418            -23.031
722.842574         -21.457            -22.985
722.852553         -21.497            -22.940
722.862543         -21.536            -22.895
722.872544         -21.576            -22.849
722.882556         -21.615            -22.804
722.892579         -21.655            -22.759
722.902613         -21.694            -22.713
722.912657         -21.733            -22.668
722.922713         -21.773            -22.622
722.932779         -21.812            -22.577
722.942856         -21.851            -22.531
722.952944         -21.891            -22.486
722.963042         -21.930            -22.440
722.973151         -21.969            -22.395
722.983270         -22.008            -22.349
722.993400         -22.048            -22.303
723.003540         -22.087            -22.258
723.013691         -22.126            -22.212
723.023852         -22.165            -22.166
723.034023         -22.205            -22.121
723.044205         -22.244            -22.075
723.054396         -22.283            -22.029
723.064598         -22.322            -21.983
723.074810         -22.361            -21.937
723.085033         -22.400            -21.891
723.095265         -22.439            -21.846
723.105507         -22.478            -21.800
723.115759         -22.518            -21.754
723.126021         -22.557            -21.708
723.136293         -22.596            -21.662
723.146575         -22.635            -21.615
723.156866         -22.674            -21.569
723.167167         -22.713            -21.523
723.177478         -22.752            -21.477
723.187798         -22.790            -21.431
723.198128         -22.829            -21.385
723.208468         -22.868            -21.339
723.218817         -22.907            -21.292
723.229175         -22.946            -21.246
723.239543         -22.985            -21.200
723.249920         -23.024            -21.153
723.260306         -23.063            -21.107
723.270702         -23.102            -21.061
723.281107         -23.140            -21.014
723.291521         -23.179            -20.968
723.301944         -23.218            -20.921
723.312376         -23.257            -20.875
723.322817         -23.295            -20.828
723.333267         -23.334            -20.781
723.343726         -23.373            -20.735
723.354194         -23.411            -20.688
723.364671         -23.450            -20.642
723.375156         -23.489            -20.595
723.385650         -23.527            -20.548
723.396153         -23.566            -20.501
723.406665         -23.605            -20.455
723.417185         -23.643            -20.408
723.427714         -23.682            -20.361
723.438251         -23.720            -20.314
723.448796         -23.759            -20.267
723.459350         -23.797            -20.220
723.469913         -23.836            -20.173
723.480483         -23.874            -20.126
723.491062         -23.913            -20.079
723.501649         -23.951            -20.032
723.512245         -23.990            -19.985
723.522848         -24.028            -19.938
723.533460         -24.067            -19.891
723.544079         -24.105            -19.844
723.554707         -24.143            -19.796
723.565342         -24.182            -19.749
723.575985         -24.220            -19.702
723.586636         -24.258            -19.655
723.597295         -24.297            -19.607
723.607962         -24.335            -19.560
723.618636         -24.373            -19.513
723.629318         -24.411            -19.465
723.640008         -24.450            -19.418
723.650705         -24.488            -19.370
723.661409         -24.526            -19.323
723.672121         -24.564            -19.275
723.682841         -24.602            -19.228
723.693567         -24.640            -19.180
723.704302         -24.679            -19.132
723.715043         -24.717            -19.085
723.725791         -24.755            -19.037
723.736547         -24.793            -18.989
723.747310         -24.831            -18.941
723.758080         -24.869            -18.894
723.768857         -24.907            -18.846
723.779640         -24.945            -18.798
723.790431         -24.983            -18.750
723.801229         -25.021            -18.702
723.812033         -25.059            -18.654
723.822844         -25.097            -18.606
723.833662         -25.135            -18.558
723.844487         -25.172            -18.510
723.855318         -25.210            -18.462
723.866156         -25.248            -18.414
723.877000         -25.286            -18.366
723.887851         -25.324            -18.318
723.898708         -25.362            -18.269
723.909572         -25.399            -18.221
723.920442         -25.437            -18.173
723.931318         -25.475            -18.125
723.942201         -25.512            -18.076
723.953090         -25.550            -18.028
723.963984         -25.588            -17.979
723.974885         -25.625            -17.931
723.985792         -25.663            -17.882
723.996705         -25.701            -17.834
724.007624         -25.738            -17.785
724.018549         -25.776            -17.737
724.029480         -25.813            -17.688
724.040416         -25.851            -17.640
724.051358         -25.888            -17.591
724.062306         -25.926            -17.542
724.073260         -25.963            -17.493
724.084219         -26.001            -17.445
724.095184         -26.038            -17.396
724.106154         -26.076            -17.347
724.117129         -26.113            -17.298
724.128111         -26.151            -17.249
724.139097         -26.188            -17.200
724.150089         -26.225            -17.151
724.161086         -26.263            -17.102
724.172088         -26.300            -17.053
724.183095         -26.337            -17.004
724.194108         -26.374            -16.955
724.205125         -26.412            -16.906
724.216148         -26.449            -16.857
724.227175         -26.486            -16.808
724.238208         -26.523            -16.758
724.249245         -26.560            -16.709
724.260287         -26.598            -16.660
724.271334         -26.635            -16.610
724.282386         -26.672            -16.561
724.293442         -26.709            -16.512
724.304503         -26.746            -16.462
724.315568         -26.783            -16.413
724.326638         -26.820            -16.363
724.337712         -26.857            -16.314
724.348791         -26.894            -16.264
724.359875         -26.931            -16.214
724.370962         -26.968            -16.165
724.382054         -27.005            -16.115
724.393150         -27.042            -16.065
724.404250         -27.079            -16.015
724.415354         -27.115            -15.966
724.426463         -27.152            -15.916
724.437575         -27.189            -15.866
724.448691         -27.226            -15.816
724.459812         -27.263            -15.766
724.470936         -27.299            -15.716
724.482064         -27.336            -15.666
724.493196         -27.373            -15.616
724.504331         -27.409            -15.566
724.515470         -27.446            -15.516
724.526613         -27.483            -15.466
724.537759         -27.519            -15.415
724.548909         -27.556            -15.365
724.560063         -27.592            -15.315
724.571219         -27.629            -15.265
724.582380         -27.666            -15.214
724.593543         -27.702            -15.164
724.604710         -27.739            -15.113
724.615880         -27.775            -15.063
724.627053         -27.811            -15.013
724.638229         -27.848            -14.962
724.649409         -27.884            -14.911
724.660591         -27.921            -14.861
724.671776         -27.957            -14.810
724.682964         -27.993            -14.760
724.694156         -28.030            -14.709
724.705350         -28.066            -14.658
724.716546         -28.102            -14.607
724.727746         -28.139            -14.557
724.738948         -28.175            -14.506
724.750153         -28.211            -14.455
724.761360         -28.247            -14.404
724.772570         -28.283            -14.353
724.783782         -28.319            -14.302
724.794997         -28.356            -14.251
724.806214         -28.392            -14.200
724.817433         -28.428            -14.149
724.828655         -28.464            -14.098
724.839879         -28.500            -14.046
724.851105         -28.536            -13.995
724.862333         -28.572            -13.944
724.873564         -28.608            -13.893
724.884796         -28.644            -13.841
724.896030         -28.680            -13.790
724.907267         -28.715            -13.738
724.918505         -28.751            -13.687
724.929745         -28.787            -13.636
724.940986         -28.823            -13.584
724.952230         -28.859            -13.532
724.963475         -28.895            -13.481
724.974721         -28.930            -13.429
724.985970         -28.966            -13.378
724.997219         -29.002            -13.326
725.008471         -29.037            -13.274
725.019723         -29.073            -13.222
725.030977         -29.109            -13.170
725.042233         -29.144            -13.119
725.053489         -29.180            -13.067
725.064747         -29.215            -13.015
725.076006         -29.251            -12.963
725.087266         -29.286            -12.911
725.098527         -29.322            -12.859
725.109789         -29.357            -12.807
725.121053         -29.393            -12.754
725.132317         -29.428            -12.702
725.143582         -29.464            -12.650
725.154847         -29.499            -12.598
725.166114         -29.534            -12.545
725.177381         -29.570            -12.493
725.188649         -29.605            -12.441
725.199917         -29.640            -12.388
725.211186         -29.675            -12.336
725.222456         -29.711            -12.283
725.233726         -29.746            -12.231
725.244997         -29.781            -12.178
725.256267         -29.816            -12.126
725.267538         -29.851            -12.073
725.278810         -29.886            -12.020
725.290081         -29.922            -11.968
725.301353         -29.957            -11.915
725.312625         -29.992            -11.862
725.323897         -30.027            -11.809
725.335169         -30.062            -11.756
725.346441         -30.097            -11.703
725.357712         -30.131            -11.650
725.368984         -30.166            -11.597
725.380255         -30.201            -11.544
725.391527         -30.236            -11.491
725.402798         -30.271            -11.438
725.414068         -30.306            -11.385
725.425338         -30.341            -11.332
725.436608         -30.375            -11.278
725.447877         -30.410            -11.225
725.459146         -30.445            -11.172
725.470414         -30.479            -11.118
725.481681         -30.514            -11.065
725.492948         -30.549            -11.012
725.504214         -30.583            -10.958
725.515479         -30.618            -10.905
725.526744         -30.652            -10.851
725.538007         -30.687            -10.797
725.549270         -30.721            -10.744
725.560531         -30.756            -10.690
725.571791         -30.790            -10.636
725.583051         -30.825            -10.582
725.594309         -30.859            -10.529
725.605566         -30.893            -10.475
725.616822         -30.928            -10.421
725.628076         -30.962            -10.367
725.639329         -30.996            -10.313
725.650581         -31.031            -10.259
725.661831         -31.065            -10.205
725.673080         -31.099            -10.151
725.684327         -31.133            -10.097
725.695573         -31.167            -10.042
725.706816         -31.202            -9.988
725.718059         -31.236            -9.934
725.729299         -31.270            -9.879
725.740538         -31.304            -9.825
725.751775         -31.338            -9.771
725.763009         -31.372            -9.716
725.774242         -31.406            -9.662
725.785473         -31.440            -9.607
725.796702         -31.474            -9.553
725.807929         -31.507            -9.498
725.819154         -31.541            -9.443
725.830376         -31.575            -9.389
725.841596         -31.609            -9.334
725.852814         -31.643            -9.279
725.864029         -31.676            -9.224
725.875243         -31.710            -9.169
725.886453         -31.744            -9.115
725.897661         -31.778            -9.060
725.908867         -31.811            -9.005
725.920070         -31.845            -8.950
725.931270         -31.878            -8.894
725.942468         -31.912            -8.839
725.953663         -31.945            -8.784
725.964855         -31.979            -8.729
725.976044         -32.012            -8.674
725.987230         -32.046            -8.618
725.998413         -32.079            -8.563
726.009594         -32.113            -8.508
726.020771         -32.146            -8.452
726.031945         -32.179            -8.397
726.043116         -32.213            -8.341
726.054284         -32.246            -8.286
726.065448         -32.279            -8.230
726.076610         -32.312            -8.174
726.087767         -32.346            -8.119
726.098922         -32.379            -8.063
726.110073         -32.412            -8.007
726.121220         -32.445            -7.951
726.132364         -32.478            -7.896
726.143505         -32.511            -7.840
726.154641         -32.544            -7.784
726.165774         -32.577            -7.728
726.176904         -32.610            -7.672
726.188029         -32.643            -7.616
726.199151         -32.676            -7.559
726.210268         -32.709            -7.503
726.221382         -32.742            -7.447
726.232492         -32.774            -7.391
726.243597         -32.807            -7.334
726.254699         -32.840            -7.278
726.265796         -32.873            -7.222
726.276890         -32.905            -7.165
726.287979         -32.938            -7.109
726.299063         -32.971            -7.052
726.310144         -33.003            -6.996
726.321220         -33.036            -6.939
726.332291         -33.068            -6.882
726.343358         -33.101            -6.826
726.354420         -33.133            -6.769
726.365478         -33.166            -6.712
726.376531         -33.198            -6.655
726.387580         -33.231            -6.598
726.398624         -33.263            -6.541
726.409663         -33.295            -6.485
726.420697         -33.328            -6.427
726.431726         -33.360            -6.370
726.442750         -33.392            -6.313
726.453769         -33.424            -6.256
726.464784         -33.457            -6.199
726.475793         -33.489            -6.142
726.486797         -33.521            -6.084
726.497796         -33.553            -6.027
726.508789         -33.585            -5.970
726.519778         -33.617            -5.912
726.530761         -33.649            -5.855
726.541738         -33.681            -5.797
726.552710         -33.713            -5.740
726.563677         -33.745            -5.682
726.574638         -33.777            -5.624
726.585594         -33.809            -5.567
726.596544         -33.840            -5.509
726.607488         -33.872            -5.451
726.618427         -33.904            -5.393
726.629359         -33.936            -5.336
726.640286         -33.967            -5.278
726.651207         -33.999            -5.220
726.662123         -34.031            -5.162
726.673032         -34.062            -5.104
726.683935         -34.094            -5.045
726.694832         -34.125            -4.987
726.705723         -34.157            -4.929
726.716608         -34.188            -4.871
726.727486         -34.220            -4.813
726.738359         -34.251            -4.754
726.749225         -34.283            -4.696
726.760084         -34.314            -4.637
726.770938         -34.345            -4.579
726.781785         -34.376            -4.520
726.792625         -34.408            -4.462
726.803459         -34.439            -4.403
726.814286         -34.470            -4.344
726.825106         -34.501            -4.286
726.835920         -34.532            -4.227
726.846727         -34.563            -4.168
726.857527         -34.594            -4.109
726.868321         -34.625            -4.050
726.879107         -34.656            -3.991
726.889887         -34.687            -3.932
726.900660         -34.718            -3.873
726.911425         -34.749            -3.814
726.922184         -34.780            -3.755
726.932935         -34.811            -3.696
726.943679         -34.842            -3.637
726.954416         -34.872            -3.577
726.965146         -34.903            -3.518
726.975868         -34.934            -3.459
726.986583         -34.964            -3.399
726.997291         -34.995            -3.340
727.007991         -35.026            -3.280
727.018684         -35.056            -3.221
727.029369         -35.087            -3.161
727.040046         -35.117            -3.102
727.050716         -35.148            -3.042
727.061378         -35.178            -2.982
727.072032         -35.208            -2.922
727.082679         -35.239            -2.862
727.093318         -35.269            -2.803
727.103948         -35.299            -2.743
727.114571         -35.330            -2.683
727.125186         -35.360            -2.623
727.135793         -35.390            -2.563
727.146392         -35.420            -2.502
727.156982         -35.450            -2.442
727.167565         -35.480            -2.382
727.178139         -35.510            -2.322
727.188705         -35.540            -2.261
727.199263         -35.570            -2.201
727.209812         -35.600            -2.141
727.220353         -35.630            -2.080
727.230885         -35.660            -2.020
727.241409         -35.690            -1.959
727.251924         -35.720            -1.898
727.262431         -35.750            -1.838
727.272929         -35.779            -1.777
727.283419         -35.809            -1.716
727.293899         -35.839            -1.656
727.304371         -35.868            -1.595
727.314834         -35.898            -1.534
727.325288         -35.927            -1.473
727.335733         -35.957            -1.412
727.346170         -35.986            -1.351
727.356597         -36.016            -1.290
727.367015         -36.045            -1.229
727.377424         -36.075            -1.167
727.387824         -36.104            -1.106
727.398215         -36.133            -1.045
727.408596         -36.162            -0.983
727.418968         -36.192            -0.922
727.429331         -36.221            -0.861
727.439684         -36.250            -0.799
727.450028         -36.279            -0.738
727.460363         -36.308            -0.676
727.470688         -36.337            -0.614
727.481003         -36.366            -0.553
727.491309         -36.395            -0.491
727.501605         -36.424            -0.429
727.511891         -36.453            -0.367
727.522168         -36.482            -0.306
727.532435         -36.511            -0.244
727.542692         -36.540            -0.182
727.552939         -36.568            -0.120
727.563176         -36.597            -0.058
727.573403         -36.626            0.005
727.583620         -36.654            0.067
727.593827         -36.683            0.129
727.604024         -36.712            0.191
727.614210         -36.740            0.253
727.624387         -36.769            0.316
727.634553         -36.797            0.378
727.644709         -36.826            0.441
727.654855         -36.854            0.503
727.664990         -36.882            0.566
727.675114         -36.911            0.628
727.685229         -36.939            0.691
727.695332         -36.967            0.754
727.705426         -36.995            0.816
727.715508         -37.023            0.879
727.725580         -37.052            0.942
727.735641         -37.080            1.005
727.745691         -37.108            1.068
727.755731         -37.136            1.131
727.765760         -37.164            1.194
727.775777         -37.192            1.257
727.785784         -37.220            1.320
727.795780         -37.247            1.384
727.805765         -37.275            1.447
727.815739         -37.303            1.510
727.825702         -37.331            1.573
727.835653         -37.358            1.637
727.845594         -37.386            1.700
727.855523         -37.414            1.764
727.865440         -37.441            1.827
727.875347         -37.469            1.891
727.885242         -37.496            1.955
727.895126         -37.524            2.018
727.904998         -37.551            2.082
727.914858         -37.579            2.146
727.924708         -37.606            2.210
727.934545         -37.633            2.273
727.944371         -37.661            2.337
727.954185         -37.688            2.401
727.963988         -37.715            2.465
727.973778         -37.742            2.530
727.983557         -37.769            2.594
727.993324         -37.796            2.658
728.003079         -37.823            2.722
728.012822         -37.850            2.786
728.022554         -37.877            2.851
728.032273         -37.904            2.915
728.041980         -37.931            2.980
728.051675         -37.958            3.044
728.061357         -37.985            3.109
728.071028         -38.011            3.173
728.080686         -38.038            3.238
728.090332         -38.065            3.303
728.099966         -38.091            3.367
728.109587         -38.118            3.432
728.119196         -38.145            3.497
728.128793         -38.171            3.562
728.138376         -38.198            3.627
728.147948         -38.224            3.692
728.157506         -38.250            3.757
728.167053         -38.277            3.822
728.176586         -38.303            3.887
728.186107         -38.329            3.952
728.195615         -38.356            4.017
728.205110         -38.382            4.083
728.214592         -38.408            4.148
728.224061         -38.434            4.213
728.233518         -38.460            4.279
728.242961         -38.486            4.344
728.252392         -38.512            4.410
728.261809         -38.538            4.475
728.271214         -38.564            4.541
728.280605         -38.590            4.607
728.289983         -38.616            4.673
728.299347         -38.641            4.738
728.308699         -38.667            4.804
728.318037         -38.693            4.870
728.327362         -38.718            4.936
728.336673         -38.744            5.002
728.345971         -38.770            5.068
728.355256         -38.795            5.134
728.364527         -38.821            5.200
728.373784         -38.846            5.266
728.383028         -38.871            5.333
728.392258         -38.897            5.399
728.401475         -38.922            5.465
728.410678         -38.947            5.532
728.419867         -38.972            5.598
728.429042         -38.998            5.665
728.438203         -39.023            5.731
728.447351         -39.048            5.798
728.456484         -39.073            5.864
728.465604         -39.098            5.931
728.474709         -39.123            5.998
728.483801         -39.148            6.065
728.492878         -39.173            6.131
728.501942         -39.198            6.198
728.510991         -39.222            6.265
728.520026         -39.247            6.332
728.529046         -39.272            6.399
728.538053         -39.296            6.466
728.547045         -39.321            6.533
728.556022         -39.346            6.601
728.564986         -39.370            6.668
728.573935         -39.395            6.735
728.582869         -39.419            6.803
728.591789         -39.443            6.870
728.600694         -39.468            6.937
728.609584         -39.492            7.005
728.618460         -39.516            7.072
728.627322         -39.541            7.140
728.636168         -39.565            7.208
728.645000         -39.589            7.275
728.653817         -39.613            7.343
728.662619         -39.637            7.411
728.671406         -39.661            7.479
728.680179         -39.685            7.547
728.688936         -39.709            7.614
728.697678         -39.733            7.682
728.706406         -39.757            7.750
728.715118         -39.780            7.819
728.723815         -39.804            7.887
728.732497         -39.828            7.955
728.741164         -39.851            8.023
728.749815         -39.875            8.091
728.758451         -39.898            8.160
728.767072         -39.922            8.228
728.775678         -39.945            8.296
728.784268         -39.969            8.365
728.792843         -39.992            8.433
728.801402         -40.016            8.502
728.809946         -40.039            8.571
728.818474         -40.062            8.639
728.826987         -40.085            8.708
728.835484         -40.108            8.777
728.843965         -40.131            8.846
728.852431         -40.154            8.915
728.860881         -40.177            8.983
728.869315         -40.200            9.052
728.877733         -40.223            9.121
728.886136         -40.246            9.191
728.894522         -40.269            9.260
728.902893         -40.292            9.329
728.911248         -40.314            9.398
728.919587         -40.337            9.467
728.927910         -40.360            9.537
728.936216         -40.382            9.606
728.944507         -40.405            9.675
728.952781         -40.427            9.745
728.961040         -40.450            9.814
728.969282         -40.472            9.884
728.977507         -40.495            9.954
728.985717         -40.517            10.023
728.993910         -40.539            10.093
729.002087         -40.561            10.163
729.010247         -40.583            10.232
729.018391         -40.606            10.302
729.026519         -40.628            10.372
729.034630         -40.650            10.442
729.042724         -40.672            10.512
729.050802         -40.693            10.582
729.058864         -40.715            10.652
729.066908         -40.737            10.722
729.074936         -40.759            10.793
729.082947         -40.781            10.863
729.090942         -40.802            10.933
729.098919         -40.824            11.003
729.106880         -40.846            11.074
729.114824         -40.867            11.144
729.122751         -40.889            11.215
729.130662         -40.910            11.285
729.138555         -40.931            11.356
729.146431         -40.953            11.426
729.154290         -40.974            11.497
729.162132         -40.995            11.568
729.169957         -41.016            11.639
729.177765         -41.038            11.709
729.185556         -41.059            11.780
729.193329         -41.080            11.851
729.201085         -41.101            11.922
729.208824         -41.122            11.993
729.216546         -41.143            12.064
729.224250         -41.163            12.135
729.231937         -41.184            12.207
729.239606         -41.205            12.278
729.247258         -41.226            12.349
729.254892         -41.246            12.420
729.262509         -41.267            12.492
729.270109         -41.288            12.563
729.277691         -41.308            12.634
729.285255         -41.328            12.706
729.292801         -41.349            12.777
729.300330         -41.369            12.849
729.307841         -41.390            12.921
729.315335         -41.410            12.992
729.322810         -41.430            13.064
729.330268         -41.450            13.136
729.337708         -41.470            13.208
729.345130         -41.490            13.279
729.352534         -41.510            13.351
729.359920         -41.530            13.423
729.367288         -41.550            13.495
729.374638         -41.570            13.567
729.381970         -41.590            13.639
729.389284         -41.610            13.712
729.396580         -41.629            13.784
729.403858         -41.649            13.856
729.411117         -41.669            13.928
729.418358         -41.688            14.001
729.425581         -41.708            14.073
729.432786         -41.727            14.145
729.439973         -41.746            14.218
729.447141         -41.766            14.290
729.454290         -41.785            14.363
729.461422         -41.804            14.435
729.468535         -41.824            14.508
729.475629         -41.843            14.581
729.482705         -41.862            14.654
729.489762         -41.881            14.726
729.496801         -41.900            14.799
729.503821         -41.919            14.872
729.510823         -41.938            14.945
729.517806         -41.956            15.018
729.524770         -41.975            15.091
729.531715         -41.994            15.164
729.538642         -42.013            15.237
729.545550         -42.031            15.310
729.552439         -42.050            15.383
729.559309         -42.068            15.457
729.566161         -42.087            15.530
729.572993         -42.105            15.603
729.579807         -42.124            15.677
729.586602         -42.142            15.750
729.593377         -42.160            15.823
729.600134         -42.178            15.897
729.606871         -42.197            15.971
729.613590         -42.215            16.044
729.620289         -42.233            16.118
729.626969         -42.251            16.191
729.633630         -42.269            16.265
729.640272         -42.286            16.339
729.646894         -42.304            16.413
729.653498         -42.322            16.487
729.660082         -42.340            16.560
729.666646         -42.358            16.634
729.673192         -42.375            16.708
729.679718         -42.393            16.782
729.686224         -42.410            16.857
729.692711         -42.428            16.931
729.699179         -42.445            17.005
729.705627         -42.462            17.079
729.712055         -42.480            17.153
729.718464         -42.497            17.228
729.724854         -42.514            17.302
729.731224         -42.531            17.376
729.737574         -42.548            17.451
729.743904         -42.565            17.525
729.750215         -42.582            17.600
729.756506         -42.599            17.674
729.762778         -42.616            17.749
729.769029         -42.633            17.823
729.775261         -42.650            17.898
729.781473         -42.667            17.973
729.787665         -42.683            18.048
729.793837         -42.700            18.122
729.799989         -42.716            18.197
729.806122         -42.733            18.272
729.812234         -42.749            18.347
729.818326         -42.766            18.422
729.824399         -42.782            18.497
729.830451         -42.798            18.572
729.836483         -42.814            18.647
729.842495         -42.831            18.722
729.848487         -42.847            18.797
729.854459         -42.863            18.873
729.860410         -42.879            18.948
729.866342         -42.895            19.023
729.872253         -42.911            19.099
729.878143         -42.926            19.174
729.884014         -42.942            19.249
729.889864         -42.958            19.325
729.895694         -42.974            19.400
729.901504         -42.989            19.476
729.907293         -43.005            19.551
729.913061         -43.020            19.627
729.918810         -43.036            19.703
729.924537         -43.051            19.778
729.930245         -43.066            19.854
729.935931         -43.082            19.930
729.941598         -43.097            20.006
729.947243         -43.112            20.082
729.952868         -43.127            20.157
729.958473         -43.142            20.233
729.964056         -43.157            20.309
729.969619         -43.172            20.385
729.975162         -43.187            20.461
729.980683         -43.202            20.538
729.986184         -43.217            20.614
729.991664         -43.231            20.690
729.997124         -43.246            20.766
730.002562         -43.261            20.842
730.007980         -43.275            20.919
730.013377         -43.290            20.995
730.018752         -43.304            21.071
730.024107         -43.319            21.148
730.029441         -43.333            21.224
730.034754         -43.347            21.301
730.040046         -43.361            21.377
730.045318         -43.376            21.454
730.050568         -43.390            21.530
730.055796         -43.404            21.607
730.061004         -43.418            21.684
730.066191         -43.432            21.760
730.071357         -43.445            21.837
730.076501         -43.459            21.914
730.081624         -43.473            21.991
730.086727         -43.487            22.067
730.091807         -43.500            22.144
730.096867         -43.514            22.221
730.101905         -43.527            22.298
730.106923         -43.541            22.375
730.111918         -43.554            22.452
730.116893         -43.568            22.529
730.121846         -43.581            22.606
730.126778         -43.594            22.683
730.131688         -43.607            22.761
730.136577         -43.620            22.838
730.141444         -43.634            22.915
730.146290         -43.647            22.992
730.151115         -43.660            23.070
730.155918         -43.672            23.147
730.160699         -43.685            23.224
730.165459         -43.698            23.302
730.170197         -43.711            23.379
730.174914         -43.723            23.457
730.179609         -43.736            23.534
730.184283         -43.748            23.612
730.188935         -43.761            23.689
730.193565         -43.773            23.767
730.198173         -43.786            23.845
730.202760         -43.798            23.922
730.207325         -43.810            24.000
730.211868         -43.822            24.078
730.216390         -43.835            24.156
730.220890         -43.847            24.233
730.225367         -43.859            24.311
730.229823         -43.871            24.389
730.234258         -43.883            24.467
730.238670         -43.894            24.545
730.243060         -43.906            24.623
730.247429         -43.918            24.701
730.251775         -43.930            24.779
730.256100         -43.941            24.857
730.260403         -43.953            24.935
730.264683         -43.964            25.013
730.268942         -43.976            25.092
730.273179         -43.987            25.170
730.277393         -43.998            25.248
730.281586         -44.009            25.326
730.285756         -44.021            25.405
730.289904         -44.032            25.483
730.294030         -44.043            25.561
730.298134         -44.054            25.640
730.302216         -44.065            25.718
730.306276         -44.076            25.797
730.310313         -44.087            25.875
730.314329         -44.097            25.954
730.318322         -44.108            26.032
730.322293         -44.119            26.111
730.326241         -44.129            26.189
730.330167         -44.140            26.268
730.334071         -44.150            26.347
730.337953         -44.161            26.425
730.341812         -44.171            26.504
730.345649         -44.181            26.583
730.349464         -44.191            26.662
730.353256         -44.202            26.740
730.357026         -44.212            26.819
730.360773         -44.222            26.898
730.364498         -44.232            26.977
730.368200         -44.242            27.056
730.371880         -44.252            27.135
730.375538         -44.261            27.214
730.379173         -44.271            27.293
730.382785         -44.281            27.372
730.386375         -44.290            27.451
730.389942         -44.300            27.530
730.393487         -44.310            27.609
730.397009         -44.319            27.688
730.400509         -44.328            27.767
730.403986         -44.338            27.847
730.407440         -44.347            27.926
730.410872         -44.356            28.005
730.414281         -44.365            28.084
730.417668         -44.374            28.164
730.421031         -44.383            28.243
730.424372         -44.392            28.322
730.427691         -44.401            28.402
730.430986         -44.410            28.481
730.434259         -44.419            28.560
730.437509         -44.427            28.640
730.440736         -44.436            28.719
730.443941         -44.445            28.799
730.447122         -44.453            28.878
730.450281         -44.462            28.958
730.453417         -44.470            29.037
730.456530         -44.478            29.117
730.459621         -44.487            29.197
730.462688         -44.495            29.276
730.465732         -44.503            29.356
730.468754         -44.511            29.436
730.471753         -44.519            29.515
730.474728         -44.527            29.595
730.477681         -44.535            29.675
730.480611         -44.543            29.755
730.483518         -44.551            29.834
730.486402         -44.559            29.914
730.489263         -44.566            29.994
730.492101         -44.574            30.074
730.494915         -44.581            30.154
730.497707         -44.589            30.234
730.500476         -44.596            30.314
730.503222         -44.604            30.394
730.505944         -44.611            30.474
730.508644         -44.618            30.554
730.511321         -44.625            30.634
730.513974         -44.632            30.714
730.516604         -44.639            30.794
730.519211         -44.646            30.874
730.521795         -44.653            30.954
730.524356         -44.660            31.034
730.526894         -44.667            31.114
730.529408         -44.674            31.194
730.531899         -44.680            31.274
730.534368         -44.687            31.355
730.536812         -44.694            31.435
730.539234         -44.700            31.515
730.541632         -44.707            31.595
730.544008         -44.713            31.676
730.546360         -44.719            31.756
730.548688         -44.725            31.836
730.550994         -44.732            31.917
730.553276         -44.738            31.997
730.555535         -44.744            32.077
730.557770         -44.750            32.158
730.559982         -44.756            32.238
730.562171         -44.762            32.318
730.564337         -44.767            32.399
730.566479         -44.773            32.479
730.568598         -44.779            32.560
730.570693         -44.784            32.640
730.572765         -44.790            32.721
730.574814         -44.795            32.801
730.576839         -44.801            32.882
730.578841         -44.806            32.962
730.580820         -44.812            33.043
730.582775         -44.817            33.123
730.584707         -44.822            33.204
730.586615         -44.827            33.285
730.588500         -44.832            33.365
730.590361         -44.837            33.446
730.592199         -44.842            33.527
730.594014         -44.847            33.607
730.595805         -44.852            33.688
730.597572         -44.856            33.769
730.599316         -44.861            33.849
730.601037         -44.866            33.930
730.602734         -44.870            34.011
730.604407         -44.875            34.091
730.606057         -44.879            34.172
730.607684         -44.884            34.253
730.609286         -44.888            34.334
730.610866         -44.892            34.415
730.612422         -44.896            34.495
730.613954         -44.900            34.576
730.615463         -44.904            34.657
730.616948         -44.908            34.738
730.618409         -44.912            34.819
730.619847         -44.916            34.900
730.621262         -44.920            34.980
730.622652         -44.924            35.061
730.624020         -44.927            35.142
730.625363         -44.931            35.223
730.626683         -44.934            35.304
730.627979         -44.938            35.385
730.629252         -44.941            35.466
730.630501         -44.945            35.547
730.631727         -44.948            35.628
730.632928         -44.951            35.709
730.634107         -44.954            35.790
730.635261         -44.957            35.871
730.636392         -44.960            35.952
730.637499         -44.963            36.033
730.638583         -44.966            36.114
730.639642         -44.969            36.195
730.640679         -44.972            36.276
730.641691         -44.975            36.357
730.642680         -44.977            36.438
730.643645         -44.980            36.519
730.644586         -44.982            36.600
730.645504         -44.985            36.681
730.646398         -44.987            36.762
730.647268         -44.990            36.843
730.648115         -44.992            36.924
730.648938         -44.994            37.006
730.649737         -44.996            37.087
730.650512         -44.998            37.168
730.651264         -45.000            37.249
730.651992         -45.002            37.330
730.652696         -45.004            37.411
730.653377         -45.006            37.492
730.654034         -45.008            37.573
730.654667         -45.009            37.655
730.655276         -45.011            37.736
730.655861         -45.013            37.817
730.656423         -45.014            37.898
730.656961         -45.016            37.979
730.657476         -45.017            38.060
730.657966         -45.018            38.142
730.658433         -45.020            38.223
730.658876         -45.021            38.304
730.659295         -45.022            38.385
730.659691         -45.023            38.466
730.660062         -45.024            38.547
730.660410         -45.025            38.629
730.660734         -45.026            38.710
730.661035         -45.026            38.791
730.661311         -45.027            38.872
730.661564         -45.028            38.953
730.661793         -45.029            39.035
730.661999         -45.029            39.116
730.662180         -45.030            39.197
730.662338         -45.030            39.278
730.662472         -45.030            39.359
730.662582         -45.031            39.441
730.662669         -45.031            39.522
730.662731         -45.031            39.603
730.662770         -45.031            39.684
730.662785         -45.031            39.765
730.662776         -45.031            39.847
730.662744         -45.031            39.928
730.662688         -45.031            40.009
730.662608         -45.031            40.090
730.662504         -45.030            40.172
730.662376         -45.030            40.253
730.662225         -45.030            40.334
730.662050         -45.029            40.415
730.661851         -45.029            40.496
730.661628         -45.028            40.578
730.661382         -45.027            40.659
730.661111         -45.027            40.740
730.660817         -45.026            40.821
730.660500         -45.025            40.902
730.660158         -45.024            40.984
730.659793         -45.023            41.065
730.659404         -45.022            41.146
730.658991         -45.021            41.227
730.658554         -45.020            41.308
730.658094         -45.019            41.389
730.657610         -45.017            41.471
730.657102         -45.016            41.552
730.656570         -45.015            41.633
730.656015         -45.013            41.714
730.655435         -45.011            41.795
730.654832         -45.010            41.876
730.654206         -45.008            41.958
730.653555         -45.006            42.039
730.652881         -45.005            42.120
730.652183         -45.003            42.201
730.651462         -45.001            42.282
730.650716         -44.999            42.363
730.649947         -44.997            42.444
730.649155         -44.995            42.525
730.648338         -44.992            42.607
730.647498         -44.990            42.688
730.646634         -44.988            42.769
730.645746         -44.986            42.850
730.644835         -44.983            42.931
730.643900         -44.981            43.012
730.642941         -44.978            43.093
730.641959         -44.975            43.174
730.640953         -44.973            43.255
730.639923         -44.970            43.336
730.638869         -44.967            43.417
730.637792         -44.964            43.498
730.636691         -44.961            43.579
730.635567         -44.958            43.660
730.634419         -44.955            43.741
730.633247         -44.952            43.822
730.632051         -44.949            43.903
730.630832         -44.946            43.984
730.629590         -44.942            44.065
730.628323         -44.939            44.146
730.627033         -44.935            44.227
730.625720         -44.932            44.308
730.624382         -44.928            44.389
730.623022         -44.925            44.470
730.621637         -44.921            44.551
730.620229         -44.917            44.631
730.618797         -44.913            44.712
730.617342         -44.909            44.793
730.615863         -44.905            44.874
730.614361         -44.901            44.955
730.612835         -44.897            45.036
730.611286         -44.893            45.117
730.609713         -44.889            45.197
730.608116         -44.885            45.278
730.606496         -44.880            45.359
730.604852         -44.876            45.440
730.603185         -44.871            45.520
730.601494         -44.867            45.601
730.599780         -44.862            45.682
730.598042         -44.858            45.763
730.596281         -44.853            45.843
730.594497         -44.848            45.924
730.592688         -44.843            46.005
730.590857         -44.838            46.085
730.589002         -44.833            46.166
730.587123         -44.828            46.247
730.585221         -44.823            46.327
730.583296         -44.818            46.408
730.581347         -44.813            46.488
730.579375         -44.808            46.569
730.577379         -44.802            46.649
730.575360         -44.797            46.730
730.573318         -44.791            46.810
730.571252         -44.786            46.891
730.569162         -44.780            46.971
730.567050         -44.775            47.052
730.564914         -44.769            47.132
730.562755         -44.763            47.213
730.560572         -44.757            47.293
730.558366         -44.751            47.374
730.556137         -44.745            47.454
730.553884         -44.739            47.534
730.551608         -44.733            47.615
730.549309         -44.727            47.695
730.546987         -44.721            47.775
730.544641         -44.715            47.856
730.542272         -44.708            47.936
730.539880         -44.702            48.016
730.537465         -44.695            48.096
730.535026         -44.689            48.177
730.532564         -44.682            48.257
730.530079         -44.676            48.337
730.527571         -44.669            48.417
730.525039         -44.662            48.497
730.522485         -44.655            48.577
730.519907         -44.648            48.658
730.517306         -44.641            48.738
730.514682         -44.634            48.818
730.512035         -44.627            48.898
730.509365         -44.620            48.978
730.506671         -44.613            49.058
730.503955         -44.606            49.138
730.501215         -44.598            49.218
730.498453         -44.591            49.298
730.495667         -44.583            49.377
730.492858         -44.576            49.457
730.490027         -44.568            49.537
730.487172         -44.561            49.617
730.484294         -44.553            49.697
730.481393         -44.545            49.777
730.478470         -44.537            49.857
730.475523         -44.529            49.936
730.472554         -44.521            50.016
730.469561         -44.513            50.096
730.466546         -44.505            50.175
730.463507         -44.497            50.255
730.460446         -44.489            50.335
730.457362         -44.481            50.414
730.454255         -44.472            50.494
730.451125         -44.464            50.574
730.447972         -44.456            50.653
730.444797         -44.447            50.733
730.441598         -44.438            50.812
730.438377         -44.430            50.892
730.435133         -44.421            50.971
730.431867         -44.412            51.050
730.428577         -44.404            51.130
730.425265         -44.395            51.209
730.421930         -44.386            51.289
730.418573         -44.377            51.368
730.415192         -44.368            51.447
730.411789         -44.359            51.526
730.408364         -44.349            51.606
730.404915         -44.340            51.685
730.401444         -44.331            51.764
730.397951         -44.321            51.843
730.394435         -44.312            51.922
730.390896         -44.303            52.002
730.387335         -44.293            52.081
730.383751         -44.283            52.160
730.380144         -44.274            52.239
730.376515         -44.264            52.318
730.372864         -44.254            52.397
730.369190         -44.244            52.476
730.365494         -44.234            52.555
730.361775         -44.224            52.634
730.358033         -44.214            52.712
730.354270         -44.204            52.791
730.350484         -44.194            52.870
730.346675         -44.184            52.949
730.342844         -44.174            53.028
730.338991         -44.163            53.106
730.335115         -44.153            53.185
730.331217         -44.143            53.264
730.327297         -44.132            53.342
730.323354         -44.121            53.421
730.319390         -44.111            53.500
730.315403         -44.100            53.578
730.311393         -44.089            53.657
730.307362         -44.079            53.735
730.303308         -44.068            53.814
730.299232         -44.057            53.892
730.295134         -44.046            53.970
730.291014         -44.035            54.049
730.286871         -44.024            54.127
730.282707         -44.012            54.205
730.278520         -44.001            54.284
730.274312         -43.990            54.362
730.270081         -43.979            54.440
730.265828         -43.967            54.518
730.261554         -43.956            54.597
730.257257         -43.944            54.675
730.252938         -43.933            54.753
730.248597         -43.921            54.831
730.244235         -43.909            54.909
730.239850         -43.898            54.987
730.235444         -43.886            55.065
730.231016         -43.874            55.143
730.226565         -43.862            55.221
730.222093         -43.850            55.298
730.217600         -43.838            55.376
730.213084         -43.826            55.454
730.208546         -43.814            55.532
730.203987         -43.801            55.610
730.199406         -43.789            55.687
730.194804         -43.777            55.765
730.190179         -43.764            55.843
730.185533         -43.752            55.920
730.180866         -43.739            55.998
730.176176         -43.727            56.075
730.171465         -43.714            56.153
730.166733         -43.701            56.230
730.161979         -43.689            56.308
730.157203         -43.676            56.385
730.152406         -43.663            56.462
730.147587         -43.650            56.540
730.142747         -43.637            56.617
730.137885         -43.624            56.694
730.133002         -43.611            56.771
730.128097         -43.598            56.849
730.123172         -43.585            56.926
730.118224         -43.571            57.003
730.113255         -43.558            57.080
730.108265         -43.545            57.157
730.103254         -43.531            57.234
730.098221         -43.518            57.311
730.093167         -43.504            57.388
730.088092         -43.490            57.465
730.082996         -43.477            57.542
730.077878         -43.463            57.618
730.072739         -43.449            57.695
730.067579         -43.435            57.772
730.062398         -43.421            57.849
730.057196         -43.407            57.925
730.051973         -43.393            58.002
730.046729         -43.379            58.079
730.041463         -43.365            58.155
730.036177         -43.351            58.232
730.030869         -43.337            58.308
730.025541         -43.322            58.385
730.020192         -43.308            58.461
730.014821         -43.294            58.537
730.009430         -43.279            58.614
730.004018         -43.265            58.690
729.998585         -43.250            58.766
729.993132         -43.235            58.842
729.987657         -43.221            58.919
729.982162         -43.206            58.995
729.976646         -43.191            59.071
729.971109         -43.176            59.147
729.965551         -43.161            59.223
729.959973         -43.146            59.299
729.954374         -43.131            59.375
729.948755         -43.116            59.451
729.943115         -43.101            59.527
729.937454         -43.086            59.603
729.931773         -43.071            59.678
729.926071         -43.055            59.754
729.920349         -43.040            59.830
729.914606         -43.024            59.905
729.908843         -43.009            59.981
729.903059         -42.993            60.057
729.897255         -42.978            60.132
729.891431         -42.962            60.208
729.885586         -42.946            60.283
729.879721         -42.931            60.359
729.873836         -42.915            60.434
729.867930         -42.899            60.509
729.862004         -42.883            60.585
729.856058         -42.867            60.660
729.850091         -42.851            60.735
729.844105         -42.835            60.810
729.838098         -42.819            60.886
729.832072         -42.803            60.961
729.826025         -42.786            61.036
729.819958         -42.770            61.111
729.813871         -42.754            61.186
729.807764         -42.737            61.261
729.801637         -42.721            61.336
729.795490         -42.704            61.410
729.789323         -42.688            61.485
729.783137         -42.671            61.560
729.776930         -42.654            61.635
729.770704         -42.638            61.709
729.764457         -42.621            61.784
729.758191         -42.604            61.859
729.751905         -42.587            61.933
729.745600         -42.570            62.008
729.739275         -42.553            62.082
729.732930         -42.536            62.157
729.726565         -42.519            62.231
729.720181         -42.502            62.305
729.713777         -42.484            62.380
729.707354         -42.467            62.454
729.700911         -42.450            62.528
729.694449         -42.432            62.602
729.687967         -42.415            62.676
729.681466         -42.397            62.750
729.674945         -42.380            62.825
729.668405         -42.362            62.899
729.661845         -42.345            62.972
729.655267         -42.327            63.046
729.648668         -42.309            63.120
729.642051         -42.291            63.194
729.635414         -42.273            63.268
729.628759         -42.255            63.342
729.622084         -42.237            63.415
729.615389         -42.219            63.489
729.608676         -42.201            63.563
729.601944         -42.183            63.636
729.595192         -42.165            63.710
729.588422         -42.147            63.783
729.581632         -42.129            63.856
729.574824         -42.110            63.930
729.567996         -42.092            64.003
729.561150         -42.073            64.076
729.554285         -42.055            64.150
729.547401         -42.036            64.223
729.540498         -42.018            64.296
729.533576         -41.999            64.369
729.526636         -41.980            64.442
729.519677         -41.961            64.515
729.512699         -41.943            64.588
729.505702         -41.924            64.661
729.498687         -41.905            64.734
729.491653         -41.886            64.807
729.484601         -41.867            64.880
729.477530         -41.848            64.952
729.470440         -41.829            65.025
729.463332         -41.809            65.098
729.456206         -41.790            65.170
729.449061         -41.771            65.243
729.441898         -41.752            65.316
729.434717         -41.732            65.388
729.427517         -41.713            65.460
729.420299         -41.693            65.533
729.413062         -41.674            65.605
729.405808         -41.654            65.677
729.398535         -41.635            65.750
729.391244         -41.615            65.822
729.383935         -41.595            65.894
729.376608         -41.575            65.966
729.369262         -41.556            66.038
729.361899         -41.536            66.110
729.354518         -41.516            66.182
729.347119         -41.496            66.254
729.339701         -41.476            66.326
729.332266         -41.456            66.398
729.324813         -41.435            66.470
729.317343         -41.415            66.541
729.309854         -41.395            66.613
729.302348         -41.375            66.685
729.294824         -41.354            66.756
729.287282         -41.334            66.828
729.279722         -41.314            66.899
729.272145         -41.293            66.971
729.264551         -41.272            67.042
729.256938         -41.252            67.113
729.249309         -41.231            67.185
729.241661         -41.211            67.256
729.233997         -41.190            67.327
729.226314         -41.169            67.398
729.218615         -41.148            67.469
729.210898         -41.127            67.541
729.203164         -41.106            67.612
729.195412         -41.085            67.683
729.187643         -41.064            67.753
729.179857         -41.043            67.824
729.172054         -41.022            67.895
729.164234         -41.001            67.966
729.156396         -40.980            68.037
729.148542         -40.958            68.107
729.140670         -40.937            68.178
729.132782         -40.916            68.249
729.124876         -40.894            68.319
729.116953         -40.873            68.390
729.109014         -40.851            68.460
729.101058         -40.830            68.530
729.093084         -40.808            68.601
729.085094         -40.786            68.671
729.077088         -40.765            68.741
729.069064         -40.743            68.812
729.061024         -40.721            68.882
729.052967         -40.699            68.952
729.044894         -40.677            69.022
729.036804         -40.655            69.092
729.028697         -40.633            69.162
729.020574         -40.611            69.232
729.012435         -40.589            69.302
729.004279         -40.567            69.371
728.996106         -40.545            69.441
728.987917         -40.523            69.511
728.979712         -40.500            69.581
728.971491         -40.478            69.650
728.963253         -40.456            69.720
728.954999         -40.433            69.789
728.946729         -40.411            69.859
728.938443         -40.388            69.928
728.930140         -40.366            69.998
728.921822         -40.343            70.067
728.913487         -40.321            70.136
728.905137         -40.298            70.205
728.896771         -40.275            70.275
728.888388         -40.252            70.344
728.879990         -40.229            70.413
728.871576         -40.207            70.482
728.863146         -40.184            70.551
728.854700         -40.161            70.620
728.846239         -40.138            70.689
728.837761         -40.115            70.757
728.829269         -40.091            70.826
728.820760         -40.068            70.895
728.812236         -40.045            70.964
728.803696         -40.022            71.032
728.795141         -39.998            71.101
728.786571         -39.975            71.169
728.777985         -39.952            71.238
728.769383         -39.928            71.306
728.760766         -39.905            71.375
728.752134         -39.881            71.443
728.743487         -39.858            71.511
728.734824         -39.834            71.580
728.726146         -39.810            71.648
728.717453         -39.787            71.716
728.708745         -39.763            71.784
728.700022         -39.739            71.852
728.691284         -39.715            71.920
728.682530         -39.691            71.988
728.673762         -39.667            72.056
728.664979         -39.643            72.124
728.656181         -39.619            72.192
728.647368         -39.595            72.259
728.638540         -39.571            72.327
728.629697         -39.547            72.395
728.620840         -39.523            72.462
728.611968         -39.499            72.530
728.603081         -39.474            72.597
728.594180         -39.450            72.665
728.585264         -39.426            72.732
728.576334         -39.401            72.800
728.567389         -39.377            72.867
728.558429         -39.352            72.934
728.549456         -39.328            73.001
728.540467         -39.303            73.068
728.531465         -39.278            73.136
728.522448         -39.254            73.203
728.513417         -39.229            73.270
728.504372         -39.204            73.337
728.495312         -39.179            73.403
728.486238         -39.154            73.470
728.477151         -39.130            73.537
728.468049         -39.105            73.604
728.458933         -39.080            73.671
728.449803         -39.055            73.737
728.440659         -39.030            73.804
728.431502         -39.004            73.870
728.422330         -38.979            73.937
728.413145         -38.954            74.003
728.403946         -38.929            74.070
728.394733         -38.903            74.136
728.385507         -38.878            74.202
728.376266         -38.853            74.269
728.367013         -38.827            74.335
728.357745         -38.802            74.401
728.348464         -38.776            74.467
728.339170         -38.751            74.533
728.329862         -38.725            74.599
728.320541         -38.700            74.665
728.311206         -38.674            74.731
728.301858         -38.648            74.797
728.292497         -38.622            74.863
728.283123         -38.597            74.928
728.273735         -38.571            74.994
728.264334         -38.545            75.060
728.254921         -38.519            75.125
728.245494         -38.493            75.191
728.236054         -38.467            75.256
728.226601         -38.441            75.322
728.217135         -38.415            75.387
728.207656         -38.389            75.453
728.198164         -38.363            75.518
728.188660         -38.336            75.583
728.179142         -38.310            75.648
728.169612         -38.284            75.713
728.160070         -38.258            75.779
728.150514         -38.231            75.844
728.140946         -38.205            75.909
728.131366         -38.178            75.974
728.121773         -38.152            76.038
728.112167         -38.125            76.103
728.102549         -38.099            76.168
728.092919         -38.072            76.233
728.083276         -38.045            76.298
728.073621         -38.019            76.362
728.063954         -37.992            76.427
728.054275         -37.965            76.491
728.044583         -37.938            76.556
728.034879         -37.911            76.620
728.025163         -37.885            76.685
728.015435         -37.858            76.749
728.005695         -37.831            76.813
727.995943         -37.804            76.878
727.986180         -37.777            76.942
727.976404         -37.749            77.006
727.966616         -37.722            77.070
727.956817         -37.695            77.134
727.947006         -37.668            77.198
727.937183         -37.641            77.262
727.927349         -37.613            77.326
727.917503         -37.586            77.390
727.907645         -37.559            77.454
727.897776         -37.531            77.517
727.887896         -37.504            77.581
727.878004         -37.476            77.645
727.868100         -37.449            77.708
727.858185         -37.421            77.772
727.848259         -37.393            77.836
727.838322         -37.366            77.899
727.828373         -37.338            77.962
727.818414         -37.310            78.026
727.808443         -37.283            78.089
727.798461         -37.255            78.152
727.788468         -37.227            78.216
727.778464         -37.199            78.279
727.768449         -37.171            78.342
727.758423         -37.143            78.405
727.748387         -37.115            78.468
727.738339         -37.087            78.531
727.728281         -37.059            78.594
727.718212         -37.031            78.657
727.708132         -37.003            78.719
727.698042         -36.975            78.782
727.687941         -36.946            78.845
727.677830         -36.918            78.908
727.667708         -36.890            78.970
727.657576         -36.862            79.033
727.647433         -36.833            79.095
727.637280         -36.805            79.158
727.627116         -36.776            79.220
727.616942         -36.748            79.283
727.606759         -36.719            79.345
727.596564         -36.691            79.407
727.586360         -36.662            79.469
727.576146         -36.634            79.532
727.565921         -36.605            79.594
727.555687         -36.576            79.656
727.545443         -36.547            79.718
727.535188         -36.519            79.780
727.524924         -36.490            79.842
727.514650         -36.461            79.904
727.504366         -36.432            79.965
727.494073         -36.403            80.027
727.483770         -36.374            80.089
727.473457         -36.345            80.151
727.463135         -36.316            80.212
727.452803         -36.287            80.274
727.442461         -36.258            80.335
727.432110         -36.229            80.397
727.421750         -36.200            80.458
727.411381         -36.170            80.520
727.401002         -36.141            80.581
727.390613         -36.112            80.642
727.380216         -36.082            80.704
727.369809         -36.053            80.765
727.359394         -36.024            80.826
727.348969         -35.994            80.887
727.338535         -35.965            80.948
727.328092         -35.935            81.009
727.317641         -35.906            81.070
727.307180         -35.876            81.131
727.296710         -35.847            81.192
727.286232         -35.817            81.253
727.275745         -35.787            81.314
727.265249         -35.757            81.374
727.254745         -35.728            81.435
727.244232         -35.698            81.496
727.233710         -35.668            81.556
727.223180         -35.638            81.617
727.212642         -35.608            81.677
727.202095         -35.578            81.738
727.191539         -35.548            81.798
727.180976         -35.518            81.858
727.170404         -35.488            81.919
727.159823         -35.458            81.979
727.149235         -35.428            82.039
727.138638         -35.398            82.099
727.128034         -35.368            82.159
727.117421         -35.338            82.219
727.106800         -35.308            82.279
727.096171         -35.277            82.339
727.085535         -35.247            82.399
727.074890         -35.217            82.459
727.064238         -35.186            82.519
727.053578         -35.156            82.579
727.042910         -35.125            82.638
727.032235         -35.095            82.698
727.021552         -35.064            82.758
727.010861         -35.034            82.817
727.000163         -35.003            82.877
726.989458         -34.973            82.936
726.978745         -34.942            82.996
726.968024         -34.911            83.055
726.957297         -34.881            83.114
726.946562         -34.850            83.174
726.935819         -34.819            83.233
726.925070         -34.788            83.292
726.914313         -34.757            83.351
726.903550         -34.727            83.410
726.892779         -34.696            83.469
726.882001         -34.665            83.528
726.871216         -34.634            83.587
726.860425         -34.603            83.646
726.849626         -34.572            83.705
726.838821         -34.541            83.764
726.828009         -34.510            83.823
726.817190         -34.478            83.881
726.806365         -34.447            83.940
726.795533         -34.416            83.999
726.784694         -34.385            84.057
726.773849         -34.354            84.116
726.762998         -34.322            84.174
726.752140         -34.291            84.233
726.741275         -34.260            84.291
726.730405         -34.228            84.350
726.719528         -34.197            84.408
726.708645         -34.165            84.466
726.697755         -34.134            84.524
726.686860         -34.102            84.583
726.675958         -34.071            84.641
726.665051         -34.039            84.699
726.654137         -34.007            84.757
726.643218         -33.976            84.815
726.632292         -33.944            84.873
726.621361         -33.912            84.931
726.610424         -33.881            84.989
726.599481         -33.849            85.046
726.588533         -33.817            85.104
726.577579         -33.785            85.162
726.566619         -33.753            85.219
726.555654         -33.722            85.277
726.544683         -33.690            85.335
726.533707         -33.658            85.392
726.522726         -33.626            85.450
726.511739         -33.594            85.507
726.500747         -33.562            85.564
726.489749         -33.529            85.622
726.478747         -33.497            85.679
726.467739         -33.465            85.736
726.456726         -33.433            85.794
726.445708         -33.401            85.851
726.434685         -33.369            85.908
726.423657         -33.336            85.965
726.412624         -33.304            86.022
726.401587         -33.272            86.079
726.390544         -33.239            86.136
726.379497         -33.207            86.193
726.368445         -33.175            86.250
726.357388         -33.142            86.306
726.346327         -33.110            86.363
726.335261         -33.077            86.420
726.324191         -33.045            86.477
726.313116         -33.012            86.533
726.302037         -32.979            86.590
726.290954         -32.947            86.646
726.279866         -32.914            86.703
726.268774         -32.881            86.759
726.257678         -32.849            86.816
726.246577         -32.816            86.872
726.235473         -32.783            86.928
726.224364         -32.750            86.985
726.213251         -32.718            87.041
726.202135         -32.685            87.097
726.191014         -32.652            87.153
726.179890         -32.619            87.209
726.168762         -32.586            87.265
726.157630         -32.553            87.321
726.146494         -32.520            87.377
726.135355         -32.487            87.433
726.124212         -32.454            87.489
726.113065         -32.421            87.545
726.101915         -32.388            87.601
726.090761         -32.354            87.657
726.079604         -32.321            87.712
726.068444         -32.288            87.768
726.057280         -32.255            87.824
726.046114         -32.222            87.879
726.034943         -32.188            87.935
726.023770         -32.155            87.990
726.012594         -32.122            88.046
726.001414         -32.088            88.101
725.990232         -32.055            88.156
725.979046         -32.021            88.212
725.967858         -31.988            88.267
725.956666         -31.954            88.322
725.945472         -31.921            88.377
725.934276         -31.887            88.432
725.923076         -31.854            88.488
725.911874         -31.820            88.543
725.900669         -31.787            88.598
725.889461         -31.753            88.653
725.878251         -31.719            88.707
725.867039         -31.685            88.762
725.855824         -31.652            88.817
725.844607         -31.618            88.872
725.833387         -31.584            88.927
725.822166         -31.550            88.981
725.810942         -31.517            89.036
725.799715         -31.483            89.091
725.788487         -31.449            89.145
725.777257         -31.415            89.200
725.766024         -31.381            89.254
725.754790         -31.347            89.309
725.743554         -31.313            89.363
725.732315         -31.279            89.418
725.721075         -31.245            89.472
725.709834         -31.211            89.526
725.698590         -31.177            89.581
725.687345         -31.142            89.635
725.676098         -31.108            89.689
725.664850         -31.074            89.743
725.653600         -31.040            89.797
725.642349         -31.006            89.851
725.631096         -30.971            89.905
725.619842         -30.937            89.959
725.608587         -30.903            90.013
725.597330         -30.868            90.067
725.586072         -30.834            90.121
725.574813         -30.799            90.175
725.563553         -30.765            90.228
725.552292         -30.731            90.282
725.541030         -30.696            90.336
725.529766         -30.662            90.389
725.518502         -30.627            90.443
725.507237         -30.592            90.496
725.495972         -30.558            90.550
725.484705         -30.523            90.603
725.473438         -30.489            90.657
725.462170         -30.454            90.710
725.450901         -30.419            90.764
725.439632         -30.385            90.817
725.428363         -30.350            90.870
725.417093         -30.315            90.923
725.405822         -30.280            90.977
725.394551         -30.245            91.030
725.383280         -30.211            91.083
725.372009         -30.176            91.136
725.360737         -30.141            91.189
725.349466         -30.106            91.242
725.338194         -30.071            91.295
725.326922         -30.036            91.348
725.315650         -30.001            91.401
725.304378         -29.966            91.453
725.293106         -29.931            91.506
725.281835         -29.896            91.559
725.270563         -29.861            91.612
725.259292         -29.826            91.664
725.248021         -29.791            91.717
725.236751         -29.755            91.769
725.225481         -29.720            91.822
725.214211         -29.685            91.875
725.202942         -29.650            91.927
725.191673         -29.614            91.979
725.180405         -29.579            92.032
725.169138         -29.544            92.084
725.157871         -29.509            92.136
725.146605         -29.473            92.189
725.135340         -29.438            92.241
725.124075         -29.402            92.293
725.112812         -29.367            92.345
725.101550         -29.331            92.397
725.090288         -29.296            92.449
725.079028         -29.260            92.502
725.067768         -29.225            92.554
725.056510         -29.189            92.605
725.045253         -29.154            92.657
725.033998         -29.118            92.709
725.022743         -29.083            92.761
725.011490         -29.047            92.813
725.000239         -29.011            92.865
724.988989         -28.976            92.916
724.977740         -28.940            92.968
724.966493         -28.904            93.020
724.955247         -28.868            93.071
724.944003         -28.833            93.123
724.932761         -28.797            93.174
724.921521         -28.761            93.226
724.910282         -28.725            93.277
724.899046         -28.689            93.329
724.887811         -28.653            93.380
724.876578         -28.617            93.432
724.865347         -28.581            93.483
724.854118         -28.545            93.534
724.842892         -28.509            93.585
724.831667         -28.473            93.637
724.820445         -28.437            93.688
724.809225         -28.401            93.739
724.798007         -28.365            93.790
724.786792         -28.329            93.841
724.775579         -28.293            93.892
724.764368         -28.257            93.943
724.753160         -28.221            93.994
724.741955         -28.184            94.045
724.730752         -28.148            94.096
724.719552         -28.112            94.147
724.708354         -28.076            94.197
724.697159         -28.039            94.248
724.685968         -28.003            94.299
724.674779         -27.967            94.349
724.663592         -27.930            94.400
724.652409         -27.894            94.451
724.641229         -27.858            94.501
724.630052         -27.821            94.552
724.618878         -27.785            94.602
724.607707         -27.748            94.653
724.596540         -27.712            94.703
724.585375         -27.675            94.754
724.574214         -27.639            94.804
724.563057         -27.602            94.854
724.551902         -27.566            94.904
724.540751         -27.529            94.955
724.529604         -27.493            95.005
724.518460         -27.456            95.055
724.507320         -27.419            95.105
724.496184         -27.383            95.155
724.485051         -27.346            95.205
724.473922         -27.309            95.255
724.462797         -27.272            95.305
724.451675         -27.236            95.355
724.440558         -27.199            95.405
724.429445         -27.162            95.455
724.418335         -27.125            95.505
724.407230         -27.088            95.555
724.396128         -27.052            95.605
724.385031         -27.015            95.654
724.373938         -26.978            95.704
724.362850         -26.941            95.754
724.351765         -26.904            95.803
724.340685         -26.867            95.853
724.329610         -26.830            95.903
724.318539         -26.793            95.952
724.307472         -26.756            96.002
724.296410         -26.719            96.051
724.285352         -26.682            96.100
724.274299         -26.645            96.150
724.263251         -26.608            96.199
724.252208         -26.570            96.249
724.241169         -26.533            96.298
724.230136         -26.496            96.347
724.219107         -26.459            96.396
724.208083         -26.422            96.446
724.197064         -26.384            96.495
724.186050         -26.347            96.544
724.175041         -26.310            96.593
724.164038         -26.273            96.642
724.153039         -26.235            96.691
724.142046         -26.198            96.740
724.131058         -26.161            96.789
724.120076         -26.123            96.838
724.109099         -26.086            96.887
724.098127         -26.048            96.936
724.087161         -26.011            96.984
724.076200         -25.974            97.033
724.065245         -25.936            97.082
724.054296         -25.899            97.131
724.043352         -25.861            97.179
724.032414         -25.824            97.228
724.021482         -25.786            97.277
724.010556         -25.748            97.325
723.999635         -25.711            97.374
723.988720         -25.673            97.422
723.977812         -25.636            97.471
723.966909         -25.598            97.519
723.956013         -25.560            97.568
723.945122         -25.523            97.616
723.934238         -25.485            97.664
723.923360         -25.447            97.713
723.912489         -25.409            97.761
723.901623         -25.372            97.809
723.890764         -25.334            97.857
723.879912         -25.296            97.906
723.869066         -25.258            97.954
723.858226         -25.220            98.002
723.847393         -25.183            98.050
723.836567         -25.145            98.098
723.825747         -25.107            98.146
723.814934         -25.069            98.194
723.804128         -25.031            98.242
723.793328         -24.993            98.290
723.782536         -24.955            98.338
723.771750         -24.917            98.386
723.760971         -24.879            98.434
723.750200         -24.841            98.481
723.739435         -24.803            98.529
723.728677         -24.765            98.577
723.717927         -24.727            98.625
723.707184         -24.689            98.672
723.696447         -24.651            98.720
723.685719         -24.613            98.768
723.674997         -24.574            98.815
723.664283         -24.536            98.863
723.653577         -24.498            98.910
723.642878         -24.460            98.958
723.632186         -24.422            99.005
723.621502         -24.383            99.053
723.610826         -24.345            99.100
723.600157         -24.307            99.147
723.589496         -24.269            99.195
723.578843         -24.230            99.242
723.568198         -24.192            99.289
723.557560         -24.154            99.337
723.546930         -24.115            99.384
723.536309         -24.077            99.431
723.525695         -24.038            99.478
723.515090         -24.000            99.525
723.504492         -23.962            99.572
723.493903         -23.923            99.619
723.483322         -23.885            99.666
723.472749         -23.846            99.713
723.462184         -23.808            99.760
723.451628         -23.769            99.807
723.441080         -23.731            99.854
723.430541         -23.692            99.901
723.420010         -23.654            99.948
723.409487         -23.615            99.995
723.398973         -23.576            100.042
723.388468         -23.538            100.088
723.377972         -23.499            100.135
723.367484         -23.461            100.182
723.357005         -23.422            100.229
723.346534         -23.383            100.275
723.336073         -23.344            100.322
723.325621         -23.306            100.368
723.315177         -23.267            100.415
723.304742         -23.228            100.461
723.294317         -23.190            100.508
723.283900         -23.151            100.554
723.273493         -23.112            100.601
723.263095         -23.073            100.647
723.252706         -23.034            100.694
723.242327         -22.995            100.740
723.231956         -22.957            100.786
723.221595         -22.918            100.833
723.211244         -22.879            100.879
723.200902         -22.840            100.925
723.190569         -22.801            100.971
723.180247         -22.762            101.018
723.169933         -22.723            101.064
723.159629         -22.684            101.110
723.149335         -22.645            101.156
723.139051         -22.606            101.202
723.128777         -22.567            101.248
723.118512         -22.528            101.294
723.108257         -22.489            101.340
723.098013         -22.450            101.386
723.087778         -22.411            101.432
723.077553         -22.372            101.478
723.067338         -22.333            101.524
723.057133         -22.293            101.570
723.046939         -22.254            101.615
723.036754         -22.215            101.661
723.026580         -22.176            101.707
723.016417         -22.137            101.753
723.006263         -22.097            101.798
722.996120         -22.058            101.844
722.985987         -22.019            101.890
722.975865         -21.980            101.935
722.965754         -21.940            101.981
722.955653         -21.901            102.026
722.945562         -21.862            102.072
722.935482         -21.823            102.117
722.925413         -21.783            102.163
722.915355         -21.744            102.208
722.905307         -21.705            102.254
722.895270         -21.665            102.299
722.885245         -21.626            102.345
722.875230         -21.586            102.390
722.865226         -21.547            102.435
722.855233         -21.507            102.481
722.845251         -21.468            102.526
722.835280         -21.429            102.571
722.825320         -21.389            102.616
722.815372         -21.350            102.662
722.805435         -21.310            102.707
722.795509         -21.271            102.752
722.785594         -21.231            102.797
722.775691         -21.191            102.842
722.765799         -21.152            102.887
722.755919         -21.112            102.932
722.746050         -21.073            102.977
722.736193         -21.033            103.022
722.726347         -20.993            103.067
722.716513         -20.954            103.112
722.706690         -20.914            103.157
722.696880         -20.874            103.202
722.687081         -20.835            103.247
722.677294         -20.795            103.292
722.667518         -20.755            103.336
722.657755         -20.716            103.381
722.648004         -20.676            103.426
722.638264         -20.636            103.471
722.628537         -20.596            103.515
722.618822         -20.557            103.560
722.609119         -20.517            103.605
722.599428         -20.477            103.649
722.589749         -20.437            103.694
722.580082         -20.397            103.738
722.570428         -20.357            103.783
722.560786         -20.318            103.828
722.551156         -20.278            103.872
722.541539         -20.238            103.917
722.531935         -20.198            103.961
722.522343         -20.158            104.005
722.512763         -20.118            104.050
722.503196         -20.078            104.094
722.493642         -20.038            104.139
722.484100         -19.998            104.183
722.474571         -19.958            104.227
722.465055         -19.918            104.271
722.455551         -19.878            104.316
722.446061         -19.838            104.360
722.436583         -19.798            104.404
722.427119         -19.758            104.448
722.417667         -19.718            104.493
722.408228         -19.678            104.537
722.398803         -19.638            104.581
722.389390         -19.598            104.625
722.379991         -19.557            104.669
722.370605         -19.517            104.713
722.361232         -19.477            104.757
722.351872         -19.437            104.801
722.342526         -19.397            104.845
722.333193         -19.357            104.889
722.323873         -19.316            104.933
722.314567         -19.276            104.977
722.305274         -19.236            105.021
722.295995         -19.196            105.064
722.286729         -19.156            105.108
722.277477         -19.115            105.152
722.268239         -19.075            105.196
722.259015         -19.035            105.240
722.249804         -18.994            105.283
722.240607         -18.954            105.327
722.231423         -18.914            105.371
722.222254         -18.873            105.414
722.213098         -18.833            105.458
722.203957         -18.793            105.502
722.194829         -18.752            105.545
722.185715         -18.712            105.589
722.176616         -18.672            105.632
722.167530         -18.631            105.676
722.158459         -18.591            105.719
722.149402         -18.550            105.763
722.140359         -18.510            105.806
722.131331         -18.469            105.850
722.122316         -18.429            105.893
722.113316         -18.388            105.937
722.104331         -18.348            105.980
722.095360         -18.307            106.023
722.086403         -18.267            106.067
722.077461         -18.226            106.110
722.068533         -18.186            106.153
722.059620         -18.145            106.197
722.050722         -18.105            106.240
722.041838         -18.064            106.283
722.032969         -18.023            106.326
722.024115         -17.983            106.369
722.015275         -17.942            106.413
722.006451         -17.902            106.456
721.997641         -17.861            106.499
721.988846         -17.820            106.542
721.980066         -17.780            106.585
721.971301         -17.739            106.628
721.962551         -17.698            106.671
721.953816         -17.658            106.714
721.945096         -17.617            106.757
721.936392         -17.576            106.800
721.927702         -17.535            106.843
721.919028         -17.495            106.886
721.910369         -17.454            106.929
721.901725         -17.413            106.972
721.893097         -17.372            107.015
721.884484         -17.332            107.057
721.875887         -17.291            107.100
721.867305         -17.250            107.143
721.858738         -17.209            107.186
721.850187         -17.168            107.229
721.841651         -17.127            107.271
721.833132         -17.087            107.314
721.824627         -17.046            107.357
721.816139         -17.005            107.399
721.807666         -16.964            107.442
721.799209         -16.923            107.485
721.790768         -16.882            107.527
721.782342         -16.841            107.570
721.773933         -16.800            107.613
721.765539         -16.759            107.655
721.757161         -16.718            107.698
721.748799         -16.677            107.740
721.740454         -16.636            107.783
721.732124         -16.595            107.825
721.723811         -16.554            107.868
721.715513         -16.513            107.910
721.707232         -16.472            107.952
721.698967         -16.431            107.995
721.690718         -16.390            108.037
721.682486         -16.349            108.080
721.674269         -16.308            108.122
721.666070         -16.267            108.164
721.657886         -16.226            108.207
721.649719         -16.185            108.249
721.641569         -16.144            108.291
721.633435         -16.103            108.333
721.625317         -16.062            108.376
721.617216         -16.021            108.418
721.609132         -15.979            108.460
721.601064         -15.938            108.502
721.593013         -15.897            108.544
721.584979         -15.856            108.586
721.576962         -15.815            108.629
721.568961         -15.773            108.671
721.560977         -15.732            108.713
721.553010         -15.691            108.755
721.545060         -15.650            108.797
721.537127         -15.609            108.839
721.529211         -15.567            108.881
721.521312         -15.526            108.923
721.513430         -15.485            108.965
721.505565         -15.444            109.007
721.497717         -15.402            109.049
721.489886         -15.361            109.091
721.482073         -15.320            109.132
721.474276         -15.278            109.174
721.466497         -15.237            109.216
721.458735         -15.196            109.258
721.450991         -15.154            109.300
721.443264         -15.113            109.342
721.435554         -15.072            109.383
721.427862         -15.030            109.425
721.420187         -14.989            109.467
721.412530         -14.948            109.509
721.404890         -14.906            109.550
721.397268         -14.865            109.592
721.389663         -14.823            109.634
721.382076         -14.782            109.675
721.374507         -14.741            109.717
721.366955         -14.699            109.759
721.359421         -14.658            109.800
721.351905         -14.616            109.842
721.344407         -14.575            109.883
721.336926         -14.533            109.925
721.329464         -14.492            109.967
721.322019         -14.450            110.008
721.314592         -14.409            110.050
721.307184         -14.367            110.091
721.299793         -14.326            110.133
721.292420         -14.284            110.174
721.285066         -14.243            110.215
721.277729         -14.201            110.257
721.270411         -14.159            110.298
721.263110         -14.118            110.340
721.255828         -14.076            110.381
721.248565         -14.035            110.422
721.241319         -13.993            110.464
721.234092         -13.952            110.505
721.226883         -13.910            110.546
721.219693         -13.868            110.588
721.212520         -13.827            110.629
721.205367         -13.785            110.670
721.198232         -13.743            110.711
721.191115         -13.702            110.753
721.184017         -13.660            110.794
721.176937         -13.618            110.835
721.169876         -13.577            110.876
721.162834         -13.535            110.917
721.155810         -13.493            110.959
721.148805         -13.452            111.000
721.141819         -13.410            111.041
721.134851         -13.368            111.082
721.127902         -13.326            111.123
721.120972         -13.285            111.164
721.114061         -13.243            111.205
721.107169         -13.201            111.246
721.100295         -13.159            111.287
721.093441         -13.118            111.328
721.086605         -13.076            111.369
721.079789         -13.034            111.410
721.072992         -12.992            111.451
721.066213         -12.951            111.492
721.059454         -12.909            111.533
721.052714         -12.867            111.574
721.045993         -12.825            111.615
721.039291         -12.783            111.656
721.032608         -12.741            111.697
721.025945         -12.700            111.738
721.019301         -12.658            111.778
721.012676         -12.616            111.819
721.006070         -12.574            111.860
720.999484         -12.532            111.901
720.992917         -12.490            111.942
720.986370         -12.448            111.982
720.979842         -12.406            112.023
720.973334         -12.364            112.064
720.966845         -12.323            112.105
720.960376         -12.281            112.145
720.953926         -12.239            112.186
720.947496         -12.197            112.227
720.941085         -12.155            112.267
720.934694         -12.113            112.308
720.928323         -12.071            112.349
720.921971         -12.029            112.389
720.915640         -11.987            112.430
720.909327         -11.945            112.471
720.903035         -11.903            112.511
720.896763         -11.861            112.552
720.890510         -11.819            112.592
720.884278         -11.777            112.633
720.878065         -11.735            112.673
720.871872         -11.693            112.714
720.865699         -11.651            112.754
720.859546         -11.609            112.795
720.853413         -11.567            112.835
720.847300         -11.525            112.876
720.841208         -11.483            112.916
720.835135         -11.441            112.957
720.829083         -11.399            112.997
720.823050         -11.356            113.038
720.817038         -11.314            113.078
720.811046         -11.272            113.118
720.805074         -11.230            113.159
720.799123         -11.188            113.199
720.793192         -11.146            113.240
720.787281         -11.104            113.280
720.781390         -11.062            113.320
720.775520         -11.019            113.361
720.769670         -10.977            113.401
720.763841         -10.935            113.441
720.758032         -10.893            113.481
720.752244         -10.851            113.522
720.746476         -10.809            113.562
720.740728         -10.767            113.602
720.735002         -10.724            113.642
720.729295         -10.682            113.683
720.723610         -10.640            113.723
720.717945         -10.598            113.763
720.712300         -10.556            113.803
720.706677         -10.513            113.843
720.701074         -10.471            113.883
720.695491         -10.429            113.924
720.689930         -10.387            113.964
720.684389         -10.344            114.004
720.678869         -10.302            114.044
720.673370         -10.260            114.084
720.667892         -10.218            114.124
720.662434         -10.175            114.164
720.656998         -10.133            114.204
720.651583         -10.091            114.244
720.646188         -10.049            114.284
720.640814         -10.006            114.324
720.635462         -9.964             114.364
720.630130         -9.922             114.404
720.624820         -9.879             114.444
720.619530         -9.837             114.484
720.614262         -9.795             114.524
720.609015         -9.752             114.564
720.603789         -9.710             114.604
720.598584         -9.668             114.644
720.593400         -9.625             114.684
720.588238         -9.583             114.724
720.583096         -9.541             114.764
720.577976         -9.498             114.804
720.572878         -9.456             114.844
720.567800         -9.414             114.884
720.562744         -9.371             114.923
720.557709         -9.329             114.963
720.552696         -9.286             115.003
720.547704         -9.244             115.043
720.542734         -9.202             115.083
720.537784         -9.159             115.123
720.532857         -9.117             115.162
720.527951         -9.074             115.202
720.523066         -9.032             115.242
720.518203         -8.990             115.282
720.513361         -8.947             115.322
720.508541         -8.905             115.361
720.503743         -8.862             115.401
720.498966         -8.820             115.441
720.494211         -8.777             115.480
720.489478         -8.735             115.520
720.484766         -8.692             115.560
720.480076         -8.650             115.600
720.475407         -8.607             115.639
720.470761         -8.565             115.679
720.466136         -8.523             115.719
720.461533         -8.480             115.758
720.456952         -8.438             115.798
720.452392         -8.395             115.837
720.447855         -8.353             115.877
720.443339         -8.310             115.917
720.438845         -8.268             115.956
720.434373         -8.225             115.996
720.429923         -8.182             116.035
720.425495         -8.140             116.075
720.421089         -8.097             116.115
720.416705         -8.055             116.154
720.412343         -8.012             116.194
720.408003         -7.970             116.233
720.403685         -7.927             116.273
720.399389         -7.885             116.312
720.395115         -7.842             116.352
720.390864         -7.800             116.391
720.386634         -7.757             116.431
720.382427         -7.714             116.470
720.378241         -7.672             116.510
720.374078         -7.629             116.549
720.369937         -7.587             116.589
720.365819         -7.544             116.628
720.361722         -7.501             116.668
720.357648         -7.459             116.707
720.353596         -7.416             116.746
720.349567         -7.374             116.786
720.345559         -7.331             116.825
720.341574         -7.288             116.865
720.337612         -7.246             116.904
720.333671         -7.203             116.943
720.329754         -7.161             116.983
720.325858         -7.118             117.022
720.321985         -7.075             117.061
720.318134         -7.033             117.101
720.314306         -6.990             117.140
720.310500         -6.947             117.179
720.306717         -6.905             117.219
720.302957         -6.862             117.258
720.299218         -6.819             117.297
720.295503         -6.777             117.337
720.291810         -6.734             117.376
720.288139         -6.691             117.415
720.284491         -6.649             117.455
720.280866         -6.606             117.494
720.277263         -6.563             117.533
720.273683         -6.521             117.572
720.270125         -6.478             117.612
720.266591         -6.435             117.651
720.263079         -6.392             117.690
720.259589         -6.350             117.729
720.256123         -6.307             117.769
720.252679         -6.264             117.808
720.249257         -6.222             117.847
720.245859         -6.179             117.886
720.242483         -6.136             117.925
720.239131         -6.093             117.965
720.235800         -6.051             118.004
720.232493         -6.008             118.043
720.229209         -5.965             118.082
720.225947         -5.923             118.121
720.222709         -5.880             118.160
720.219493         -5.837             118.200
720.216300         -5.794             118.239
720.213130         -5.751             118.278
720.209983         -5.709             118.317
720.206859         -5.666             118.356
720.203758         -5.623             118.395
720.200679         -5.580             118.434
720.197624         -5.538             118.473
720.194592         -5.495             118.513
720.191583         -5.452             118.552
720.188597         -5.409             118.591
720.185633         -5.367             118.630
720.182693         -5.324             118.669
720.179776         -5.281             118.708
720.176882         -5.238             118.747
720.174011         -5.195             118.786
720.171164         -5.153             118.825
720.168339         -5.110             118.864
720.165537         -5.067             118.903
720.162759         -5.024             118.942
720.160004         -4.981             118.981
720.157272         -4.939             119.020
720.154563         -4.896             119.059
720.151877         -4.853             119.098
720.149215         -4.810             119.137
720.146575         -4.767             119.176
720.143959         -4.724             119.215
720.141366         -4.682             119.254
720.138797         -4.639             119.293
720.136250         -4.596             119.332
720.133727         -4.553             119.371
720.131228         -4.510             119.410
720.128751         -4.467             119.449
720.126298         -4.425             119.488
720.123868         -4.382             119.527
720.121461         -4.339             119.566
720.119078         -4.296             119.605
720.116718         -4.253             119.644
720.114382         -4.210             119.683
720.112069         -4.167             119.722
720.109779         -4.125             119.761
720.107513         -4.082             119.799
720.105270         -4.039             119.838
720.103050         -3.996             119.877
720.100854         -3.953             119.916
720.098681         -3.910             119.955
720.096532         -3.867             119.994
720.094406         -3.824             120.033
720.092304         -3.781             120.072
720.090225         -3.739             120.111
720.088169         -3.696             120.150
720.086137         -3.653             120.188
720.084129         -3.610             120.227
720.082144         -3.567             120.266
720.080183         -3.524             120.305
720.078245         -3.481             120.344
720.076330         -3.438             120.383
720.074440         -3.395             120.422
720.072572         -3.353             120.460
720.070729         -3.310             120.499
720.068908         -3.267             120.538
720.067112         -3.224             120.577
720.065339         -3.181             120.616
720.063589         -3.138             120.655
720.061864         -3.095             120.693
720.060161         -3.052             120.732
720.058483         -3.009             120.771
720.056828         -2.966             120.810
720.055196         -2.923             120.849
720.053589         -2.880             120.888
720.052005         -2.838             120.926
720.050444         -2.795             120.965
720.048908         -2.752             121.004
720.047394         -2.709             121.043
720.045905         -2.666             121.082
720.044439         -2.623             121.120
720.042997         -2.580             121.159
720.041579         -2.537             121.198
720.040184         -2.494             121.237
720.038813         -2.451             121.275
720.037466         -2.408             121.314
720.036142         -2.365             121.353
720.034843         -2.322             121.392
720.033566         -2.279             121.431
720.032314         -2.236             121.469
720.031085         -2.193             121.508
720.029881         -2.150             121.547
720.028699         -2.108             121.586
720.027542         -2.065             121.624
720.026408         -2.022             121.663
720.025298         -1.979             121.702
720.024212         -1.936             121.741
720.023150         -1.893             121.779
720.022112         -1.850             121.818
720.021097         -1.807             121.857
720.020106         -1.764             121.896
720.019139         -1.721             121.934
720.018195         -1.678             121.973
720.017276         -1.635             122.012
720.016380         -1.592             122.051
720.015508         -1.549             122.089
720.014660         -1.506             122.128
720.013836         -1.463             122.167
720.013035         -1.420             122.205
720.012258         -1.377             122.244
720.011505         -1.334             122.283
720.010776         -1.291             122.322
720.010071         -1.248             122.360
720.009390         -1.205             122.399
720.008732         -1.162             122.438
720.008099         -1.119             122.476
720.007489         -1.076             122.515
720.006903         -1.033             122.554
720.006341         -0.990             122.593
720.005803         -0.947             122.631
720.005288         -0.905             122.670
720.004798         -0.862             122.709
720.004331         -0.819             122.747
720.003888         -0.776             122.786
720.003469         -0.733             122.825
720.003074         -0.690             122.864
720.002703         -0.647             122.902
720.002356         -0.604             122.941
720.002032         -0.561             122.980
720.001733         -0.518             123.018
720.001457         -0.475             123.057
720.001205         -0.432             123.096
720.000977         -0.389             123.135
720.000773         -0.346             123.173
720.000593         -0.303             123.212
720.000436         -0.260             123.251
720.000304         -0.217             123.289
720.000195         -0.174             123.328
720.000111         -0.131             123.367
720.000050         -0.088             123.405
720.000013         -0.045             123.444
720.000000         -0.002             123.483
720.000011         0.041              123.522
720.000046         0.084              123.560
720.000104         0.127              123.599
720.000187         0.170              123.638
720.000293         0.213              123.676
720.000423         0.256              123.715
720.000578         0.299              123.754
720.000756         0.342              123.792
720.000958         0.385              123.831
720.001183         0.428              123.870
720.001433         0.471              123.909
720.001707         0.514              123.947
720.002004         0.557              123.986
720.002325         0.600              124.025
720.002670         0.643              124.063
720.003040         0.686              124.102
720.003432         0.729              124.141
720.003849         0.772              124.179
720.004290         0.815              124.218
720.004754         0.858              124.257
720.005243         0.901              124.296
720.005755         0.944              124.334
720.006291         0.987              124.373
720.006851         1.030              124.412
720.007435         1.073              124.450
720.008042         1.115              124.489
720.008674         1.158              124.528
720.009329         1.201              124.567
720.010009         1.244              124.605
720.010712         1.287              124.644
720.011438         1.330              124.683
720.012189         1.373              124.721
720.012964         1.416              124.760
720.013762         1.459              124.799
720.014584         1.502              124.838
720.015430         1.545              124.876
720.016300         1.588              124.915
720.017194         1.631              124.954
720.018111         1.674              124.993
720.019052         1.717              125.031
720.020017         1.760              125.070
720.021006         1.803              125.109
720.022019         1.846              125.148
720.023055         1.889              125.186
720.024115         1.932              125.225
720.025199         1.975              125.264
720.026307         2.018              125.303
720.027438         2.061              125.341
720.028593         2.104              125.380
720.029772         2.147              125.419
720.030975         2.190              125.458
720.032202         2.233              125.496
720.033452         2.275              125.535
720.034726         2.318              125.574
720.036024         2.361              125.613
720.037345         2.404              125.651
720.038690         2.447              125.690
720.040059         2.490              125.729
720.041451         2.533              125.768
720.042868         2.576              125.807
720.044308         2.619              125.845
720.045771         2.662              125.884
720.047258         2.705              125.923
720.048769         2.748              125.962
720.050304         2.791              126.001
720.051862         2.834              126.039
720.053444         2.877              126.078
720.055050         2.919              126.117
720.056679         2.962              126.156
720.058332         3.005              126.195
720.060008         3.048              126.233
720.061708         3.091              126.272
720.063432         3.134              126.311
720.065179         3.177              126.350
720.066950         3.220              126.389
720.068745         3.263              126.428
720.070563         3.306              126.466
720.072404         3.349              126.505
720.074269         3.392              126.544
720.076158         3.434              126.583
720.078070         3.477              126.622
720.080006         3.520              126.661
720.081965         3.563              126.699
720.083948         3.606              126.738
720.085954         3.649              126.777
720.087984         3.692              126.816
720.090037         3.735              126.855
720.092114         3.778              126.894
720.094215         3.820              126.933
720.096338         3.863              126.972
720.098485         3.906              127.011
720.100656         3.949              127.049
720.102850         3.992              127.088
720.105067         4.035              127.127
720.107308         4.078              127.166
720.109573         4.121              127.205
720.111860         4.163              127.244
720.114171         4.206              127.283
720.116506         4.249              127.322
720.118863         4.292              127.361
720.121244         4.335              127.400
720.123649         4.378              127.439
720.126077         4.421              127.478
720.128528         4.463              127.517
720.131002         4.506              127.556
720.133500         4.549              127.595
720.136021         4.592              127.633
720.138565         4.635              127.672
720.141132         4.678              127.711
720.143723         4.721              127.750
720.146337         4.763              127.789
720.148974         4.806              127.828
720.151635         4.849              127.867
720.154318         4.892              127.906
720.157025         4.935              127.945
720.159755         4.977              127.984
720.162508         5.020              128.023
720.165285         5.063              128.063
720.168084         5.106              128.102
720.170907         5.149              128.141
720.173752         5.191              128.180
720.176621         5.234              128.219
720.179513         5.277              128.258
720.182428         5.320              128.297
720.185366         5.363              128.336
720.188327         5.405              128.375
720.191311         5.448              128.414
720.194318         5.491              128.453
720.197348         5.534              128.492
720.200402         5.577              128.531
720.203478         5.619              128.570
720.206577         5.662              128.610
720.209699         5.705              128.649
720.212844         5.748              128.688
720.216012         5.790              128.727
720.219203         5.833              128.766
720.222416         5.876              128.805
720.225653         5.919              128.844
720.228912         5.961              128.884
720.232195         6.004              128.923
720.235500         6.047              128.962
720.238828         6.090              129.001
720.242179         6.132              129.040
720.245552         6.175              129.079
720.248949         6.218              129.119
720.252368         6.260              129.158
720.255810         6.303              129.197
720.259274         6.346              129.236
720.262761         6.389              129.275
720.266271         6.431              129.315
720.269804         6.474              129.354
720.273360         6.517              129.393
720.276938         6.559              129.432
720.280538         6.602              129.472
720.284162         6.645              129.511
720.287807         6.687              129.550
720.291476         6.730              129.590
720.295167         6.773              129.629
720.298881         6.815              129.668
720.302617         6.858              129.707
720.306375         6.901              129.747
720.310157         6.943              129.786
720.313960         6.986              129.825
720.317786         7.029              129.865
720.321635         7.071              129.904
720.325506         7.114              129.944
720.329400         7.157              129.983
720.333315         7.199              130.022
720.337254         7.242              130.062
720.341214         7.285              130.101
720.345197         7.327              130.140
720.349202         7.370              130.180
720.353230         7.412              130.219
720.357280         7.455              130.259
720.361352         7.498              130.298
720.365447         7.540              130.338
720.369563         7.583              130.377
720.373702         7.625              130.416
720.377863         7.668              130.456
720.382046         7.711              130.495
720.386252         7.753              130.535
720.390479         7.796              130.574
720.394729         7.838              130.614
720.399001         7.881              130.653
720.403295         7.923              130.693
720.407611         7.966              130.732
720.411949         8.008              130.772
720.416309         8.051              130.811
720.420691         8.094              130.851
720.425095         8.136              130.891
720.429521         8.179              130.930
720.433969         8.221              130.970
720.438439         8.264              131.009
720.442931         8.306              131.049
720.447445         8.349              131.089
720.451980         8.391              131.128
720.456538         8.434              131.168
720.461117         8.476              131.207
720.465718         8.519              131.247
720.470341         8.561              131.287
720.474985         8.604              131.326
720.479652         8.646              131.366
720.484340         8.689              131.406
720.489050         8.731              131.445
720.493781         8.773              131.485
720.498534         8.816              131.525
720.503309         8.858              131.565
720.508106         8.901              131.604
720.512924         8.943              131.644
720.517763         8.986              131.684
720.522624         9.028              131.724
720.527507         9.071              131.763
720.532411         9.113              131.803
720.537337         9.155              131.843
720.542284         9.198              131.883
720.547253         9.240              131.923
720.552243         9.283              131.962
720.557254         9.325              132.002
720.562287         9.367              132.042
720.567341         9.410              132.082
720.572417         9.452              132.122
720.577513         9.494              132.162
720.582631         9.537              132.202
720.587771         9.579              132.241
720.592931         9.622              132.281
720.598113         9.664              132.321
720.603316         9.706              132.361
720.608540         9.749              132.401
720.613786         9.791              132.441
720.619052         9.833              132.481
720.624339         9.876              132.521
720.629648         9.918              132.561
720.634978         9.960              132.601
720.640328         10.002             132.641
720.645700         10.045             132.681
720.651093         10.087             132.721
720.656506         10.129             132.761
720.661941         10.172             132.801
720.667396         10.214             132.841
720.672873         10.256             132.881
720.678370         10.298             132.922
720.683888         10.341             132.962
720.689427         10.383             133.002
720.694986         10.425             133.042
720.700567         10.467             133.082
720.706168         10.510             133.122
720.711790         10.552             133.162
720.717432         10.594             133.203
720.723095         10.636             133.243
720.728779         10.678             133.283
720.734484         10.721             133.323
720.740208         10.763             133.363
720.745954         10.805             133.404
720.751720         10.847             133.444
720.757507         10.889             133.484
720.763314         10.931             133.524
720.769141         10.974             133.565
720.774989         11.016             133.605
720.780857         11.058             133.645
720.786746         11.100             133.686
720.792655         11.142             133.726
720.798584         11.184             133.766
720.804534         11.226             133.807
720.810504         11.268             133.847
720.816494         11.311             133.887
720.822504         11.353             133.928
720.828535         11.395             133.968
720.834586         11.437             134.009
720.840657         11.479             134.049
720.846747         11.521             134.090
720.852858         11.563             134.130
720.858990         11.605             134.171
720.865141         11.647             134.211
720.871312         11.689             134.252
720.877503         11.731             134.292
720.883714         11.773             134.333
720.889945         11.815             134.373
720.896195         11.857             134.414
720.902466         11.899             134.454
720.908756         11.941             134.495
720.915067         11.983             134.536
720.921397         12.025             134.576
720.927746         12.067             134.617
720.934116         12.109             134.657
720.940505         12.151             134.698
720.946914         12.193             134.739
720.953342         12.235             134.779
720.959790         12.277             134.820
720.966258         12.319             134.861
720.972745         12.361             134.902
720.979252         12.403             134.942
720.985778         12.445             134.983
720.992323         12.486             135.024
720.998888         12.528             135.065
721.005473         12.570             135.105
721.012076         12.612             135.146
721.018699         12.654             135.187
721.025342         12.696             135.228
721.032003         12.738             135.269
721.038684         12.779             135.310
721.045384         12.821             135.351
721.052104         12.863             135.391
721.058842         12.905             135.432
721.065600         12.947             135.473
721.072376         12.989             135.514
721.079172         13.030             135.555
721.085987         13.072             135.596
721.092821         13.114             135.637
721.099673         13.156             135.678
721.106545         13.197             135.719
721.113436         13.239             135.760
721.120345         13.281             135.801
721.127273         13.323             135.842
721.134220         13.364             135.883
721.141186         13.406             135.925
721.148171         13.448             135.966
721.155174         13.490             136.007
721.162196         13.531             136.048
721.169237         13.573             136.089
721.176296         13.615             136.130
721.183374         13.656             136.172
721.190471         13.698             136.213
721.197586         13.740             136.254
721.204719         13.781             136.295
721.211871         13.823             136.336
721.219042         13.865             136.378
721.226231         13.906             136.419
721.233438         13.948             136.460
721.240663         13.989             136.502
721.247907         14.031             136.543
721.255169         14.073             136.584
721.262450         14.114             136.626
721.269748         14.156             136.667
721.277065         14.197             136.709
721.284400         14.239             136.750
721.291753         14.280             136.791
721.299124         14.322             136.833
721.306513         14.363             136.874
721.313920         14.405             136.916
721.321345         14.446             136.957
721.328788         14.488             136.999
721.336249         14.529             137.040
721.343728         14.571             137.082
721.351225         14.612             137.124
721.358739         14.654             137.165
721.366272         14.695             137.207
721.373822         14.737             137.248
721.381389         14.778             137.290
721.388975         14.820             137.332
721.396578         14.861             137.373
721.404198         14.902             137.415
721.411836         14.944             137.457
721.419492         14.985             137.498
721.427165         15.027             137.540
721.434856         15.068             137.582
721.442564         15.109             137.624
721.450290         15.151             137.666
721.458033         15.192             137.707
721.465793         15.233             137.749
721.473570         15.275             137.791
721.481365         15.316             137.833
721.489177         15.357             137.875
721.497006         15.399             137.917
721.504853         15.440             137.959
721.512716         15.481             138.001
721.520597         15.522             138.043
721.528494         15.564             138.085
721.536409         15.605             138.127
721.544341         15.646             138.169
721.552289         15.687             138.211
721.560255         15.729             138.253
721.568237         15.770             138.295
721.576236         15.811             138.337
721.584252         15.852             138.379
721.592285         15.893             138.421
721.600334         15.934             138.463
721.608400         15.976             138.505
721.616483         16.017             138.548
721.624582         16.058             138.590
721.632698         16.099             138.632
721.640831         16.140             138.674
721.648980         16.181             138.717
721.657145         16.222             138.759
721.665327         16.263             138.801
721.673526         16.304             138.843
721.681740         16.346             138.886
721.689971         16.387             138.928
721.698219         16.428             138.971
721.706482         16.469             139.013
721.714762         16.510             139.055
721.723058         16.551             139.098
721.731370         16.592             139.140
721.739698         16.633             139.183
721.748042         16.674             139.225
721.756403         16.715             139.268
721.764779         16.756             139.310
721.773171         16.797             139.353
721.781579         16.837             139.395
721.790003         16.878             139.438
721.798443         16.919             139.481
721.806899         16.960             139.523
721.815370         17.001             139.566
721.823857         17.042             139.609
721.832360         17.083             139.651
721.840879         17.124             139.694
721.849413         17.165             139.737
721.857962         17.205             139.779
721.866528         17.246             139.822
721.875108         17.287             139.865
721.883704         17.328             139.908
721.892316         17.369             139.951
721.900943         17.409             139.994
721.909585         17.450             140.036
721.918243         17.491             140.079
721.926916         17.532             140.122
721.935604         17.572             140.165
721.944307         17.613             140.208
721.953025         17.654             140.251
721.961759         17.695             140.294
721.970507         17.735             140.337
721.979271         17.776             140.380
721.988050         17.817             140.423
721.996843         17.857             140.466
722.005651         17.898             140.510
722.014475         17.939             140.553
722.023313         17.979             140.596
722.032166         18.020             140.639
722.041034         18.060             140.682
722.049916         18.101             140.725
722.058813         18.141             140.769
722.067725         18.182             140.812
722.076651         18.223             140.855
722.085592         18.263             140.898
722.094547         18.304             140.942
722.103517         18.344             140.985
722.112501         18.385             141.029
722.121500         18.425             141.072
722.130513         18.466             141.115
722.139540         18.506             141.159
722.148582         18.547             141.202
722.157638         18.587             141.246
722.166708         18.627             141.289
722.175792         18.668             141.333
722.184890         18.708             141.376
722.194003         18.749             141.420
722.203129         18.789             141.464
722.212269         18.829             141.507
722.221423         18.870             141.551
722.230592         18.910             141.594
722.239774         18.950             141.638
722.248970         18.991             141.682
722.258179         19.031             141.726
722.267403         19.071             141.769
722.276640         19.112             141.813
722.285890         19.152             141.857
722.295155         19.192             141.901
722.304433         19.232             141.945
722.313724         19.273             141.988
722.323029         19.313             142.032
722.332347         19.353             142.076
722.341679         19.393             142.120
722.351024         19.433             142.164
722.360383         19.474             142.208
722.369755         19.514             142.252
722.379139         19.554             142.296
722.388538         19.594             142.340
722.397949         19.634             142.384
722.407373         19.674             142.429
722.416811         19.714             142.473
722.426261         19.754             142.517
722.435725         19.794             142.561
722.445201         19.834             142.605
722.454691         19.874             142.649
722.464193         19.914             142.694
722.473708         19.954             142.738
722.483236         19.994             142.782
722.492776         20.034             142.827
722.502330         20.074             142.871
722.511895         20.114             142.915
722.521474         20.154             142.960
722.531065         20.194             143.004
722.540668         20.234             143.049
722.550284         20.274             143.093
722.559913         20.314             143.138
722.569554         20.354             143.182
722.579207         20.394             143.227
722.588872         20.433             143.271
722.598550         20.473             143.316
722.608240         20.513             143.360
722.617942         20.553             143.405
722.627656         20.593             143.450
722.637382         20.632             143.495
722.647121         20.672             143.539
722.656871         20.712             143.584
722.666633         20.752             143.629
722.676407         20.791             143.674
722.686193         20.831             143.718
722.695991         20.871             143.763
722.705801         20.911             143.808
722.715622         20.950             143.853
722.725455         20.990             143.898
722.735300         21.029             143.943
722.745156         21.069             143.988
722.755024         21.109             144.033
722.764903         21.148             144.078
722.774794         21.188             144.123
722.784696         21.227             144.168
722.794610         21.267             144.213
722.804535         21.306             144.258
722.814471         21.346             144.304
722.824418         21.385             144.349
722.834377         21.425             144.394
722.844347         21.464             144.439
722.854328         21.504             144.484
722.864320         21.543             144.530
722.874322         21.583             144.575
722.884336         21.622             144.620
722.894361         21.662             144.666
722.904397         21.701             144.711
722.914444         21.740             144.757
722.924501         21.780             144.802
722.934569         21.819             144.848
722.944648         21.858             144.893
722.954738         21.898             144.939
722.964838         21.937             144.984
722.974948         21.976             145.030
722.985070         22.015             145.075
722.995201         22.055             145.121
723.005343         22.094             145.167
723.015496         22.133             145.212
723.025659         22.172             145.258
723.035832         22.212             145.304
723.046015         22.251             145.350
723.056209         22.290             145.396
723.066413         22.329             145.441
723.076627         22.368             145.487
723.086851         22.407             145.533
723.097085         22.446             145.579
723.107328         22.485             145.625
723.117582         22.524             145.671
723.127846         22.563             145.717
723.138120         22.603             145.763
723.148403         22.642             145.809
723.158696         22.681             145.855
723.168999         22.720             145.901
723.179311         22.758             145.947
723.189634         22.797             145.994
723.199965         22.836             146.040
723.210306         22.875             146.086
723.220657         22.914             146.132
723.231017         22.953             146.179
723.241386         22.992             146.225
723.251765         23.031             146.271
723.262153         23.070             146.318
723.272550         23.108             146.364
723.282957         23.147             146.411
723.293372         23.186             146.457
723.303797         23.225             146.504
723.314231         23.264             146.550
723.324674         23.302             146.597
723.335125         23.341             146.643
723.345586         23.380             146.690
723.356055         23.418             146.736
723.366534         23.457             146.783
723.377021         23.496             146.830
723.387517         23.534             146.877
723.398021         23.573             146.923
723.408534         23.612             146.970
723.419056         23.650             147.017
723.429586         23.689             147.064
723.440125         23.727             147.111
723.450672         23.766             147.158
723.461227         23.804             147.205
723.471791         23.843             147.251
723.482363         23.881             147.298
723.492944         23.920             147.346
723.503532         23.958             147.393
723.514129         23.997             147.440
723.524734         24.035             147.487
723.535347         24.073             147.534
723.545968         24.112             147.581
723.556596         24.150             147.628
723.567233         24.188             147.676
723.577878         24.227             147.723
723.588530         24.265             147.770
723.599191         24.303             147.817
723.609859         24.342             147.865
723.620534         24.380             147.912
723.631218         24.418             147.960
723.641908         24.456             148.007
723.652607         24.495             148.055
723.663313         24.533             148.102
723.674026         24.571             148.150
723.684747         24.609             148.197
723.695475         24.647             148.245
723.706210         24.685             148.293
723.716953         24.723             148.340
723.727703         24.762             148.388
723.738460         24.800             148.436
723.749224         24.838             148.483
723.759995         24.876             148.531
723.770773         24.914             148.579
723.781558         24.952             148.627
723.792350         24.990             148.675
723.803149         25.028             148.723
723.813954         25.065             148.771
723.824767         25.103             148.819
723.835586         25.141             148.867
723.846412         25.179             148.915
723.857244         25.217             148.963
723.868083         25.255             149.011
723.878929         25.293             149.059
723.889781         25.330             149.107
723.900639         25.368             149.156
723.911504         25.406             149.204
723.922375         25.444             149.252
723.933252         25.481             149.300
723.944136         25.519             149.349
723.955026         25.557             149.397
723.965922         25.595             149.446
723.976824         25.632             149.494
723.987732         25.670             149.543
723.998646         25.707             149.591
724.009566         25.745             149.640
724.020491         25.783             149.688
724.031423         25.820             149.737
724.042361         25.858             149.785
724.053304         25.895             149.834
724.064253         25.933             149.883
724.075207         25.970             149.932
724.086167         26.008             149.980
724.097133         26.045             150.029
724.108104         26.082             150.078
724.119081         26.120             150.127
724.130063         26.157             150.176
724.141050         26.195             150.225
724.152043         26.232             150.274
724.163041         26.269             150.323
724.174044         26.307             150.372
724.185052         26.344             150.421
724.196066         26.381             150.470
724.207084         26.418             150.519
724.218107         26.455             150.568
724.229136         26.493             150.618
724.240169         26.530             150.667
724.251207         26.567             150.716
724.262250         26.604             150.765
724.273298         26.641             150.815
724.284350         26.678             150.864
724.295407         26.715             150.914
724.306469         26.752             150.963
724.317535         26.790             151.013
724.328606         26.827             151.062
724.339681         26.864             151.112
724.350761         26.901             151.161
724.361845         26.937             151.211
724.372933         26.974             151.261
724.384026         27.011             151.310
724.395123         27.048             151.360
724.406223         27.085             151.410
724.417328         27.122             151.460
724.428438         27.159             151.509
724.439551         27.196             151.559
724.450668         27.232             151.609
724.461789         27.269             151.659
724.472914         27.306             151.709
724.484042         27.343             151.759
724.495175         27.379             151.809
724.506311         27.416             151.859
724.517451         27.453             151.910
724.528594         27.489             151.960
724.539741         27.526             152.010
724.550891         27.562             152.060
724.562045         27.599             152.110
724.573203         27.636             152.161
724.584364         27.672             152.211
724.595528         27.709             152.261
724.606695         27.745             152.312
724.617865         27.782             152.362
724.629039         27.818             152.413
724.640216         27.854             152.463
724.651396         27.891             152.514
724.662579         27.927             152.565
724.673765         27.964             152.615
724.684953         28.000             152.666
724.696145         28.036             152.717
724.707340         28.072             152.767
724.718537         28.109             152.818
724.729737         28.145             152.869
724.740939         28.181             152.920
724.752144         28.217             152.971
724.763352         28.254             153.022
724.774563         28.290             153.073
724.785775         28.326             153.124
724.796990         28.362             153.175
724.808208         28.398             153.226
724.819428         28.434             153.277
724.830650         28.470             153.328
724.841874         28.506             153.379
724.853101         28.542             153.430
724.864329         28.578             153.482
724.875560         28.614             153.533
724.886793         28.650             153.584
724.898027         28.686             153.636
724.909264         28.722             153.687
724.920502         28.758             153.739
724.931743         28.794             153.790
724.942984         28.829             153.842
724.954228         28.865             153.893
724.965474         28.901             153.945
724.976721         28.937             153.996
724.987969         28.972             154.048
724.999219         29.008             154.100
725.010471         29.044             154.152
725.021723         29.079             154.203
725.032978         29.115             154.255
725.044233         29.151             154.307
725.055490         29.186             154.359
725.066748         29.222             154.411
725.078007         29.257             154.463
725.089268         29.293             154.515
725.100529         29.328             154.567
725.111791         29.364             154.619
725.123055         29.399             154.671
725.134319         29.435             154.723
725.145584         29.470             154.776
725.156850         29.505             154.828
725.168116         29.541             154.880
725.179384         29.576             154.933
725.190652         29.611             154.985
725.201920         29.647             155.037
725.213190         29.682             155.090
725.224459         29.717             155.142
725.235729         29.752             155.195
725.247000         29.787             155.248
725.258271         29.822             155.300
725.269542         29.858             155.353
725.280813         29.893             155.405
725.292085         29.928             155.458
725.303357         29.963             155.511
725.314628         29.998             155.564
725.325900         30.033             155.617
725.337172         30.068             155.670
725.348444         30.103             155.723
725.359716         30.138             155.775
725.370987         30.173             155.829
725.382259         30.207             155.882
725.393530         30.242             155.935
725.404801         30.277             155.988
725.416071         30.312             156.041
725.427341         30.347             156.094
725.438611         30.381             156.147
725.449880         30.416             156.201
725.461149         30.451             156.254
725.472417         30.486             156.307
725.483684         30.520             156.361
725.494951         30.555             156.414
725.506216         30.589             156.468
725.517481         30.624             156.521
725.528746         30.658             156.575
725.540009         30.693             156.629
725.551271         30.727             156.682
725.562533         30.762             156.736
725.573793         30.796             156.790
725.585052         30.831             156.844
725.596310         30.865             156.897
725.607567         30.900             156.951
725.618822         30.934             157.005
725.630076         30.968             157.059
725.641329         31.002             157.113
725.652581         31.037             157.167
725.663831         31.071             157.221
725.675079         31.105             157.275
725.686326         31.139             157.330
725.697571         31.173             157.384
725.708815         31.208             157.438
725.720057         31.242             157.492
725.731297         31.276             157.547
725.742535         31.310             157.601
725.753772         31.344             157.655
725.765006         31.378             157.710
725.776239         31.412             157.764
725.787469         31.446             157.819
725.798698         31.480             157.873
725.809924         31.513             157.928
725.821148         31.547             157.983
725.832370         31.581             158.037
725.843590         31.615             158.092
725.854808         31.649             158.147
725.866023         31.682             158.202
725.877235         31.716             158.257
725.888446         31.750             158.312
725.899653         31.784             158.367
725.910858         31.817             158.422
725.922061         31.851             158.477
725.933261         31.884             158.532
725.944458         31.918             158.587
725.955652         31.951             158.642
725.966844         31.985             158.697
725.978032         32.018             158.753
725.989218         32.052             158.808
726.000401         32.085             158.863
726.011581         32.119             158.919
726.022757         32.152             158.974
726.033931         32.185             159.030
726.045101         32.219             159.085
726.056269         32.252             159.141
726.067432         32.285             159.196
726.078593         32.318             159.252
726.089750         32.351             159.308
726.100904         32.385             159.363
726.112055         32.418             159.419
726.123201         32.451             159.475
726.134345         32.484             159.531
726.145485         32.517             159.587
726.156621         32.550             159.643
726.167753         32.583             159.699
726.178881         32.616             159.755
726.190006         32.649             159.811
726.201127         32.682             159.867
726.212244         32.715             159.923
726.223357         32.747             159.979
726.234466         32.780             160.036
726.245571         32.813             160.092
726.256672         32.846             160.148
726.267769         32.878             160.205
726.278861         32.911             160.261
726.289949         32.944             160.318
726.301033         32.976             160.374
726.312113         33.009             160.431
726.323188         33.042             160.487
726.334258         33.074             160.544
726.345325         33.107             160.601
726.356386         33.139             160.658
726.367443         33.172             160.714
726.378496         33.204             160.771
726.389543         33.236             160.828
726.400586         33.269             160.885
726.411624         33.301             160.942
726.422657         33.333             160.999
726.433686         33.366             161.056
726.444709         33.398             161.113
726.455728         33.430             161.170
726.466741         33.462             161.228
726.477749         33.494             161.285
726.488752         33.527             161.342
726.499750         33.559             161.399
726.510743         33.591             161.457
726.521730         33.623             161.514
726.532712         33.655             161.572
726.543689         33.687             161.629
726.554660         33.719             161.687
726.565626         33.751             161.745
726.576586         33.782             161.802
726.587541         33.814             161.860
726.598489         33.846             161.918
726.609433         33.878             161.975
726.620370         33.910             162.033
726.631302         33.941             162.091
726.642228         33.973             162.149
726.653148         34.005             162.207
726.664062         34.036             162.265
726.674970         34.068             162.323
726.685872         34.099             162.381
726.696768         34.131             162.439
726.707658         34.162             162.498
726.718542         34.194             162.556
726.729419         34.225             162.614
726.740291         34.257             162.673
726.751156         34.288             162.731
726.762014         34.319             162.789
726.772866         34.351             162.848
726.783712         34.382             162.906
726.794551         34.413             162.965
726.805384         34.444             163.024
726.816210         34.476             163.082
726.827029         34.507             163.141
726.837842         34.538             163.200
726.848647         34.569             163.259
726.859446         34.600             163.318
726.870239         34.631             163.376
726.881024         34.662             163.435
726.891802         34.693             163.494
726.902574         34.724             163.553
726.913338         34.755             163.613
726.924095         34.786             163.672
726.934845         34.816             163.731
726.945588         34.847             163.790
726.956324         34.878             163.849
726.967052         34.909             163.909
726.977773         34.939             163.968
726.988487         34.970             164.028
726.999193         35.001             164.087
727.009892         35.031             164.147
727.020584         35.062             164.206
727.031267         35.092             164.266
727.041943         35.123             164.325
727.052612         35.153             164.385
727.063272         35.183             164.445
727.073925         35.214             164.505
727.084571         35.244             164.565
727.095208         35.275             164.624
727.105837         35.305             164.684
727.116459         35.335             164.744
727.127072         35.365             164.804
727.137678         35.395             164.865
727.148275         35.426             164.925
727.158864         35.456             164.985
727.169445         35.486             165.045
727.180018         35.516             165.105
727.190582         35.546             165.166
727.201138         35.576             165.226
727.211686         35.606             165.287
727.222226         35.636             165.347
727.232756         35.665             165.408
727.243279         35.695             165.468
727.253793         35.725             165.529
727.264298         35.755             165.589
727.274794         35.785             165.650
727.285282         35.814             165.711
727.295761         35.844             165.772
727.306232         35.873             165.833
727.316693         35.903             165.893
727.327146         35.933             165.954
727.337589         35.962             166.015
727.348024         35.992             166.076
727.358449         36.021             166.138
727.368866         36.050             166.199
727.379273         36.080             166.260
727.389672         36.109             166.321
727.400061         36.138             166.382
727.410440         36.168             166.444
727.420811         36.197             166.505
727.431172         36.226             166.567
727.441524         36.255             166.628
727.451866         36.284             166.690
727.462199         36.313             166.751
727.472522         36.342             166.813
727.482836         36.371             166.875
727.493140         36.400             166.936
727.503434         36.429             166.998
727.513719         36.458             167.060
727.523993         36.487             167.122
727.534258         36.516             167.184
727.544514         36.545             167.246
727.554759         36.574             167.308
727.564994         36.602             167.370
727.575220         36.631             167.432
727.585435         36.660             167.494
727.595640         36.688             167.556
727.605835         36.717             167.619
727.616020         36.745             167.681
727.626195         36.774             167.743
727.636359         36.802             167.806
727.646513         36.831             167.868
727.656657         36.859             167.931
727.666790         36.887             167.993
727.676913         36.916             168.056
727.687025         36.944             168.119
727.697127         36.972             168.181
727.707218         37.000             168.244
727.717299         37.028             168.307
727.727369         37.057             168.370
727.737428         37.085             168.433
727.747477         37.113             168.496
727.757514         37.141             168.559
727.767541         37.169             168.622
727.777557         37.197             168.685
727.787562         37.224             168.748
727.797556         37.252             168.811
727.807539         37.280             168.874
727.817511         37.308             168.938
727.827471         37.336             169.001
727.837421         37.363             169.064
727.847359         37.391             169.128
727.857286         37.419             169.191
727.867202         37.446             169.255
727.877107         37.474             169.319
727.887000         37.501             169.382
727.896881         37.529             169.446
727.906751         37.556             169.510
727.916610         37.583             169.574
727.926457         37.611             169.637
727.936293         37.638             169.701
727.946116         37.665             169.765
727.955928         37.693             169.829
727.965729         37.720             169.893
727.975517         37.747             169.957
727.985294         37.774             170.022
727.995059         37.801             170.086
728.004812         37.828             170.150
728.014553         37.855             170.214
728.024282         37.882             170.279
728.033999         37.909             170.343
728.043704         37.936             170.407
728.053397         37.963             170.472
728.063077         37.989             170.537
728.072746         38.016             170.601
728.082402         38.043             170.666
728.092046         38.070             170.730
728.101677         38.096             170.795
728.111296         38.123             170.860
728.120903         38.149             170.925
728.130497         38.176             170.990
728.140079         38.202             171.055
728.149648         38.229             171.120
728.159204         38.255             171.185
728.168748         38.281             171.250
728.178279         38.308             171.315
728.187798         38.334             171.380
728.197303         38.360             171.445
728.206796         38.386             171.511
728.216276         38.413             171.576
728.225743         38.439             171.641
728.235197         38.465             171.707
728.244639         38.491             171.772
728.254067         38.517             171.838
728.263482         38.543             171.904
728.272884         38.568             171.969
728.282273         38.594             172.035
728.291648         38.620             172.101
728.301011         38.646             172.166
728.310360         38.672             172.232
728.319696         38.697             172.298
728.329018         38.723             172.364
728.338327         38.749             172.430
728.347623         38.774             172.496
728.356905         38.800             172.562
728.366173         38.825             172.628
728.375428         38.850             172.695
728.384670         38.876             172.761
728.393898         38.901             172.827
728.403112         38.926             172.894
728.412312         38.952             172.960
728.421499         38.977             173.026
728.430671         39.002             173.093
728.439830         39.027             173.159
728.448975         39.052             173.226
728.458106         39.077             173.293
728.467223         39.102             173.359
728.476326         39.127             173.426
728.485415         39.152             173.493
728.494490         39.177             173.560
728.503551         39.202             173.627
728.512598         39.227             173.694
728.521630         39.251             173.761
728.530648         39.276             173.828
728.539652         39.301             173.895
728.548642         39.325             173.962
728.557617         39.350             174.029
728.566577         39.374             174.096
728.575524         39.399             174.164
728.584455         39.423             174.231
728.593373         39.448             174.298
728.602275         39.472             174.366
728.611163         39.496             174.433
728.620037         39.521             174.501
728.628895         39.545             174.568
728.637739         39.569             174.636
728.646568         39.593             174.704
728.655383         39.617             174.771
728.664182         39.641             174.839
728.672967         39.665             174.907
728.681736         39.689             174.975
728.690491         39.713             175.043
728.699231         39.737             175.111
728.707955         39.761             175.179
728.716665         39.785             175.247
728.725359         39.808             175.315
728.734039         39.832             175.383
728.742703         39.856             175.452
728.751351         39.879             175.520
728.759985         39.903             175.588
728.768603         39.926             175.657
728.777206         39.950             175.725
728.785793         39.973             175.794
728.794365         39.996             175.862
728.802922         40.020             175.931
728.811463         40.043             175.999
728.819988         40.066             176.068
728.828498         40.089             176.137
728.836992         40.112             176.205
728.845471         40.136             176.274
728.853934         40.159             176.343
728.862381         40.182             176.412
728.870812         40.204             176.481
728.879228         40.227             176.550
728.887628         40.250             176.619
728.896012         40.273             176.688
728.904379         40.296             176.758
728.912731         40.318             176.827
728.921067         40.341             176.896
728.929387         40.364             176.965
728.937691         40.386             177.035
728.945979         40.409             177.104
728.954250         40.431             177.174
728.962506         40.454             177.243
728.970745         40.476             177.313
728.978968         40.498             177.382
728.987174         40.521             177.452
728.995365         40.543             177.522
729.003539         40.565             177.591
729.011696         40.587             177.661
729.019837         40.609             177.731
729.027962         40.631             177.801
729.036070         40.653             177.871
729.044161         40.675             177.941
729.052236         40.697             178.011
729.060295         40.719             178.081
729.068336         40.741             178.151
729.076361         40.763             178.221
729.084370         40.785             178.292
729.092361         40.806             178.362
729.100336         40.828             178.432
729.108294         40.849             178.503
729.116235         40.871             178.573
729.124159         40.892             178.644
729.132066         40.914             178.714
729.139956         40.935             178.785
729.147829         40.957             178.855
729.155685         40.978             178.926
729.163524         40.999             178.997
729.171346         41.020             179.068
729.179151         41.041             179.138
729.186939         41.062             179.209
729.194709         41.083             179.280
729.202462         41.104             179.351
729.210198         41.125             179.422
729.217916         41.146             179.493
729.225617         41.167             179.564
729.233301         41.188             179.636
729.240968         41.209             179.707
729.248616         41.229             179.778
729.256248         41.250             179.849
729.263862         41.271             179.921
729.271458         41.291             179.992
729.279037         41.312             -179.936
729.286598         41.332             -179.865
729.294141         41.353             -179.793
729.301667         41.373             -179.722
729.309175         41.393             -179.650
729.316665         41.413             -179.579
729.324137         41.434             -179.507
729.331592         41.454             -179.435
729.339028         41.474             -179.363
729.346447         41.494             -179.291
729.353848         41.514             -179.219
729.361231         41.534             -179.148
729.368596         41.554             -179.076
729.375943         41.574             -179.003
729.383272         41.593             -178.931
729.390582         41.613             -178.859
729.397875         41.633             -178.787
729.405149         41.652             -178.715
729.412406         41.672             -178.643
729.419644         41.692             -178.570
729.426864         41.711             -178.498
729.434065         41.731             -178.425
729.441248         41.750             -178.353
729.448413         41.769             -178.280
729.455559         41.789             -178.208
729.462688         41.808             -178.135
729.469797         41.827             -178.063
729.476888         41.846             -177.990
729.483961         41.865             -177.917
729.491015         41.884             -177.844
729.498050         41.903             -177.771
729.505067         41.922             -177.699
729.512065         41.941             -177.626
729.519045         41.960             -177.553
729.526006         41.979             -177.480
729.532948         41.997             -177.407
729.539871         42.016             -177.334
729.546776         42.035             -177.260
729.553662         42.053             -177.187
729.560529         42.072             -177.114
729.567377         42.090             -177.041
729.574206         42.108             -176.967
729.581016         42.127             -176.894
729.587807         42.145             -176.821
729.594580         42.163             -176.747
729.601333         42.182             -176.674
729.608067         42.200             -176.600
729.614782         42.218             -176.526
729.621478         42.236             -176.453
729.628155         42.254             -176.379
729.634812         42.272             -176.305
729.641451         42.290             -176.232
729.648070         42.307             -176.158
729.654669         42.325             -176.084
729.661250         42.343             -176.010
729.667811         42.361             -175.936
729.674353         42.378             -175.862
729.680876         42.396             -175.788
729.687379         42.413             -175.714
729.693862         42.431             -175.640
729.700326         42.448             -175.566
729.706771         42.466             -175.491
729.713196         42.483             -175.417
729.719602         42.500             -175.343
729.725988         42.517             -175.269
729.732354         42.534             -175.194
729.738701         42.551             -175.120
729.745028         42.568             -175.045
729.751335         42.585             -174.971
729.757623         42.602             -174.896
729.763890         42.619             -174.822
729.770138         42.636             -174.747
729.776367         42.653             -174.672
729.782575         42.670             -174.598
729.788764         42.686             -174.523
729.794932         42.703             -174.448
729.801081         42.719             -174.373
729.807210         42.736             -174.298
729.813318         42.752             -174.223
729.819407         42.769             -174.148
729.825476         42.785             -174.073
729.831525         42.801             -173.998
729.837553         42.817             -173.923
729.843562         42.834             -173.848
729.849550         42.850             -173.773
729.855518         42.866             -173.698
729.861466         42.882             -173.622
729.867394         42.898             -173.547
729.873301         42.913             -173.472
729.879189         42.929             -173.396
729.885055         42.945             -173.321
729.890902         42.961             -173.245
729.896728         42.976             -173.170
729.902534         42.992             -173.094
729.908320         43.008             -173.019
729.914085         43.023             -172.943
729.919829         43.039             -172.867
729.925553         43.054             -172.792
729.931257         43.069             -172.716
729.936940         43.084             -172.640
729.942603         43.100             -172.564
729.948245         43.115             -172.489
729.953866         43.130             -172.413
729.959467         43.145             -172.337
729.965047         43.160             -172.261
729.970606         43.175             -172.185
729.976145         43.190             -172.109
729.981663         43.205             -172.033
729.987160         43.219             -171.956
729.992636         43.234             -171.880
729.998092         43.249             -171.804
730.003527         43.263             -171.728
730.008941         43.278             -171.651
730.014334         43.292             -171.575
730.019706         43.307             -171.499
730.025057         43.321             -171.422
730.030387         43.335             -171.346
730.035697         43.350             -171.269
730.040985         43.364             -171.193
730.046252         43.378             -171.116
730.051499         43.392             -171.040
730.056724         43.406             -170.963
730.061928         43.420             -170.886
730.067111         43.434             -170.810
730.072273         43.448             -170.733
730.077414         43.462             -170.656
730.082533         43.475             -170.579
730.087631         43.489             -170.503
730.092709         43.503             -170.426
730.097764         43.516             -170.349
730.102799         43.530             -170.272
730.107812         43.543             -170.195
730.112804         43.557             -170.118
730.117775         43.570             -170.041
730.122724         43.583             -169.964
730.127652         43.597             -169.886
730.132559         43.610             -169.809
730.137444         43.623             -169.732
730.142307         43.636             -169.655
730.147149         43.649             -169.577
730.151970         43.662             -169.500
730.156769         43.675             -169.423
730.161547         43.687             -169.345
730.166303         43.700             -169.268
730.171038         43.713             -169.191
730.175750         43.726             -169.113
730.180442         43.738             -169.036
730.185111         43.751             -168.958
730.189759         43.763             -168.880
730.194386         43.776             -168.803
730.198990         43.788             -168.725
730.203573         43.800             -168.647
730.208134         43.812             -168.570
730.212674         43.825             -168.492
730.217191         43.837             -168.414
730.221687         43.849             -168.336
730.226161         43.861             -168.258
730.230613         43.873             -168.181
730.235044         43.885             -168.103
730.239452         43.896             -168.025
730.243839         43.908             -167.947
730.248203         43.920             -167.869
730.252546         43.932             -167.791
730.256867         43.943             -167.713
730.261165         43.955             -167.634
730.265442         43.966             -167.556
730.269697         43.978             -167.478
730.273929         43.989             -167.400
730.278140         44.000             -167.322
730.282329         44.011             -167.243
730.286495         44.023             -167.165
730.290639         44.034             -167.087
730.294762         44.045             -167.008
730.298862         44.056             -166.930
730.302940         44.067             -166.852
730.306995         44.078             -166.773
730.311029         44.088             -166.695
730.315040         44.099             -166.616
730.319029         44.110             -166.537
730.322996         44.121             -166.459
730.326941         44.131             -166.380
730.330863         44.142             -166.302
730.334763         44.152             -166.223
730.338641         44.162             -166.144
730.342496         44.173             -166.066
730.346329         44.183             -165.987
730.350139         44.193             -165.908
730.353928         44.203             -165.829
730.357693         44.214             -165.750
730.361437         44.224             -165.672
730.365158         44.234             -165.593
730.368856         44.243             -165.514
730.372532         44.253             -165.435
730.376186         44.263             -165.356
730.379817         44.273             -165.277
730.383425         44.283             -165.198
730.387011         44.292             -165.119
730.390574         44.302             -165.040
730.394115         44.311             -164.960
730.397633         44.321             -164.881
730.401129         44.330             -164.802
730.404602         44.339             -164.723
730.408052         44.349             -164.644
730.411480         44.358             -164.564
730.414885         44.367             -164.485
730.418267         44.376             -164.406
730.421627         44.385             -164.327
730.424964         44.394             -164.247
730.428278         44.403             -164.168
730.431570         44.412             -164.088
730.434839         44.420             -164.009
730.438084         44.429             -163.930
730.441308         44.438             -163.850
730.444508         44.446             -163.771
730.447686         44.455             -163.691
730.450840         44.463             -163.612
730.453972         44.472             -163.532
730.457081         44.480             -163.452
730.460168         44.488             -163.373
730.463231         44.496             -163.293
730.466271         44.505             -163.213
730.469289         44.513             -163.134
730.472283         44.521             -163.054
730.475255         44.529             -162.974
730.478204         44.537             -162.895
730.481130         44.544             -162.815
730.484032         44.552             -162.735
730.486912         44.560             -162.655
730.489769         44.568             -162.575
730.492603         44.575             -162.495
730.495414         44.583             -162.416
730.498201         44.590             -162.336
730.500966         44.598             -162.256
730.503708         44.605             -162.176
730.506426         44.612             -162.096
730.509122         44.619             -162.016
730.511794         44.627             -161.936
730.514443         44.634             -161.856
730.517069         44.641             -161.776
730.519672         44.648             -161.696
730.522252         44.655             -161.615
730.524809         44.661             -161.535
730.527342         44.668             -161.455
730.529853         44.675             -161.375
730.532340         44.682             -161.295
730.534804         44.688             -161.215
730.537245         44.695             -161.134
730.539662         44.701             -161.054
730.542057         44.708             -160.974
730.544428         44.714             -160.894
730.546775         44.720             -160.813
730.549100         44.727             -160.733
730.551401         44.733             -160.653
730.553679         44.739             -160.572
730.555934         44.745             -160.492
730.558165         44.751             -160.412
730.560373         44.757             -160.331
730.562558         44.763             -160.251
730.564719         44.768             -160.170
730.566857         44.774             -160.090
730.568972         44.780             -160.010
730.571064         44.785             -159.929
730.573131         44.791             -159.849
730.575176         44.796             -159.768
730.577197         44.802             -159.688
730.579195         44.807             -159.607
730.581169         44.812             -159.526
730.583120         44.818             -159.446
730.585048         44.823             -159.365
730.586952         44.828             -159.285
730.588833         44.833             -159.204
730.590690         44.838             -159.123
730.592524         44.843             -159.043
730.594334         44.848             -158.962
730.596121         44.853             -158.881
730.597884         44.857             -158.801
730.599624         44.862             -158.720
730.601340         44.867             -158.639
730.603033         44.871             -158.559
730.604702         44.876             -158.478
730.606348         44.880             -158.397
730.607970         44.884             -158.316
730.609569         44.889             -158.235
730.611144         44.893             -158.155
730.612696         44.897             -158.074
730.614224         44.901             -157.993
730.615728         44.905             -157.912
730.617209         44.909             -157.831
730.618667         44.913             -157.751
730.620101         44.917             -157.670
730.621511         44.921             -157.589
730.622897         44.924             -157.508
730.624260         44.928             -157.427
730.625600         44.932             -157.346
730.626915         44.935             -157.265
730.628208         44.939             -157.184
730.629476         44.942             -157.103
730.630721         44.945             -157.022
730.631942         44.949             -156.941
730.633140         44.952             -156.860
730.634314         44.955             -156.779
730.635464         44.958             -156.698
730.636591         44.961             -156.617
730.637694         44.964             -156.536
730.638773         44.967             -156.455
730.639829         44.970             -156.374
730.640860         44.972             -156.293
730.641869         44.975             -156.212
730.642853         44.978             -156.131
730.643814         44.980             -156.050
730.644751         44.983             -155.969
730.645665         44.985             -155.888
730.646555         44.988             -155.807
730.647421         44.990             -155.726
730.648263         44.992             -155.645
730.649082         44.994             -155.564
730.649877         44.997             -155.483
730.650648         44.999             -155.401
730.651395         45.001             -155.320
730.652119         45.003             -155.239
730.652819         45.004             -155.158
730.653496         45.006             -155.077
730.654148         45.008             -154.996
730.654777         45.010             -154.915
730.655382         45.011             -154.833
730.655963         45.013             -154.752
730.656521         45.014             -154.671
730.657055         45.016             -154.590
730.657565         45.017             -154.509
730.658051         45.018             -154.428
730.658514         45.020             -154.346
730.658952         45.021             -154.265
730.659367         45.022             -154.184
730.659759         45.023             -154.103
730.660126         45.024             -154.022
730.660470         45.025             -153.941
730.660790         45.026             -153.859
730.661086         45.027             -153.778
730.661358         45.027             -153.697
730.661607         45.028             -153.616
730.661832         45.029             -153.535
730.662033         45.029             -153.453
730.662210         45.030             -153.372
730.662364         45.030             -153.291
730.662494         45.030             -153.210
730.662600         45.031             -153.129
730.662682         45.031             -153.047
730.662740         45.031             -152.966
730.662775         45.031             -152.885
730.662786         45.031             -152.804
730.662773         45.031             -152.722
730.662736         45.031             -152.641
730.662676         45.031             -152.560
730.662591         45.031             -152.479
730.662483         45.030             -152.398
730.662351         45.030             -152.316
730.662196         45.030             -152.235
730.662016         45.029             -152.154
730.661813         45.029             -152.073
730.661586         45.028             -151.992
730.661336         45.027             -151.910
730.661061         45.027             -151.829
730.660763         45.026             -151.748
730.660441         45.025             -151.667
730.660095         45.024             -151.586
730.659725         45.023             -151.504
730.659332         45.022             -151.423
730.658915         45.021             -151.342
730.658474         45.020             -151.261
730.658010         45.018             -151.180
730.657521         45.017             -151.099
730.657009         45.016             -151.017
730.656473         45.014             -150.936
730.655914         45.013             -150.855
730.655330         45.011             -150.774
730.654723         45.010             -150.693
730.654092         45.008             -150.612
730.653438         45.006             -150.530
730.652759         45.004             -150.449
730.652057         45.002             -150.368
730.651331         45.000             -150.287
730.650582         44.998             -150.206
730.649808         44.996             -150.125
730.649011         44.994             -150.044
730.648191         44.992             -149.963
730.647346         44.990             -149.882
730.646478         44.987             -149.800
730.645586         44.985             -149.719
730.644671         44.983             -149.638
730.643731         44.980             -149.557
730.642769         44.978             -149.476
730.641782         44.975             -149.395
730.640772         44.972             -149.314
730.639738         44.969             -149.233
730.638680         44.967             -149.152
730.637598         44.964             -149.071
730.636493         44.961             -148.990
730.635365         44.958             -148.909
730.634212         44.955             -148.828
730.633036         44.951             -148.747
730.631837         44.948             -148.666
730.630613         44.945             -148.585
730.629366         44.942             -148.504
730.628096         44.938             -148.423
730.626802         44.935             -148.342
730.625484         44.931             -148.261
730.624142         44.928             -148.180
730.622777         44.924             -148.099
730.621389         44.920             -148.019
730.619977         44.916             -147.938
730.618541         44.913             -147.857
730.617081         44.909             -147.776
730.615598         44.905             -147.695
730.614092         44.901             -147.614
730.612562         44.897             -147.534
730.611008         44.892             -147.453
730.609431         44.888             -147.372
730.607830         44.884             -147.291
730.606206         44.880             -147.210
730.604558         44.875             -147.130
730.602887         44.871             -147.049
730.601192         44.866             -146.968
730.599473         44.862             -146.887
730.597731         44.857             -146.807
730.595966         44.852             -146.726
730.594177         44.847             -146.645
730.592365         44.842             -146.565
730.590529         44.838             -146.484
730.588670         44.833             -146.403
730.586787         44.828             -146.323
730.584881         44.822             -146.242
730.582951         44.817             -146.162
730.580998         44.812             -146.081
730.579022         44.807             -146.000
730.577022         44.801             -145.920
730.574999         44.796             -145.839
730.572952         44.790             -145.759
730.570882         44.785             -145.678
730.568789         44.779             -145.598
730.566672         44.774             -145.517
730.564532         44.768             -145.437
730.562369         44.762             -145.357
730.560182         44.756             -145.276
730.557972         44.750             -145.196
730.555738         44.744             -145.115
730.553482         44.738             -145.035
730.551202         44.732             -144.955
730.548898         44.726             -144.874
730.546572         44.720             -144.794
730.544222         44.713             -144.714
730.541849         44.707             -144.633
730.539453         44.701             -144.553
730.537033         44.694             -144.473
730.534590         44.688             -144.393
730.532124         44.681             -144.313
730.529635         44.674             -144.232
730.527123         44.668             -144.152
730.524587         44.661             -144.072
730.522028         44.654             -143.992
730.519447         44.647             -143.912
730.516842         44.640             -143.832
730.514213         44.633             -143.752
730.511562         44.626             -143.672
730.508888         44.619             -143.592
730.506190         44.612             -143.512
730.503470         44.604             -143.432
730.500726         44.597             -143.352
730.497959         44.590             -143.272
730.495170         44.582             -143.192
730.492357         44.574             -143.112
730.489521         44.567             -143.032
730.486662         44.559             -142.952
730.483781         44.552             -142.872
730.480876         44.544             -142.793
730.477948         44.536             -142.713
730.474997         44.528             -142.633
730.472024         44.520             -142.553
730.469027         44.512             -142.474
730.466007         44.504             -142.394
730.462965         44.496             -142.314
730.459900         44.488             -142.235
730.456812         44.479             -142.155
730.453700         44.471             -142.076
730.450567         44.462             -141.996
730.447410         44.454             -141.916
730.444230         44.446             -141.837
730.441028         44.437             -141.757
730.437803         44.428             -141.678
730.434555         44.420             -141.598
730.431284         44.411             -141.519
730.427991         44.402             -141.440
730.424674         44.393             -141.360
730.421335         44.384             -141.281
730.417974         44.375             -141.202
730.414589         44.366             -141.122
730.411182         44.357             -141.043
730.407753         44.348             -140.964
730.404300         44.338             -140.885
730.400825         44.329             -140.805
730.397328         44.320             -140.726
730.393808         44.310             -140.647
730.390265         44.301             -140.568
730.386700         44.291             -140.489
730.383112         44.282             -140.410
730.379501         44.272             -140.331
730.375868         44.262             -140.252
730.372213         44.252             -140.173
730.368535         44.243             -140.094
730.364835         44.233             -140.015
730.361112         44.223             -139.936
730.357366         44.213             -139.857
730.353599         44.203             -139.778
730.349809         44.192             -139.700
730.345996         44.182             -139.621
730.342161         44.172             -139.542
730.338304         44.162             -139.463
730.334424         44.151             -139.385
730.330522         44.141             -139.306
730.326598         44.130             -139.227
730.322652         44.120             -139.149
730.318683         44.109             -139.070
730.314692         44.098             -138.992
730.310679         44.087             -138.913
730.306643         44.077             -138.835
730.302585         44.066             -138.756
730.298506         44.055             -138.678
730.294404         44.044             -138.599
730.290279         44.033             -138.521
730.286133         44.022             -138.443
730.281965         44.010             -138.364
730.277774         43.999             -138.286
730.273562         43.988             -138.208
730.269327         43.977             -138.130
730.265070         43.965             -138.051
730.260792         43.954             -137.973
730.256491         43.942             -137.895
730.252169         43.931             -137.817
730.247824         43.919             -137.739
730.243457         43.907             -137.661
730.239069         43.895             -137.583
730.234659         43.884             -137.505
730.230226         43.872             -137.427
730.225772         43.860             -137.349
730.221297         43.848             -137.271
730.216799         43.836             -137.194
730.212279         43.824             -137.116
730.207738         43.811             -137.038
730.203175         43.799             -136.960
730.198590         43.787             -136.883
730.193984         43.775             -136.805
730.189355         43.762             -136.727
730.184706         43.750             -136.650
730.180034         43.737             -136.572
730.175341         43.725             -136.495
730.170626         43.712             -136.417
730.165890         43.699             -136.340
730.161132         43.686             -136.262
730.156352         43.674             -136.185
730.151551         43.661             -136.108
730.146729         43.648             -136.030
730.141885         43.635             -135.953
730.137019         43.622             -135.876
730.132132         43.609             -135.798
730.127224         43.595             -135.721
730.122294         43.582             -135.644
730.117343         43.569             -135.567
730.112370         43.556             -135.490
730.107376         43.542             -135.413
730.102361         43.529             -135.336
730.097325         43.515             -135.259
730.092267         43.502             -135.182
730.087188         43.488             -135.105
730.082088         43.474             -135.028
730.076967         43.461             -134.952
730.071824         43.447             -134.875
730.066660         43.433             -134.798
730.061476         43.419             -134.721
730.056270         43.405             -134.645
730.051043         43.391             -134.568
730.045794         43.377             -134.491
730.040525         43.363             -134.415
730.035235         43.348             -134.338
730.029924         43.334             -134.262
730.024592         43.320             -134.185
730.019239         43.306             -134.109
730.013865         43.291             -134.033
730.008470         43.277             -133.956
730.003054         43.262             -133.880
729.997618         43.247             -133.804
729.992160         43.233             -133.728
729.986682         43.218             -133.651
729.981183         43.203             -133.575
729.975663         43.188             -133.499
729.970123         43.174             -133.423
729.964562         43.159             -133.347
729.958980         43.144             -133.271
729.953377         43.129             -133.195
729.947754         43.114             -133.119
729.942110         43.098             -133.043
729.936446         43.083             -132.968
729.930761         43.068             -132.892
729.925056         43.053             -132.816
729.919330         43.037             -132.740
729.913583         43.022             -132.665
729.907817         43.006             -132.589
729.902029         42.991             -132.513
729.896222         42.975             -132.438
729.890394         42.959             -132.362
729.884545         42.944             -132.287
729.878677         42.928             -132.212
729.872788         42.912             -132.136
729.866878         42.896             -132.061
729.860949         42.880             -131.986
729.854999         42.864             -131.910
729.849029         42.848             -131.835
729.843039         42.832             -131.760
729.837029         42.816             -131.685
729.830999         42.800             -131.610
729.824948         42.783             -131.535
729.818878         42.767             -131.460
729.812787         42.751             -131.385
729.806677         42.734             -131.310
729.800546         42.718             -131.235
729.794396         42.701             -131.160
729.788225         42.685             -131.085
729.782035         42.668             -131.010
729.775825         42.651             -130.936
729.769595         42.635             -130.861
729.763345         42.618             -130.786
729.757076         42.601             -130.712
729.750786         42.584             -130.637
729.744477         42.567             -130.563
729.738149         42.550             -130.488
729.731800         42.533             -130.414
729.725432         42.516             -130.339
729.719045         42.499             -130.265
729.712637         42.481             -130.191
729.706211         42.464             -130.117
729.699764         42.447             -130.042
729.693298         42.429             -129.968
729.686813         42.412             -129.894
729.680308         42.394             -129.820
729.673784         42.377             -129.746
729.667241         42.359             -129.672
729.660678         42.341             -129.598
729.654095         42.324             -129.524
729.647494         42.306             -129.450
729.640873         42.288             -129.376
729.634233         42.270             -129.303
729.627574         42.252             -129.229
729.620895         42.234             -129.155
729.614198         42.216             -129.082
729.607481         42.198             -129.008
729.600745         42.180             -128.934
729.593991         42.162             -128.861
729.587217         42.144             -128.787
729.580424         42.125             -128.714
729.573612         42.107             -128.641
729.566781         42.088             -128.567
729.559931         42.070             -128.494
729.553063         42.051             -128.421
729.546175         42.033             -128.348
729.539269         42.014             -128.275
729.532344         41.996             -128.201
729.525400         41.977             -128.128
729.518438         41.958             -128.055
729.511457         41.939             -127.982
729.504457         41.920             -127.909
729.497438         41.902             -127.837
729.490401         41.883             -127.764
729.483346         41.863             -127.691
729.476271         41.844             -127.618
729.469179         41.825             -127.546
729.462067         41.806             -127.473
729.454938         41.787             -127.400
729.447790         41.768             -127.328
729.440623         41.748             -127.255
729.433439         41.729             -127.183
729.426235         41.709             -127.110
729.419014         41.690             -127.038
729.411774         41.670             -126.966
729.404517         41.651             -126.893
729.397241         41.631             -126.821
729.389946         41.611             -126.749
729.382634         41.592             -126.677
729.375304         41.572             -126.605
729.367955         41.552             -126.533
729.360589         41.532             -126.461
729.353204         41.512             -126.389
729.345802         41.492             -126.317
729.338381         41.472             -126.245
729.330943         41.452             -126.173
729.323487         41.432             -126.101
729.316013         41.412             -126.030
729.308521         41.391             -125.958
729.301012         41.371             -125.886
729.293485         41.351             -125.815
729.285940         41.330             -125.743
729.278377         41.310             -125.672
729.270797         41.289             -125.600
729.263199         41.269             -125.529
729.255584         41.248             -125.458
729.247951         41.228             -125.386
729.240301         41.207             -125.315
729.232633         41.186             -125.244
729.224947         41.165             -125.173
729.217245         41.144             -125.102
729.209525         41.124             -125.030
729.201787         41.103             -124.959
729.194033         41.082             -124.888
729.186261         41.061             -124.818
729.178472         41.040             -124.747
729.170666         41.018             -124.676
729.162842         40.997             -124.605
729.155002         40.976             -124.534
729.147144         40.955             -124.464
729.139270         40.933             -124.393
729.131378         40.912             -124.322
729.123469         40.891             -124.252
729.115544         40.869             -124.181
729.107601         40.848             -124.111
729.099642         40.826             -124.041
729.091666         40.804             -123.970
729.083673         40.783             -123.900
729.075663         40.761             -123.830
729.067637         40.739             -123.760
729.059594         40.717             -123.689
729.051534         40.695             -123.619
729.043457         40.674             -123.549
729.035364         40.652             -123.479
729.027255         40.630             -123.409
729.019129         40.608             -123.339
729.010986         40.585             -123.270
729.002827         40.563             -123.200
728.994652         40.541             -123.130
728.986460         40.519             -123.060
728.978252         40.497             -122.991
728.970028         40.474             -122.921
728.961787         40.452             -122.851
728.953531         40.429             -122.782
728.945258         40.407             -122.712
728.936969         40.384             -122.643
728.928663         40.362             -122.574
728.920342         40.339             -122.504
728.912005         40.317             -122.435
728.903651         40.294             -122.366
728.895282         40.271             -122.297
728.886897         40.248             -122.228
728.878496         40.225             -122.159
728.870079         40.202             -122.090
728.861646         40.180             -122.021
728.853198         40.157             -121.952
728.844733         40.133             -121.883
728.836253         40.110             -121.814
728.827758         40.087             -121.745
728.819246         40.064             -121.676
728.810720         40.041             -121.608
728.802177         40.018             -121.539
728.793619         39.994             -121.471
728.785046         39.971             -121.402
728.776457         39.948             -121.334
728.767853         39.924             -121.265
728.759234         39.901             -121.197
728.750599         39.877             -121.128
728.741949         39.853             -121.060
728.733283         39.830             -120.992
728.724603         39.806             -120.924
728.715907         39.782             -120.856
728.707196         39.759             -120.787
728.698470         39.735             -120.719
728.689729         39.711             -120.651
728.680973         39.687             -120.583
728.672202         39.663             -120.516
728.663416         39.639             -120.448
728.654616         39.615             -120.380
728.645800         39.591             -120.312
728.636970         39.567             -120.245
728.628124         39.543             -120.177
728.619264         39.519             -120.109
728.610390         39.494             -120.042
728.601501         39.470             -119.974
728.592597         39.446             -119.907
728.583678         39.421             -119.839
728.574745         39.397             -119.772
728.565798         39.372             -119.705
728.556836         39.348             -119.638
728.547859         39.323             -119.570
728.538869         39.299             -119.503
728.529863         39.274             -119.436
728.520844         39.249             -119.369
728.511810         39.225             -119.302
728.502763         39.200             -119.235
728.493701         39.175             -119.168
728.484624         39.150             -119.101
728.475534         39.125             -119.035
728.466430         39.100             -118.968
728.457312         39.075             -118.901
728.448179         39.050             -118.835
728.439033         39.025             -118.768
728.429873         39.000             -118.701
728.420699         38.975             -118.635
728.411511         38.950             -118.569
728.402310         38.924             -118.502
728.393094         38.899             -118.436
728.383865         38.874             -118.370
728.374623         38.848             -118.303
728.365367         38.823             -118.237
728.356097         38.797             -118.171
728.346814         38.772             -118.105
728.337517         38.746             -118.039
728.328207         38.721             -117.973
728.318883         38.695             -117.907
728.309546         38.669             -117.841
728.300196         38.644             -117.775
728.290832         38.618             -117.709
728.281455         38.592             -117.644
728.272065         38.566             -117.578
728.262662         38.540             -117.512
728.253246         38.514             -117.447
728.243817         38.488             -117.381
728.234375         38.462             -117.316
728.224919         38.436             -117.250
728.215451         38.410             -117.185
728.205970         38.384             -117.119
728.196476         38.358             -117.054
728.186969         38.332             -116.989
728.177450         38.305             -116.924
728.167917         38.279             -116.859
728.158372         38.253             -116.793
728.148815         38.226             -116.728
728.139245         38.200             -116.663
728.129662         38.174             -116.599
728.120067         38.147             -116.534
728.110459         38.120             -116.469
728.100839         38.094             -116.404
728.091206         38.067             -116.339
728.081561         38.041             -116.275
728.071904         38.014             -116.210
728.062235         37.987             -116.145
728.052553         37.960             -116.081
728.042859         37.934             -116.016
728.033153         37.907             -115.952
728.023435         37.880             -115.887
728.013705         37.853             -115.823
728.003963         37.826             -115.759
727.994209         37.799             -115.695
727.984443         37.772             -115.630
727.974665         37.745             -115.566
727.964876         37.717             -115.502
727.955074         37.690             -115.438
727.945261         37.663             -115.374
727.935436         37.636             -115.310
727.925600         37.608             -115.246
727.915752         37.581             -115.182
727.905892         37.554             -115.119
727.896021         37.526             -115.055
727.886138         37.499             -114.991
727.876244         37.471             -114.927
727.866339         37.444             -114.864
727.856422         37.416             -114.800
727.846494         37.389             -114.737
727.836555         37.361             -114.673
727.826604         37.333             -114.610
727.816643         37.305             -114.547
727.806670         37.278             -114.483
727.796686         37.250             -114.420
727.786691         37.222             -114.357
727.776685         37.194             -114.294
727.766668         37.166             -114.231
727.756641         37.138             -114.168
727.746602         37.110             -114.105
727.736553         37.082             -114.042
727.726492         37.054             -113.979
727.716422         37.026             -113.916
727.706340         36.998             -113.853
727.696248         36.970             -113.790
727.686145         36.941             -113.728
727.676032         36.913             -113.665
727.665908         36.885             -113.602
727.655774         36.857             -113.540
727.645629         36.828             -113.477
727.635474         36.800             -113.415
727.625309         36.771             -113.352
727.615133         36.743             -113.290
727.604948         36.714             -113.228
727.594752         36.686             -113.165
727.584546         36.657             -113.103
727.574329         36.628             -113.041
727.564103         36.600             -112.979
727.553867         36.571             -112.917
727.543621         36.542             -112.855
727.533365         36.513             -112.793
727.523099         36.485             -112.731
727.512823         36.456             -112.669
727.502538         36.427             -112.607
727.492243         36.398             -112.545
727.481938         36.369             -112.484
727.471623         36.340             -112.422
727.461299         36.311             -112.360
727.450966         36.282             -112.299
727.440623         36.253             -112.237
727.430270         36.224             -112.176
727.419908         36.194             -112.114
727.409537         36.165             -112.053
727.399156         36.136             -111.992
727.388766         36.107             -111.930
727.378367         36.077             -111.869
727.367959         36.048             -111.808
727.357542         36.018             -111.747
727.347115         35.989             -111.686
727.336680         35.960             -111.625
727.326236         35.930             -111.564
727.315782         35.900             -111.503
727.305320         35.871             -111.442
727.294849         35.841             -111.381
727.284369         35.812             -111.320
727.273880         35.782             -111.259
727.263383         35.752             -111.199
727.252877         35.722             -111.138
727.242363         35.693             -111.077
727.231840         35.663             -111.017
727.221308         35.633             -110.956
727.210768         35.603             -110.896
727.200219         35.573             -110.835
727.189662         35.543             -110.775
727.179097         35.513             -110.715
727.168524         35.483             -110.654
727.157942         35.453             -110.594
727.147352         35.423             -110.534
727.136754         35.393             -110.474
727.126148         35.363             -110.414
727.115534         35.332             -110.354
727.104912         35.302             -110.294
727.094282         35.272             -110.234
727.083644         35.242             -110.174
727.072998         35.211             -110.114
727.062344         35.181             -110.054
727.051683         35.150             -109.994
727.041014         35.120             -109.935
727.030337         35.090             -109.875
727.019653         35.059             -109.815
727.008961         35.028             -109.756
726.998261         34.998             -109.696
726.987554         34.967             -109.637
726.976840         34.937             -109.577
726.966118         34.906             -109.518
726.955389         34.875             -109.459
726.944653         34.844             -109.399
726.933909         34.814             -109.340
726.923159         34.783             -109.281
726.912401         34.752             -109.222
726.901636         34.721             -109.163
726.890864         34.690             -109.104
726.880085         34.659             -109.045
726.869299         34.628             -108.986
726.858506         34.597             -108.927
726.847707         34.566             -108.868
726.836900         34.535             -108.809
726.826087         34.504             -108.750
726.815267         34.473             -108.692
726.804440         34.442             -108.633
726.793607         34.410             -108.574
726.782768         34.379             -108.516
726.771921         34.348             -108.457
726.761069         34.317             -108.399
726.750209         34.285             -108.340
726.739344         34.254             -108.282
726.728472         34.223             -108.224
726.717594         34.191             -108.165
726.706710         34.160             -108.107
726.695820         34.128             -108.049
726.684923         34.097             -107.991
726.674020         34.065             -107.933
726.663112         34.033             -107.874
726.652197         34.002             -107.816
726.641277         33.970             -107.758
726.630350         33.939             -107.701
726.619418         33.907             -107.643
726.608480         33.875             -107.585
726.597536         33.843             -107.527
726.586587         33.811             -107.469
726.575632         33.780             -107.412
726.564671         33.748             -107.354
726.553705         33.716             -107.296
726.542733         33.684             -107.239
726.531756         33.652             -107.181
726.520774         33.620             -107.124
726.509786         33.588             -107.066
726.498793         33.556             -107.009
726.487794         33.524             -106.952
726.476791         33.492             -106.894
726.465782         33.459             -106.837
726.454768         33.427             -106.780
726.443749         33.395             -106.723
726.432726         33.363             -106.666
726.421697         33.331             -106.608
726.410663         33.298             -106.551
726.399625         33.266             -106.494
726.388581         33.234             -106.438
726.377533         33.201             -106.381
726.366480         33.169             -106.324
726.355423         33.136             -106.267
726.344361         33.104             -106.210
726.333294         33.071             -106.154
726.322223         33.039             -106.097
726.311148         33.006             -106.040
726.300068         32.974             -105.984
726.288984         32.941             -105.927
726.277895         32.908             -105.871
726.266802         32.876             -105.814
726.255705         32.843             -105.758
726.244604         32.810             -105.701
726.233499         32.777             -105.645
726.222389         32.745             -105.589
726.211276         32.712             -105.533
726.200159         32.679             -105.477
726.189037         32.646             -105.420
726.177912         32.613             -105.364
726.166783         32.580             -105.308
726.155651         32.547             -105.252
726.144514         32.514             -105.196
726.133374         32.481             -105.140
726.122231         32.448             -105.085
726.111084         32.415             -105.029
726.099933         32.382             -104.973
726.088779         32.349             -104.917
726.077621         32.315             -104.861
726.066460         32.282             -104.806
726.055296         32.249             -104.750
726.044129         32.216             -104.695
726.032958         32.182             -104.639
726.021784         32.149             -104.584
726.010607         32.116             -104.528
725.999427         32.082             -104.473
725.988244         32.049             -104.417
725.977058         32.015             -104.362
725.965869         31.982             -104.307
725.954677         31.948             -104.252
725.943483         31.915             -104.197
725.932285         31.881             -104.141
725.921085         31.848             -104.086
725.909883         31.814             -104.031
725.898677         31.781             -103.976
725.887469         31.747             -103.921
725.876259         31.713             -103.866
725.865046         31.680             -103.811
725.853831         31.646             -103.757
725.842613         31.612             -103.702
725.831393         31.578             -103.647
725.820171         31.544             -103.592
725.808947         31.511             -103.538
725.797720         31.477             -103.483
725.786491         31.443             -103.429
725.775261         31.409             -103.374
725.764028         31.375             -103.320
725.752793         31.341             -103.265
725.741556         31.307             -103.211
725.730318         31.273             -103.156
725.719078         31.239             -103.102
725.707836         31.205             -103.048
725.696592         31.170             -102.993
725.685346         31.136             -102.939
725.674099         31.102             -102.885
725.662851         31.068             -102.831
725.651601         31.034             -102.777
725.640349         30.999             -102.723
725.629096         30.965             -102.669
725.617842         30.931             -102.615
725.606586         30.897             -102.561
725.595329         30.862             -102.507
725.584071         30.828             -102.453
725.572812         30.793             -102.399
725.561552         30.759             -102.346
725.550290         30.724             -102.292
725.539028         30.690             -102.238
725.527765         30.655             -102.185
725.516500         30.621             -102.131
725.505235         30.586             -102.078
725.493969         30.552             -102.024
725.482703         30.517             -101.971
725.471435         30.482             -101.917
725.460167         30.448             -101.864
725.448899         30.413             -101.811
725.437630         30.378             -101.757
725.426360         30.344             -101.704
725.415090         30.309             -101.651
725.403819         30.274             -101.598
725.392548         30.239             -101.544
725.381277         30.204             -101.491
725.370006         30.170             -101.438
725.358734         30.135             -101.385
725.347462         30.100             -101.332
725.336191         30.065             -101.279
725.324919         30.030             -101.226
725.313647         29.995             -101.174
725.302375         29.960             -101.121
725.291103         29.925             -101.068
725.279832         29.890             -101.015
725.268560         29.855             -100.963
725.257289         29.819             -100.910
725.246018         29.784             -100.857
725.234748         29.749             -100.805
725.223478         29.714             -100.752
725.212208         29.679             -100.700
725.200939         29.643             -100.647
725.189670         29.608             -100.595
725.178402         29.573             -100.542
725.167135         29.538             -100.490
725.155869         29.502             -100.438
725.144603         29.467             -100.386
725.133338         29.431             -100.333
725.122074         29.396             -100.281
725.110810         29.361             -100.229
725.099548         29.325             -100.177
725.088287         29.290             -100.125
725.077027         29.254             -100.073
725.065768         29.219             -100.021
725.054510         29.183             -99.969
725.043253         29.147             -99.917
725.031997         29.112             -99.865
725.020743         29.076             -99.813
725.009491         29.041             -99.761
724.998239         29.005             -99.710
724.986989         28.969             -99.658
724.975741         28.934             -99.606
724.964494         28.898             -99.555
724.953249         28.862             -99.503
724.942005         28.826             -99.452
724.930763         28.790             -99.400
724.919523         28.755             -99.348
724.908285         28.719             -99.297
724.897049         28.683             -99.246
724.885814         28.647             -99.194
724.874582         28.611             -99.143
724.863351         28.575             -99.092
724.852123         28.539             -99.040
724.840897         28.503             -98.989
724.829672         28.467             -98.938
724.818451         28.431             -98.887
724.807231         28.395             -98.836
724.796014         28.359             -98.785
724.784799         28.323             -98.734
724.773586         28.287             -98.683
724.762376         28.250             -98.632
724.751168         28.214             -98.581
724.739963         28.178             -98.530
724.728761         28.142             -98.479
724.717561         28.106             -98.428
724.706364         28.069             -98.377
724.695170         28.033             -98.327
724.683979         27.997             -98.276
724.672790         27.960             -98.225
724.661605         27.924             -98.175
724.650422         27.888             -98.124
724.639242         27.851             -98.073
724.628066         27.815             -98.023
724.616892         27.778             -97.972
724.605722         27.742             -97.922
724.594555         27.705             -97.871
724.583391         27.669             -97.821
724.572231         27.632             -97.771
724.561074         27.596             -97.720
724.549920         27.559             -97.670
724.538770         27.523             -97.620
724.527623         27.486             -97.570
724.516480         27.449             -97.520
724.505341         27.413             -97.469
724.494205         27.376             -97.419
724.483073         27.339             -97.369
724.471945         27.303             -97.319
724.460820         27.266             -97.269
724.449699         27.229             -97.219
724.438583         27.192             -97.169
724.427470         27.156             -97.120
724.416361         27.119             -97.070
724.405256         27.082             -97.020
724.394156         27.045             -96.970
724.383059         27.008             -96.920
724.371967         26.971             -96.871
724.360879         26.934             -96.821
724.349796         26.897             -96.771
724.338717         26.860             -96.722
724.327642         26.823             -96.672
724.316571         26.786             -96.623
724.305506         26.749             -96.573
724.294444         26.712             -96.524
724.283388         26.675             -96.474
724.272336         26.638             -96.425
724.261288         26.601             -96.376
724.250246         26.564             -96.326
724.239208         26.527             -96.277
724.228175         26.489             -96.228
724.217147         26.452             -96.179
724.206124         26.415             -96.129
724.195106         26.378             -96.080
724.184093         26.341             -96.031
724.173085         26.303             -95.982
724.162083         26.266             -95.933
724.151085         26.229             -95.884
724.140093         26.191             -95.835
724.129106         26.154             -95.786
724.118125         26.117             -95.737
724.107148         26.079             -95.688
724.096178         26.042             -95.639
724.085213         26.004             -95.591
724.074253         25.967             -95.542
724.063299         25.929             -95.493
724.052350         25.892             -95.444
724.041408         25.854             -95.396
724.030471         25.817             -95.347
724.019540         25.779             -95.298
724.008614         25.742             -95.250
723.997695         25.704             -95.201
723.986781         25.667             -95.153
723.975874         25.629             -95.104
723.964972         25.591             -95.056
723.954077         25.554             -95.007
723.943188         25.516             -94.959
723.932305         25.478             -94.911
723.921428         25.440             -94.862
723.910557         25.403             -94.814
723.899693         25.365             -94.766
723.888835         25.327             -94.718
723.877984         25.289             -94.669
723.867139         25.252             -94.621
723.856300         25.214             -94.573
723.845469         25.176             -94.525
723.834643         25.138             -94.477
723.823825         25.100             -94.429
723.813013         25.062             -94.381
723.802208         25.024             -94.333
723.791410         24.986             -94.285
723.780618         24.948             -94.237
723.769834         24.910             -94.189
723.759056         24.872             -94.141
723.748286         24.834             -94.094
723.737522         24.796             -94.046
723.726766         24.758             -93.998
723.716017         24.720             -93.950
723.705275         24.682             -93.903
723.694540         24.644             -93.855
723.683813         24.606             -93.808
723.673093         24.568             -93.760
723.662380         24.529             -93.712
723.651675         24.491             -93.665
723.640977         24.453             -93.617
723.630287         24.415             -93.570
723.619604         24.377             -93.523
723.608929         24.338             -93.475
723.598262         24.300             -93.428
723.587602         24.262             -93.380
723.576950         24.223             -93.333
723.566306         24.185             -93.286
723.555670         24.147             -93.239
723.545042         24.108             -93.191
723.534422         24.070             -93.144
723.523810         24.032             -93.097
723.513206         23.993             -93.050
723.502610         23.955             -93.003
723.492022         23.916             -92.956
723.481442         23.878             -92.909
723.470871         23.839             -92.862
723.460308         23.801             -92.815
723.449753         23.762             -92.768
723.439206         23.724             -92.721
723.428668         23.685             -92.674
723.418139         23.647             -92.627
723.407618         23.608             -92.580
723.397106         23.570             -92.534
723.386602         23.531             -92.487
723.376107         23.492             -92.440
723.365621         23.454             -92.393
723.355143         23.415             -92.347
723.344675         23.376             -92.300
723.334215         23.338             -92.254
723.323764         23.299             -92.207
723.313322         23.260             -92.160
723.302889         23.221             -92.114
723.292465         23.183             -92.067
723.282050         23.144             -92.021
723.271645         23.105             -91.974
723.261248         23.066             -91.928
723.250861         23.027             -91.882
723.240483         22.989             -91.835
723.230114         22.950             -91.789
723.219755         22.911             -91.743
723.209405         22.872             -91.696
723.199065         22.833             -91.650
723.188734         22.794             -91.604
723.178413         22.755             -91.558
723.168101         22.716             -91.512
723.157799         22.677             -91.466
723.147507         22.638             -91.420
723.137224         22.599             -91.373
723.126952         22.560             -91.327
723.116689         22.521             -91.281
723.106436         22.482             -91.235
723.096193         22.443             -91.189
723.085960         22.404             -91.144
723.075737         22.365             -91.098
723.065524         22.326             -91.052
723.055321         22.286             -91.006
723.045128         22.247             -90.960
723.034946         22.208             -90.914
723.024773         22.169             -90.869
723.014611         22.130             -90.823
723.004460         22.091             -90.777
722.994319         22.051             -90.731
722.984188         22.012             -90.686
722.974067         21.973             -90.640
722.963958         21.934             -90.595
722.953858         21.894             -90.549
722.943770         21.855             -90.504
722.933692         21.816             -90.458
722.923625         21.776             -90.413
722.913568         21.737             -90.367
722.903523         21.698             -90.322
722.893488         21.658             -90.276
722.883464         21.619             -90.231
722.873451         21.579             -90.186
722.863449         21.540             -90.140
722.853458         21.500             -90.095
722.843478         21.461             -90.050
722.833509         21.422             -90.004
722.823551         21.382             -89.959
722.813605         21.343             -89.914
722.803670         21.303             -89.869
722.793746         21.263             -89.824
722.783833         21.224             -89.779
722.773932         21.184             -89.733
722.764042         21.145             -89.688
722.754164         21.105             -89.643
722.744297         21.066             -89.598
722.734442         21.026             -89.553
722.724598         20.986             -89.508
722.714766         20.947             -89.464
722.704946         20.907             -89.419
722.695137         20.867             -89.374
722.685340         20.828             -89.329
722.675555         20.788             -89.284
722.665782         20.748             -89.239
722.656021         20.709             -89.195
722.646272         20.669             -89.150
722.636535         20.629             -89.105
722.626809         20.589             -89.060
722.617096         20.549             -89.016
722.607395         20.510             -88.971
722.597706         20.470             -88.926
722.588030         20.430             -88.882
722.578365         20.390             -88.837
722.568713         20.350             -88.793
722.559074         20.310             -88.748
722.549446         20.271             -88.704
722.539831         20.231             -88.659
722.530229         20.191             -88.615
722.520639         20.151             -88.570
722.511062         20.111             -88.526
722.501497         20.071             -88.482
722.491945         20.031             -88.437
722.482405         19.991             -88.393
722.472879         19.951             -88.349
722.463365         19.911             -88.304
722.453864         19.871             -88.260
722.444376         19.831             -88.216
722.434900         19.791             -88.172
722.425438         19.751             -88.127
722.415988         19.711             -88.083
722.406552         19.671             -88.039
722.397129         19.631             -87.995
722.387719         19.590             -87.951
722.378322         19.550             -87.907
722.368938         19.510             -87.863
722.359567         19.470             -87.819
722.350210         19.430             -87.775
722.340866         19.390             -87.731
722.331535         19.350             -87.687
722.322218         19.309             -87.643
722.312914         19.269             -87.599
722.303624         19.229             -87.555
722.294347         19.189             -87.511
722.285084         19.148             -87.468
722.275835         19.108             -87.424
722.266599         19.068             -87.380
722.257377         19.028             -87.336
722.248168         18.987             -87.292
722.238973         18.947             -87.249
722.229793         18.907             -87.205
722.220626         18.866             -87.161
722.211473         18.826             -87.118
722.202333         18.786             -87.074
722.193208         18.745             -87.031
722.184097         18.705             -86.987
722.175000         18.664             -86.943
722.165917         18.624             -86.900
722.156848         18.583             -86.856
722.147794         18.543             -86.813
722.138754         18.503             -86.769
722.129727         18.462             -86.726
722.120716         18.422             -86.683
722.111718         18.381             -86.639
722.102735         18.341             -86.596
722.093767         18.300             -86.552
722.084813         18.260             -86.509
722.075873         18.219             -86.466
722.066948         18.179             -86.423
722.058038         18.138             -86.379
722.049142         18.097             -86.336
722.040261         18.057             -86.293
722.031394         18.016             -86.250
722.022543         17.976             -86.206
722.013706         17.935             -86.163
722.004884         17.894             -86.120
721.996077         17.854             -86.077
721.987284         17.813             -86.034
721.978507         17.772             -85.991
721.969745         17.732             -85.948
721.960998         17.691             -85.905
721.952265         17.650             -85.862
721.943548         17.610             -85.819
721.934846         17.569             -85.776
721.926160         17.528             -85.733
721.917488         17.487             -85.690
721.908832         17.447             -85.647
721.900191         17.406             -85.604
721.891565         17.365             -85.561
721.882955         17.324             -85.519
721.874360         17.283             -85.476
721.865781         17.243             -85.433
721.857217         17.202             -85.390
721.848669         17.161             -85.347
721.840136         17.120             -85.305
721.831619         17.079             -85.262
721.823118         17.038             -85.219
721.814632         16.998             -85.177
721.806162         16.957             -85.134
721.797707         16.916             -85.091
721.789269         16.875             -85.049
721.780846         16.834             -85.006
721.772440         16.793             -84.963
721.764049         16.752             -84.921
721.755674         16.711             -84.878
721.747315         16.670             -84.836
721.738972         16.629             -84.793
721.730645         16.588             -84.751
721.722335         16.547             -84.708
721.714040         16.506             -84.666
721.705762         16.465             -84.624
721.697500         16.424             -84.581
721.689254         16.383             -84.539
721.681024         16.342             -84.496
721.672811         16.301             -84.454
721.664614         16.260             -84.412
721.656433         16.219             -84.370
721.648269         16.178             -84.327
721.640122         16.137             -84.285
721.631991         16.095             -84.243
721.623876         16.054             -84.201
721.615778         16.013             -84.158
721.607697         15.972             -84.116
721.599632         15.931             -84.074
721.591584         15.890             -84.032
721.583553         15.849             -83.990
721.575539         15.807             -83.948
721.567541         15.766             -83.906
721.559560         15.725             -83.863
721.551596         15.684             -83.821
721.543649         15.643             -83.779
721.535719         15.601             -83.737
721.527806         15.560             -83.695
721.519910         15.519             -83.653
721.512031         15.478             -83.611
721.504169         15.436             -83.569
721.496324         15.395             -83.528
721.488496         15.354             -83.486
721.480686         15.312             -83.444
721.472892         15.271             -83.402
721.465116         15.230             -83.360
721.457358         15.188             -83.318
721.449616         15.147             -83.276
721.441892         15.106             -83.235
721.434186         15.064             -83.193
721.426496         15.023             -83.151
721.418825         14.982             -83.109
721.411170         14.940             -83.068
721.403534         14.899             -83.026
721.395915         14.857             -82.984
721.388313         14.816             -82.942
721.380729         14.775             -82.901
721.373163         14.733             -82.859
721.365615         14.692             -82.818
721.358084         14.650             -82.776
721.350571         14.609             -82.734
721.343076         14.567             -82.693
721.335599         14.526             -82.651
721.328139         14.484             -82.610
721.320698         14.443             -82.568
721.313274         14.401             -82.527
721.305869         14.360             -82.485
721.298481         14.318             -82.444
721.291112         14.277             -82.402
721.283760         14.235             -82.361
721.276427         14.194             -82.319
721.269112         14.152             -82.278
721.261815         14.111             -82.237
721.254536         14.069             -82.195
721.247276         14.027             -82.154
721.240033         13.986             -82.112
721.232809         13.944             -82.071
721.225604         13.903             -82.030
721.218417         13.861             -81.989
721.211248         13.819             -81.947
721.204097         13.778             -81.906
721.196965         13.736             -81.865
721.189852         13.694             -81.824
721.182757         13.653             -81.782
721.175681         13.611             -81.741
721.168623         13.569             -81.700
721.161584         13.528             -81.659
721.154564         13.486             -81.618
721.147562         13.444             -81.577
721.140579         13.403             -81.535
721.133615         13.361             -81.494
721.126669         13.319             -81.453
721.119742         13.277             -81.412
721.112835         13.236             -81.371
721.105946         13.194             -81.330
721.099076         13.152             -81.289
721.092225         13.110             -81.248
721.085393         13.069             -81.207
721.078579         13.027             -81.166
721.071785         12.985             -81.125
721.065010         12.943             -81.084
721.058255         12.901             -81.043
721.051518         12.859             -81.002
721.044800         12.818             -80.961
721.038102         12.776             -80.921
721.031422         12.734             -80.880
721.024762         12.692             -80.839
721.018122         12.650             -80.798
721.011500         12.608             -80.757
721.004898         12.567             -80.716
720.998316         12.525             -80.675
720.991752         12.483             -80.635
720.985208         12.441             -80.594
720.978684         12.399             -80.553
720.972179         12.357             -80.512
720.965694         12.315             -80.472
720.959228         12.273             -80.431
720.952782         12.231             -80.390
720.946355         12.189             -80.350
720.939948         12.147             -80.309
720.933560         12.105             -80.268
720.927193         12.063             -80.228
720.920845         12.021             -80.187
720.914516         11.979             -80.146
720.908208         11.938             -80.106
720.901919         11.896             -80.065
720.895650         11.854             -80.025
720.889401         11.811             -79.984
720.883172         11.769             -79.944
720.876963         11.727             -79.903
720.870773         11.685             -79.862
720.864604         11.643             -79.822
720.858455         11.601             -79.781
720.852325         11.559             -79.741
720.846216         11.517             -79.701
720.840127         11.475             -79.660
720.834058         11.433             -79.620
720.828009         11.391             -79.579
720.821980         11.349             -79.539
720.815972         11.307             -79.498
720.809983         11.265             -79.458
720.804015         11.223             -79.418
720.798067         11.181             -79.377
720.792140         11.138             -79.337
720.786232         11.096             -79.297
720.780345         11.054             -79.256
720.774479         11.012             -79.216
720.768633         10.970             -79.176
720.762807         10.928             -79.135
720.757002         10.886             -79.095
720.751217         10.843             -79.055
720.745453         10.801             -79.015
720.739709         10.759             -78.974
720.733986         10.717             -78.934
720.728283         10.675             -78.894
720.722601         10.632             -78.854
720.716940         10.590             -78.813
720.711299         10.548             -78.773
720.705679         10.506             -78.733
720.700080         10.464             -78.693
720.694501         10.421             -78.653
720.688944         10.379             -78.613
720.683406         10.337             -78.573
720.677890         10.295             -78.532
720.672395         10.252             -78.492
720.666920         10.210             -78.452
720.661467         10.168             -78.412
720.656034         10.126             -78.372
720.650622         10.083             -78.332
720.645231         10.041             -78.292
720.639862         9.999              -78.252
720.634513         9.956              -78.212
720.629185         9.914              -78.172
720.623878         9.872              -78.132
720.618592         9.830              -78.092
720.613328         9.787              -78.052
720.608084         9.745              -78.012
720.602862         9.703              -77.972
720.597661         9.660              -77.932
720.592481         9.618              -77.892
720.587322         9.575              -77.852
720.582185         9.533              -77.813
720.577069         9.491              -77.773
720.571974         9.448              -77.733
720.566900         9.406              -77.693
720.561848         9.364              -77.653
720.556817         9.321              -77.613
720.551807         9.279              -77.573
720.546819         9.236              -77.534
720.541852         9.194              -77.494
720.536907         9.152              -77.454
720.531983         9.109              -77.414
720.527081         9.067              -77.374
720.522200         9.024              -77.335
720.517341         8.982              -77.295
720.512503         8.940              -77.255
720.507687         8.897              -77.215
720.502892         8.855              -77.176
720.498120         8.812              -77.136
720.493368         8.770              -77.096
720.488639         8.727              -77.056
720.483931         8.685              -77.017
720.479245         8.642              -76.977
720.474580         8.600              -76.937
720.469937         8.557              -76.898
720.465316         8.515              -76.858
720.460717         8.472              -76.818
720.456140         8.430              -76.779
720.451584         8.387              -76.739
720.447051         8.345              -76.700
720.442539         8.302              -76.660
720.438049         8.260              -76.620
720.433581         8.217              -76.581
720.429135         8.175              -76.541
720.424711         8.132              -76.502
720.420308         8.090              -76.462
720.415928         8.047              -76.422
720.411570         8.005              -76.383
720.407234         7.962              -76.343
720.402920         7.920              -76.304
720.398628         7.877              -76.264
720.394358         7.835              -76.225
720.390110         7.792              -76.185
720.385885         7.749              -76.146
720.381681         7.707              -76.106
720.377500         7.664              -76.067
720.373341         7.622              -76.027
720.369204         7.579              -75.988
720.365089         7.536              -75.949
720.360997         7.494              -75.909
720.356926         7.451              -75.870
720.352878         7.409              -75.830
720.348853         7.366              -75.791
720.344849         7.323              -75.751
720.340868         7.281              -75.712
720.336910         7.238              -75.673
720.332973         7.196              -75.633
720.329060         7.153              -75.594
720.325168         7.110              -75.555
720.321299         7.068              -75.515
720.317452         7.025              -75.476
720.313628         6.982              -75.436
720.309826         6.940              -75.397
720.306047         6.897              -75.358
720.302290         6.854              -75.318
720.298556         6.812              -75.279
720.294845         6.769              -75.240
720.291156         6.726              -75.201
720.287489         6.684              -75.161
720.283845         6.641              -75.122
720.280224         6.598              -75.083
720.276625         6.556              -75.043
720.273049         6.513              -75.004
720.269496         6.470              -74.965
720.265965         6.428              -74.926
720.262457         6.385              -74.886
720.258971         6.342              -74.847
720.255509         6.299              -74.808
720.252069         6.257              -74.769
720.248652         6.214              -74.730
720.245257         6.171              -74.690
720.241886         6.129              -74.651
720.238537         6.086              -74.612
720.235211         6.043              -74.573
720.231908         6.000              -74.534
720.228628         5.958              -74.495
720.225370         5.915              -74.455
720.222135         5.872              -74.416
720.218924         5.829              -74.377
720.215735         5.787              -74.338
720.212569         5.744              -74.299
720.209426         5.701              -74.260
720.206306         5.658              -74.221
720.203209         5.616              -74.181
720.200135         5.573              -74.142
720.197084         5.530              -74.103
720.194056         5.487              -74.064
720.191050         5.445              -74.025
720.188068         5.402              -73.986
720.185109         5.359              -73.947
720.182173         5.316              -73.908
720.179260         5.273              -73.869
720.176370         5.231              -73.830
720.173504         5.188              -73.791
720.170660         5.145              -73.752
720.167839         5.102              -73.713
720.165042         5.059              -73.674
720.162268         5.017              -73.635
720.159517         4.974              -73.595
720.156789         4.931              -73.556
720.154084         4.888              -73.517
720.151402         4.845              -73.478
720.148744         4.802              -73.439
720.146109         4.760              -73.400
720.143497         4.717              -73.361
720.140908         4.674              -73.322
720.138342         4.631              -73.283
720.135800         4.588              -73.245
720.133281         4.545              -73.206
720.130786         4.503              -73.167
720.128313         4.460              -73.128
720.125864         4.417              -73.089
720.123439         4.374              -73.050
720.121036         4.331              -73.011
720.118657         4.288              -72.972
720.116301         4.245              -72.933
720.113969         4.203              -72.894
720.111660         4.160              -72.855
720.109374         4.117              -72.816
720.107112         4.074              -72.777
720.104873         4.031              -72.738
720.102658         3.988              -72.699
720.100466         3.945              -72.660
720.098297         3.903              -72.622
720.096152         3.860              -72.583
720.094031         3.817              -72.544
720.091932         3.774              -72.505
720.089858         3.731              -72.466
720.087806         3.688              -72.427
720.085779         3.645              -72.388
720.083774         3.602              -72.349
720.081794         3.559              -72.311
720.079836         3.517              -72.272
720.077903         3.474              -72.233
720.075993         3.431              -72.194
720.074106         3.388              -72.155
720.072243         3.345              -72.116
720.070403         3.302              -72.077
720.068587         3.259              -72.039
720.066795         3.216              -72.000
720.065026         3.173              -71.961
720.063281         3.130              -71.922
720.061559         3.087              -71.883
720.059861         3.045              -71.844
720.058187         3.002              -71.806
720.056536         2.959              -71.767
720.054909         2.916              -71.728
720.053306         2.873              -71.689
720.051726         2.830              -71.650
720.050169         2.787              -71.612
720.048637         2.744              -71.573
720.047128         2.701              -71.534
720.045643         2.658              -71.495
720.044181         2.615              -71.456
720.042743         2.572              -71.418
720.041329         2.529              -71.379
720.039939         2.486              -71.340
720.038572         2.443              -71.301
720.037229         2.401              -71.262
720.035910         2.358              -71.224
720.034614         2.315              -71.185
720.033342         2.272              -71.146
720.032094         2.229              -71.107
720.030870         2.186              -71.069
720.029669         2.143              -71.030
720.028492         2.100              -70.991
720.027339         2.057              -70.952
720.026209         2.014              -70.914
720.025104         1.971              -70.875
720.024022         1.928              -70.836
720.022964         1.885              -70.797
720.021929         1.842              -70.759
720.020919         1.799              -70.720
720.019932         1.756              -70.681
720.018969         1.713              -70.642
720.018030         1.670              -70.604
720.017115         1.627              -70.565
720.016223         1.584              -70.526
720.015355         1.541              -70.487
720.014512         1.498              -70.449
720.013691         1.456              -70.410
720.012895         1.413              -70.371
720.012123         1.370              -70.333
720.011374         1.327              -70.294
720.010649         1.284              -70.255
720.009948         1.241              -70.216
720.009271         1.198              -70.178
720.008618         1.155              -70.139
720.007989         1.112              -70.100
720.007383         1.069              -70.062
720.006801         1.026              -70.023
720.006243         0.983              -69.984
720.005709         0.940              -69.945
720.005199         0.897              -69.907
720.004713         0.854              -69.868
720.004251         0.811              -69.829
720.003812         0.768              -69.791
720.003397         0.725              -69.752
720.003006         0.682              -69.713
720.002639         0.639              -69.674
720.002296         0.596              -69.636
720.001977         0.553              -69.597
720.001682         0.510              -69.558
720.001410         0.467              -69.520
720.001163         0.424              -69.481
720.000939         0.381              -69.442
720.000739         0.338              -69.403
720.000563         0.295              -69.365
720.000411         0.252              -69.326
720.000283         0.209              -69.287
720.000179         0.166              -69.249
720.000098         0.123              -69.210
720.000042         0.080              -69.171
720.000009         0.037              -69.133
720.000000         -0.006             -69.094
720.000015         -0.049             -69.055
720.000054         -0.092             -69.016
720.000117         -0.135             -68.978
720.000204         -0.178             -68.939
720.000315         -0.221             -68.900
720.000449         -0.264             -68.862
720.000607         -0.307             -68.823
720.000790         -0.350             -68.784
720.000996         -0.393             -68.746
720.001226         -0.436             -68.707
720.001480         -0.478             -68.668
720.001758         -0.521             -68.629
720.002059         -0.564             -68.591
720.002385         -0.607             -68.552
720.002734         -0.650             -68.513
720.003108         -0.693             -68.475
720.003505         -0.736             -68.436
720.003926         -0.779             -68.397
720.004371         -0.822             -68.359
720.004839         -0.865             -68.320
720.005332         -0.908             -68.281
720.005849         -0.951             -68.242
720.006389         -0.994             -68.204
720.006953         -1.037             -68.165
720.007541         -1.080             -68.126
720.008153         -1.123             -68.088
720.008789         -1.166             -68.049
720.009448         -1.209             -68.010
720.010132         -1.252             -67.971
720.010839         -1.295             -67.933
720.011570         -1.338             -67.894
720.012325         -1.381             -67.855
720.013104         -1.424             -67.816
720.013906         -1.467             -67.778
720.014733         -1.510             -67.739
720.015583         -1.553             -67.700
720.016457         -1.596             -67.662
720.017355         -1.639             -67.623
720.018276         -1.682             -67.584
720.019222         -1.725             -67.545
720.020191         -1.768             -67.507
720.021184         -1.811             -67.468
720.022201         -1.854             -67.429
720.023242         -1.897             -67.390
720.024306         -1.939             -67.352
720.025394         -1.982             -67.313
720.026506         -2.025             -67.274
720.027642         -2.068             -67.235
720.028801         -2.111             -67.197
720.029985         -2.154             -67.158
720.031191         -2.197             -67.119
720.032422         -2.240             -67.080
720.033677         -2.283             -67.042
720.034955         -2.326             -67.003
720.036257         -2.369             -66.964
720.037582         -2.412             -66.925
720.038932         -2.455             -66.887
720.040305         -2.498             -66.848
720.041701         -2.541             -66.809
720.043122         -2.584             -66.770
720.044566         -2.627             -66.731
720.046034         -2.670             -66.693
720.047525         -2.712             -66.654
720.049040         -2.755             -66.615
720.050579         -2.798             -66.576
720.052142         -2.841             -66.537
720.053728         -2.884             -66.499
720.055338         -2.927             -66.460
720.056971         -2.970             -66.421
720.058628         -3.013             -66.382
720.060309         -3.056             -66.343
720.062013         -3.099             -66.304
720.063741         -3.142             -66.266
720.065492         -3.185             -66.227
720.067267         -3.228             -66.188
720.069066         -3.270             -66.149
720.070888         -3.313             -66.110
720.072734         -3.356             -66.071
720.074603         -3.399             -66.033
720.076496         -3.442             -65.994
720.078413         -3.485             -65.955
720.080353         -3.528             -65.916
720.082316         -3.571             -65.877
720.084303         -3.614             -65.838
720.086313         -3.657             -65.799
720.088347         -3.699             -65.761
720.090405         -3.742             -65.722
720.092486         -3.785             -65.683
720.094590         -3.828             -65.644
720.096718         -3.871             -65.605
720.098869         -3.914             -65.566
720.101044         -3.957             -65.527
720.103242         -4.000             -65.488
720.105464         -4.042             -65.449
720.107709         -4.085             -65.411
720.109977         -4.128             -65.372
720.112269         -4.171             -65.333
720.114584         -4.214             -65.294
720.116923         -4.257             -65.255
720.119285         -4.300             -65.216
720.121670         -4.343             -65.177
720.124079         -4.385             -65.138
720.126511         -4.428             -65.099
720.128966         -4.471             -65.060
720.131444         -4.514             -65.021
720.133946         -4.557             -64.982
720.136471         -4.600             -64.943
720.139020         -4.642             -64.904
720.141591         -4.685             -64.865
720.144186         -4.728             -64.826
720.146804         -4.771             -64.787
720.149446         -4.814             -64.748
720.152110         -4.857             -64.709
720.154798         -4.899             -64.670
720.157509         -4.942             -64.631
720.160243         -4.985             -64.592
720.163000         -5.028             -64.553
720.165781         -5.071             -64.514
720.168584         -5.113             -64.475
720.171411         -5.156             -64.436
720.174261         -5.199             -64.397
720.177134         -5.242             -64.358
720.180029         -5.285             -64.319
720.182949         -5.327             -64.280
720.185891         -5.370             -64.241
720.188856         -5.413             -64.202
720.191844         -5.456             -64.163
720.194855         -5.499             -64.124
720.197889         -5.541             -64.084
720.200947         -5.584             -64.045
720.204027         -5.627             -64.006
720.207130         -5.670             -63.967
720.210256         -5.712             -63.928
720.213405         -5.755             -63.889
720.216577         -5.798             -63.850
720.219772         -5.841             -63.811
720.222990         -5.883             -63.771
720.226231         -5.926             -63.732
720.229494         -5.969             -63.693
720.232780         -6.012             -63.654
720.236090         -6.054             -63.615
720.239422         -6.097             -63.576
720.242776         -6.140             -63.536
720.246154         -6.183             -63.497
720.249555         -6.225             -63.458
720.252978         -6.268             -63.419
720.256424         -6.311             -63.380
720.259892         -6.353             -63.340
720.263384         -6.396             -63.301
720.266898         -6.439             -63.262
720.270434         -6.482             -63.223
720.273994         -6.524             -63.183
720.277576         -6.567             -63.144
720.281181         -6.610             -63.105
720.284808         -6.652             -63.066
720.288458         -6.695             -63.026
720.292130         -6.738             -62.987
720.295825         -6.780             -62.948
720.299543         -6.823             -62.908
720.303283         -6.866             -62.869
720.307046         -6.908             -62.830
720.310831         -6.951             -62.790
720.314639         -6.994             -62.751
720.318469         -7.036             -62.712
720.322321         -7.079             -62.672
720.326196         -7.122             -62.633
720.330094         -7.164             -62.594
720.334014         -7.207             -62.554
720.337956         -7.250             -62.515
720.341920         -7.292             -62.476
720.345907         -7.335             -62.436
720.349917         -7.377             -62.397
720.353948         -7.420             -62.357
720.358002         -7.463             -62.318
720.362078         -7.505             -62.279
720.366177         -7.548             -62.239
720.370297         -7.590             -62.200
720.374440         -7.633             -62.160
720.378605         -7.676             -62.121
720.382792         -7.718             -62.081
720.387002         -7.761             -62.042
720.391233         -7.803             -62.002
720.395487         -7.846             -61.963
720.399763         -7.888             -61.923
720.404060         -7.931             -61.884
720.408380         -7.973             -61.844
720.412722         -8.016             -61.805
720.417086         -8.059             -61.765
720.421472         -8.101             -61.726
720.425880         -8.144             -61.686
720.430310         -8.186             -61.646
720.434762         -8.229             -61.607
720.439236         -8.271             -61.567
720.443731         -8.314             -61.528
720.448249         -8.356             -61.488
720.452789         -8.399             -61.448
720.457350         -8.441             -61.409
720.461933         -8.484             -61.369
720.466538         -8.526             -61.329
720.471165         -8.569             -61.290
720.475813         -8.611             -61.250
720.480483         -8.654             -61.210
720.485175         -8.696             -61.171
720.489889         -8.739             -61.131
720.494624         -8.781             -61.091
720.499381         -8.823             -61.052
720.504160         -8.866             -61.012
720.508960         -8.908             -60.972
720.513782         -8.951             -60.932
720.518626         -8.993             -60.893
720.523491         -9.036             -60.853
720.528377         -9.078             -60.813
720.533285         -9.121             -60.773
720.538215         -9.163             -60.734
720.543166         -9.205             -60.694
720.548138         -9.248             -60.654
720.553132         -9.290             -60.614
720.558147         -9.333             -60.574
720.563184         -9.375             -60.534
720.568242         -9.417             -60.495
720.573321         -9.460             -60.455
720.578421         -9.502             -60.415
720.583543         -9.544             -60.375
720.588686         -9.587             -60.335
720.593851         -9.629             -60.295
720.599036         -9.671             -60.255
720.604243         -9.714             -60.215
720.609471         -9.756             -60.175
720.614720         -9.798             -60.135
720.619990         -9.841             -60.095
720.625281         -9.883             -60.055
720.630594         -9.925             -60.015
720.635927         -9.968             -59.975
720.641282         -10.010            -59.935
720.646657         -10.052            -59.895
720.652053         -10.095            -59.855
720.657471         -10.137            -59.815
720.662909         -10.179            -59.775
720.668368         -10.221            -59.735
720.673848         -10.264            -59.695
720.679349         -10.306            -59.655
720.684871         -10.348            -59.615
720.690413         -10.390            -59.575
720.695977         -10.433            -59.535
720.701561         -10.475            -59.494
720.707166         -10.517            -59.454
720.712791         -10.559            -59.414
720.718437         -10.601            -59.374
720.724104         -10.644            -59.334
720.729791         -10.686            -59.294
720.735500         -10.728            -59.253
720.741228         -10.770            -59.213
720.746977         -10.812            -59.173
720.752747         -10.855            -59.133
720.758537         -10.897            -59.092
720.764348         -10.939            -59.052
720.770179         -10.981            -59.012
720.776031         -11.023            -58.971
720.781903         -11.065            -58.931
720.787795         -11.107            -58.891
720.793707         -11.150            -58.850
720.799640         -11.192            -58.810
720.805594         -11.234            -58.770
720.811567         -11.276            -58.729
720.817561         -11.318            -58.689
720.823575         -11.360            -58.649
720.829609         -11.402            -58.608
720.835663         -11.444            -58.568
720.841738         -11.486            -58.527
720.847832         -11.528            -58.487
720.853947         -11.570            -58.446
720.860081         -11.612            -58.406
720.866236         -11.655            -58.365
720.872411         -11.697            -58.325
720.878605         -11.739            -58.284
720.884820         -11.781            -58.244
720.891054         -11.823            -58.203
720.897308         -11.865            -58.163
720.903583         -11.907            -58.122
720.909876         -11.949            -58.081
720.916190         -11.991            -58.041
720.922524         -12.033            -58.000
720.928877         -12.075            -57.960
720.935250         -12.117            -57.919
720.941643         -12.158            -57.878
720.948055         -12.200            -57.838
720.954487         -12.242            -57.797
720.960938         -12.284            -57.756
720.967409         -12.326            -57.716
720.973900         -12.368            -57.675
720.980410         -12.410            -57.634
720.986940         -12.452            -57.593
720.993489         -12.494            -57.553
721.000057         -12.536            -57.512
721.006645         -12.578            -57.471
721.013252         -12.619            -57.430
721.019879         -12.661            -57.389
721.026524         -12.703            -57.348
721.033189         -12.745            -57.308
721.039874         -12.787            -57.267
721.046577         -12.829            -57.226
721.053300         -12.871            -57.185
721.060042         -12.912            -57.144
721.066803         -12.954            -57.103
721.073583         -12.996            -57.062
721.080382         -13.038            -57.021
721.087200         -13.080            -56.980
721.094037         -13.121            -56.939
721.100893         -13.163            -56.898
721.107768         -13.205            -56.857
721.114662         -13.247            -56.816
721.121575         -13.288            -56.775
721.128507         -13.330            -56.734
721.135457         -13.372            -56.693
721.142426         -13.414            -56.652
721.149414         -13.455            -56.611
721.156421         -13.497            -56.569
721.163446         -13.539            -56.528
721.170490         -13.580            -56.487
721.177553         -13.622            -56.446
721.184634         -13.664            -56.405
721.191734         -13.705            -56.364
721.198852         -13.747            -56.322
721.205989         -13.789            -56.281
721.213144         -13.830            -56.240
721.220318         -13.872            -56.199
721.227510         -13.914            -56.157
721.234721         -13.955            -56.116
721.241950         -13.997            -56.075
721.249197         -14.038            -56.033
721.256462         -14.080            -55.992
721.263746         -14.122            -55.950
721.271047         -14.163            -55.909
721.278367         -14.205            -55.868
721.285705         -14.246            -55.826
721.293062         -14.288            -55.785
721.300436         -14.329            -55.743
721.307828         -14.371            -55.702
721.315239         -14.412            -55.660
721.322667         -14.454            -55.619
721.330113         -14.495            -55.577
721.337577         -14.537            -55.536
721.345059         -14.578            -55.494
721.352559         -14.620            -55.453
721.360077         -14.661            -55.411
721.367612         -14.703            -55.369
721.375165         -14.744            -55.328
721.382736         -14.786            -55.286
721.390325         -14.827            -55.245
721.397931         -14.868            -55.203
721.405555         -14.910            -55.161
721.413196         -14.951            -55.119
721.420855         -14.993            -55.078
721.428531         -15.034            -55.036
721.436225         -15.075            -54.994
721.443936         -15.117            -54.952
721.451665         -15.158            -54.911
721.459411         -15.199            -54.869
721.467174         -15.241            -54.827
721.474955         -15.282            -54.785
721.482752         -15.323            -54.743
721.490567         -15.365            -54.701
721.498400         -15.406            -54.659
721.506249         -15.447            -54.617
721.514116         -15.488            -54.576
721.521999         -15.530            -54.534
721.529900         -15.571            -54.492
721.537817         -15.612            -54.450
721.545752         -15.653            -54.408
721.553704         -15.695            -54.365
721.561672         -15.736            -54.323
721.569657         -15.777            -54.281
721.577659         -15.818            -54.239
721.585678         -15.859            -54.197
721.593714         -15.901            -54.155
721.601766         -15.942            -54.113
721.609836         -15.983            -54.071
721.617921         -16.024            -54.029
721.626024         -16.065            -53.986
721.634143         -16.106            -53.944
721.642278         -16.147            -53.902
721.650430         -16.189            -53.860
721.658598         -16.230            -53.817
721.666783         -16.271            -53.775
721.674984         -16.312            -53.733
721.683202         -16.353            -53.690
721.691436         -16.394            -53.648
721.699686         -16.435            -53.606
721.707953         -16.476            -53.563
721.716235         -16.517            -53.521
721.724534         -16.558            -53.478
721.732849         -16.599            -53.436
721.741180         -16.640            -53.393
721.749527         -16.681            -53.351
721.757890         -16.722            -53.308
721.766269         -16.763            -53.266
721.774664         -16.804            -53.223
721.783075         -16.845            -53.181
721.791502         -16.886            -53.138
721.799945         -16.927            -53.095
721.808403         -16.967            -53.053
721.816878         -17.008            -53.010
721.825367         -17.049            -52.967
721.833873         -17.090            -52.925
721.842394         -17.131            -52.882
721.850931         -17.172            -52.839
721.859484         -17.213            -52.797
721.868052         -17.253            -52.754
721.876635         -17.294            -52.711
721.885234         -17.335            -52.668
721.893848         -17.376            -52.625
721.902478         -17.417            -52.582
721.911123         -17.457            -52.540
721.919783         -17.498            -52.497
721.928459         -17.539            -52.454
721.937149         -17.580            -52.411
721.945855         -17.620            -52.368
721.954576         -17.661            -52.325
721.963313         -17.702            -52.282
721.972064         -17.742            -52.239
721.980830         -17.783            -52.196
721.989611         -17.824            -52.153
721.998408         -17.864            -52.110
722.007219         -17.905            -52.066
722.016045         -17.946            -52.023
722.024885         -17.986            -51.980
722.033741         -18.027            -51.937
722.042611         -18.068            -51.894
722.051496         -18.108            -51.851
722.060396         -18.149            -51.807
722.069310         -18.189            -51.764
722.078239         -18.230            -51.721
722.087183         -18.270            -51.677
722.096141         -18.311            -51.634
722.105113         -18.351            -51.591
722.114100         -18.392            -51.547
722.123101         -18.432            -51.504
722.132116         -18.473            -51.461
722.141146         -18.513            -51.417
722.150190         -18.554            -51.374
722.159249         -18.594            -51.330
722.168321         -18.635            -51.287
722.177408         -18.675            -51.243
722.186509         -18.715            -51.200
722.195624         -18.756            -51.156
722.204752         -18.796            -51.112
722.213895         -18.837            -51.069
722.223052         -18.877            -51.025
722.232223         -18.917            -50.981
722.241407         -18.958            -50.938
722.250605         -18.998            -50.894
722.259818         -19.038            -50.850
722.269043         -19.078            -50.806
722.278283         -19.119            -50.763
722.287536         -19.159            -50.719
722.296803         -19.199            -50.675
722.306083         -19.240            -50.631
722.315377         -19.280            -50.587
722.324684         -19.320            -50.543
722.334005         -19.360            -50.499
722.343339         -19.400            -50.456
722.352687         -19.441            -50.412
722.362048         -19.481            -50.368
722.371422         -19.521            -50.324
722.380809         -19.561            -50.279
722.390209         -19.601            -50.235
722.399623         -19.641            -50.191
722.409050         -19.681            -50.147
722.418490         -19.721            -50.103
722.427943         -19.761            -50.059
722.437408         -19.802            -50.015
722.446887         -19.842            -49.971
722.456379         -19.882            -49.926
722.465883         -19.922            -49.882
722.475401         -19.962            -49.838
722.484931         -20.002            -49.793
722.494473         -20.042            -49.749
722.504029         -20.082            -49.705
722.513597         -20.121            -49.660
722.523178         -20.161            -49.616
722.532771         -20.201            -49.572
722.542377         -20.241            -49.527
722.551995         -20.281            -49.483
722.561625         -20.321            -49.438
722.571268         -20.361            -49.394
722.580924         -20.401            -49.349
722.590591         -20.441            -49.304
722.600271         -20.480            -49.260
722.609963         -20.520            -49.215
722.619667         -20.560            -49.171
722.629384         -20.600            -49.126
722.639112         -20.640            -49.081
722.648853         -20.679            -49.036
722.658605         -20.719            -48.992
722.668369         -20.759            -48.947
722.678146         -20.799            -48.902
722.687934         -20.838            -48.857
722.697734         -20.878            -48.812
722.707545         -20.918            -48.767
722.717369         -20.957            -48.723
722.727204         -20.997            -48.678
722.737051         -21.036            -48.633
722.746909         -21.076            -48.588
722.756779         -21.116            -48.543
722.766660         -21.155            -48.498
722.776553         -21.195            -48.453
722.786457         -21.234            -48.407
722.796373         -21.274            -48.362
722.806300         -21.313            -48.317
722.816238         -21.353            -48.272
722.826187         -21.393            -48.227
722.836148         -21.432            -48.182
722.846120         -21.471            -48.136
722.856103         -21.511            -48.091
722.866097         -21.550            -48.046
722.876102         -21.590            -48.000
722.886117         -21.629            -47.955
722.896144         -21.669            -47.910
722.906182         -21.708            -47.864
722.916231         -21.747            -47.819
722.926290         -21.787            -47.773
722.936360         -21.826            -47.728
722.946441         -21.865            -47.682
722.956532         -21.905            -47.637
722.966634         -21.944            -47.591
722.976747         -21.983            -47.546
722.986870         -22.022            -47.500
722.997003         -22.062            -47.454
723.007147         -22.101            -47.409
723.017302         -22.140            -47.363
723.027466         -22.179            -47.317
723.037641         -22.218            -47.272
723.047826         -22.258            -47.226
723.058022         -22.297            -47.180
723.068227         -22.336            -47.134
723.078443         -22.375            -47.088
723.088669         -22.414            -47.042
723.098905         -22.453            -46.996
723.109150         -22.492            -46.950
723.119406         -22.531            -46.904
723.129671         -22.570            -46.858
723.139947         -22.609            -46.812
723.150232         -22.648            -46.766
723.160527         -22.687            -46.720
723.170831         -22.726            -46.674
723.181145         -22.765            -46.628
723.191469         -22.804            -46.582
723.201802         -22.843            -46.536
723.212145         -22.882            -46.489
723.222498         -22.921            -46.443
723.232859         -22.960            -46.397
723.243230         -22.999            -46.350
723.253611         -23.038            -46.304
723.264001         -23.076            -46.258
723.274399         -23.115            -46.211
723.284807         -23.154            -46.165
723.295225         -23.193            -46.118
723.305651         -23.232            -46.072
723.316086         -23.270            -46.025
723.326531         -23.309            -45.979
723.336984         -23.348            -45.932
723.347446         -23.387            -45.886
723.357917         -23.425            -45.839
723.368397         -23.464            -45.792
723.378886         -23.503            -45.745
723.389383         -23.541            -45.699
723.399889         -23.580            -45.652
723.410404         -23.618            -45.605
723.420927         -23.657            -45.558
723.431458         -23.696            -45.511
723.441999         -23.734            -45.465
723.452547         -23.773            -45.418
723.463104         -23.811            -45.371
723.473669         -23.850            -45.324
723.484243         -23.888            -45.277
723.494825         -23.927            -45.230
723.505415         -23.965            -45.183
723.516013         -24.003            -45.136
723.526619         -24.042            -45.088
723.537234         -24.080            -45.041
723.547856         -24.119            -44.994
723.558486         -24.157            -44.947
723.569125         -24.195            -44.900
723.579771         -24.234            -44.852
723.590425         -24.272            -44.805
723.601086         -24.310            -44.758
723.611756         -24.348            -44.710
723.622433         -24.387            -44.663
723.633117         -24.425            -44.615
723.643809         -24.463            -44.568
723.654509         -24.501            -44.521
723.665216         -24.540            -44.473
723.675931         -24.578            -44.425
723.686653         -24.616            -44.378
723.697382         -24.654            -44.330
723.708119         -24.692            -44.283
723.718863         -24.730            -44.235
723.729614         -24.768            -44.187
723.740372         -24.806            -44.139
723.751138         -24.844            -44.092
723.761910         -24.882            -44.044
723.772689         -24.920            -43.996
723.783476         -24.958            -43.948
723.794269         -24.996            -43.900
723.805069         -25.034            -43.852
723.815876         -25.072            -43.804
723.826689         -25.110            -43.756
723.837510         -25.148            -43.708
723.848337         -25.186            -43.660
723.859170         -25.224            -43.612
723.870010         -25.262            -43.564
723.880857         -25.299            -43.516
723.891710         -25.337            -43.468
723.902570         -25.375            -43.419
723.913435         -25.413            -43.371
723.924308         -25.450            -43.323
723.935186         -25.488            -43.275
723.946071         -25.526            -43.226
723.956962         -25.564            -43.178
723.967859         -25.601            -43.129
723.978762         -25.639            -43.081
723.989671         -25.676            -43.032
724.000586         -25.714            -42.984
724.011507         -25.752            -42.935
724.022434         -25.789            -42.887
724.033367         -25.827            -42.838
724.044305         -25.864            -42.790
724.055249         -25.902            -42.741
724.066199         -25.939            -42.692
724.077155         -25.977            -42.643
724.088116         -26.014            -42.595
724.099083         -26.052            -42.546
724.110055         -26.089            -42.497
724.121032         -26.126            -42.448
724.132015         -26.164            -42.399
724.143004         -26.201            -42.350
724.153997         -26.239            -42.301
724.164996         -26.276            -42.252
724.176000         -26.313            -42.203
724.187009         -26.350            -42.154
724.198024         -26.388            -42.105
724.209043         -26.425            -42.056
724.220067         -26.462            -42.006
724.231097         -26.499            -41.957
724.242131         -26.536            -41.908
724.253170         -26.574            -41.859
724.264214         -26.611            -41.809
724.275262         -26.648            -41.760
724.286315         -26.685            -41.711
724.297373         -26.722            -41.661
724.308436         -26.759            -41.612
724.319503         -26.796            -41.562
724.330574         -26.833            -41.513
724.341650         -26.870            -41.463
724.352731         -26.907            -41.413
724.363815         -26.944            -41.364
724.374904         -26.981            -41.314
724.385998         -27.018            -41.264
724.397095         -27.055            -41.215
724.408197         -27.092            -41.165
724.419303         -27.128            -41.115
724.430413         -27.165            -41.065
724.441526         -27.202            -41.015
724.452644         -27.239            -40.965
724.463766         -27.276            -40.915
724.474891         -27.312            -40.865
724.486021         -27.349            -40.815
724.497154         -27.386            -40.765
724.508291         -27.422            -40.715
724.519431         -27.459            -40.665
724.530575         -27.496            -40.615
724.541723         -27.532            -40.565
724.552874         -27.569            -40.515
724.564028         -27.605            -40.464
724.575186         -27.642            -40.414
724.586348         -27.679            -40.364
724.597512         -27.715            -40.313
724.608680         -27.752            -40.263
724.619851         -27.788            -40.212
724.631026         -27.824            -40.162
724.642203         -27.861            -40.111
724.653383         -27.897            -40.061
724.664567         -27.934            -40.010
724.675753         -27.970            -39.959
724.686942         -28.006            -39.909
724.698135         -28.043            -39.858
724.709330         -28.079            -39.807
724.720527         -28.115            -39.757
724.731728         -28.151            -39.706
724.742931         -28.188            -39.655
724.754136         -28.224            -39.604
724.765345         -28.260            -39.553
724.776555         -28.296            -39.502
724.787769         -28.332            -39.451
724.798984         -28.368            -39.400
724.810202         -28.404            -39.349
724.821422         -28.441            -39.298
724.832645         -28.477            -39.247
724.843870         -28.513            -39.195
724.855096         -28.549            -39.144
724.866325         -28.585            -39.093
724.877556         -28.620            -39.042
724.888789         -28.656            -38.990
724.900024         -28.692            -38.939
724.911261         -28.728            -38.887
724.922500         -28.764            -38.836
724.933741         -28.800            -38.784
724.944983         -28.836            -38.733
724.956227         -28.871            -38.681
724.967472         -28.907            -38.630
724.978720         -28.943            -38.578
724.989969         -28.979            -38.526
725.001219         -29.014            -38.475
725.012471         -29.050            -38.423
725.023724         -29.086            -38.371
725.034978         -29.121            -38.319
725.046234         -29.157            -38.267
725.057491         -29.192            -38.215
725.068749         -29.228            -38.163
725.080009         -29.264            -38.111
725.091269         -29.299            -38.059
725.102531         -29.335            -38.007
725.113793         -29.370            -37.955
725.125057         -29.405            -37.903
725.136321         -29.441            -37.851
725.147586         -29.476            -37.799
725.158852         -29.512            -37.746
725.170119         -29.547            -37.694
725.181387         -29.582            -37.642
725.192655         -29.618            -37.589
725.203923         -29.653            -37.537
725.215193         -29.688            -37.484
725.226462         -29.723            -37.432
725.237733         -29.758            -37.379
725.249003         -29.794            -37.327
725.260274         -29.829            -37.274
725.271545         -29.864            -37.221
725.282817         -29.899            -37.169
725.294088         -29.934            -37.116
725.305360         -29.969            -37.063
725.316632         -30.004            -37.010
725.327904         -30.039            -36.958
725.339176         -30.074            -36.905
725.350448         -30.109            -36.852
725.361719         -30.144            -36.799
725.372991         -30.179            -36.746
725.384262         -30.214            -36.693
725.395533         -30.248            -36.639
725.406804         -30.283            -36.586
725.418075         -30.318            -36.533
725.429345         -30.353            -36.480
725.440614         -30.388            -36.427
725.451883         -30.422            -36.373
725.463152         -30.457            -36.320
725.474419         -30.492            -36.267
725.485687         -30.526            -36.213
725.496953         -30.561            -36.160
725.508219         -30.596            -36.106
725.519484         -30.630            -36.053
725.530748         -30.665            -35.999
725.542011         -30.699            -35.945
725.553273         -30.734            -35.892
725.564534         -30.768            -35.838
725.575794         -30.802            -35.784
725.587053         -30.837            -35.730
725.598311         -30.871            -35.677
725.609567         -30.906            -35.623
725.620823         -30.940            -35.569
725.632077         -30.974            -35.515
725.643329         -31.009            -35.461
725.654580         -31.043            -35.407
725.665830         -31.077            -35.353
725.677078         -31.111            -35.299
725.688325         -31.145            -35.244
725.699570         -31.180            -35.190
725.710813         -31.214            -35.136
725.722055         -31.248            -35.082
725.733294         -31.282            -35.027
725.744532         -31.316            -34.973
725.755769         -31.350            -34.919
725.767003         -31.384            -34.864
725.778235         -31.418            -34.810
725.789465         -31.452            -34.755
725.800693         -31.486            -34.700
725.811919         -31.519            -34.646
725.823143         -31.553            -34.591
725.834365         -31.587            -34.536
725.845584         -31.621            -34.482
725.856801         -31.655            -34.427
725.868016         -31.688            -34.372
725.879228         -31.722            -34.317
725.890438         -31.756            -34.262
725.901645         -31.789            -34.207
725.912850         -31.823            -34.152
725.924052         -31.857            -34.097
725.935251         -31.890            -34.042
725.946448         -31.924            -33.987
725.957642         -31.957            -33.932
725.968833         -31.991            -33.876
725.980021         -32.024            -33.821
725.991206         -32.058            -33.766
726.002388         -32.091            -33.711
726.013567         -32.125            -33.655
726.024744         -32.158            -33.600
726.035917         -32.191            -33.544
726.047086         -32.224            -33.489
726.058253         -32.258            -33.433
726.069416         -32.291            -33.377
726.080577         -32.324            -33.322
726.091733         -32.357            -33.266
726.102886         -32.390            -33.210
726.114036         -32.424            -33.155
726.125182         -32.457            -33.099
726.136325         -32.490            -33.043
726.147464         -32.523            -32.987
726.158600         -32.556            -32.931
726.169731         -32.589            -32.875
726.180859         -32.622            -32.819
726.191983         -32.655            -32.763
726.203103         -32.688            -32.707
726.214220         -32.720            -32.650
726.225332         -32.753            -32.594
726.236440         -32.786            -32.538
726.247544         -32.819            -32.482
726.258645         -32.852            -32.425
726.269740         -32.884            -32.369
726.280832         -32.917            -32.312
726.291920         -32.950            -32.256
726.303003         -32.982            -32.199
726.314081         -33.015            -32.143
726.325156         -33.047            -32.086
726.336226         -33.080            -32.029
726.347291         -33.112            -31.973
726.358352         -33.145            -31.916
726.369408         -33.177            -31.859
726.380460         -33.210            -31.802
726.391506         -33.242            -31.745
726.402548         -33.275            -31.688
726.413586         -33.307            -31.631
726.424618         -33.339            -31.574
726.435646         -33.371            -31.517
726.446668         -33.404            -31.460
726.457686         -33.436            -31.403
726.468698         -33.468            -31.346
726.479705         -33.500            -31.289
726.490708         -33.532            -31.231
726.501704         -33.564            -31.174
726.512696         -33.596            -31.117
726.523683         -33.628            -31.059
726.534664         -33.660            -31.002
726.545639         -33.692            -30.944
726.556610         -33.724            -30.886
726.567574         -33.756            -30.829
726.578534         -33.788            -30.771
726.589487         -33.820            -30.713
726.600435         -33.852            -30.656
726.611377         -33.883            -30.598
726.622314         -33.915            -30.540
726.633244         -33.947            -30.482
726.644169         -33.979            -30.424
726.655088         -34.010            -30.366
726.666001         -34.042            -30.308
726.676908         -34.073            -30.250
726.687809         -34.105            -30.192
726.698704         -34.137            -30.134
726.709593         -34.168            -30.076
726.720476         -34.199            -30.017
726.731352         -34.231            -29.959
726.742222         -34.262            -29.901
726.753086         -34.294            -29.842
726.763943         -34.325            -29.784
726.774794         -34.356            -29.725
726.785639         -34.388            -29.667
726.796477         -34.419            -29.608
726.807308         -34.450            -29.549
726.818133         -34.481            -29.491
726.828951         -34.512            -29.432
726.839763         -34.543            -29.373
726.850567         -34.574            -29.314
726.861365         -34.605            -29.256
726.872156         -34.636            -29.197
726.882940         -34.667            -29.138
726.893717         -34.698            -29.079
726.904488         -34.729            -29.020
726.915251         -34.760            -28.961
726.926007         -34.791            -28.901
726.936755         -34.822            -28.842
726.947497         -34.853            -28.783
726.958231         -34.883            -28.724
726.968959         -34.914            -28.664
726.979678         -34.945            -28.605
726.990391         -34.975            -28.545
727.001096         -35.006            -28.486
727.011793         -35.037            -28.426
727.022483         -35.067            -28.367
727.033165         -35.098            -28.307
727.043840         -35.128            -28.248
727.054507         -35.158            -28.188
727.065167         -35.189            -28.128
727.075818         -35.219            -28.068
727.086462         -35.250            -28.008
727.097098         -35.280            -27.948
727.107726         -35.310            -27.889
727.118346         -35.340            -27.829
727.128958         -35.371            -27.768
727.139562         -35.401            -27.708
727.150158         -35.431            -27.648
727.160745         -35.461            -27.588
727.171325         -35.491            -27.528
727.181896         -35.521            -27.467
727.192459         -35.551            -27.407
727.203014         -35.581            -27.347
727.213560         -35.611            -27.286
727.224098         -35.641            -27.226
727.234627         -35.671            -27.165
727.245148         -35.701            -27.105
727.255660         -35.730            -27.044
727.266164         -35.760            -26.983
727.276659         -35.790            -26.923
727.287145         -35.819            -26.862
727.297623         -35.849            -26.801
727.308092         -35.879            -26.740
727.318552         -35.908            -26.679
727.329003         -35.938            -26.618
727.339445         -35.967            -26.557
727.349878         -35.997            -26.496
727.360302         -36.026            -26.435
727.370717         -36.056            -26.374
727.381122         -36.085            -26.313
727.391519         -36.114            -26.252
727.401906         -36.144            -26.190
727.412284         -36.173            -26.129
727.422653         -36.202            -26.067
727.433013         -36.231            -26.006
727.443363         -36.260            -25.945
727.453703         -36.290            -25.883
727.464034         -36.319            -25.821
727.474356         -36.348            -25.760
727.484668         -36.377            -25.698
727.494970         -36.406            -25.636
727.505263         -36.435            -25.575
727.515546         -36.463            -25.513
727.525819         -36.492            -25.451
727.536082         -36.521            -25.389
727.546335         -36.550            -25.327
727.556579         -36.579            -25.265
727.566813         -36.607            -25.203
727.577036         -36.636            -25.141
727.587250         -36.665            -25.078
727.597453         -36.693            -25.016
727.607646         -36.722            -24.954
727.617829         -36.750            -24.892
727.628002         -36.779            -24.829
727.638165         -36.807            -24.767
727.648317         -36.836            -24.704
727.658459         -36.864            -24.642
727.668590         -36.892            -24.579
727.678711         -36.921            -24.517
727.688822         -36.949            -24.454
727.698922         -36.977            -24.391
727.709011         -37.005            -24.328
727.719090         -37.033            -24.266
727.729158         -37.062            -24.203
727.739215         -37.090            -24.140
727.749262         -37.118            -24.077
727.759297         -37.146            -24.014
727.769322         -37.174            -23.951
727.779336         -37.202            -23.888
727.789339         -37.229            -23.824
727.799331         -37.257            -23.761
727.809312         -37.285            -23.698
727.819282         -37.313            -23.635
727.829241         -37.341            -23.571
727.839188         -37.368            -23.508
727.849125         -37.396            -23.444
727.859050         -37.424            -23.381
727.868963         -37.451            -23.317
727.878866         -37.479            -23.254
727.888757         -37.506            -23.190
727.898636         -37.534            -23.126
727.908505         -37.561            -23.063
727.918361         -37.588            -22.999
727.928206         -37.616            -22.935
727.938040         -37.643            -22.871
727.947861         -37.670            -22.807
727.957671         -37.697            -22.743
727.967470         -37.725            -22.679
727.977256         -37.752            -22.615
727.987031         -37.779            -22.551
727.996794         -37.806            -22.486
728.006544         -37.833            -22.422
728.016283         -37.860            -22.358
728.026010         -37.887            -22.294
728.035725         -37.914            -22.229
728.045428         -37.941            -22.165
728.055118         -37.967            -22.100
728.064797         -37.994            -22.036
728.074463         -38.021            -21.971
728.084117         -38.048            -21.906
728.093759         -38.074            -21.842
728.103388         -38.101            -21.777
728.113005         -38.128            -21.712
728.122609         -38.154            -21.647
728.132201         -38.181            -21.582
728.141780         -38.207            -21.517
728.151347         -38.233            -21.452
728.160902         -38.260            -21.387
728.170443         -38.286            -21.322
728.179972         -38.312            -21.257
728.189488         -38.339            -21.192
728.198992         -38.365            -21.127
728.208482         -38.391            -21.061
728.217960         -38.417            -20.996
728.227425         -38.443            -20.931
728.236877         -38.469            -20.865
728.246315         -38.495            -20.800
728.255741         -38.521            -20.734
728.265154         -38.547            -20.668
728.274554         -38.573            -20.603
728.283940         -38.599            -20.537
728.293313         -38.625            -20.471
728.302673         -38.650            -20.405
728.312020         -38.676            -20.340
728.321354         -38.702            -20.274
728.330674         -38.727            -20.208
728.339980         -38.753            -20.142
728.349274         -38.779            -20.076
728.358553         -38.804            -20.010
728.367819         -38.830            -19.943
728.377072         -38.855            -19.877
728.386311         -38.880            -19.811
728.395536         -38.906            -19.745
728.404748         -38.931            -19.678
728.413946         -38.956            -19.612
728.423130         -38.981            -19.545
728.432300         -39.007            -19.479
728.441457         -39.032            -19.412
728.450599         -39.057            -19.346
728.459728         -39.082            -19.279
728.468842         -39.107            -19.212
728.477943         -39.132            -19.146
728.487030         -39.157            -19.079
728.496102         -39.182            -19.012
728.505160         -39.206            -18.945
728.514204         -39.231            -18.878
728.523234         -39.256            -18.811
728.532250         -39.281            -18.744
728.541251         -39.305            -18.677
728.550238         -39.330            -18.610
728.559211         -39.354            -18.543
728.568169         -39.379            -18.475
728.577112         -39.403            -18.408
728.586042         -39.428            -18.341
728.594956         -39.452            -18.273
728.603856         -39.476            -18.206
728.612742         -39.501            -18.138
728.621612         -39.525            -18.071
728.630468         -39.549            -18.003
728.639310         -39.573            -17.936
728.648136         -39.597            -17.868
728.656948         -39.622            -17.800
728.665745         -39.646            -17.732
728.674527         -39.670            -17.664
728.683294         -39.693            -17.597
728.692046         -39.717            -17.529
728.700783         -39.741            -17.461
728.709505         -39.765            -17.393
728.718211         -39.789            -17.324
728.726903         -39.812            -17.256
728.735580         -39.836            -17.188
728.744241         -39.860            -17.120
728.752887         -39.883            -17.052
728.761518         -39.907            -16.983
728.770133         -39.930            -16.915
728.778733         -39.954            -16.846
728.787318         -39.977            -16.778
728.795887         -40.000            -16.709
728.804441         -40.024            -16.641
728.812979         -40.047            -16.572
728.821502         -40.070            -16.503
728.830009         -40.093            -16.435
728.838501         -40.117            -16.366
728.846977         -40.140            -16.297
728.855437         -40.163            -16.228
728.863881         -40.186            -16.159
728.872310         -40.209            -16.090
728.880722         -40.231            -16.021
728.889119         -40.254            -15.952
728.897500         -40.277            -15.883
728.905865         -40.300            -15.814
728.914214         -40.323            -15.745
728.922547         -40.345            -15.675
728.930865         -40.368            -15.606
728.939165         -40.390            -15.537
728.947450         -40.413            -15.467
728.955719         -40.435            -15.398
728.963972         -40.458            -15.328
728.972208         -40.480            -15.259
728.980428         -40.502            -15.189
728.988632         -40.525            -15.119
728.996819         -40.547            -15.050
729.004990         -40.569            -14.980
729.013145         -40.591            -14.910
729.021283         -40.613            -14.840
729.029404         -40.635            -14.770
729.037509         -40.657            -14.700
729.045598         -40.679            -14.630
729.053670         -40.701            -14.560
729.061725         -40.723            -14.490
729.069764         -40.745            -14.420
729.077786         -40.767            -14.350
729.085791         -40.788            -14.279
729.093780         -40.810            -14.209
729.101752         -40.832            -14.139
729.109706         -40.853            -14.068
729.117644         -40.875            -13.998
729.125566         -40.896            -13.927
729.133470         -40.918            -13.857
729.141357         -40.939            -13.786
729.149227         -40.960            -13.716
729.157080         -40.982            -13.645
729.164916         -41.003            -13.574
729.172735         -41.024            -13.503
729.180537         -41.045            -13.433
729.188321         -41.066            -13.362
729.196088         -41.087            -13.291
729.203838         -41.108            -13.220
729.211571         -41.129            -13.149
729.219287         -41.150            -13.078
729.226985         -41.171            -13.007
729.234665         -41.192            -12.935
729.242328         -41.212            -12.864
729.249974         -41.233            -12.793
729.257602         -41.254            -12.722
729.265213         -41.274            -12.650
729.272806         -41.295            -12.579
729.280382         -41.315            -12.507
729.287940         -41.336            -12.436
729.295480         -41.356            -12.364
729.303003         -41.376            -12.293
729.310507         -41.397            -12.221
729.317994         -41.417            -12.149
729.325464         -41.437            -12.078
729.332915         -41.457            -12.006
729.340349         -41.477            -11.934
729.347764         -41.497            -11.862
729.355162         -41.517            -11.790
729.362542         -41.537            -11.718
729.369903         -41.557            -11.646
729.377247         -41.577            -11.574
729.384573         -41.597            -11.502
729.391880         -41.617            -11.430
729.399169         -41.636            -11.358
729.406441         -41.656            -11.286
729.413694         -41.676            -11.213
729.420928         -41.695            -11.141
729.428145         -41.715            -11.069
729.435343         -41.734            -10.996
729.442523         -41.753            -10.924
729.449685         -41.773            -10.851
729.456828         -41.792            -10.779
729.463953         -41.811            -10.706
729.471059         -41.830            -10.633
729.478147         -41.849            -10.561
729.485216         -41.869            -10.488
729.492267         -41.888            -10.415
729.499299         -41.907            -10.342
729.506313         -41.925            -10.269
729.513308         -41.944            -10.196
729.520284         -41.963            -10.123
729.527241         -41.982            -10.050
729.534180         -42.001            -9.977
729.541100         -42.019            -9.904
729.548001         -42.038            -9.831
729.554884         -42.056            -9.758
729.561747         -42.075            -9.685
729.568592         -42.093            -9.611
729.575418         -42.112            -9.538
729.582225         -42.130            -9.465
729.589013         -42.148            -9.391
729.595781         -42.167            -9.318
729.602531         -42.185            -9.244
729.609262         -42.203            -9.171
729.615974         -42.221            -9.097
729.622666         -42.239            -9.023
729.629339         -42.257            -8.950
729.635994         -42.275            -8.876
729.642629         -42.293            -8.802
729.649244         -42.311            -8.728
729.655841         -42.328            -8.654
729.662418         -42.346            -8.580
729.668976         -42.364            -8.506
729.675514         -42.381            -8.432
729.682033         -42.399            -8.358
729.688533         -42.416            -8.284
729.695013         -42.434            -8.210
729.701473         -42.451            -8.136
729.707915         -42.469            -8.062
729.714336         -42.486            -7.988
729.720738         -42.503            -7.913
729.727121         -42.520            -7.839
729.733484         -42.537            -7.765
729.739827         -42.554            -7.690
729.746150         -42.572            -7.616
729.752454         -42.588            -7.541
729.758738         -42.605            -7.467
729.765003         -42.622            -7.392
729.771247         -42.639            -7.317
729.777472         -42.656            -7.243
729.783677         -42.672            -7.168
729.789862         -42.689            -7.093
729.796027         -42.706            -7.018
729.802172         -42.722            -6.943
729.808297         -42.739            -6.869
729.814402         -42.755            -6.794
729.820487         -42.771            -6.719
729.826553         -42.788            -6.644
729.832598         -42.804            -6.569
729.838623         -42.820            -6.493
729.844628         -42.836            -6.418
729.850612         -42.852            -6.343
729.856577         -42.869            -6.268
729.862521         -42.884            -6.193
729.868445         -42.900            -6.117
729.874349         -42.916            -6.042
729.880233         -42.932            -5.967
729.886096         -42.948            -5.891
729.891939         -42.964            -5.816
729.897762         -42.979            -5.740
729.903564         -42.995            -5.665
729.909346         -43.010            -5.589
729.915107         -43.026            -5.513
729.920848         -43.041            -5.438
729.926569         -43.057            -5.362
729.932269         -43.072            -5.286
729.937948         -43.087            -5.210
729.943607         -43.102            -5.135
729.949245         -43.118            -5.059
729.954863         -43.133            -4.983
729.960460         -43.148            -4.907
729.966037         -43.163            -4.831
729.971592         -43.178            -4.755
729.977127         -43.192            -4.679
729.982642         -43.207            -4.603
729.988135         -43.222            -4.526
729.993608         -43.237            -4.450
729.999060         -43.251            -4.374
730.004491         -43.266            -4.298
730.009901         -43.280            -4.221
730.015290         -43.295            -4.145
730.020659         -43.309            -4.069
730.026006         -43.324            -3.992
730.031333         -43.338            -3.916
730.036638         -43.352            -3.839
730.041923         -43.366            -3.763
730.047187         -43.381            -3.686
730.052429         -43.395            -3.610
730.057651         -43.409            -3.533
730.062851         -43.423            -3.456
730.068030         -43.437            -3.380
730.073188         -43.450            -3.303
730.078325         -43.464            -3.226
730.083441         -43.478            -3.149
730.088536         -43.492            -3.072
730.093609         -43.505            -2.996
730.098661         -43.519            -2.919
730.103692         -43.532            -2.842
730.108701         -43.546            -2.765
730.113689         -43.559            -2.688
730.118656         -43.572            -2.611
730.123602         -43.586            -2.533
730.128526         -43.599            -2.456
730.133429         -43.612            -2.379
730.138310         -43.625            -2.302
730.143170         -43.638            -2.225
730.148008         -43.651            -2.147
730.152825         -43.664            -2.070
730.157620         -43.677            -1.993
730.162394         -43.690            -1.915
730.167146         -43.703            -1.838
730.171877         -43.715            -1.760
730.176586         -43.728            -1.683
730.181273         -43.740            -1.605
730.185939         -43.753            -1.528
730.190583         -43.765            -1.450
730.195206         -43.778            -1.373
730.199807         -43.790            -1.295
730.204386         -43.802            -1.217
730.208943         -43.815            -1.139
730.213479         -43.827            -1.062
730.217992         -43.839            -0.984
730.222484         -43.851            -0.906
730.226954         -43.863            -0.828
730.231403         -43.875            -0.750
730.235829         -43.887            -0.672
730.240234         -43.899            -0.594
730.244616         -43.910            -0.516
730.248977         -43.922            -0.438
730.253316         -43.934            -0.360
730.257632         -43.945            -0.282
730.261927         -43.957            -0.204
730.266200         -43.968            -0.126
730.270451         -43.980            -0.048
730.274680         -43.991            0.030
730.278886         -44.002            0.109
730.283071         -44.013            0.187
730.287233         -44.025            0.265
730.291374         -44.036            0.344
730.295492         -44.047            0.422
730.299588         -44.058            0.500
730.303662         -44.069            0.579
730.307714         -44.080            0.657
730.311744         -44.090            0.736
730.315751         -44.101            0.814
730.319736         -44.112            0.893
730.323699         -44.122            0.971
730.327640         -44.133            1.050
730.331558         -44.143            1.129
730.335454         -44.154            1.207
730.339328         -44.164            1.286
730.343179         -44.175            1.365
730.347008         -44.185            1.444
730.350815         -44.195            1.522
730.354599         -44.205            1.601
730.358361         -44.215            1.680
730.362100         -44.225            1.759
730.365817         -44.235            1.838
730.369511         -44.245            1.917
730.373183         -44.255            1.996
730.376833         -44.265            2.075
730.380460         -44.275            2.154
730.384064         -44.284            2.233
730.387646         -44.294            2.312
730.391206         -44.303            2.391
730.394742         -44.313            2.470
730.398257         -44.322            2.549
730.401748         -44.332            2.628
730.405217         -44.341            2.708
730.408663         -44.350            2.787
730.412087         -44.359            2.866
730.415488         -44.368            2.945
730.418866         -44.378            3.025
730.422222         -44.387            3.104
730.425555         -44.395            3.183
730.428865         -44.404            3.263
730.432153         -44.413            3.342
730.435417         -44.422            3.421
730.438659         -44.431            3.501
730.441878         -44.439            3.580
730.445075         -44.448            3.660
730.448248         -44.456            3.739
730.451399         -44.465            3.819
730.454527         -44.473            3.899
730.457632         -44.481            3.978
730.460714         -44.490            4.058
730.463773         -44.498            4.137
730.466810         -44.506            4.217
730.469823         -44.514            4.297
730.472814         -44.522            4.377
730.475781         -44.530            4.456
730.478726         -44.538            4.536
730.481647         -44.546            4.616
730.484546         -44.554            4.696
730.487422         -44.561            4.775
730.490275         -44.569            4.855
730.493104         -44.576            4.935
730.495911         -44.584            5.015
730.498695         -44.591            5.095
730.501455         -44.599            5.175
730.504193         -44.606            5.255
730.506907         -44.613            5.335
730.509599         -44.621            5.415
730.512267         -44.628            5.495
730.514912         -44.635            5.575
730.517534         -44.642            5.655
730.520133         -44.649            5.735
730.522709         -44.656            5.815
730.525261         -44.663            5.895
730.527791         -44.669            5.975
730.530297         -44.676            6.056
730.532780         -44.683            6.136
730.535240         -44.689            6.216
730.537676         -44.696            6.296
730.540090         -44.702            6.376
730.542480         -44.709            6.457
730.544847         -44.715            6.537
730.547190         -44.721            6.617
730.549511         -44.728            6.698
730.551808         -44.734            6.778
730.554082         -44.740            6.858
730.556332         -44.746            6.939
730.558560         -44.752            7.019
730.560764         -44.758            7.099
730.562944         -44.764            7.180
730.565101         -44.769            7.260
730.567235         -44.775            7.341
730.569346         -44.781            7.421
730.571433         -44.786            7.502
730.573497         -44.792            7.582
730.575537         -44.797            7.663
730.577554         -44.803            7.743
730.579548         -44.808            7.824
730.581518         -44.813            7.904
730.583465         -44.819            7.985
730.585388         -44.824            8.065
730.587288         -44.829            8.146
730.589165         -44.834            8.227
730.591018         -44.839            8.307
730.592847         -44.844            8.388
730.594653         -44.849            8.469
730.596436         -44.853            8.549
730.598195         -44.858            8.630
730.599931         -44.863            8.711
730.601643         -44.867            8.791
730.603332         -44.872            8.872
730.604997         -44.876            8.953
730.606638         -44.881            9.034
730.608256         -44.885            9.114
730.609851         -44.889            9.195
730.611422         -44.894            9.276
730.612969         -44.898            9.357
730.614493         -44.902            9.438
730.615994         -44.906            9.519
730.617470         -44.910            9.599
730.618924         -44.914            9.680
730.620353         -44.917            9.761
730.621759         -44.921            9.842
730.623141         -44.925            9.923
730.624500         -44.929            10.004
730.625835         -44.932            10.085
730.627147         -44.936            10.166
730.628435         -44.939            10.247
730.629699         -44.943            10.328
730.630940         -44.946            10.408
730.632157         -44.949            10.489
730.633350         -44.952            10.570
730.634520         -44.955            10.651
730.635666         -44.959            10.732
730.636789         -44.962            10.813
730.637887         -44.964            10.894
730.638962         -44.967            10.975
730.640014         -44.970            11.056
730.641042         -44.973            11.137
730.642046         -44.976            11.219
730.643026         -44.978            11.300
730.643983         -44.981            11.381
730.644916         -44.983            11.462
730.645825         -44.986            11.543
730.646711         -44.988            11.624
730.647572         -44.990            11.705
730.648411         -44.993            11.786
730.649225         -44.995            11.867
730.650016         -44.997            11.948
730.650783         -44.999            12.029
730.651526         -45.001            12.110
730.652246         -45.003            12.192
730.652941         -45.005            12.273
730.653613         -45.007            12.354
730.654262         -45.008            12.435
730.654886         -45.010            12.516
730.655487         -45.012            12.597
730.656064         -45.013            12.678
730.656618         -45.015            12.760
730.657147         -45.016            12.841
730.657653         -45.017            12.922
730.658135         -45.019            13.003
730.658594         -45.020            13.084
730.659028         -45.021            13.166
730.659439         -45.022            13.247
730.659826         -45.023            13.328
730.660189         -45.024            13.409
730.660529         -45.025            13.490
730.660844         -45.026            13.571
730.661136         -45.027            13.653
730.661405         -45.027            13.734
730.661649         -45.028            13.815
730.661870         -45.029            13.896
730.662066         -45.029            13.977
730.662240         -45.030            14.059
730.662389         -45.030            14.140
730.662514         -45.030            14.221
730.662616         -45.031            14.302
730.662694         -45.031            14.384
730.662748         -45.031            14.465
730.662779         -45.031            14.546
730.662785         -45.031            14.627
730.662768         -45.031            14.708
730.662727         -45.031            14.790
730.662662         -45.031            14.871
730.662574         -45.031            14.952
730.662462         -45.030            15.033
730.662326         -45.030            15.114
730.662166         -45.030            15.196
730.661982         -45.029            15.277
730.661775         -45.028            15.358
730.661544         -45.028            15.439
730.661289         -45.027            15.520
730.661010         -45.026            15.602
730.660708         -45.026            15.683
730.660381         -45.025            15.764
730.660031         -45.024            15.845
730.659658         -45.023            15.926
730.659260         -45.022            16.008
730.658839         -45.021            16.089
730.658394         -45.019            16.170
730.657925         -45.018            16.251
730.657432         -45.017            16.332
730.656916         -45.015            16.413
730.656376         -45.014            16.495
730.655812         -45.012            16.576
730.655224         -45.011            16.657
730.654613         -45.009            16.738
730.653978         -45.008            16.819
730.653319         -45.006            16.900
730.652636         -45.004            16.982
730.651930         -45.002            17.063
730.651200         -45.000            17.144
730.650446         -44.998            17.225
730.649669         -44.996            17.306
730.648868         -44.994            17.387
730.648043         -44.992            17.468
730.647194         -44.989            17.549
730.646322         -44.987            17.630
730.645426         -44.985            17.711
730.644506         -44.982            17.793
730.643562         -44.980            17.874
730.642595         -44.977            17.955
730.641604         -44.974            18.036
730.640590         -44.972            18.117
730.639552         -44.969            18.198
730.638490         -44.966            18.279
730.637404         -44.963            18.360
730.636295         -44.960            18.441
730.635162         -44.957            18.522
730.634005         -44.954            18.603
730.632825         -44.951            18.684
730.631621         -44.948            18.765
730.630394         -44.944            18.846
730.629143         -44.941            18.927
730.627868         -44.938            19.008
730.626569         -44.934            19.089
730.625247         -44.931            19.169
730.623902         -44.927            19.250
730.622533         -44.923            19.331
730.621140         -44.920            19.412
730.619723         -44.916            19.493
730.618283         -44.912            19.574
730.616820         -44.908            19.655
730.615333         -44.904            19.736
730.613822         -44.900            19.816
730.612288         -44.896            19.897
730.610730         -44.892            19.978
730.609148         -44.887            20.059
730.607543         -44.883            20.140
730.605915         -44.879            20.220
730.604263         -44.874            20.301
730.602587         -44.870            20.382
730.600888         -44.865            20.463
730.599166         -44.861            20.543
730.597420         -44.856            20.624
730.595650         -44.851            20.705
730.593857         -44.846            20.785
730.592041         -44.842            20.866
730.590201         -44.837            20.947
730.588337         -44.832            21.027
730.586450         -44.827            21.108
730.584540         -44.822            21.189
730.582606         -44.816            21.269
730.580649         -44.811            21.350
730.578668         -44.806            21.430
730.576664         -44.800            21.511
730.574637         -44.795            21.591
730.572586         -44.789            21.672
730.570512         -44.784            21.752
730.568415         -44.778            21.833
730.566294         -44.773            21.913
730.564150         -44.767            21.994
730.561982         -44.761            22.074
730.559791         -44.755            22.155
730.557577         -44.749            22.235
730.555339         -44.743            22.315
730.553078         -44.737            22.396
730.550794         -44.731            22.476
730.548487         -44.725            22.556
730.546156         -44.719            22.637
730.543802         -44.712            22.717
730.541425         -44.706            22.797
730.539025         -44.700            22.877
730.536601         -44.693            22.958
730.534154         -44.687            23.038
730.531684         -44.680            23.118
730.529191         -44.673            23.198
730.526674         -44.666            23.278
730.524134         -44.660            23.359
730.521572         -44.653            23.439
730.518986         -44.646            23.519
730.516376         -44.639            23.599
730.513744         -44.632            23.679
730.511089         -44.625            23.759
730.508410         -44.618            23.839
730.505709         -44.610            23.919
730.502984         -44.603            23.999
730.500236         -44.596            24.079
730.497466         -44.588            24.159
730.494672         -44.581            24.239
730.491855         -44.573            24.319
730.489015         -44.566            24.398
730.486152         -44.558            24.478
730.483266         -44.550            24.558
730.480357         -44.542            24.638
730.477425         -44.534            24.718
730.474471         -44.527            24.797
730.471493         -44.519            24.877
730.468492         -44.511            24.957
730.465469         -44.502            25.037
730.462422         -44.494            25.116
730.459353         -44.486            25.196
730.456261         -44.478            25.275
730.453145         -44.469            25.355
730.450007         -44.461            25.435
730.446847         -44.453            25.514
730.443663         -44.444            25.594
730.440457         -44.435            25.673
730.437227         -44.427            25.753
730.433975         -44.418            25.832
730.430701         -44.409            25.911
730.427403         -44.400            25.991
730.424083         -44.392            26.070
730.420740         -44.383            26.150
730.417374         -44.374            26.229
730.413986         -44.364            26.308
730.410575         -44.355            26.387
730.407141         -44.346            26.467
730.403685         -44.337            26.546
730.400206         -44.328            26.625
730.396704         -44.318            26.704
730.393180         -44.309            26.783
730.389633         -44.299            26.863
730.386064         -44.290            26.942
730.382472         -44.280            27.021
730.378857         -44.270            27.100
730.375221         -44.261            27.179
730.371561         -44.251            27.258
730.367879         -44.241            27.337
730.364175         -44.231            27.416
730.360448         -44.221            27.494
730.356699         -44.211            27.573
730.352927         -44.201            27.652
730.349133         -44.191            27.731
730.345316         -44.180            27.810
730.341477         -44.170            27.888
730.337616         -44.160            27.967
730.333733         -44.149            28.046
730.329827         -44.139            28.124
730.325899         -44.128            28.203
730.321948         -44.118            28.282
730.317975         -44.107            28.360
730.313980         -44.096            28.439
730.309963         -44.086            28.517
730.305924         -44.075            28.596
730.301862         -44.064            28.674
730.297778         -44.053            28.753
730.293672         -44.042            28.831
730.289544         -44.031            28.909
730.285394         -44.020            28.988
730.281222         -44.009            29.066
730.277027         -43.997            29.144
730.272811         -43.986            29.223
730.268572         -43.975            29.301
730.264312         -43.963            29.379
730.260029         -43.952            29.457
730.255725         -43.940            29.535
730.251398         -43.929            29.613
730.247050         -43.917            29.691
730.242679         -43.905            29.769
730.238287         -43.893            29.847
730.233873         -43.882            29.925
730.229437         -43.870            30.003
730.224979         -43.858            30.081
730.220499         -43.846            30.159
730.215997         -43.834            30.237
730.211474         -43.821            30.315
730.206929         -43.809            30.392
730.202362         -43.797            30.470
730.197773         -43.785            30.548
730.193163         -43.772            30.625
730.188531         -43.760            30.703
730.183877         -43.747            30.781
730.179202         -43.735            30.858
730.174505         -43.722            30.936
730.169786         -43.710            31.013
730.165046         -43.697            31.091
730.160284         -43.684            31.168
730.155501         -43.671            31.245
730.150696         -43.658            31.323
730.145869         -43.645            31.400
730.141022         -43.632            31.477
730.136152         -43.619            31.554
730.131262         -43.606            31.632
730.126349         -43.593            31.709
730.121416         -43.580            31.786
730.116461         -43.567            31.863
730.111485         -43.553            31.940
730.106487         -43.540            32.017
730.101468         -43.526            32.094
730.096428         -43.513            32.171
730.091366         -43.499            32.248
730.086284         -43.486            32.325
730.081180         -43.472            32.402
730.076054         -43.458            32.479
730.070908         -43.444            32.555
730.065741         -43.430            32.632
730.060552         -43.416            32.709
730.055342         -43.402            32.785
730.050112         -43.388            32.862
730.044860         -43.374            32.939
730.039587         -43.360            33.015
730.034293         -43.346            33.092
730.028978         -43.332            33.168
730.023642         -43.317            33.245
730.018285         -43.303            33.321
730.012908         -43.289            33.397
730.007509         -43.274            33.474
730.002090         -43.259            33.550
729.996649         -43.245            33.626
729.991188         -43.230            33.702
729.985706         -43.215            33.779
729.980204         -43.201            33.855
729.974680         -43.186            33.931
729.969136         -43.171            34.007
729.963571         -43.156            34.083
729.957986         -43.141            34.159
729.952380         -43.126            34.235
729.946753         -43.111            34.311
729.941105         -43.096            34.386
729.935437         -43.080            34.462
729.929749         -43.065            34.538
729.924040         -43.050            34.614
729.918310         -43.034            34.690
729.912560         -43.019            34.765
729.906790         -43.003            34.841
729.900999         -42.988            34.916
729.895188         -42.972            34.992
729.889356         -42.957            35.067
729.883504         -42.941            35.143
729.877632         -42.925            35.218
729.871739         -42.909            35.294
729.865826         -42.893            35.369
729.859893         -42.877            35.444
729.853940         -42.861            35.520
729.847966         -42.845            35.595
729.841973         -42.829            35.670
729.835959         -42.813            35.745
729.829925         -42.797            35.820
729.823871         -42.781            35.895
729.817797         -42.764            35.970
729.811703         -42.748            36.045
729.805589         -42.731            36.120
729.799455         -42.715            36.195
729.793301         -42.698            36.270
729.787127         -42.682            36.345
729.780933         -42.665            36.419
729.774719         -42.648            36.494
729.768486         -42.632            36.569
729.762233         -42.615            36.643
729.755960         -42.598            36.718
729.749667         -42.581            36.792
729.743354         -42.564            36.867
729.737022         -42.547            36.941
729.730670         -42.530            37.016
729.724299         -42.513            37.090
729.717907         -42.496            37.165
729.711497         -42.478            37.239
729.705066         -42.461            37.313
729.698617         -42.444            37.387
729.692147         -42.426            37.461
729.685659         -42.409            37.536
729.679150         -42.391            37.610
729.672623         -42.374            37.684
729.666076         -42.356            37.758
729.659509         -42.338            37.832
729.652924         -42.321            37.905
729.646319         -42.303            37.979
729.639695         -42.285            38.053
729.633051         -42.267            38.127
729.626388         -42.249            38.201
729.619707         -42.231            38.274
729.613006         -42.213            38.348
729.606286         -42.195            38.421
729.599546         -42.177            38.495
729.592788         -42.159            38.569
729.586011         -42.140            38.642
729.579215         -42.122            38.715
729.572399         -42.104            38.789
729.565565         -42.085            38.862
729.558712         -42.067            38.935
729.551840         -42.048            39.009
729.544950         -42.030            39.082
729.538040         -42.011            39.155
729.531112         -41.992            39.228
729.524165         -41.974            39.301
729.517199         -41.955            39.374
729.510214         -41.936            39.447
729.503211         -41.917            39.520
729.496189         -41.898            39.593
729.489149         -41.879            39.666
729.482090         -41.860            39.738
729.475012         -41.841            39.811
729.467916         -41.822            39.884
729.460802         -41.803            39.956
729.453669         -41.783            40.029
729.446518         -41.764            40.102
729.439348         -41.745            40.174
729.432160         -41.725            40.247
729.424954         -41.706            40.319
729.417729         -41.686            40.391
729.410486         -41.667            40.464
729.403225         -41.647            40.536
729.395946         -41.628            40.608
729.388648         -41.608            40.680
729.381333         -41.588            40.752
729.373999         -41.568            40.825
729.366647         -41.548            40.897
729.359278         -41.529            40.969
729.351890         -41.509            41.041
729.344485         -41.489            41.112
729.337061         -41.469            41.184
729.329620         -41.448            41.256
729.322160         -41.428            41.328
729.314683         -41.408            41.400
729.307188         -41.388            41.471
729.299676         -41.367            41.543
729.292145         -41.347            41.614
729.284597         -41.327            41.686
729.277031         -41.306            41.757
729.269448         -41.286            41.829
729.261847         -41.265            41.900
729.254229         -41.245            41.972
729.246593         -41.224            42.043
729.238939         -41.203            42.114
729.231268         -41.182            42.185
729.223580         -41.162            42.256
729.215874         -41.141            42.328
729.208151         -41.120            42.399
729.200411         -41.099            42.470
729.192653         -41.078            42.541
729.184878         -41.057            42.611
729.177086         -41.036            42.682
729.169277         -41.015            42.753
729.161450         -40.993            42.824
729.153607         -40.972            42.895
729.145746         -40.951            42.965
729.137868         -40.930            43.036
729.129974         -40.908            43.106
729.122062         -40.887            43.177
729.114134         -40.865            43.247
729.106188         -40.844            43.318
729.098226         -40.822            43.388
729.090247         -40.800            43.459
729.082251         -40.779            43.529
729.074238         -40.757            43.599
729.066209         -40.735            43.669
729.058163         -40.713            43.739
729.050100         -40.692            43.810
729.042020         -40.670            43.880
729.033925         -40.648            43.950
729.025812         -40.626            44.019
729.017683         -40.604            44.089
729.009538         -40.581            44.159
729.001376         -40.559            44.229
728.993198         -40.537            44.299
728.985003         -40.515            44.368
728.976792         -40.493            44.438
728.968565         -40.470            44.508
728.960321         -40.448            44.577
728.952062         -40.425            44.647
728.943786         -40.403            44.716
728.935494         -40.380            44.786
728.927186         -40.358            44.855
728.918862         -40.335            44.924
728.910521         -40.312            44.994
728.902165         -40.290            45.063
728.893793         -40.267            45.132
728.885405         -40.244            45.201
728.877001         -40.221            45.270
728.868581         -40.198            45.339
728.860146         -40.175            45.408
728.851694         -40.152            45.477
728.843227         -40.129            45.546
728.834745         -40.106            45.615
728.826246         -40.083            45.683
728.817732         -40.060            45.752
728.809203         -40.037            45.821
728.800658         -40.013            45.889
728.792097         -39.990            45.958
728.783521         -39.967            46.027
728.774929         -39.943            46.095
728.766322         -39.920            46.163
728.757700         -39.896            46.232
728.749063         -39.873            46.300
728.740410         -39.849            46.368
728.731742         -39.826            46.437
728.723058         -39.802            46.505
728.714360         -39.778            46.573
728.705647         -39.754            46.641
728.696918         -39.731            46.709
728.688174         -39.707            46.777
728.679416         -39.683            46.845
728.670642         -39.659            46.913
728.661853         -39.635            46.981
728.653050         -39.611            47.048
728.644232         -39.587            47.116
728.635399         -39.563            47.184
728.626551         -39.538            47.252
728.617688         -39.514            47.319
728.608811         -39.490            47.387
728.599919         -39.466            47.454
728.591013         -39.441            47.522
728.582092         -39.417            47.589
728.573156         -39.392            47.656
728.564206         -39.368            47.724
728.555242         -39.343            47.791
728.546263         -39.319            47.858
728.537269         -39.294            47.925
728.528262         -39.270            47.992
728.519240         -39.245            48.059
728.510204         -39.220            48.126
728.501153         -39.195            48.193
728.492089         -39.171            48.260
728.483010         -39.146            48.327
728.473917         -39.121            48.394
728.464810         -39.096            48.460
728.455690         -39.071            48.527
728.446555         -39.046            48.594
728.437406         -39.021            48.660
728.428244         -38.995            48.727
728.419067         -38.970            48.793
728.409877         -38.945            48.860
728.400673         -38.920            48.926
728.391455         -38.894            48.992
728.382224         -38.869            49.059
728.372979         -38.844            49.125
728.363720         -38.818            49.191
728.354448         -38.793            49.257
728.345162         -38.767            49.323
728.335863         -38.742            49.389
728.326551         -38.716            49.455
728.317225         -38.691            49.521
728.307885         -38.665            49.587
728.298533         -38.639            49.653
728.289167         -38.613            49.719
728.279788         -38.588            49.784
728.270395         -38.562            49.850
728.260990         -38.536            49.916
728.251571         -38.510            49.981
728.242140         -38.484            50.047
728.232695         -38.458            50.112
728.223238         -38.432            50.178
728.213767         -38.406            50.243
728.204284         -38.379            50.309
728.194787         -38.353            50.374
728.185278         -38.327            50.439
728.175757         -38.301            50.504
728.166222         -38.274            50.569
728.156675         -38.248            50.634
728.147115         -38.222            50.700
728.137543         -38.195            50.764
728.127958         -38.169            50.829
728.118360         -38.142            50.894
728.108750         -38.116            50.959
728.099128         -38.089            51.024
728.089493         -38.063            51.089
728.079846         -38.036            51.153
728.070187         -38.009            51.218
728.060515         -37.982            51.283
728.050831         -37.956            51.347
728.041135         -37.929            51.412
728.031427         -37.902            51.476
728.021707         -37.875            51.540
728.011975         -37.848            51.605
728.002231         -37.821            51.669
727.992474         -37.794            51.733
727.982706         -37.767            51.797
727.972926         -37.740            51.862
727.963135         -37.713            51.926
727.953331         -37.685            51.990
727.943516         -37.658            52.054
727.933689         -37.631            52.118
727.923851         -37.604            52.182
727.914000         -37.576            52.245
727.904139         -37.549            52.309
727.894266         -37.521            52.373
727.884381         -37.494            52.437
727.874485         -37.466            52.500
727.864577         -37.439            52.564
727.854659         -37.411            52.627
727.844729         -37.384            52.691
727.834787         -37.356            52.754
727.824835         -37.328            52.818
727.814871         -37.301            52.881
727.804896         -37.273            52.944
727.794910         -37.245            53.008
727.784914         -37.217            53.071
727.774906         -37.189            53.134
727.764887         -37.161            53.197
727.754857         -37.133            53.260
727.744817         -37.105            53.323
727.734765         -37.077            53.386
727.724703         -37.049            53.449
727.714631         -37.021            53.512
727.704547         -36.993            53.575
727.694453         -36.965            53.637
727.684349         -36.936            53.700
727.674233         -36.908            53.763
727.664108         -36.880            53.825
727.653972         -36.851            53.888
727.643825         -36.823            53.950
727.633668         -36.795            54.013
727.623501         -36.766            54.075
727.613324         -36.738            54.138
727.603136         -36.709            54.200
727.592939         -36.681            54.262
727.582731         -36.652            54.324
727.572513         -36.623            54.386
727.562285         -36.595            54.449
727.552047         -36.566            54.511
727.541799         -36.537            54.573
727.531541         -36.508            54.635
727.521274         -36.480            54.697
727.510996         -36.451            54.758
727.500709         -36.422            54.820
727.490412         -36.393            54.882
727.480105         -36.364            54.944
727.469789         -36.335            55.005
727.459463         -36.306            55.067
727.449128         -36.277            55.129
727.438783         -36.248            55.190
727.428429         -36.218            55.252
727.418066         -36.189            55.313
727.407693         -36.160            55.374
727.397310         -36.131            55.436
727.386919         -36.101            55.497
727.376518         -36.072            55.558
727.366108         -36.043            55.619
727.355689         -36.013            55.681
727.345261         -35.984            55.742
727.334824         -35.954            55.803
727.324378         -35.925            55.864
727.313924         -35.895            55.925
727.303460         -35.866            55.986
727.292987         -35.836            56.046
727.282506         -35.806            56.107
727.272016         -35.777            56.168
727.261517         -35.747            56.229
727.251009         -35.717            56.289
727.240493         -35.687            56.350
727.229969         -35.658            56.410
727.219435         -35.628            56.471
727.208894         -35.598            56.531
727.198344         -35.568            56.592
727.187785         -35.538            56.652
727.177219         -35.508            56.713
727.166644         -35.478            56.773
727.156061         -35.448            56.833
727.145469         -35.418            56.893
727.134870         -35.387            56.953
727.124262         -35.357            57.013
727.113647         -35.327            57.073
727.103023         -35.297            57.133
727.092392         -35.266            57.193
727.081752         -35.236            57.253
727.071105         -35.206            57.313
727.060450         -35.175            57.373
727.049787         -35.145            57.433
727.039117         -35.115            57.492
727.028439         -35.084            57.552
727.017753         -35.054            57.612
727.007060         -35.023            57.671
726.996359         -34.992            57.731
726.985651         -34.962            57.790
726.974935         -34.931            57.850
726.964212         -34.900            57.909
726.953482         -34.870            57.968
726.942744         -34.839            58.028
726.931999         -34.808            58.087
726.921247         -34.777            58.146
726.910488         -34.747            58.205
726.899722         -34.716            58.264
726.888949         -34.685            58.323
726.878169         -34.654            58.382
726.867381         -34.623            58.441
726.856587         -34.592            58.500
726.845787         -34.561            58.559
726.834979         -34.530            58.618
726.824164         -34.498            58.676
726.813343         -34.467            58.735
726.802516         -34.436            58.794
726.791681         -34.405            58.852
726.780840         -34.374            58.911
726.769993         -34.342            58.970
726.759139         -34.311            59.028
726.748279         -34.280            59.086
726.737412         -34.248            59.145
726.726539         -34.217            59.203
726.715660         -34.186            59.261
726.704775         -34.154            59.320
726.693883         -34.123            59.378
726.682986         -34.091            59.436
726.672082         -34.059            59.494
726.661172         -34.028            59.552
726.650257         -33.996            59.610
726.639335         -33.965            59.668
726.628408         -33.933            59.726
726.617474         -33.901            59.784
726.606535         -33.869            59.842
726.595591         -33.838            59.900
726.584640         -33.806            59.957
726.573684         -33.774            60.015
726.562722         -33.742            60.073
726.551755         -33.710            60.130
726.540783         -33.678            60.188
726.529805         -33.646            60.245
726.518821         -33.614            60.303
726.507832         -33.582            60.360
726.496838         -33.550            60.418
726.485839         -33.518            60.475
726.474835         -33.486            60.532
726.463825         -33.454            60.590
726.452810         -33.422            60.647
726.441791         -33.389            60.704
726.430766         -33.357            60.761
726.419736         -33.325            60.818
726.408702         -33.293            60.875
726.397662         -33.260            60.932
726.386618         -33.228            60.989
726.375569         -33.195            61.046
726.364516         -33.163            61.103
726.353457         -33.131            61.159
726.342395         -33.098            61.216
726.331327         -33.066            61.273
726.320255         -33.033            61.330
726.309179         -33.000            61.386
726.298098         -32.968            61.443
726.287013         -32.935            61.499
726.275924         -32.902            61.556
726.264830         -32.870            61.612
726.253733         -32.837            61.669
726.242631         -32.804            61.725
726.231525         -32.772            61.781
726.220415         -32.739            61.837
726.209300         -32.706            61.894
726.198182         -32.673            61.950
726.187061         -32.640            62.006
726.175935         -32.607            62.062
726.164805         -32.574            62.118
726.153672         -32.541            62.174
726.142535         -32.508            62.230
726.131394         -32.475            62.286
726.120250         -32.442            62.342
726.109102         -32.409            62.398
726.097951         -32.376            62.453
726.086796         -32.343            62.509
726.075638         -32.309            62.565
726.064476         -32.276            62.620
726.053312         -32.243            62.676
726.042144         -32.210            62.732
726.030972         -32.176            62.787
726.019798         -32.143            62.843
726.008620         -32.110            62.898
725.997440         -32.076            62.953
725.986256         -32.043            63.009
725.975070         -32.009            63.064
725.963880         -31.976            63.119
725.952688         -31.943            63.175
725.941493         -31.909            63.230
725.930295         -31.875            63.285
725.919094         -31.842            63.340
725.907891         -31.808            63.395
725.896685         -31.775            63.450
725.885477         -31.741            63.505
725.874266         -31.707            63.560
725.863053         -31.674            63.615
725.851837         -31.640            63.669
725.840619         -31.606            63.724
725.829399         -31.572            63.779
725.818176         -31.538            63.834
725.806951         -31.504            63.888
725.795725         -31.471            63.943
725.784495         -31.437            63.998
725.773264         -31.403            64.052
725.762031         -31.369            64.107
725.750796         -31.335            64.161
725.739559         -31.301            64.215
725.728320         -31.267            64.270
725.717080         -31.233            64.324
725.705837         -31.199            64.378
725.694593         -31.164            64.433
725.683348         -31.130            64.487
725.672100         -31.096            64.541
725.660852         -31.062            64.595
725.649601         -31.028            64.649
725.638349         -30.993            64.703
725.627096         -30.959            64.757
725.615842         -30.925            64.811
725.604586         -30.890            64.865
725.593329         -30.856            64.919
725.582070         -30.822            64.973
725.570811         -30.787            65.026
725.559550         -30.753            65.080
725.548289         -30.718            65.134
725.537026         -30.684            65.188
725.525763         -30.649            65.241
725.514498         -30.615            65.295
725.503233         -30.580            65.348
725.491967         -30.546            65.402
725.480700         -30.511            65.455
725.469433         -30.476            65.509
725.458165         -30.442            65.562
725.446896         -30.407            65.615
725.435627         -30.372            65.669
725.424357         -30.337            65.722
725.413087         -30.303            65.775
725.401816         -30.268            65.828
725.390545         -30.233            65.881
725.379274         -30.198            65.934
725.368003         -30.163            65.988
725.356731         -30.128            66.041
725.345459         -30.094            66.093
725.334187         -30.059            66.146
725.322915         -30.024            66.199
725.311643         -29.989            66.252
725.300372         -29.954            66.305
725.289100         -29.918            66.358
725.277828         -29.883            66.410
725.266557         -29.848            66.463
725.255286         -29.813            66.516
725.244015         -29.778            66.568
725.232745         -29.743            66.621
725.221475         -29.708            66.673
725.210205         -29.672            66.726
725.198936         -29.637            66.778
725.187668         -29.602            66.831
725.176400         -29.567            66.883
725.165133         -29.531            66.936
725.153866         -29.496            66.988
725.142601         -29.461            67.040
725.131336         -29.425            67.092
725.120072         -29.390            67.144
725.108809         -29.354            67.197
725.097547         -29.319            67.249
725.086286         -29.283            67.301
725.075026         -29.248            67.353
725.063767         -29.212            67.405
725.052509         -29.177            67.457
725.041252         -29.141            67.509
725.029997         -29.106            67.561
725.018743         -29.070            67.612
725.007491         -29.034            67.664
724.996240         -28.999            67.716
724.984990         -28.963            67.768
724.973742         -28.927            67.819
724.962495         -28.891            67.871
724.951251         -28.856            67.922
724.940007         -28.820            67.974
724.928766         -28.784            68.026
724.917526         -28.748            68.077
724.906288         -28.712            68.129
724.895052         -28.676            68.180
724.883818         -28.641            68.231
724.872586         -28.605            68.283
724.861356         -28.569            68.334
724.850128         -28.533            68.385
724.838902         -28.497            68.436
724.827678         -28.461            68.488
724.816456         -28.425            68.539
724.805237         -28.388            68.590
724.794020         -28.352            68.641
724.782806         -28.316            68.692
724.771594         -28.280            68.743
724.760384         -28.244            68.794
724.749177         -28.208            68.845
724.737972         -28.172            68.896
724.726770         -28.135            68.947
724.715571         -28.099            68.997
724.704375         -28.063            69.048
724.693181         -28.027            69.099
724.681990         -27.990            69.150
724.670802         -27.954            69.200
724.659617         -27.918            69.251
724.648435         -27.881            69.301
724.637256         -27.845            69.352
724.626080         -27.808            69.403
724.614907         -27.772            69.453
724.603737         -27.735            69.503
724.592571         -27.699            69.554
724.581408         -27.662            69.604
724.570248         -27.626            69.655
724.559091         -27.589            69.705
724.547938         -27.553            69.755
724.536789         -27.516            69.805
724.525643         -27.480            69.856
724.514500         -27.443            69.906
724.503361         -27.406            69.956
724.492226         -27.370            70.006
724.481095         -27.333            70.056
724.469967         -27.296            70.106
724.458843         -27.259            70.156
724.447723         -27.223            70.206
724.436607         -27.186            70.256
724.425495         -27.149            70.306
724.414387         -27.112            70.356
724.403283         -27.075            70.405
724.392183         -27.038            70.455
724.381088         -27.002            70.505
724.369996         -26.965            70.555
724.358909         -26.928            70.604
724.347826         -26.891            70.654
724.336748         -26.854            70.703
724.325674         -26.817            70.753
724.314604         -26.780            70.802
724.303539         -26.743            70.852
724.292479         -26.706            70.901
724.281423         -26.669            70.951
724.270372         -26.631            71.000
724.259325         -26.594            71.050
724.248284         -26.557            71.099
724.237247         -26.520            71.148
724.226215         -26.483            71.197
724.215188         -26.446            71.247
724.204166         -26.408            71.296
724.193149         -26.371            71.345
724.182137         -26.334            71.394
724.171130         -26.297            71.443
724.160128         -26.259            71.492
724.149131         -26.222            71.541
724.138140         -26.185            71.590
724.127154         -26.147            71.639
724.116174         -26.110            71.688
724.105198         -26.073            71.737
724.094229         -26.035            71.786
724.083264         -25.998            71.835
724.072306         -25.960            71.883
724.061353         -25.923            71.932
724.050405         -25.885            71.981
724.039464         -25.848            72.029
724.028528         -25.810            72.078
724.017597         -25.773            72.127
724.006673         -25.735            72.175
723.995755         -25.697            72.224
723.984842         -25.660            72.272
723.973936         -25.622            72.321
723.963035         -25.585            72.369
723.952141         -25.547            72.418
723.941253         -25.509            72.466
723.930371         -25.471            72.514
723.919495         -25.434            72.563
723.908626         -25.396            72.611
723.897763         -25.358            72.659
723.886906         -25.320            72.707
723.876056         -25.283            72.756
723.865212         -25.245            72.804
723.854375         -25.207            72.852
723.843544         -25.169            72.900
723.832720         -25.131            72.948
723.821903         -25.093            72.996
723.811092         -25.055            73.044
723.800288         -25.017            73.092
723.789491         -24.980            73.140
723.778701         -24.942            73.188
723.767918         -24.904            73.236
723.757142         -24.866            73.283
723.746372         -24.828            73.331
723.735610         -24.789            73.379
723.724855         -24.751            73.427
723.714107         -24.713            73.474
723.703367         -24.675            73.522
723.692633         -24.637            73.570
723.681907         -24.599            73.617
723.671188         -24.561            73.665
723.660477         -24.523            73.712
723.649773         -24.484            73.760
723.639077         -24.446            73.807
723.628388         -24.408            73.855
723.617706         -24.370            73.902
723.607033         -24.332            73.950
723.596367         -24.293            73.997
723.585709         -24.255            74.044
723.575058         -24.217            74.092
723.564416         -24.178            74.139
723.553781         -24.140            74.186
723.543154         -24.102            74.233
723.532535         -24.063            74.281
723.521925         -24.025            74.328
723.511322         -23.986            74.375
723.500727         -23.948            74.422
723.490141         -23.910            74.469
723.479563         -23.871            74.516
723.468993         -23.833            74.563
723.458431         -23.794            74.610
723.447878         -23.756            74.657
723.437333         -23.717            74.704
723.426796         -23.678            74.751
723.416269         -23.640            74.797
723.405749         -23.601            74.844
723.395238         -23.563            74.891
723.384736         -23.524            74.938
723.374243         -23.485            74.985
723.363758         -23.447            75.031
723.353282         -23.408            75.078
723.342815         -23.369            75.125
723.332357         -23.331            75.171
723.321907         -23.292            75.218
723.311467         -23.253            75.264
723.301036         -23.214            75.311
723.290613         -23.176            75.357
723.280200         -23.137            75.404
723.269796         -23.098            75.450
723.259401         -23.059            75.497
723.249016         -23.020            75.543
723.238639         -22.982            75.589
723.228273         -22.943            75.636
723.217915         -22.904            75.682
723.207567         -22.865            75.728
723.197228         -22.826            75.774
723.186899         -22.787            75.821
723.176580         -22.748            75.867
723.166270         -22.709            75.913
723.155969         -22.670            75.959
723.145679         -22.631            76.005
723.135398         -22.592            76.051
723.125127         -22.553            76.097
723.114866         -22.514            76.143
723.104615         -22.475            76.189
723.094373         -22.436            76.235
723.084142         -22.397            76.281
723.073921         -22.358            76.327
723.063710         -22.319            76.373
723.053509         -22.279            76.419
723.043318         -22.240            76.464
723.033137         -22.201            76.510
723.022966         -22.162            76.556
723.012806         -22.123            76.602
723.002657         -22.084            76.647
722.992517         -22.044            76.693
722.982388         -22.005            76.739
722.972270         -21.966            76.784
722.962162         -21.927            76.830
722.952065         -21.887            76.875
722.941978         -21.848            76.921
722.931902         -21.809            76.966
722.921837         -21.769            77.012
722.911782         -21.730            77.057
722.901738         -21.691            77.103
722.891705         -21.651            77.148
722.881683         -21.612            77.194
722.871672         -21.572            77.239
722.861672         -21.533            77.284
722.851683         -21.493            77.330
722.841705         -21.454            77.375
722.831739         -21.415            77.420
722.821783         -21.375            77.465
722.811838         -21.336            77.510
722.801905         -21.296            77.556
722.791983         -21.256            77.601
722.782073         -21.217            77.646
722.772173         -21.177            77.691
722.762286         -21.138            77.736
722.752409         -21.098            77.781
722.742545         -21.059            77.826
722.732691         -21.019            77.871
722.722850         -20.979            77.916
722.713020         -20.940            77.961
722.703202         -20.900            78.006
722.693395         -20.860            78.051
722.683601         -20.821            78.095
722.673818         -20.781            78.140
722.664047         -20.741            78.185
722.654288         -20.701            78.230
722.644540         -20.662            78.275
722.634805         -20.622            78.319
722.625082         -20.582            78.364
722.615371         -20.542            78.409
722.605672         -20.503            78.453
722.595986         -20.463            78.498
722.586311         -20.423            78.543
722.576649         -20.383            78.587
722.566999         -20.343            78.632
722.557362         -20.303            78.676
722.547737         -20.263            78.721
722.538124         -20.224            78.765
722.528524         -20.184            78.810
722.518936         -20.144            78.854
722.509361         -20.104            78.898
722.499798         -20.064            78.943
722.490249         -20.024            78.987
722.480711         -19.984            79.031
722.471187         -19.944            79.076
722.461675         -19.904            79.120
722.452177         -19.864            79.164
722.442691         -19.824            79.208
722.433218         -19.784            79.253
722.423757         -19.744            79.297
722.414310         -19.704            79.341
722.404876         -19.664            79.385
722.395455         -19.623            79.429
722.386048         -19.583            79.473
722.376653         -19.543            79.517
722.367271         -19.503            79.561
722.357903         -19.463            79.605
722.348548         -19.423            79.649
722.339207         -19.383            79.693
722.329878         -19.342            79.737
722.320564         -19.302            79.781
722.311262         -19.262            79.825
722.301974         -19.222            79.869
722.292700         -19.181            79.913
722.283439         -19.141            79.957
722.274192         -19.101            80.000
722.264959         -19.061            80.044
722.255739         -19.020            80.088
722.246533         -18.980            80.132
722.237341         -18.940            80.175
722.228162         -18.899            80.219
722.218998         -18.859            80.263
722.209847         -18.819            80.306
722.200711         -18.778            80.350
722.191588         -18.738            80.394
722.182479         -18.698            80.437
722.173385         -18.657            80.481
722.164304         -18.617            80.524
722.155238         -18.576            80.568
722.146186         -18.536            80.611
722.137148         -18.495            80.655
722.128125         -18.455            80.698
722.119116         -18.414            80.742
722.110121         -18.374            80.785
722.101140         -18.333            80.828
722.092174         -18.293            80.872
722.083223         -18.252            80.915
722.074286         -18.212            80.958
722.065363         -18.171            81.002
722.056455         -18.131            81.045
722.047562         -18.090            81.088
722.038684         -18.050            81.131
722.029820         -18.009            81.174
722.020971         -17.968            81.218
722.012137         -17.928            81.261
722.003317         -17.887            81.304
721.994513         -17.846            81.347
721.985723         -17.806            81.390
721.976949         -17.765            81.433
721.968189         -17.724            81.476
721.959444         -17.684            81.519
721.950715         -17.643            81.562
721.942001         -17.602            81.605
721.933301         -17.562            81.648
721.924617         -17.521            81.691
721.915948         -17.480            81.734
721.907295         -17.439            81.777
721.898657         -17.399            81.820
721.890034         -17.358            81.863
721.881426         -17.317            81.905
721.872834         -17.276            81.948
721.864258         -17.235            81.991
721.855697         -17.195            82.034
721.847151         -17.154            82.077
721.838621         -17.113            82.119
721.830107         -17.072            82.162
721.821608         -17.031            82.205
721.813125         -16.990            82.247
721.804658         -16.949            82.290
721.796207         -16.908            82.333
721.787771         -16.868            82.375
721.779351         -16.827            82.418
721.770947         -16.786            82.460
721.762559         -16.745            82.503
721.754187         -16.704            82.546
721.745831         -16.663            82.588
721.737491         -16.622            82.631
721.729167         -16.581            82.673
721.720859         -16.540            82.715
721.712568         -16.499            82.758
721.704292         -16.458            82.800
721.696033         -16.417            82.843
721.687790         -16.376            82.885
721.679563         -16.335            82.927
721.671353         -16.294            82.970
721.663159         -16.253            83.012
721.654981         -16.211            83.054
721.646820         -16.170            83.097
721.638676         -16.129            83.139
721.630547         -16.088            83.181
721.622436         -16.047            83.223
721.614341         -16.006            83.266
721.606262         -15.965            83.308
721.598201         -15.924            83.350
721.590156         -15.882            83.392
721.582127         -15.841            83.434
721.574116         -15.800            83.476
721.566121         -15.759            83.518
721.558143         -15.718            83.560
721.550182         -15.676            83.602
721.542238         -15.635            83.645
721.534311         -15.594            83.687
721.526401         -15.553            83.729
721.518508         -15.511            83.771
721.510632         -15.470            83.812
721.502773         -15.429            83.854
721.494931         -15.388            83.896
721.487107         -15.346            83.938
721.479299         -15.305            83.980
721.471509         -15.264            84.022
721.463736         -15.222            84.064
721.455980         -15.181            84.106
721.448242         -15.140            84.147
721.440521         -15.098            84.189
721.432818         -15.057            84.231
721.425132         -15.016            84.273
721.417463         -14.974            84.315
721.409812         -14.933            84.356
721.402178         -14.891            84.398
721.394562         -14.850            84.440
721.386964         -14.809            84.481
721.379383         -14.767            84.523
721.371820         -14.726            84.565
721.364275         -14.684            84.606
721.356748         -14.643            84.648
721.349238         -14.601            84.689
721.341746         -14.560            84.731
721.334272         -14.518            84.773
721.326815         -14.477            84.814
721.319377         -14.435            84.856
721.311957         -14.394            84.897
721.304555         -14.352            84.939
721.297170         -14.311            84.980
721.289804         -14.269            85.022
721.282456         -14.228            85.063
721.275126         -14.186            85.104
721.267814         -14.145            85.146
721.260520         -14.103            85.187
721.253244         -14.062            85.229
721.245987         -14.020            85.270
721.238748         -13.978            85.311
721.231527         -13.937            85.353
721.224325         -13.895            85.394
721.217141         -13.854            85.435
721.209976         -13.812            85.476
721.202828         -13.770            85.518
721.195700         -13.729            85.559
721.188590         -13.687            85.600
721.181498         -13.645            85.641
721.174425         -13.604            85.683
721.167371         -13.562            85.724
721.160335         -13.520            85.765
721.153318         -13.479            85.806
721.146319         -13.437            85.847
721.139340         -13.395            85.888
721.132379         -13.353            85.929
721.125437         -13.312            85.970
721.118513         -13.270            86.012
721.111609         -13.228            86.053
721.104723         -13.186            86.094
721.097857         -13.145            86.135
721.091009         -13.103            86.176
721.084180         -13.061            86.217
721.077371         -13.019            86.258
721.070580         -12.977            86.299
721.063808         -12.936            86.340
721.057056         -12.894            86.380
721.050322         -12.852            86.421
721.043608         -12.810            86.462
721.036913         -12.768            86.503
721.030237         -12.727            86.544
721.023581         -12.685            86.585
721.016944         -12.643            86.626
721.010326         -12.601            86.667
721.003727         -12.559            86.707
720.997148         -12.517            86.748
720.990588         -12.475            86.789
720.984047         -12.433            86.830
720.977527         -12.392            86.870
720.971025         -12.350            86.911
720.964543         -12.308            86.952
720.958081         -12.266            86.993
720.951638         -12.224            87.033
720.945215         -12.182            87.074
720.938811         -12.140            87.115
720.932427         -12.098            87.155
720.926063         -12.056            87.196
720.919718         -12.014            87.237
720.913394         -11.972            87.277
720.907089         -11.930            87.318
720.900803         -11.888            87.358
720.894538         -11.846            87.399
720.888293         -11.804            87.440
720.882067         -11.762            87.480
720.875861         -11.720            87.521
720.869675         -11.678            87.561
720.863510         -11.636            87.602
720.857364         -11.594            87.642
720.851238         -11.552            87.683
720.845132         -11.510            87.723
720.839047         -11.468            87.764
720.832981         -11.426            87.804
720.826936         -11.384            87.844
720.820911         -11.341            87.885
720.814906         -11.299            87.925
720.808921         -11.257            87.966
720.802956         -11.215            88.006
720.797012         -11.173            88.046
720.791088         -11.131            88.087
720.785185         -11.089            88.127
720.779301         -11.047            88.167
720.773438         -11.005            88.208
720.767596         -10.962            88.248
720.761774         -10.920            88.288
720.755972         -10.878            88.329
720.750191         -10.836            88.369
720.744430         -10.794            88.409
720.738690         -10.752            88.449
720.732971         -10.709            88.489
720.727272         -10.667            88.530
720.721594         -10.625            88.570
720.715936         -10.583            88.610
720.710299         -10.541            88.650
720.704683         -10.498            88.690
720.699087         -10.456            88.731
720.693512         -10.414            88.771
720.687958         -10.372            88.811
720.682425         -10.329            88.851
720.676912         -10.287            88.891
720.671420         -10.245            88.931
720.665950         -10.203            88.971
720.660500         -10.160            89.011
720.655071         -10.118            89.051
720.649663         -10.076            89.091
720.644275         -10.034            89.131
720.638909         -9.991             89.171
720.633564         -9.949             89.211
720.628240         -9.907             89.251
720.622937         -9.864             89.291
720.617655         -9.822             89.331
720.612394         -9.780             89.371
720.607155         -9.737             89.411
720.601936         -9.695             89.451
720.596739         -9.653             89.491
720.591563         -9.610             89.531
720.586408         -9.568             89.571
720.581274         -9.526             89.611
720.576161         -9.483             89.651
720.571070         -9.441             89.691
720.566000         -9.399             89.731
720.560952         -9.356             89.770
720.555925         -9.314             89.810
720.550919         -9.271             89.850
720.545935         -9.229             89.890
720.540972         -9.187             89.930
720.536030         -9.144             89.970
720.531110         -9.102             90.009
720.526212         -9.059             90.049
720.521335         -9.017             90.089
720.516479         -8.974             90.129
720.511646         -8.932             90.168
720.506833         -8.890             90.208
720.502043         -8.847             90.248
720.497274         -8.805             90.288
720.492526         -8.762             90.327
720.487800         -8.720             90.367
720.483096         -8.677             90.407
720.478414         -8.635             90.446
720.473753         -8.592             90.486
720.469114         -8.550             90.526
720.464497         -8.507             90.565
720.459902         -8.465             90.605
720.455329         -8.422             90.645
720.450777         -8.380             90.684
720.446247         -8.337             90.724
720.441739         -8.295             90.764
720.437253         -8.252             90.803
720.432789         -8.210             90.843
720.428347         -8.167             90.882
720.423927         -8.125             90.922
720.419528         -8.082             90.961
720.415152         -8.040             91.001
720.410798         -7.997             91.041
720.406466         -7.955             91.080
720.402156         -7.912             91.120
720.397868         -7.870             91.159
720.393602         -7.827             91.199
720.389358         -7.784             91.238
720.385136         -7.742             91.278
720.380936         -7.699             91.317
720.376759         -7.657             91.357
720.372604         -7.614             91.396
720.368471         -7.572             91.435
720.364360         -7.529             91.475
720.360272         -7.486             91.514
720.356205         -7.444             91.554
720.352161         -7.401             91.593
720.348140         -7.359             91.633
720.344140         -7.316             91.672
720.340163         -7.273             91.711
720.336208         -7.231             91.751
720.332276         -7.188             91.790
720.328366         -7.145             91.830
720.324479         -7.103             91.869
720.320614         -7.060             91.908
720.316771         -7.017             91.948
720.312951         -6.975             91.987
720.309153         -6.932             92.026
720.305378         -6.889             92.066
720.301625         -6.847             92.105
720.297895         -6.804             92.144
720.294187         -6.761             92.184
720.290502         -6.719             92.223
720.286840         -6.676             92.262
720.283200         -6.633             92.301
720.279582         -6.591             92.341
720.275988         -6.548             92.380
720.272416         -6.505             92.419
720.268866         -6.463             92.458
720.265340         -6.420             92.498
720.261836         -6.377             92.537
720.258354         -6.335             92.576
720.254896         -6.292             92.615
720.251460         -6.249             92.655
720.248047         -6.206             92.694
720.244657         -6.164             92.733
720.241289         -6.121             92.772
720.237944         -6.078             92.811
720.234622         -6.036             92.850
720.231323         -5.993             92.890
720.228047         -5.950             92.929
720.224793         -5.907             92.968
720.221563         -5.865             93.007
720.218355         -5.822             93.046
720.215171         -5.779             93.085
720.212009         -5.736             93.125
720.208870         -5.694             93.164
720.205754         -5.651             93.203
720.202661         -5.608             93.242
720.199591         -5.565             93.281
720.196544         -5.522             93.320
720.193520         -5.480             93.359
720.190519         -5.437             93.398
720.187541         -5.394             93.437
720.184586         -5.351             93.476
720.181654         -5.309             93.516
720.178745         -5.266             93.555
720.175859         -5.223             93.594
720.172997         -5.180             93.633
720.170157         -5.137             93.672
720.167341         -5.095             93.711
720.164547         -5.052             93.750
720.161777         -5.009             93.789
720.159030         -4.966             93.828
720.156306         -4.923             93.867
720.153605         -4.880             93.906
720.150928         -4.838             93.945
720.148274         -4.795             93.984
720.145643         -4.752             94.023
720.143035         -4.709             94.062
720.140450         -4.666             94.101
720.137889         -4.624             94.140
720.135351         -4.581             94.179
720.132836         -4.538             94.218
720.130345         -4.495             94.257
720.127876         -4.452             94.296
720.125431         -4.409             94.335
720.123010         -4.366             94.374
720.120612         -4.324             94.413
720.118237         -4.281             94.452
720.115885         -4.238             94.490
720.113557         -4.195             94.529
720.111252         -4.152             94.568
720.108971         -4.109             94.607
720.106713         -4.066             94.646
720.104478         -4.024             94.685
720.102267         -3.981             94.724
720.100079         -3.938             94.763
720.097914         -3.895             94.802
720.095774         -3.852             94.841
720.093656         -3.809             94.880
720.091562         -3.766             94.918
720.089491         -3.723             94.957
720.087444         -3.680             94.996
720.085421         -3.638             95.035
720.083421         -3.595             95.074
720.081444         -3.552             95.113
720.079491         -3.509             95.152
720.077562         -3.466             95.191
720.075656         -3.423             95.229
720.073773         -3.380             95.268
720.071914         -3.337             95.307
720.070079         -3.294             95.346
720.068267         -3.251             95.385
720.066479         -3.209             95.424
720.064714         -3.166             95.462
720.062973         -3.123             95.501
720.061256         -3.080             95.540
720.059562         -3.037             95.579
720.057892         -2.994             95.618
720.056245         -2.951             95.657
720.054622         -2.908             95.695
720.053023         -2.865             95.734
720.051447         -2.822             95.773
720.049895         -2.779             95.812
720.048367         -2.736             95.851
720.046862         -2.693             95.889
720.045381         -2.651             95.928
720.043924         -2.608             95.967
720.042490         -2.565             96.006
720.041080         -2.522             96.044
720.039694         -2.479             96.083
720.038332         -2.436             96.122
720.036993         -2.393             96.161
720.035678         -2.350             96.200
720.034386         -2.307             96.238
720.033119         -2.264             96.277
720.031875         -2.221             96.316
720.030654         -2.178             96.355
720.029458         -2.135             96.393
720.028285         -2.092             96.432
720.027136         -2.049             96.471
720.026011         -2.006             96.510
720.024910         -1.963             96.548
720.023832         -1.920             96.587
720.022778         -1.878             96.626
720.021748         -1.835             96.665
720.020742         -1.792             96.703
720.019759         -1.749             96.742
720.018801         -1.706             96.781
720.017866         -1.663             96.820
720.016955         -1.620             96.858
720.016067         -1.577             96.897
720.015204         -1.534             96.936
720.014364         -1.491             96.975
720.013548         -1.448             97.013
720.012756         -1.405             97.052
720.011988         -1.362             97.091
720.011244         -1.319             97.129
720.010523         -1.276             97.168
720.009826         -1.233             97.207
720.009153         -1.190             97.246
720.008504         -1.147             97.284
720.007879         -1.104             97.323
720.007278         -1.061             97.362
720.006700         -1.018             97.400
720.006147         -0.975             97.439
720.005617         -0.932             97.478
720.005111         -0.889             97.517
720.004629         -0.846             97.555
720.004171         -0.803             97.594
720.003737         -0.760             97.633
720.003326         -0.717             97.671
720.002939         -0.674             97.710
720.002577         -0.631             97.749
720.002238         -0.588             97.788
720.001923         -0.545             97.826
720.001632         -0.502             97.865
720.001365         -0.459             97.904
720.001121         -0.416             97.942
720.000902         -0.373             97.981
720.000706         -0.331             98.020
720.000534         -0.288             98.058
720.000387         -0.245             98.097
720.000263         -0.202             98.136
720.000163         -0.159             98.175
720.000086         -0.116             98.213
720.000034         -0.073             98.252
720.000006         -0.030             98.291
720.000001         0.013              98.329
720.000020         0.056              98.368
720.000064         0.099              98.407
720.000131         0.142              98.445
720.000222         0.185              98.484
720.000337         0.228              98.523
720.000475         0.271              98.562
720.000638         0.314              98.600
720.000825         0.357              98.639
720.001035         0.400              98.678
720.001269         0.443              98.716
720.001528         0.486              98.755
720.001810         0.529              98.794
720.002115         0.572              98.833
720.002445         0.615              98.871
720.002799         0.658              98.910
720.003176         0.701              98.949
720.003578         0.744              98.987
720.004003         0.787              99.026
720.004452         0.830              99.065
720.004925         0.873              99.103
720.005422         0.916              99.142
720.005943         0.959              99.181
720.006487         1.002              99.220
720.007056         1.045              99.258
720.007648         1.088              99.297
720.008264         1.131              99.336
720.008904         1.174              99.374
720.009568         1.217              99.413
720.010256         1.260              99.452
720.010967         1.303              99.491
720.011703         1.346              99.529
720.012462         1.389              99.568
720.013245         1.432              99.607
720.014051         1.475              99.646
720.014882         1.517              99.684
720.015737         1.560              99.723
720.016615         1.603              99.762
720.017517         1.646              99.800
720.018443         1.689              99.839
720.019392         1.732              99.878
720.020366         1.775              99.917
720.021363         1.818              99.955
720.022384         1.861              99.994
720.023429         1.904              100.033
720.024498         1.947              100.072
720.025590         1.990              100.110
720.026706         2.033              100.149
720.027846         2.076              100.188
720.029010         2.119              100.227
720.030197         2.162              100.265
720.031408         2.205              100.304
720.032643         2.248              100.343
720.033902         2.291              100.382
720.035184         2.334              100.420
720.036491         2.377              100.459
720.037820         2.420              100.498
720.039174         2.462              100.537
720.040551         2.505              100.576
720.041952         2.548              100.614
720.043377         2.591              100.653
720.044825         2.634              100.692
720.046297         2.677              100.731
720.047793         2.720              100.770
720.049312         2.763              100.808
720.050855         2.806              100.847
720.052422         2.849              100.886
720.054012         2.892              100.925
720.055626         2.935              100.964
720.057264         2.978              101.002
720.058925         3.021              101.041
720.060610         3.064              101.080
720.062318         3.106              101.119
720.064050         3.149              101.158
720.065806         3.192              101.196
720.067585         3.235              101.235
720.069388         3.278              101.274
720.071215         3.321              101.313
720.073064         3.364              101.352
720.074938         3.407              101.391
720.076835         3.450              101.430
720.078756         3.493              101.468
720.080700         3.536              101.507
720.082667         3.578              101.546
720.084659         3.621              101.585
720.086673         3.664              101.624
720.088711         3.707              101.663
720.090773         3.750              101.702
720.092858         3.793              101.740
720.094967         3.836              101.779
720.097099         3.879              101.818
720.099254         3.921              101.857
720.101433         3.964              101.896
720.103636         4.007              101.935
720.105861         4.050              101.974
720.108110         4.093              102.013
720.110383         4.136              102.052
720.112679         4.179              102.091
720.114998         4.222              102.130
720.117341         4.264              102.168
720.119707         4.307              102.207
720.122096         4.350              102.246
720.124509         4.393              102.285
720.126945         4.436              102.324
720.129405         4.479              102.363
720.131887         4.522              102.402
720.134393         4.564              102.441
720.136922         4.607              102.480
720.139475         4.650              102.519
720.142051         4.693              102.558
720.144650         4.736              102.597
720.147272         4.779              102.636
720.149917         4.821              102.675
720.152586         4.864              102.714
720.155278         4.907              102.753
720.157993         4.950              102.792
720.160731         4.993              102.831
720.163493         5.035              102.870
720.166277         5.078              102.909
720.169085         5.121              102.948
720.171916         5.164              102.987
720.174770         5.207              103.026
720.177647         5.249              103.065
720.180547         5.292              103.104
720.183470         5.335              103.144
720.186416         5.378              103.183
720.189385         5.421              103.222
720.192378         5.463              103.261
720.195393         5.506              103.300
720.198431         5.549              103.339
720.201492         5.592              103.378
720.204577         5.635              103.417
720.207684         5.677              103.456
720.210814         5.720              103.495
720.213967         5.763              103.535
720.217143         5.806              103.574
720.220342         5.848              103.613
720.223564         5.891              103.652
720.226809         5.934              103.691
720.230076         5.977              103.730
720.233367         6.019              103.769
720.236680         6.062              103.809
720.240016         6.105              103.848
720.243375         6.147              103.887
720.246757         6.190              103.926
720.250161         6.233              103.965
720.253589         6.276              104.005
720.257038         6.318              104.044
720.260511         6.361              104.083
720.264007         6.404              104.122
720.267525         6.446              104.161
720.271065         6.489              104.201
720.274629         6.532              104.240
720.278215         6.575              104.279
720.281824         6.617              104.319
720.285455         6.660              104.358
720.289109         6.703              104.397
720.292785         6.745              104.436
720.296484         6.788              104.476
720.300206         6.831              104.515
720.303950         6.873              104.554
720.307717         6.916              104.594
720.311506         6.959              104.633
720.315318         7.001              104.672
720.319152         7.044              104.712
720.323008         7.087              104.751
720.326888         7.129              104.790
720.330789         7.172              104.830
720.334713         7.214              104.869
720.338659         7.257              104.908
720.342627         7.300              104.948
720.346618         7.342              104.987
720.350632         7.385              105.027
720.354667         7.428              105.066
720.358725         7.470              105.105
720.362805         7.513              105.145
720.366907         7.555              105.184
720.371032         7.598              105.224
720.375179         7.641              105.263
720.379348         7.683              105.303
720.383539         7.726              105.342
720.387752         7.768              105.382
720.391988         7.811              105.421
720.396245         7.853              105.461
720.400525         7.896              105.500
720.404827         7.939              105.540
720.409150         7.981              105.579
720.413496         8.024              105.619
720.417864         8.066              105.658
720.422254         8.109              105.698
720.426666         8.151              105.737
720.431100         8.194              105.777
720.435556         8.236              105.817
720.440033         8.279              105.856
720.444533         8.321              105.896
720.449054         8.364              105.935
720.453598         8.406              105.975
720.458163         8.449              106.015
720.462750         8.491              106.054
720.467359         8.534              106.094
720.471989         8.576              106.134
720.476642         8.619              106.173
720.481316         8.661              106.213
720.486012         8.704              106.253
720.490729         8.746              106.292
720.495468         8.789              106.332
720.500229         8.831              106.372
720.505012         8.873              106.412
720.509816         8.916              106.451
720.514641         8.958              106.491
720.519489         9.001              106.531
720.524358         9.043              106.571
720.529248         9.086              106.610
720.534160         9.128              106.650
720.539093         9.170              106.690
720.544048         9.213              106.730
720.549024         9.255              106.770
720.554022         9.298              106.809
720.559041         9.340              106.849
720.564081         9.382              106.889
720.569143         9.425              106.929
720.574226         9.467              106.969
720.579330         9.510              107.009
720.584456         9.552              107.049
720.589603         9.594              107.088
720.594771         9.637              107.128
720.599960         9.679              107.168
720.605171         9.721              107.208
720.610402         9.764              107.248
720.615655         9.806              107.288
720.620929         9.848              107.328
720.626224         9.891              107.368
720.631540         9.933              107.408
720.636877         9.975              107.448
720.642235         10.017             107.488
720.647615         10.060             107.528
720.653015         10.102             107.568
720.658436         10.144             107.608
720.663878         10.187             107.648
720.669341         10.229             107.688
720.674824         10.271             107.729
720.680329         10.313             107.769
720.685854         10.356             107.809
720.691401         10.398             107.849
720.696968         10.440             107.889
720.702555         10.482             107.929
720.708164         10.525             107.969
720.713793         10.567             108.009
720.719443         10.609             108.050
720.725113         10.651             108.090
720.730804         10.693             108.130
720.736516         10.736             108.170
720.742248         10.778             108.210
720.748001         10.820             108.251
720.753775         10.862             108.291
720.759569         10.904             108.331
720.765383         10.946             108.372
720.771218         10.989             108.412
720.777073         11.031             108.452
720.782948         11.073             108.492
720.788844         11.115             108.533
720.794760         11.157             108.573
720.800697         11.199             108.613
720.806654         11.241             108.654
720.812631         11.283             108.694
720.818628         11.325             108.735
720.824646         11.368             108.775
720.830684         11.410             108.815
720.836741         11.452             108.856
720.842819         11.494             108.896
720.848917         11.536             108.937
720.855036         11.578             108.977
720.861174         11.620             109.018
720.867332         11.662             109.058
720.873510         11.704             109.099
720.879708         11.746             109.139
720.885926         11.788             109.180
720.892164         11.830             109.220
720.898422         11.872             109.261
720.904700         11.914             109.302
720.910997         11.956             109.342
720.917314         11.998             109.383
720.923652         12.040             109.423
720.930008         12.082             109.464
720.936385         12.124             109.505
720.942781         12.166             109.545
720.949197         12.208             109.586
720.955632         12.250             109.627
720.962087         12.292             109.667
720.968562         12.334             109.708
720.975056         12.376             109.749
720.981569         12.417             109.790
720.988102         12.459             109.830
720.994655         12.501             109.871
721.001227         12.543             109.912
721.007818         12.585             109.953
721.014428         12.627             109.994
721.021058         12.669             110.034
721.027708         12.711             110.075
721.034376         12.752             110.116
721.041064         12.794             110.157
721.047771         12.836             110.198
721.054497         12.878             110.239
721.061242         12.920             110.280
721.068006         12.962             110.321
721.074790         13.003             110.362
721.081592         13.045             110.403
721.088414         13.087             110.444
721.095254         13.129             110.485
721.102114         13.171             110.526
721.108992         13.212             110.567
721.115890         13.254             110.608
721.122806         13.296             110.649
721.129741         13.338             110.690
721.136694         13.379             110.731
721.143667         13.421             110.772
721.150658         13.463             110.813
721.157668         13.504             110.854
721.164697         13.546             110.895
721.171744         13.588             110.937
721.178810         13.629             110.978
721.185895         13.671             111.019
721.192998         13.713             111.060
721.200120         13.754             111.101
721.207260         13.796             111.143
721.214418         13.838             111.184
721.221595         13.879             111.225
721.228790         13.921             111.267
721.236004         13.963             111.308
721.243236         14.004             111.349
721.250487         14.046             111.391
721.257755         14.087             111.432
721.265042         14.129             111.473
721.272347         14.170             111.515
721.279670         14.212             111.556
721.287012         14.254             111.597
721.294371         14.295             111.639
721.301749         14.337             111.680
721.309144         14.378             111.722
721.316558         14.420             111.763
721.323989         14.461             111.805
721.331438         14.503             111.846
721.338906         14.544             111.888
721.346391         14.586             111.930
721.353894         14.627             111.971
721.361415         14.669             112.013
721.368953         14.710             112.054
721.376510         14.751             112.096
721.384084         14.793             112.138
721.391675         14.834             112.179
721.399285         14.876             112.221
721.406911         14.917             112.263
721.414556         14.959             112.304
721.422218         15.000             112.346
721.429897         15.041             112.388
721.437594         15.083             112.430
721.445308         15.124             112.471
721.453040         15.165             112.513
721.460789         15.207             112.555
721.468556         15.248             112.597
721.476339         15.289             112.639
721.484140         15.331             112.681
721.491958         15.372             112.723
721.499794         15.413             112.764
721.507646         15.455             112.806
721.515516         15.496             112.848
721.523402         15.537             112.890
721.531306         15.578             112.932
721.539226         15.620             112.974
721.547164         15.661             113.016
721.555119         15.702             113.058
721.563090         15.743             113.100
721.571078         15.784             113.143
721.579084         15.826             113.185
721.587105         15.867             113.227
721.595144         15.908             113.269
721.603199         15.949             113.311
721.611271         15.990             113.353
721.619360         16.031             113.395
721.627465         16.073             113.438
721.635587         16.114             113.480
721.643726         16.155             113.522
721.651881         16.196             113.564
721.660052         16.237             113.607
721.668240         16.278             113.649
721.676444         16.319             113.691
721.684664         16.360             113.734
721.692901         16.401             113.776
721.701154         16.442             113.818
721.709424         16.483             113.861
721.717709         16.524             113.903
721.726011         16.565             113.946
721.734329         16.606             113.988
721.742662         16.647             114.031
721.751012         16.688             114.073
721.759378         16.729             114.116
721.767760         16.770             114.158
721.776158         16.811             114.201
721.784572         16.852             114.243
721.793002         16.893             114.286
721.801447         16.934             114.329
721.809908         16.975             114.371
721.818385         17.016             114.414
721.826878         17.057             114.457
721.835386         17.097             114.499
721.843910         17.138             114.542
721.852450         17.179             114.585
721.861005         17.220             114.627
721.869576         17.261             114.670
721.878162         17.302             114.713
721.886764         17.342             114.756
721.895381         17.383             114.799
721.904013         17.424             114.842
721.912661         17.465             114.884
721.921324         17.505             114.927
721.930002         17.546             114.970
721.938696         17.587             115.013
721.947404         17.628             115.056
721.956128         17.668             115.099
721.964867         17.709             115.142
721.973621         17.750             115.185
721.982390         17.790             115.228
721.991174         17.831             115.271
721.999973         17.872             115.315
722.008786         17.912             115.358
722.017615         17.953             115.401
722.026458         17.994             115.444
722.035316         18.034             115.487
722.044189         18.075             115.530
722.053077         18.115             115.574
722.061979         18.156             115.617
722.070896         18.196             115.660
722.079828         18.237             115.703
722.088774         18.278             115.747
722.097734         18.318             115.790
722.106709         18.359             115.833
722.115699         18.399             115.877
722.124702         18.440             115.920
722.133720         18.480             115.964
722.142753         18.520             116.007
722.151799         18.561             116.051
722.160860         18.601             116.094
722.169935         18.642             116.138
722.179025         18.682             116.181
722.188128         18.723             116.225
722.197245         18.763             116.268
722.206376         18.803             116.312
722.215522         18.844             116.355
722.224681         18.884             116.399
722.233854         18.924             116.443
722.243041         18.965             116.486
722.252242         19.005             116.530
722.261456         19.045             116.574
722.270685         19.086             116.618
722.279926         19.126             116.662
722.289182         19.166             116.705
722.298451         19.206             116.749
722.307734         19.247             116.793
722.317030         19.287             116.837
722.326340         19.327             116.881
722.335663         19.367             116.925
722.345000         19.407             116.969
722.354349         19.448             117.013
722.363713         19.488             117.057
722.373089         19.528             117.101
722.382479         19.568             117.145
722.391882         19.608             117.189
722.401298         19.648             117.233
722.410727         19.688             117.277
722.420169         19.728             117.321
722.429624         19.769             117.365
722.439092         19.809             117.410
722.448573         19.849             117.454
722.458067         19.889             117.498
722.467574         19.929             117.542
722.477093         19.969             117.587
722.486626         20.009             117.631
722.496171         20.049             117.675
722.505729         20.089             117.720
722.515299         20.129             117.764
722.524882         20.169             117.808
722.534477         20.208             117.853
722.544085         20.248             117.897
722.553706         20.288             117.942
722.563338         20.328             117.986
722.572984         20.368             118.031
722.582641         20.408             118.075
722.592311         20.448             118.120
722.601993         20.487             118.165
722.611687         20.527             118.209
722.621394         20.567             118.254
722.631112         20.607             118.298
722.640843         20.647             118.343
722.650585         20.686             118.388
722.660340         20.726             118.433
722.670106         20.766             118.477
722.679885         20.806             118.522
722.689675         20.845             118.567
722.699477         20.885             118.612
722.709291         20.925             118.657
722.719116         20.964             118.702
722.728953         21.004             118.747
722.738802         21.044             118.792
722.748662         21.083             118.837
722.758534         21.123             118.882
722.768418         21.162             118.927
722.778313         21.202             118.972
722.788219         21.241             119.017
722.798136         21.281             119.062
722.808065         21.321             119.107
722.818006         21.360             119.152
722.827957         21.400             119.198
722.837920         21.439             119.243
722.847893         21.478             119.288
722.857878         21.518             119.333
722.867874         21.557             119.379
722.877881         21.597             119.424
722.887899         21.636             119.469
722.897928         21.676             119.515
722.907967         21.715             119.560
722.918018         21.754             119.606
722.928079         21.794             119.651
722.938151         21.833             119.697
722.948233         21.872             119.742
722.958327         21.912             119.788
722.968431         21.951             119.833
722.978545         21.990             119.879
722.988670         22.029             119.924
722.998805         22.069             119.970
723.008951         22.108             120.016
723.019107         22.147             120.061
723.029274         22.186             120.107
723.039451         22.225             120.153
723.049638         22.265             120.199
723.059835         22.304             120.245
723.070042         22.343             120.290
723.080260         22.382             120.336
723.090487         22.421             120.382
723.100725         22.460             120.428
723.110972         22.499             120.474
723.121230         22.538             120.520
723.131497         22.577             120.566
723.141774         22.616             120.612
723.152061         22.655             120.658
723.162357         22.694             120.704
723.172664         22.733             120.751
723.182980         22.772             120.797
723.193305         22.811             120.843
723.203640         22.850             120.889
723.213985         22.889             120.935
723.224339         22.928             120.982
723.234702         22.967             121.028
723.245075         23.006             121.074
723.255457         23.045             121.121
723.265848         23.083             121.167
723.276249         23.122             121.213
723.286658         23.161             121.260
723.297077         23.200             121.306
723.307505         23.239             121.353
723.317942         23.277             121.399
723.328388         23.316             121.446
723.338843         23.355             121.493
723.349307         23.393             121.539
723.359779         23.432             121.586
723.370261         23.471             121.633
723.380751         23.509             121.679
723.391250         23.548             121.726
723.401757         23.587             121.773
723.412273         23.625             121.820
723.422798         23.664             121.866
723.433331         23.702             121.913
723.443873         23.741             121.960
723.454423         23.779             122.007
723.464981         23.818             122.054
723.475548         23.856             122.101
723.486123         23.895             122.148
723.496707         23.933             122.195
723.507298         23.972             122.242
723.517898         24.010             122.289
723.528505         24.049             122.336
723.539121         24.087             122.383
723.549745         24.125             122.431
723.560377         24.164             122.478
723.571016         24.202             122.525
723.581664         24.240             122.572
723.592319         24.279             122.620
723.602982         24.317             122.667
723.613653         24.355             122.714
723.624331         24.394             122.762
723.635017         24.432             122.809
723.645711         24.470             122.857
723.656412         24.508             122.904
723.667120         24.546             122.952
723.677836         24.585             122.999
723.688560         24.623             123.047
723.699290         24.661             123.095
723.710028         24.699             123.142
723.720773         24.737             123.190
723.731526         24.775             123.238
723.742285         24.813             123.285
723.753052         24.851             123.333
723.763825         24.889             123.381
723.774606         24.927             123.429
723.785393         24.965             123.477
723.796188         25.003             123.525
723.806989         25.041             123.573
723.817797         25.079             123.621
723.828612         25.117             123.669
723.839433         25.155             123.717
723.850262         25.193             123.765
723.861096         25.230             123.813
723.871938         25.268             123.861
723.882786         25.306             123.909
723.893640         25.344             123.957
723.904500         25.382             124.006
723.915367         25.419             124.054
723.926241         25.457             124.102
723.937120         25.495             124.150
723.948006         25.533             124.199
723.958898         25.570             124.247
723.969796         25.608             124.296
723.980700         25.646             124.344
723.991611         25.683             124.393
724.002527         25.721             124.441
724.013449         25.758             124.490
724.024377         25.796             124.538
724.035310         25.833             124.587
724.046250         25.871             124.636
724.057195         25.908             124.684
724.068146         25.946             124.733
724.079103         25.983             124.782
724.090065         26.021             124.831
724.101032         26.058             124.879
724.112006         26.096             124.928
724.122984         26.133             124.977
724.133968         26.170             125.026
724.144957         26.208             125.075
724.155952         26.245             125.124
724.166952         26.282             125.173
724.177957         26.320             125.222
724.188967         26.357             125.271
724.199982         26.394             125.320
724.211002         26.432             125.369
724.222027         26.469             125.419
724.233057         26.506             125.468
724.244092         26.543             125.517
724.255132         26.580             125.566
724.266177         26.617             125.616
724.277226         26.654             125.665
724.288280         26.692             125.715
724.299339         26.729             125.764
724.310402         26.766             125.813
724.321470         26.803             125.863
724.332543         26.840             125.913
724.343619         26.877             125.962
724.354701         26.914             126.012
724.365786         26.951             126.061
724.376876         26.988             126.111
724.387970         27.024             126.161
724.399068         27.061             126.211
724.410171         27.098             126.260
724.421277         27.135             126.310
724.432388         27.172             126.360
724.443502         27.209             126.410
724.454621         27.245             126.460
724.465743         27.282             126.510
724.476869         27.319             126.560
724.487999         27.356             126.610
724.499133         27.392             126.660
724.510270         27.429             126.710
724.521411         27.466             126.760
724.532556         27.502             126.810
724.543704         27.539             126.861
724.554856         27.575             126.911
724.566011         27.612             126.961
724.577170         27.649             127.011
724.588332         27.685             127.062
724.599497         27.722             127.112
724.610666         27.758             127.163
724.621837         27.794             127.213
724.633012         27.831             127.264
724.644190         27.867             127.314
724.655371         27.904             127.365
724.666555         27.940             127.415
724.677742         27.976             127.466
724.688932         28.013             127.517
724.700124         28.049             127.567
724.711320         28.085             127.618
724.722518         28.122             127.669
724.733719         28.158             127.720
724.744922         28.194             127.771
724.756128         28.230             127.822
724.767337         28.266             127.872
724.778548         28.303             127.923
724.789762         28.339             127.974
724.800978         28.375             128.026
724.812196         28.411             128.077
724.823417         28.447             128.128
724.834640         28.483             128.179
724.845865         28.519             128.230
724.857092         28.555             128.281
724.868321         28.591             128.333
724.879553         28.627             128.384
724.890786         28.663             128.435
724.902022         28.699             128.487
724.913259         28.735             128.538
724.924498         28.770             128.590
724.935739         28.806             128.641
724.946981         28.842             128.693
724.958226         28.878             128.744
724.969471         28.914             128.796
724.980719         28.949             128.848
724.991968         28.985             128.899
725.003219         29.021             128.951
725.014471         29.056             129.003
725.025724         29.092             129.055
725.036979         29.128             129.106
725.048235         29.163             129.158
725.059492         29.199             129.210
725.070750         29.234             129.262
725.082010         29.270             129.314
725.093271         29.305             129.366
725.104532         29.341             129.418
725.115795         29.376             129.470
725.127059         29.412             129.523
725.138323         29.447             129.575
725.149589         29.483             129.627
725.160855         29.518             129.679
725.172122         29.553             129.732
725.183389         29.589             129.784
725.194658         29.624             129.836
725.205926         29.659             129.889
725.217196         29.694             129.941
725.228466         29.729             129.994
725.239736         29.765             130.046
725.251006         29.800             130.099
725.262277         29.835             130.152
725.273549         29.870             130.204
725.284820         29.905             130.257
725.296092         29.940             130.310
725.307364         29.975             130.363
725.318635         30.010             130.415
725.329907         30.045             130.468
725.341179         30.080             130.521
725.352451         30.115             130.574
725.363723         30.150             130.627
725.374994         30.185             130.680
725.386266         30.220             130.733
725.397537         30.255             130.786
725.408807         30.289             130.840
725.420078         30.324             130.893
725.431348         30.359             130.946
725.442617         30.394             130.999
725.453886         30.428             131.053
725.465154         30.463             131.106
725.476422         30.498             131.159
725.487689         30.532             131.213
725.498956         30.567             131.266
725.510221         30.602             131.320
725.521486         30.636             131.373
725.532750         30.671             131.427
725.544013         30.705             131.480
725.555275         30.740             131.534
725.566536         30.774             131.588
725.577795         30.809             131.642
725.589054         30.843             131.695
725.600312         30.877             131.749
725.611568         30.912             131.803
725.622823         30.946             131.857
725.634077         30.980             131.911
725.645329         31.015             131.965
725.656580         31.049             132.019
725.667829         31.083             132.073
725.679077         31.117             132.127
725.690324         31.151             132.182
725.701568         31.186             132.236
725.712811         31.220             132.290
725.724053         31.254             132.344
725.735292         31.288             132.399
725.746530         31.322             132.453
725.757766         31.356             132.508
725.768999         31.390             132.562
725.780231         31.424             132.617
725.791461         31.458             132.671
725.802689         31.492             132.726
725.813915         31.525             132.780
725.825138         31.559             132.835
725.836359         31.593             132.890
725.847578         31.627             132.944
725.858795         31.661             132.999
725.870009         31.694             133.054
725.881221         31.728             133.109
725.892430         31.762             133.164
725.903637         31.795             133.219
725.914841         31.829             133.274
725.926043         31.863             133.329
725.937241         31.896             133.384
725.948438         31.930             133.439
725.959631         31.963             133.495
725.970821         31.997             133.550
725.982009         32.030             133.605
725.993194         32.064             133.660
726.004375         32.097             133.716
726.015554         32.130             133.771
726.026730         32.164             133.827
726.037902         32.197             133.882
726.049072         32.230             133.938
726.060238         32.264             133.993
726.071400         32.297             134.049
726.082560         32.330             134.104
726.093716         32.363             134.160
726.104868         32.396             134.216
726.116018         32.430             134.272
726.127163         32.463             134.328
726.138305         32.496             134.383
726.149444         32.529             134.439
726.160578         32.562             134.495
726.171709         32.595             134.551
726.182837         32.628             134.607
726.193960         32.661             134.664
726.205079         32.693             134.720
726.216195         32.726             134.776
726.227307         32.759             134.832
726.238414         32.792             134.888
726.249518         32.825             134.945
726.260617         32.857             135.001
726.271712         32.890             135.058
726.282803         32.923             135.114
726.293890         32.955             135.171
726.304972         32.988             135.227
726.316050         33.021             135.284
726.327124         33.053             135.340
726.338193         33.086             135.397
726.349257         33.118             135.454
726.360317         33.151             135.511
726.371373         33.183             135.567
726.382423         33.216             135.624
726.393469         33.248             135.681
726.404511         33.280             135.738
726.415547         33.313             135.795
726.426578         33.345             135.852
726.437605         33.377             135.909
726.448627         33.409             135.966
726.459643         33.442             136.024
726.470655         33.474             136.081
726.481661         33.506             136.138
726.492663         33.538             136.195
726.503659         33.570             136.253
726.514649         33.602             136.310
726.525635         33.634             136.368
726.536615         33.666             136.425
726.547590         33.698             136.483
726.558559         33.730             136.540
726.569523         33.762             136.598
726.580481         33.794             136.655
726.591433         33.826             136.713
726.602380         33.857             136.771
726.613322         33.889             136.829
726.624257         33.921             136.887
726.635187         33.953             136.945
726.646111         33.984             137.003
726.657028         34.016             137.061
726.667940         34.047             137.119
726.678846         34.079             137.177
726.689746         34.111             137.235
726.700640         34.142             137.293
726.711528         34.174             137.351
726.722409         34.205             137.409
726.733285         34.236             137.468
726.744154         34.268             137.526
726.755016         34.299             137.585
726.765873         34.331             137.643
726.776722         34.362             137.702
726.787566         34.393             137.760
726.798403         34.424             137.819
726.809233         34.456             137.877
726.820057         34.487             137.936
726.830873         34.518             137.995
726.841684         34.549             138.054
726.852487         34.580             138.112
726.863284         34.611             138.171
726.874074         34.642             138.230
726.884856         34.673             138.289
726.895632         34.704             138.348
726.906401         34.735             138.407
726.917163         34.766             138.466
726.927918         34.796             138.526
726.938665         34.827             138.585
726.949406         34.858             138.644
726.960139         34.889             138.703
726.970865         34.919             138.763
726.981583         34.950             138.822
726.992294         34.981             138.882
727.002998         35.011             138.941
727.013694         35.042             139.001
727.024382         35.072             139.060
727.035063         35.103             139.120
727.045737         35.133             139.179
727.056402         35.164             139.239
727.067060         35.194             139.299
727.077711         35.225             139.359
727.088353         35.255             139.419
727.098987         35.285             139.479
727.109614         35.316             139.539
727.120233         35.346             139.599
727.130843         35.376             139.659
727.141446         35.406             139.719
727.152040         35.436             139.779
727.162626         35.466             139.839
727.173205         35.496             139.899
727.183774         35.526             139.960
727.194336         35.556             140.020
727.204889         35.586             140.080
727.215434         35.616             140.141
727.225970         35.646             140.201
727.236498         35.676             140.262
727.247017         35.706             140.322
727.257528         35.736             140.383
727.268030         35.765             140.444
727.278524         35.795             140.505
727.289008         35.825             140.565
727.299484         35.854             140.626
727.309952         35.884             140.687
727.320410         35.914             140.748
727.330859         35.943             140.809
727.341300         35.973             140.870
727.351731         36.002             140.931
727.362154         36.031             140.992
727.372567         36.061             141.053
727.382971         36.090             141.114
727.393366         36.120             141.176
727.403752         36.149             141.237
727.414128         36.178             141.298
727.424495         36.207             141.360
727.434853         36.236             141.421
727.445201         36.266             141.483
727.455540         36.295             141.544
727.465870         36.324             141.606
727.476190         36.353             141.668
727.486500         36.382             141.729
727.496800         36.411             141.791
727.507091         36.440             141.853
727.517372         36.469             141.915
727.527644         36.497             141.977
727.537905         36.526             142.039
727.548157         36.555             142.101
727.558399         36.584             142.163
727.568630         36.612             142.225
727.578852         36.641             142.287
727.589064         36.670             142.349
727.599266         36.698             142.411
727.609457         36.727             142.474
727.619638         36.755             142.536
727.629809         36.784             142.598
727.639970         36.812             142.661
727.650120         36.841             142.723
727.660260         36.869             142.786
727.670390         36.897             142.848
727.680509         36.926             142.911
727.690618         36.954             142.974
727.700716         36.982             143.036
727.710803         37.010             143.099
727.720880         37.038             143.162
727.730946         37.067             143.225
727.741002         37.095             143.288
727.751046         37.123             143.351
727.761080         37.151             143.414
727.771103         37.179             143.477
727.781115         37.207             143.540
727.791116         37.234             143.603
727.801106         37.262             143.666
727.811085         37.290             143.730
727.821053         37.318             143.793
727.831010         37.345             143.856
727.840955         37.373             143.920
727.850890         37.401             143.983
727.860813         37.428             144.047
727.870724         37.456             144.110
727.880625         37.484             144.174
727.890514         37.511             144.238
727.900391         37.538             144.301
727.910257         37.566             144.365
727.920112         37.593             144.429
727.929955         37.621             144.493
727.939786         37.648             144.557
727.949606         37.675             144.621
727.959414         37.702             144.685
727.969210         37.729             144.749
727.978994         37.757             144.813
727.988767         37.784             144.877
727.998528         37.811             144.941
728.008276         37.838             145.006
728.018013         37.865             145.070
728.027738         37.892             145.134
728.037451         37.919             145.199
728.047151         37.945             145.263
728.056840         37.972             145.328
728.066516         37.999             145.392
728.076180         38.026             145.457
728.085832         38.052             145.522
728.095471         38.079             145.586
728.105098         38.106             145.651
728.114713         38.132             145.716
728.124315         38.159             145.781
728.133905         38.185             145.846
728.143482         38.212             145.911
728.153047         38.238             145.976
728.162599         38.264             146.041
728.172138         38.291             146.106
728.181665         38.317             146.171
728.191178         38.343             146.236
728.200680         38.370             146.301
728.210168         38.396             146.367
728.219643         38.422             146.432
728.229106         38.448             146.498
728.238555         38.474             146.563
728.247992         38.500             146.629
728.257415         38.526             146.694
728.266826         38.552             146.760
728.276223         38.578             146.825
728.285607         38.604             146.891
728.294978         38.629             146.957
728.304336         38.655             147.023
728.313680         38.681             147.089
728.323011         38.706             147.154
728.332329         38.732             147.220
728.341633         38.758             147.286
728.350924         38.783             147.352
728.360201         38.809             147.419
728.369465         38.834             147.485
728.378715         38.860             147.551
728.387952         38.885             147.617
728.397175         38.910             147.684
728.406384         38.935             147.750
728.415579         38.961             147.816
728.424761         38.986             147.883
728.433929         39.011             147.949
728.443083         39.036             148.016
728.452223         39.061             148.082
728.461349         39.086             148.149
728.470461         39.111             148.216
728.479559         39.136             148.283
728.488643         39.161             148.349
728.497713         39.186             148.416
728.506769         39.211             148.483
728.515811         39.236             148.550
728.524838         39.260             148.617
728.533851         39.285             148.684
728.542850         39.310             148.751
728.551834         39.334             148.819
728.560804         39.359             148.886
728.569760         39.383             148.953
728.578701         39.408             149.020
728.587627         39.432             149.088
728.596539         39.456             149.155
728.605437         39.481             149.223
728.614320         39.505             149.290
728.623188         39.529             149.358
728.632041         39.553             149.425
728.640880         39.578             149.493
728.649704         39.602             149.561
728.658513         39.626             149.628
728.667307         39.650             149.696
728.676086         39.674             149.764
728.684850         39.698             149.832
728.693600         39.722             149.900
728.702334         39.745             149.968
728.711053         39.769             150.036
728.719758         39.793             150.104
728.728447         39.817             150.172
728.737120         39.840             150.240
728.745779         39.864             150.309
728.754422         39.887             150.377
728.763050         39.911             150.445
728.771663         39.934             150.514
728.780261         39.958             150.582
728.788843         39.981             150.651
728.797409         40.005             150.719
728.805960         40.028             150.788
728.814496         40.051             150.856
728.823015         40.074             150.925
728.831520         40.098             150.994
728.840008         40.121             151.063
728.848482         40.144             151.132
728.856939         40.167             151.200
728.865380         40.190             151.269
728.873806         40.213             151.338
728.882216         40.235             151.407
728.890610         40.258             151.477
728.898988         40.281             151.546
728.907351         40.304             151.615
728.915697         40.327             151.684
728.924027         40.349             151.753
728.932341         40.372             151.823
728.940639         40.394             151.892
728.948921         40.417             151.962
728.957187         40.439             152.031
728.965437         40.462             152.101
728.973670         40.484             152.170
728.981887         40.506             152.240
728.990088         40.529             152.310
728.998273         40.551             152.379
729.006441         40.573             152.449
729.014592         40.595             152.519
729.022728         40.617             152.589
729.030846         40.639             152.659
729.038948         40.661             152.729
729.047034         40.683             152.799
729.055103         40.705             152.869
729.063156         40.727             152.939
729.071191         40.749             153.009
729.079210         40.771             153.079
729.087213         40.792             153.150
729.095198         40.814             153.220
729.103167         40.835             153.290
729.111119         40.857             153.361
729.119054         40.879             153.431
729.126972         40.900             153.502
729.134873         40.921             153.572
729.142757         40.943             153.643
729.150624         40.964             153.713
729.158474         40.985             153.784
729.166307         41.007             153.855
729.174123         41.028             153.926
729.181922         41.049             153.996
729.189703         41.070             154.067
729.197467         41.091             154.138
729.205214         41.112             154.209
729.212944         41.133             154.280
729.220656         41.154             154.351
729.228351         41.175             154.422
729.236029         41.195             154.494
729.243689         41.216             154.565
729.251331         41.237             154.636
729.258957         41.257             154.707
729.266564         41.278             154.779
729.274154         41.298             154.850
729.281727         41.319             154.922
729.289281         41.339             154.993
729.296819         41.360             155.065
729.304338         41.380             155.136
729.311840         41.400             155.208
729.319323         41.421             155.280
729.326789         41.441             155.351
729.334238         41.461             155.423
729.341668         41.481             155.495
729.349080         41.501             155.567
729.356475         41.521             155.639
729.363851         41.541             155.711
729.371210         41.561             155.783
729.378550         41.581             155.855
729.385873         41.600             155.927
729.393177         41.620             155.999
729.400463         41.640             156.071
729.407731         41.659             156.144
729.414981         41.679             156.216
729.422213         41.699             156.288
729.429426         41.718             156.361
729.436621         41.737             156.433
729.443798         41.757             156.506
729.450956         41.776             156.578
729.458096         41.795             156.651
729.465217         41.815             156.723
729.472320         41.834             156.796
729.479405         41.853             156.869
729.486471         41.872             156.942
729.493518         41.891             157.014
729.500547         41.910             157.087
729.507557         41.929             157.160
729.514549         41.948             157.233
729.521522         41.966             157.306
729.528476         41.985             157.379
729.535412         42.004             157.452
729.542328         42.023             157.525
729.549226         42.041             157.598
729.556105         42.060             157.672
729.562966         42.078             157.745
729.569807         42.097             157.818
729.576629         42.115             157.892
729.583433         42.133             157.965
729.590217         42.152             158.038
729.596983         42.170             158.112
729.603729         42.188             158.185
729.610456         42.206             158.259
729.617165         42.224             158.333
729.623854         42.242             158.406
729.630524         42.260             158.480
729.637174         42.278             158.554
729.643806         42.296             158.627
729.650418         42.314             158.701
729.657011         42.332             158.775
729.663585         42.349             158.849
729.670139         42.367             158.923
729.676674         42.385             158.997
729.683190         42.402             159.071
729.689686         42.420             159.145
729.696163         42.437             159.219
729.702620         42.454             159.294
729.709058         42.472             159.368
729.715476         42.489             159.442
729.721874         42.506             159.516
729.728253         42.523             159.591
729.734613         42.540             159.665
729.740952         42.558             159.740
729.747272         42.575             159.814
729.753573         42.591             159.889
729.759853         42.608             159.963
729.766114         42.625             160.038
729.772355         42.642             160.112
729.778576         42.659             160.187
729.784778         42.675             160.262
729.790959         42.692             160.337
729.797121         42.709             160.411
729.803262         42.725             160.486
729.809384         42.742             160.561
729.815485         42.758             160.636
729.821567         42.774             160.711
729.827629         42.791             160.786
729.833670         42.807             160.861
729.839692         42.823             160.936
729.845693         42.839             161.012
729.851674         42.855             161.087
729.857635         42.871             161.162
729.863576         42.887             161.237
729.869496         42.903             161.313
729.875397         42.919             161.388
729.881277         42.935             161.463
729.887137         42.951             161.539
729.892976         42.966             161.614
729.898795         42.982             161.690
729.904594         42.998             161.765
729.910372         43.013             161.841
729.916130         43.029             161.917
729.921867         43.044             161.992
729.927584         43.059             162.068
729.933280         43.075             162.144
729.938956         43.090             162.220
729.944611         43.105             162.295
729.950246         43.120             162.371
729.955860         43.135             162.447
729.961453         43.150             162.523
729.967026         43.165             162.599
729.972578         43.180             162.675
729.978109         43.195             162.751
729.983620         43.210             162.827
729.989109         43.225             162.903
729.994578         43.239             162.980
730.000027         43.254             163.056
730.005454         43.269             163.132
730.010861         43.283             163.208
730.016246         43.297             163.285
730.021611         43.312             163.361
730.026955         43.326             163.438
730.032278         43.341             163.514
730.037579         43.355             163.591
730.042860         43.369             163.667
730.048120         43.383             163.744
730.053359         43.397             163.820
730.058577         43.411             163.897
730.063773         43.425             163.974
730.068949         43.439             164.050
730.074103         43.453             164.127
730.079236         43.467             164.204
730.084348         43.480             164.281
730.089439         43.494             164.358
730.094509         43.508             164.434
730.099557         43.521             164.511
730.104584         43.535             164.588
730.109590         43.548             164.665
730.114574         43.561             164.742
730.119537         43.575             164.820
730.124479         43.588             164.897
730.129399         43.601             164.974
730.134298         43.614             165.051
730.139175         43.627             165.128
730.144031         43.641             165.205
730.148866         43.653             165.283
730.153679         43.666             165.360
730.158471         43.679             165.437
730.163240         43.692             165.515
730.167989         43.705             165.592
730.172716         43.717             165.670
730.177421         43.730             165.747
730.182105         43.743             165.825
730.186767         43.755             165.902
730.191407         43.768             165.980
730.196025         43.780             166.058
730.200622         43.792             166.135
730.205197         43.805             166.213
730.209751         43.817             166.291
730.214283         43.829             166.369
730.218792         43.841             166.446
730.223281         43.853             166.524
730.227747         43.865             166.602
730.232191         43.877             166.680
730.236614         43.889             166.758
730.241014         43.901             166.836
730.245393         43.912             166.914
730.249750         43.924             166.992
730.254085         43.936             167.070
730.258398         43.947             167.148
730.262688         43.959             167.226
730.266957         43.970             167.304
730.271204         43.982             167.383
730.275429         43.993             167.461
730.279632         44.004             167.539
730.283813         44.015             167.617
730.287971         44.027             167.696
730.292108         44.038             167.774
730.296222         44.049             167.852
730.300314         44.060             167.931
730.304384         44.071             168.009
730.308432         44.081             168.088
730.312458         44.092             168.166
730.316461         44.103             168.245
730.320442         44.114             168.323
730.324401         44.124             168.402
730.328338         44.135             168.480
730.332252         44.145             168.559
730.336144         44.156             168.638
730.340014         44.166             168.716
730.343861         44.176             168.795
730.347686         44.187             168.874
730.351489         44.197             168.953
730.355269         44.207             169.032
730.359027         44.217             169.110
730.362762         44.227             169.189
730.366475         44.237             169.268
730.370166         44.247             169.347
730.373834         44.257             169.426
730.377479         44.267             169.505
730.381102         44.276             169.584
730.384703         44.286             169.663
730.388281         44.296             169.742
730.391836         44.305             169.821
730.395369         44.315             169.900
730.398879         44.324             169.980
730.402367         44.333             170.059
730.405831         44.343             170.138
730.409274         44.352             170.217
730.412693         44.361             170.296
730.416090         44.370             170.376
730.419465         44.379             170.455
730.422816         44.388             170.534
730.426145         44.397             170.614
730.429451         44.406             170.693
730.432735         44.415             170.773
730.435995         44.423             170.852
730.439233         44.432             170.931
730.442448         44.441             171.011
730.445641         44.449             171.090
730.448810         44.458             171.170
730.451957         44.466             171.250
730.455081         44.475             171.329
730.458182         44.483             171.409
730.461260         44.491             171.488
730.464315         44.499             171.568
730.467347         44.507             171.648
730.470356         44.516             171.727
730.473343         44.524             171.807
730.476306         44.531             171.887
730.479247         44.539             171.967
730.482165         44.547             172.046
730.485059         44.555             172.126
730.487931         44.563             172.206
730.490779         44.570             172.286
730.493605         44.578             172.366
730.496408         44.585             172.446
730.499187         44.593             172.526
730.501944         44.600             172.606
730.504677         44.608             172.685
730.507387         44.615             172.765
730.510075         44.622             172.845
730.512739         44.629             172.925
730.515380         44.636             173.006
730.517998         44.643             173.086
730.520593         44.650             173.166
730.523164         44.657             173.246
730.525713         44.664             173.326
730.528238         44.671             173.406
730.530740         44.677             173.486
730.533219         44.684             173.566
730.535675         44.691             173.647
730.538107         44.697             173.727
730.540516         44.704             173.807
730.542903         44.710             173.887
730.545265         44.716             173.968
730.547605         44.723             174.048
730.549921         44.729             174.128
730.552214         44.735             174.209
730.554484         44.741             174.289
730.556730         44.747             174.369
730.558953         44.753             174.450
730.561153         44.759             174.530
730.563329         44.765             174.611
730.565483         44.770             174.691
730.567612         44.776             174.771
730.569719         44.782             174.852
730.571802         44.787             174.932
730.573861         44.793             175.013
730.575898         44.798             175.093
730.577911         44.804             175.174
730.579900         44.809             175.254
730.581866         44.814             175.335
730.583809         44.820             175.416
730.585728         44.825             175.496
730.587624         44.830             175.577
730.589496         44.835             175.657
730.591345         44.840             175.738
730.593170         44.845             175.819
730.594972         44.849             175.899
730.596751         44.854             175.980
730.598506         44.859             176.061
730.600237         44.864             176.141
730.601945         44.868             176.222
730.603630         44.873             176.303
730.605291         44.877             176.384
730.606928         44.882             176.464
730.608542         44.886             176.545
730.610132         44.890             176.626
730.611699         44.894             176.707
730.613242         44.898             176.788
730.614762         44.902             176.868
730.616258         44.907             176.949
730.617731         44.910             177.030
730.619180         44.914             177.111
730.620605         44.918             177.192
730.622007         44.922             177.273
730.623385         44.926             177.354
730.624740         44.929             177.435
730.626071         44.933             177.516
730.627378         44.936             177.596
730.628662         44.940             177.677
730.629922         44.943             177.758
730.631158         44.946             177.839
730.632371         44.950             177.920
730.633560         44.953             178.001
730.634726         44.956             178.082
730.635868         44.959             178.163
730.636986         44.962             178.244
730.638080         44.965             178.325
730.639151         44.968             178.406
730.640199         44.971             178.487
730.641222         44.973             178.568
730.642222         44.976             178.649
730.643198         44.979             178.730
730.644151         44.981             178.811
730.645079         44.984             178.893
730.645984         44.986             178.974
730.646866         44.989             179.055
730.647723         44.991             179.136
730.648557         44.993             179.217
730.649368         44.995             179.298
730.650154         44.997             179.379
730.650917         44.999             179.460
730.651656         45.001             179.541
730.652371         45.003             179.622
730.653063         45.005             179.704
730.653731         45.007             179.785
730.654375         45.009             179.866
730.654995         45.010             179.947
730.655592         45.012             -179.972
730.656165         45.013             -179.891
730.656714         45.015             -179.810
730.657239         45.016             -179.728
730.657741         45.018             -179.647
730.658219         45.019             -179.566
730.658673         45.020             -179.485
730.659103         45.021             -179.404
730.659510         45.022             -179.322
730.659892         45.023             -179.241
730.660251         45.024             -179.160
730.660587         45.025             -179.079
730.660898         45.026             -178.998
730.661186         45.027             -178.917
730.661450         45.028             -178.835
730.661690         45.028             -178.754
730.661907         45.029             -178.673
730.662099         45.029             -178.592
730.662268         45.030             -178.510
730.662413         45.030             -178.429
730.662534         45.030             -178.348
730.662632         45.031             -178.267
730.662706         45.031             -178.186
730.662756         45.031             -178.104
730.662782         45.031             -178.023
730.662784         45.031             -177.942
730.662763         45.031             -177.861
730.662718         45.031             -177.780
730.662649         45.031             -177.698
730.662556         45.031             -177.617
730.662440         45.030             -177.536
730.662299         45.030             -177.455
730.662135         45.029             -177.374
730.661947         45.029             -177.292
730.661736         45.028             -177.211
730.661500         45.028             -177.130
730.661241         45.027             -177.049
730.660958         45.026             -176.968
730.660652         45.025             -176.886
730.660321         45.025             -176.805
730.659967         45.024             -176.724
730.659589         45.023             -176.643
730.659187         45.022             -176.562
730.658762         45.020             -176.480
730.658312         45.019             -176.399
730.657839         45.018             -176.318
730.657342         45.017             -176.237
730.656822         45.015             -176.156
730.656277         45.014             -176.075
730.655709         45.012             -175.993
730.655118         45.011             -175.912
730.654502         45.009             -175.831
730.653863         45.007             -175.750
730.653200         45.005             -175.669
730.652513         45.004             -175.588
730.651802         45.002             -175.507
730.651068         45.000             -175.425
730.650310         44.998             -175.344
730.649528         44.996             -175.263
730.648723         44.993             -175.182
730.647894         44.991             -175.101
730.647041         44.989             -175.020
730.646164         44.987             -174.939
730.645264         44.984             -174.858
730.644340         44.982             -174.777
730.643392         44.979             -174.696
730.642421         44.977             -174.615
730.641426         44.974             -174.533
730.640407         44.971             -174.452
730.639365         44.968             -174.371
730.638299         44.966             -174.290
730.637209         44.963             -174.209
730.636095         44.960             -174.128
730.634958         44.957             -174.047
730.633798         44.954             -173.966
730.632613         44.950             -173.885
730.631405         44.947             -173.804
730.630173         44.944             -173.723
730.628918         44.940             -173.643
730.627639         44.937             -173.562
730.626336         44.934             -173.481
730.625010         44.930             -173.400
730.623660         44.926             -173.319
730.622287         44.923             -173.238
730.620890         44.919             -173.157
730.619469         44.915             -173.076
730.618025         44.911             -172.995
730.616557         44.907             -172.914
730.615066         44.903             -172.834
730.613551         44.899             -172.753
730.612013         44.895             -172.672
730.610451         44.891             -172.591
730.608865         44.887             -172.510
730.607256         44.882             -172.430
730.605623         44.878             -172.349
730.603967         44.874             -172.268
730.602287         44.869             -172.187
730.600584         44.865             -172.107
730.598857         44.860             -172.026
730.597107         44.855             -171.945
730.595333         44.850             -171.865
730.593536         44.846             -171.784
730.591715         44.841             -171.703
730.589871         44.836             -171.623
730.588004         44.831             -171.542
730.586113         44.826             -171.461
730.584198         44.821             -171.381
730.582260         44.815             -171.300
730.580299         44.810             -171.220
730.578314         44.805             -171.139
730.576306         44.799             -171.058
730.574275         44.794             -170.978
730.572220         44.789             -170.897
730.570141         44.783             -170.817
730.568040         44.777             -170.736
730.565915         44.772             -170.656
730.563766         44.766             -170.576
730.561594         44.760             -170.495
730.559399         44.754             -170.415
730.557181         44.748             -170.334
730.554939         44.742             -170.254
730.552674         44.736             -170.174
730.550386         44.730             -170.093
730.548075         44.724             -170.013
730.545740         44.718             -169.933
730.543382         44.711             -169.852
730.541000         44.705             -169.772
730.538596         44.698             -169.692
730.536168         44.692             -169.612
730.533717         44.685             -169.531
730.531243         44.679             -169.451
730.528745         44.672             -169.371
730.526225         44.665             -169.291
730.523681         44.658             -169.211
730.521114         44.652             -169.131
730.518524         44.645             -169.051
730.515911         44.638             -168.971
730.513274         44.631             -168.890
730.510615         44.623             -168.810
730.507932         44.616             -168.730
730.505226         44.609             -168.650
730.502498         44.602             -168.570
730.499746         44.594             -168.491
730.496971         44.587             -168.411
730.494173         44.579             -168.331
730.491352         44.572             -168.251
730.488508         44.564             -168.171
730.485641         44.556             -168.091
730.482751         44.549             -168.011
730.479838         44.541             -167.932
730.476902         44.533             -167.852
730.473943         44.525             -167.772
730.470962         44.517             -167.692
730.467957         44.509             -167.613
730.464929         44.501             -167.533
730.461879         44.493             -167.453
730.458805         44.485             -167.374
730.455709         44.476             -167.294
730.452590         44.468             -167.214
730.449448         44.459             -167.135
730.446283         44.451             -167.055
730.443095         44.442             -166.976
730.439884         44.434             -166.896
730.436651         44.425             -166.817
730.433395         44.416             -166.737
730.430116         44.408             -166.658
730.426815         44.399             -166.579
730.423490         44.390             -166.499
730.420143         44.381             -166.420
730.416774         44.372             -166.341
730.413381         44.363             -166.261
730.409966         44.354             -166.182
730.406529         44.344             -166.103
730.403068         44.335             -166.024
730.399585         44.326             -165.944
730.396080         44.316             -165.865
730.392551         44.307             -165.786
730.389001         44.297             -165.707
730.385427         44.288             -165.628
730.381831         44.278             -165.549
730.378213         44.269             -165.470
730.374572         44.259             -165.391
730.370909         44.249             -165.312
730.367223         44.239             -165.233
730.363514         44.229             -165.154
730.359783         44.219             -165.075
730.356030         44.209             -164.996
730.352254         44.199             -164.918
730.348456         44.189             -164.839
730.344636         44.179             -164.760
730.340793         44.168             -164.681
730.336928         44.158             -164.602
730.333040         44.147             -164.524
730.329130         44.137             -164.445
730.325198         44.126             -164.367
730.321244         44.116             -164.288
730.317267         44.105             -164.209
730.313268         44.094             -164.131
730.309247         44.084             -164.052
730.305204         44.073             -163.974
730.301138         44.062             -163.895
730.297050         44.051             -163.817
730.292941         44.040             -163.739
730.288808         44.029             -163.660
730.284654         44.018             -163.582
730.280478         44.007             -163.504
730.276280         43.995             -163.425
730.272059         43.984             -163.347
730.267817         43.973             -163.269
730.263552         43.961             -163.191
730.259266         43.950             -163.113
730.254958         43.938             -163.035
730.250627         43.926             -162.956
730.246275         43.915             -162.878
730.241900         43.903             -162.800
730.237504         43.891             -162.722
730.233086         43.879             -162.644
730.228646         43.868             -162.567
730.224184         43.856             -162.489
730.219701         43.844             -162.411
730.215195         43.831             -162.333
730.210668         43.819             -162.255
730.206119         43.807             -162.178
730.201548         43.795             -162.100
730.196956         43.782             -162.022
730.192341         43.770             -161.944
730.187705         43.758             -161.867
730.183048         43.745             -161.789
730.178369         43.733             -161.712
730.173668         43.720             -161.634
730.168945         43.707             -161.557
730.164201         43.695             -161.479
730.159436         43.682             -161.402
730.154648         43.669             -161.325
730.149840         43.656             -161.247
730.145010         43.643             -161.170
730.140158         43.630             -161.093
730.135285         43.617             -161.015
730.130390         43.604             -160.938
730.125474         43.591             -160.861
730.120537         43.577             -160.784
730.115578         43.564             -160.707
730.110598         43.551             -160.630
730.105597         43.537             -160.553
730.100574         43.524             -160.476
730.095530         43.510             -160.399
730.090465         43.497             -160.322
730.085378         43.483             -160.245
730.080270         43.469             -160.168
730.075142         43.456             -160.091
730.069991         43.442             -160.015
730.064820         43.428             -159.938
730.059628         43.414             -159.861
730.054414         43.400             -159.785
730.049180         43.386             -159.708
730.043924         43.372             -159.631
730.038648         43.358             -159.555
730.033350         43.343             -159.478
730.028032         43.329             -159.402
730.022692         43.315             -159.325
730.017331         43.300             -159.249
730.011950         43.286             -159.173
730.006548         43.271             -159.096
730.001125         43.257             -159.020
729.995681         43.242             -158.944
729.990216         43.228             -158.868
729.984730         43.213             -158.792
729.979224         43.198             -158.715
729.973697         43.183             -158.639
729.968149         43.168             -158.563
729.962580         43.153             -158.487
729.956991         43.138             -158.411
729.951381         43.123             -158.335
729.945751         43.108             -158.259
729.940100         43.093             -158.184
729.934428         43.078             -158.108
729.928736         43.062             -158.032
729.923023         43.047             -157.956
729.917290         43.032             -157.881
729.911536         43.016             -157.805
729.905762         43.001             -157.729
729.899968         42.985             -157.654
729.894153         42.970             -157.578
729.888318         42.954             -157.503
729.882462         42.938             -157.427
729.876586         42.922             -157.352
729.870690         42.906             -157.277
729.864773         42.891             -157.201
729.858837         42.875             -157.126
729.852880         42.859             -157.051
729.846903         42.842             -156.976
729.840905         42.826             -156.900
729.834888         42.810             -156.825
729.828851         42.794             -156.750
729.822793         42.778             -156.675
729.816715         42.761             -156.600
729.810618         42.745             -156.525
729.804500         42.728             -156.450
729.798363         42.712             -156.375
729.792205         42.695             -156.301
729.786028         42.679             -156.226
729.779830         42.662             -156.151
729.773613         42.645             -156.076
729.767376         42.629             -156.002
729.761119         42.612             -155.927
729.754843         42.595             -155.852
729.748546         42.578             -155.778
729.742230         42.561             -155.703
729.735895         42.544             -155.629
729.729539         42.527             -155.555
729.723164         42.510             -155.480
729.716770         42.492             -155.406
729.710355         42.475             -155.332
729.703922         42.458             -155.257
729.697468         42.440             -155.183
729.690996         42.423             -155.109
729.684504         42.406             -155.035
729.677992         42.388             -154.961
729.671461         42.370             -154.887
729.664910         42.353             -154.813
729.658341         42.335             -154.739
729.651751         42.317             -154.665
729.645143         42.300             -154.591
729.638515         42.282             -154.517
729.631869         42.264             -154.444
729.625203         42.246             -154.370
729.618517         42.228             -154.296
729.611813         42.210             -154.223
729.605089         42.192             -154.149
729.598347         42.174             -154.076
729.591585         42.155             -154.002
729.584805         42.137             -153.929
729.578005         42.119             -153.855
729.571186         42.100             -153.782
729.564349         42.082             -153.709
729.557492         42.063             -153.635
729.550617         42.045             -153.562
729.543723         42.026             -153.489
729.536810         42.008             -153.416
729.529878         41.989             -153.343
729.522928         41.970             -153.270
729.515959         41.951             -153.197
729.508971         41.933             -153.124
729.501965         41.914             -153.051
729.494939         41.895             -152.978
729.487896         41.876             -152.905
729.480833         41.857             -152.832
729.473753         41.838             -152.760
729.466653         41.818             -152.687
729.459536         41.799             -152.614
729.452399         41.780             -152.542
729.445245         41.761             -152.469
729.438072         41.741             -152.397
729.430881         41.722             -152.324
729.423671         41.702             -152.252
729.416443         41.683             -152.179
729.409197         41.663             -152.107
729.401933         41.644             -152.035
729.394650         41.624             -151.963
729.387350         41.604             -151.890
729.380031         41.585             -151.818
729.372694         41.565             -151.746
729.365339         41.545             -151.674
729.357966         41.525             -151.602
729.350575         41.505             -151.530
729.343167         41.485             -151.458
729.335740         41.465             -151.387
729.328295         41.445             -151.315
729.320833         41.425             -151.243
729.313353         41.404             -151.171
729.305854         41.384             -151.100
729.298339         41.364             -151.028
729.290805         41.343             -150.956
729.283254         41.323             -150.885
729.275685         41.303             -150.813
729.268099         41.282             -150.742
729.260495         41.262             -150.671
729.252873         41.241             -150.599
729.245234         41.220             -150.528
729.237577         41.200             -150.457
729.229903         41.179             -150.386
729.222212         41.158             -150.315
729.214503         41.137             -150.243
729.206777         41.116             -150.172
729.199033         41.095             -150.101
729.191273         41.074             -150.030
729.183495         41.053             -149.960
729.175699         41.032             -149.889
729.167887         41.011             -149.818
729.160058         40.990             -149.747
729.152211         40.968             -149.676
729.144347         40.947             -149.606
729.136467         40.926             -149.535
729.128569         40.904             -149.465
729.120654         40.883             -149.394
729.112723         40.861             -149.324
729.104774         40.840             -149.253
729.096809         40.818             -149.183
729.088827         40.797             -149.113
729.080828         40.775             -149.042
729.072812         40.753             -148.972
729.064780         40.731             -148.902
729.056731         40.710             -148.832
729.048665         40.688             -148.762
729.040583         40.666             -148.692
729.032484         40.644             -148.622
729.024369         40.622             -148.552
729.016237         40.600             -148.482
729.008088         40.578             -148.412
728.999924         40.555             -148.342
728.991742         40.533             -148.272
728.983545         40.511             -148.203
728.975331         40.489             -148.133
728.967101         40.466             -148.063
728.958855         40.444             -147.994
728.950592         40.421             -147.924
728.942313         40.399             -147.855
728.934019         40.376             -147.786
728.925708         40.354             -147.716
728.917381         40.331             -147.647
728.909038         40.308             -147.578
728.900679         40.286             -147.509
728.892304         40.263             -147.439
728.883913         40.240             -147.370
728.875506         40.217             -147.301
728.867083         40.194             -147.232
728.858645         40.171             -147.163
728.850191         40.148             -147.094
728.841721         40.125             -147.025
728.833236         40.102             -146.957
728.824734         40.079             -146.888
728.816218         40.056             -146.819
728.807685         40.033             -146.751
728.799137         40.009             -146.682
728.790574         39.986             -146.613
728.781995         39.963             -146.545
728.773401         39.939             -146.476
728.764791         39.916             -146.408
728.756166         39.892             -146.340
728.747526         39.869             -146.271
728.738871         39.845             -146.203
728.730200         39.821             -146.135
728.721514         39.798             -146.067
728.712813         39.774             -145.999
728.704096         39.750             -145.930
728.695365         39.726             -145.862
728.686619         39.703             -145.794
728.677858         39.679             -145.727
728.669081         39.655             -145.659
728.660290         39.631             -145.591
728.651484         39.607             -145.523
728.642663         39.582             -145.455
728.633827         39.558             -145.388
728.624977         39.534             -145.320
728.616112         39.510             -145.253
728.607232         39.486             -145.185
728.598338         39.461             -145.118
728.589428         39.437             -145.050
728.580505         39.413             -144.983
728.571567         39.388             -144.915
728.562614         39.364             -144.848
728.553647         39.339             -144.781
728.544665         39.315             -144.714
728.535670         39.290             -144.647
728.526659         39.265             -144.580
728.517635         39.241             -144.513
728.508596         39.216             -144.446
728.499543         39.191             -144.379
728.490476         39.166             -144.312
728.481395         39.141             -144.245
728.472300         39.116             -144.178
728.463191         39.091             -144.111
728.454067         39.066             -144.045
728.444930         39.041             -143.978
728.435779         39.016             -143.912
728.426614         38.991             -143.845
728.417435         38.966             -143.779
728.408242         38.941             -143.712
728.399036         38.915             -143.646
728.389816         38.890             -143.579
728.380582         38.865             -143.513
728.371335         38.839             -143.447
728.362073         38.814             -143.381
728.352799         38.788             -143.315
728.343511         38.763             -143.249
728.334209         38.737             -143.183
728.324894         38.712             -143.117
728.315566         38.686             -143.051
728.306224         38.660             -142.985
728.296869         38.635             -142.919
728.287501         38.609             -142.853
728.278120         38.583             -142.787
728.268725         38.557             -142.722
728.259317         38.531             -142.656
728.249896         38.505             -142.591
728.240462         38.479             -142.525
728.231015         38.453             -142.460
728.221556         38.427             -142.394
728.212083         38.401             -142.329
728.202597         38.375             -142.263
728.193098         38.349             -142.198
728.183587         38.322             -142.133
728.174063         38.296             -142.068
728.164526         38.270             -142.003
728.154977         38.243             -141.938
728.145415         38.217             -141.873
728.135840         38.191             -141.808
728.126253         38.164             -141.743
728.116653         38.138             -141.678
728.107041         38.111             -141.613
728.097416         38.084             -141.548
728.087780         38.058             -141.483
728.078130         38.031             -141.419
728.068469         38.004             -141.354
728.058795         37.978             -141.290
728.049109         37.951             -141.225
728.039411         37.924             -141.161
728.029701         37.897             -141.096
728.019978         37.870             -141.032
728.010244         37.843             -140.967
728.000498         37.816             -140.903
727.990739         37.789             -140.839
727.980969         37.762             -140.775
727.971187         37.735             -140.711
727.961393         37.708             -140.647
727.951588         37.681             -140.582
727.941771         37.653             -140.519
727.931942         37.626             -140.455
727.922101         37.599             -140.391
727.912249         37.571             -140.327
727.902385         37.544             -140.263
727.892510         37.517             -140.199
727.882623         37.489             -140.136
727.872725         37.462             -140.072
727.862816         37.434             -140.008
727.852895         37.406             -139.945
727.842963         37.379             -139.881
727.833019         37.351             -139.818
727.823065         37.323             -139.755
727.813099         37.296             -139.691
727.803122         37.268             -139.628
727.793135         37.240             -139.565
727.783136         37.212             -139.502
727.773126         37.184             -139.438
727.763105         37.156             -139.375
727.753074         37.128             -139.312
727.743031         37.100             -139.249
727.732978         37.072             -139.186
727.722914         37.044             -139.124
727.712839         37.016             -139.061
727.702754         36.988             -138.998
727.692658         36.960             -138.935
727.682552         36.931             -138.872
727.672435         36.903             -138.810
727.662307         36.875             -138.747
727.652169         36.846             -138.685
727.642021         36.818             -138.622
727.631862         36.790             -138.560
727.621693         36.761             -138.497
727.611514         36.733             -138.435
727.601325         36.704             -138.373
727.591125         36.675             -138.310
727.580916         36.647             -138.248
727.570696         36.618             -138.186
727.560466         36.590             -138.124
727.550226         36.561             -138.062
727.539977         36.532             -138.000
727.529717         36.503             -137.938
727.519448         36.474             -137.876
727.509169         36.446             -137.814
727.498880         36.417             -137.752
727.488581         36.388             -137.691
727.478273         36.359             -137.629
727.467955         36.330             -137.567
727.457627         36.301             -137.506
727.447290         36.271             -137.444
727.436944         36.242             -137.383
727.426588         36.213             -137.321
727.416223         36.184             -137.260
727.405848         36.155             -137.198
727.395464         36.125             -137.137
727.385071         36.096             -137.076
727.374669         36.067             -137.014
727.364257         36.037             -136.953
727.353837         36.008             -136.892
727.343407         35.979             -136.831
727.332969         35.949             -136.770
727.322521         35.920             -136.709
727.312065         35.890             -136.648
727.301599         35.860             -136.587
727.291125         35.831             -136.526
727.280642         35.801             -136.466
727.270150         35.771             -136.405
727.259650         35.742             -136.344
727.249141         35.712             -136.284
727.238623         35.682             -136.223
727.228097         35.652             -136.162
727.217563         35.622             -136.102
727.207020         35.592             -136.041
727.196468         35.562             -135.981
727.185908         35.532             -135.921
727.175340         35.502             -135.860
727.164764         35.472             -135.800
727.154179         35.442             -135.740
727.143586         35.412             -135.680
727.132985         35.382             -135.620
727.122376         35.352             -135.559
727.111759         35.322             -135.499
727.101134         35.291             -135.439
727.090502         35.261             -135.380
727.079861         35.231             -135.320
727.069212         35.200             -135.260
727.058556         35.170             -135.200
727.047892         35.140             -135.140
727.037220         35.109             -135.081
727.026540         35.079             -135.021
727.015853         35.048             -134.961
727.005159         35.018             -134.902
726.994457         34.987             -134.842
726.983747         34.956             -134.783
726.973030         34.926             -134.723
726.962306         34.895             -134.664
726.951574         34.864             -134.605
726.940835         34.834             -134.546
726.930089         34.803             -134.486
726.919336         34.772             -134.427
726.908575         34.741             -134.368
726.897808         34.710             -134.309
726.887033         34.679             -134.250
726.876252         34.648             -134.191
726.865464         34.617             -134.132
726.854668         34.586             -134.073
726.843866         34.555             -134.014
726.833057         34.524             -133.955
726.822242         34.493             -133.897
726.811420         34.462             -133.838
726.800591         34.431             -133.779
726.789755         34.399             -133.721
726.778913         34.368             -133.662
726.768065         34.337             -133.604
726.757210         34.306             -133.545
726.746348         34.274             -133.487
726.735481         34.243             -133.428
726.724607         34.211             -133.370
726.713726         34.180             -133.312
726.702840         34.148             -133.254
726.691947         34.117             -133.195
726.681048         34.085             -133.137
726.670144         34.054             -133.079
726.659233         34.022             -133.021
726.648316         33.991             -132.963
726.637394         33.959             -132.905
726.626465         33.927             -132.847
726.615531         33.896             -132.789
726.604591         33.864             -132.731
726.593645         33.832             -132.674
726.582693         33.800             -132.616
726.571736         33.768             -132.558
726.560774         33.736             -132.501
726.549806         33.705             -132.443
726.538832         33.673             -132.385
726.527853         33.641             -132.328
726.516869         33.609             -132.271
726.505879         33.577             -132.213
726.494884         33.544             -132.156
726.483884         33.512             -132.098
726.472878         33.480             -132.041
726.461868         33.448             -131.984
726.450852         33.416             -131.927
726.439832         33.384             -131.870
726.428806         33.351             -131.812
726.417775         33.319             -131.755
726.406740         33.287             -131.698
726.395700         33.254             -131.641
726.384655         33.222             -131.585
726.373605         33.190             -131.528
726.362551         33.157             -131.471
726.351492         33.125             -131.414
726.340428         33.092             -131.357
726.329360         33.060             -131.301
726.318287         33.027             -131.244
726.307210         32.995             -131.187
726.296129         32.962             -131.131
726.285043         32.929             -131.074
726.273953         32.897             -131.018
726.262858         32.864             -130.961
726.251760         32.831             -130.905
726.240657         32.798             -130.849
726.229550         32.766             -130.792
726.218440         32.733             -130.736
726.207325         32.700             -130.680
726.196206         32.667             -130.624
726.185084         32.634             -130.568
726.173957         32.601             -130.512
726.162827         32.568             -130.456
726.151693         32.535             -130.400
726.140555         32.502             -130.344
726.129414         32.469             -130.288
726.118269         32.436             -130.232
726.107121         32.403             -130.176
726.095969         32.370             -130.120
726.084813         32.337             -130.065
726.073655         32.304             -130.009
726.062492         32.270             -129.953
726.051327         32.237             -129.898
726.040158         32.204             -129.842
726.028987         32.171             -129.787
726.017812         32.137             -129.731
726.006634         32.104             -129.676
725.995452         32.070             -129.620
725.984268         32.037             -129.565
725.973081         32.004             -129.510
725.961891         31.970             -129.454
725.950699         31.937             -129.399
725.939503         31.903             -129.344
725.928305         31.869             -129.289
725.917104         31.836             -129.234
725.905900         31.802             -129.179
725.894694         31.769             -129.124
725.883485         31.735             -129.069
725.872274         31.701             -129.014
725.861060         31.668             -128.959
725.849844         31.634             -128.904
725.838625         31.600             -128.850
725.827405         31.566             -128.795
725.816182         31.532             -128.740
725.804956         31.498             -128.686
725.793729         31.465             -128.631
725.782500         31.431             -128.576
725.771268         31.397             -128.522
725.760035         31.363             -128.467
725.748799         31.329             -128.413
725.737562         31.295             -128.359
725.726323         31.261             -128.304
725.715082         31.227             -128.250
725.703839         31.192             -128.196
725.692595         31.158             -128.141
725.681349         31.124             -128.087
725.670101         31.090             -128.033
725.658852         31.056             -127.979
725.647602         31.022             -127.925
725.636350         30.987             -127.871
725.625096         30.953             -127.817
725.613841         30.919             -127.763
725.602585         30.884             -127.709
725.591328         30.850             -127.655
725.580069         30.816             -127.601
725.568810         30.781             -127.548
725.557549         30.747             -127.494
725.546287         30.712             -127.440
725.535025         30.678             -127.387
725.523761         30.643             -127.333
725.512496         30.609             -127.279
725.501231         30.574             -127.226
725.489965         30.539             -127.172
725.478698         30.505             -127.119
725.467430         30.470             -127.065
725.456162         30.435             -127.012
725.444893         30.401             -126.959
725.433624         30.366             -126.905
725.422354         30.331             -126.852
725.411084         30.297             -126.799
725.399813         30.262             -126.746
725.388542         30.227             -126.693
725.377271         30.192             -126.640
725.365999         30.157             -126.587
725.354728         30.122             -126.534
725.343456         30.087             -126.481
725.332184         30.052             -126.428
725.320912         30.017             -126.375
725.309640         29.982             -126.322
725.298368         29.947             -126.269
725.287097         29.912             -126.216
725.275825         29.877             -126.164
725.264554         29.842             -126.111
725.253283         29.807             -126.058
725.242012         29.772             -126.006
725.230742         29.737             -125.953
725.219472         29.701             -125.901
725.208202         29.666             -125.848
725.196934         29.631             -125.796
725.185665         29.596             -125.743
725.174397         29.560             -125.691
725.163130         29.525             -125.639
725.151864         29.490             -125.586
725.140599         29.454             -125.534
725.129334         29.419             -125.482
725.118070         29.383             -125.430
725.106807         29.348             -125.378
725.095545         29.313             -125.326
725.084284         29.277             -125.274
725.073025         29.242             -125.222
725.061766         29.206             -125.170
725.050508         29.170             -125.118
725.039252         29.135             -125.066
725.027997         29.099             -125.014
725.016743         29.064             -124.962
725.005491         29.028             -124.910
724.994240         28.992             -124.859
724.982991         28.957             -124.807
724.971743         28.921             -124.755
724.960497         28.885             -124.704
724.949252         28.849             -124.652
724.938009         28.813             -124.600
724.926768         28.778             -124.549
724.915529         28.742             -124.497
724.904291         28.706             -124.446
724.893055         28.670             -124.395
724.881822         28.634             -124.343
724.870590         28.598             -124.292
724.859360         28.562             -124.241
724.848132         28.526             -124.189
724.836907         28.490             -124.138
724.825683         28.454             -124.087
724.814462         28.418             -124.036
724.803244         28.382             -123.985
724.792027         28.346             -123.934
724.780813         28.310             -123.883
724.769601         28.274             -123.832
724.758392         28.238             -123.781
724.747185         28.201             -123.730
724.735981         28.165             -123.679
724.724780         28.129             -123.628
724.713581         28.093             -123.577
724.702385         28.056             -123.526
724.691192         28.020             -123.476
724.680002         27.984             -123.425
724.668814         27.947             -123.374
724.657630         27.911             -123.324
724.646448         27.875             -123.273
724.635269         27.838             -123.223
724.624094         27.802             -123.172
724.612922         27.765             -123.122
724.601753         27.729             -123.071
724.590587         27.692             -123.021
724.579424         27.656             -122.970
724.568265         27.619             -122.920
724.557109         27.583             -122.870
724.545957         27.546             -122.820
724.534808         27.510             -122.769
724.523662         27.473             -122.719
724.512520         27.436             -122.669
724.501382         27.400             -122.619
724.490248         27.363             -122.569
724.479117         27.326             -122.519
724.467990         27.290             -122.469
724.456867         27.253             -122.419
724.445747         27.216             -122.369
724.434632         27.179             -122.319
724.423521         27.142             -122.269
724.412414         27.106             -122.219
724.401310         27.069             -122.169
724.390211         27.032             -122.120
724.379116         26.995             -122.070
724.368026         26.958             -122.020
724.356939         26.921             -121.971
724.345857         26.884             -121.921
724.334780         26.847             -121.871
724.323706         26.810             -121.822
724.312638         26.773             -121.772
724.301573         26.736             -121.723
724.290514         26.699             -121.673
724.279459         26.662             -121.624
724.268408         26.625             -121.575
724.257363         26.588             -121.525
724.246322         26.551             -121.476
724.235286         26.513             -121.427
724.224255         26.476             -121.377
724.213229         26.439             -121.328
724.202207         26.402             -121.279
724.191191         26.365             -121.230
724.180180         26.327             -121.181
724.169174         26.290             -121.132
724.158173         26.253             -121.083
724.147178         26.215             -121.034
724.136187         26.178             -120.985
724.125202         26.141             -120.936
724.114223         26.103             -120.887
724.103248         26.066             -120.838
724.092280         26.028             -120.789
724.081316         25.991             -120.740
724.070359         25.954             -120.692
724.059407         25.916             -120.643
724.048460         25.879             -120.594
724.037520         25.841             -120.546
724.026585         25.803             -120.497
724.015655         25.766             -120.448
724.004732         25.728             -120.400
723.993815         25.691             -120.351
723.982904         25.653             -120.303
723.971998         25.616             -120.254
723.961099         25.578             -120.206
723.950206         25.540             -120.157
723.939319         25.502             -120.109
723.928438         25.465             -120.061
723.917563         25.427             -120.012
723.906695         25.389             -119.964
723.895833         25.352             -119.916
723.884977         25.314             -119.868
723.874128         25.276             -119.819
723.863286         25.238             -119.771
723.852449         25.200             -119.723
723.841620         25.162             -119.675
723.830797         25.124             -119.627
723.819981         25.087             -119.579
723.809172         25.049             -119.531
723.798369         25.011             -119.483
723.787573         24.973             -119.435
723.776784         24.935             -119.387
723.766002         24.897             -119.340
723.755227         24.859             -119.292
723.744459         24.821             -119.244
723.733698         24.783             -119.196
723.722944         24.745             -119.148
723.712198         24.707             -119.101
723.701458         24.668             -119.053
723.690726         24.630             -119.005
723.680001         24.592             -118.958
723.669284         24.554             -118.910
723.658574         24.516             -118.863
723.647871         24.478             -118.815
723.637176         24.439             -118.768
723.626489         24.401             -118.720
723.615809         24.363             -118.673
723.605137         24.325             -118.625
723.594472         24.286             -118.578
723.583815         24.248             -118.531
723.573166         24.210             -118.484
723.562525         24.172             -118.436
723.551892         24.133             -118.389
723.541266         24.095             -118.342
723.530649         24.056             -118.295
723.520040         24.018             -118.248
723.509438         23.980             -118.200
723.498845         23.941             -118.153
723.488260         23.903             -118.106
723.477683         23.864             -118.059
723.467115         23.826             -118.012
723.456555         23.787             -117.965
723.446003         23.749             -117.918
723.435460         23.710             -117.872
723.424925         23.672             -117.825
723.414398         23.633             -117.778
723.403880         23.594             -117.731
723.393371         23.556             -117.684
723.382871         23.517             -117.637
723.372379         23.479             -117.591
723.361896         23.440             -117.544
723.351421         23.401             -117.497
723.340956         23.363             -117.451
723.330499         23.324             -117.404
723.320051         23.285             -117.358
723.309612         23.246             -117.311
723.299183         23.208             -117.265
723.288762         23.169             -117.218
723.278350         23.130             -117.172
723.267948         23.091             -117.125
723.257555         23.052             -117.079
723.247171         23.014             -117.032
723.236796         22.975             -116.986
723.226431         22.936             -116.940
723.216075         22.897             -116.894
723.205729         22.858             -116.847
723.195392         22.819             -116.801
723.185064         22.780             -116.755
723.174747         22.741             -116.709
723.164438         22.702             -116.663
723.154140         22.663             -116.616
723.143851         22.624             -116.570
723.133572         22.585             -116.524
723.123303         22.546             -116.478
723.113043         22.507             -116.432
723.102794         22.468             -116.386
723.092554         22.429             -116.340
723.082325         22.390             -116.294
723.072105         22.351             -116.249
723.061896         22.312             -116.203
723.051697         22.273             -116.157
723.041507         22.233             -116.111
723.031329         22.194             -116.065
723.021160         22.155             -116.020
723.011002         22.116             -115.974
723.000854         22.077             -115.928
722.990716         22.037             -115.882
722.980589         21.998             -115.837
722.970473         21.959             -115.791
722.960367         21.920             -115.746
722.950271         21.880             -115.700
722.940186         21.841             -115.655
722.930112         21.802             -115.609
722.920049         21.762             -115.564
722.909996         21.723             -115.518
722.899954         21.684             -115.473
722.889923         21.644             -115.427
722.879903         21.605             -115.382
722.869894         21.565             -115.337
722.859896         21.526             -115.291
722.849909         21.486             -115.246
722.839933         21.447             -115.201
722.829968         21.407             -115.156
722.820015         21.368             -115.110
722.810072         21.328             -115.065
722.800141         21.289             -115.020
722.790221         21.249             -114.975
722.780312         21.210             -114.930
722.770415         21.170             -114.885
722.760530         21.131             -114.840
722.750655         21.091             -114.795
722.740793         21.052             -114.750
722.730942         21.012             -114.705
722.721102         20.972             -114.660
722.711274         20.933             -114.615
722.701458         20.893             -114.570
722.691654         20.853             -114.525
722.681861         20.814             -114.480
722.672080         20.774             -114.435
722.662311         20.734             -114.391
722.652554         20.694             -114.346
722.642809         20.655             -114.301
722.633076         20.615             -114.256
722.623355         20.575             -114.212
722.613647         20.535             -114.167
722.603950         20.496             -114.122
722.594265         20.456             -114.078
722.584593         20.416             -114.033
722.574933         20.376             -113.989
722.565286         20.336             -113.944
722.555650         20.296             -113.900
722.546027         20.256             -113.855
722.536417         20.216             -113.811
722.526819         20.177             -113.766
722.517233         20.137             -113.722
722.507660         20.097             -113.677
722.498100         20.057             -113.633
722.488553         20.017             -113.589
722.479018         19.977             -113.544
722.469496         19.937             -113.500
722.459986         19.897             -113.456
722.450490         19.857             -113.411
722.441006         19.817             -113.367
722.431535         19.777             -113.323
722.422078         19.737             -113.279
722.412633         19.697             -113.235
722.403201         19.656             -113.191
722.393782         19.616             -113.147
722.384377         19.576             -113.102
722.374985         19.536             -113.058
722.365605         19.496             -113.014
722.356240         19.456             -112.970
722.346887         19.416             -112.926
722.337548         19.375             -112.882
722.328222         19.335             -112.838
722.318909         19.295             -112.795
722.309610         19.255             -112.751
722.300325         19.215             -112.707
722.291053         19.174             -112.663
722.281795         19.134             -112.619
722.272550         19.094             -112.575
722.263319         19.053             -112.532
722.254102         19.013             -112.488
722.244898         18.973             -112.444
722.235708         18.933             -112.400
722.226533         18.892             -112.357
722.217371         18.852             -112.313
722.208222         18.812             -112.269
722.199088         18.771             -112.226
722.189968         18.731             -112.182
722.180862         18.690             -112.139
722.171770         18.650             -112.095
722.162692         18.610             -112.052
722.153628         18.569             -112.008
722.144579         18.529             -111.965
722.135544         18.488             -111.921
722.126523         18.448             -111.878
722.117516         18.407             -111.834
722.108524         18.367             -111.791
722.099546         18.326             -111.748
722.090582         18.286             -111.704
722.081633         18.245             -111.661
722.072699         18.205             -111.618
722.063779         18.164             -111.574
722.054874         18.124             -111.531
722.045983         18.083             -111.488
722.037107         18.042             -111.445
722.028246         18.002             -111.401
722.019400         17.961             -111.358
722.010568         17.921             -111.315
722.001751         17.880             -111.272
721.992950         17.839             -111.229
721.984163         17.799             -111.186
721.975391         17.758             -111.143
721.966634         17.717             -111.100
721.957892         17.677             -111.057
721.949165         17.636             -111.014
721.940453         17.595             -110.971
721.931757         17.554             -110.928
721.923075         17.514             -110.885
721.914409         17.473             -110.842
721.905759         17.432             -110.799
721.897123         17.391             -110.756
721.888503         17.351             -110.713
721.879898         17.310             -110.671
721.871309         17.269             -110.628
721.862735         17.228             -110.585
721.854177         17.187             -110.542
721.845634         17.146             -110.499
721.837107         17.106             -110.457
721.828595         17.065             -110.414
721.820099         17.024             -110.371
721.811619         16.983             -110.329
721.803155         16.942             -110.286
721.794706         16.901             -110.243
721.786273         16.860             -110.201
721.777856         16.819             -110.158
721.769455         16.778             -110.116
721.761070         16.737             -110.073
721.752701         16.697             -110.030
721.744348         16.656             -109.988
721.736011         16.615             -109.946
721.727689         16.574             -109.903
721.719384         16.533             -109.861
721.711096         16.492             -109.818
721.702823         16.451             -109.776
721.694567         16.409             -109.733
721.686327         16.368             -109.691
721.678103         16.327             -109.649
721.669895         16.286             -109.606
721.661704         16.245             -109.564
721.653530         16.204             -109.522
721.645371         16.163             -109.479
721.637230         16.122             -109.437
721.629105         16.081             -109.395
721.620996         16.040             -109.353
721.612904         15.999             -109.311
721.604828         15.957             -109.268
721.596770         15.916             -109.226
721.588728         15.875             -109.184
721.580702         15.834             -109.142
721.572694         15.793             -109.100
721.564702         15.752             -109.058
721.556727         15.710             -109.016
721.548769         15.669             -108.974
721.540828         15.628             -108.932
721.532904         15.587             -108.890
721.524997         15.545             -108.848
721.517107         15.504             -108.806
721.509234         15.463             -108.764
721.501378         15.422             -108.722
721.493539         15.380             -108.680
721.485718         15.339             -108.638
721.477913         15.298             -108.596
721.470126         15.256             -108.554
721.462356         15.215             -108.512
721.454604         15.174             -108.471
721.446869         15.132             -108.429
721.439151         15.091             -108.387
721.431450         15.050             -108.345
721.423767         15.008             -108.303
721.416102         14.967             -108.262
721.408454         14.926             -108.220
721.400824         14.884             -108.178
721.393211         14.843             -108.137
721.385615         14.801             -108.095
721.378038         14.760             -108.053
721.370478         14.718             -108.012
721.362936         14.677             -107.970
721.355412         14.636             -107.928
721.347905         14.594             -107.887
721.340416         14.553             -107.845
721.332945         14.511             -107.804
721.325492         14.470             -107.762
721.318057         14.428             -107.721
721.310640         14.387             -107.679
721.303241         14.345             -107.638
721.295860         14.304             -107.596
721.288497         14.262             -107.555
721.281152         14.220             -107.513
721.273825         14.179             -107.472
721.266516         14.137             -107.430
721.259226         14.096             -107.389
721.251953         14.054             -107.348
721.244699         14.013             -107.306
721.237463         13.971             -107.265
721.230246         13.929             -107.224
721.223047         13.888             -107.182
721.215866         13.846             -107.141
721.208704         13.804             -107.100
721.201560         13.763             -107.059
721.194435         13.721             -107.017
721.187328         13.680             -106.976
721.180240         13.638             -106.935
721.173170         13.596             -106.894
721.166119         13.555             -106.853
721.159086         13.513             -106.811
721.152073         13.471             -106.770
721.145078         13.429             -106.729
721.138101         13.388             -106.688
721.131144         13.346             -106.647
721.124205         13.304             -106.606
721.117285         13.262             -106.565
721.110384         13.221             -106.524
721.103502         13.179             -106.483
721.096638         13.137             -106.442
721.089794         13.095             -106.401
721.082969         13.054             -106.360
721.076162         13.012             -106.319
721.069375         12.970             -106.278
721.062607         12.928             -106.237
721.055858         12.886             -106.196
721.049128         12.845             -106.155
721.042417         12.803             -106.114
721.035725         12.761             -106.073
721.029053         12.719             -106.032
721.022400         12.677             -105.991
721.015766         12.635             -105.951
721.009151         12.594             -105.910
721.002556         12.552             -105.869
720.995980         12.510             -105.828
720.989424         12.468             -105.787
720.982887         12.426             -105.747
720.976370         12.384             -105.706
720.969872         12.342             -105.665
720.963393         12.300             -105.624
720.956934         12.258             -105.584
720.950495         12.216             -105.543
720.944075         12.174             -105.502
720.937675         12.132             -105.462
720.931295         12.090             -105.421
720.924934         12.049             -105.380
720.918593         12.007             -105.340
720.912272         11.965             -105.299
720.905970         11.923             -105.259
720.899688         11.881             -105.218
720.893427         11.839             -105.177
720.887185         11.797             -105.137
720.880963         11.755             -105.096
720.874760         11.713             -105.056
720.868578         11.670             -105.015
720.862416         11.628             -104.975
720.856274         11.586             -104.934
720.850152         11.544             -104.894
720.844049         11.502             -104.853
720.837967         11.460             -104.813
720.831905         11.418             -104.772
720.825864         11.376             -104.732
720.819842         11.334             -104.692
720.813841         11.292             -104.651
720.807859         11.250             -104.611
720.801899         11.208             -104.570
720.795958         11.166             -104.530
720.790038         11.123             -104.490
720.784137         11.081             -104.449
720.778258         11.039             -104.409
720.772399         10.997             -104.369
720.766560         10.955             -104.328
720.760741         10.913             -104.288
720.754943         10.871             -104.248
720.749166         10.828             -104.208
720.743409         10.786             -104.167
720.737672         10.744             -104.127
720.731956         10.702             -104.087
720.726261         10.660             -104.047
720.720587         10.617             -104.007
720.714932         10.575             -103.966
720.709299         10.533             -103.926
720.703686         10.491             -103.886
720.698095         10.449             -103.846
720.692523         10.406             -103.806
720.686973         10.364             -103.766
720.681443         10.322             -103.726
720.675935         10.280             -103.685
720.670447         10.237             -103.645
720.664979         10.195             -103.605
720.659533         10.153             -103.565
720.654108         10.111             -103.525
720.648704         10.068             -103.485
720.643320         10.026             -103.445
720.637958         9.984              -103.405
720.632616         9.941              -103.365
720.627296         9.899              -103.325
720.621997         9.857              -103.285
720.616719         9.814              -103.245
720.611462         9.772              -103.205
720.606226         9.730              -103.165
720.601011         9.687              -103.125
720.595817         9.645              -103.085
720.590645         9.603              -103.045
720.585494         9.560              -103.005
720.580364         9.518              -102.966
720.575255         9.476              -102.926
720.570168         9.433              -102.886
720.565102         9.391              -102.846
720.560057         9.349              -102.806
720.555034         9.306              -102.766
720.550032         9.264              -102.726
720.545051         9.221              -102.687
720.540092         9.179              -102.647
720.535154         9.137              -102.607
720.530238         9.094              -102.567
720.525344         9.052              -102.527
720.520470         9.009              -102.488
720.515619         8.967              -102.448
720.510789         8.924              -102.408
720.505980         8.882              -102.368
720.501193         8.840              -102.329
720.496428         8.797              -102.289
720.491685         8.755              -102.249
720.486963         8.712              -102.209
720.482262         8.670              -102.170
720.477584         8.627              -102.130
720.472927         8.585              -102.090
720.468292         8.542              -102.051
720.463679         8.500              -102.011
720.459088         8.457              -101.971
720.454518         8.415              -101.932
720.449970         8.372              -101.892
720.445444         8.330              -101.853
720.440940         8.287              -101.813
720.436458         8.245              -101.773
720.431998         8.202              -101.734
720.427560         8.160              -101.694
720.423143         8.117              -101.655
720.418749         8.075              -101.615
720.414377         8.032              -101.576
720.410026         7.990              -101.536
720.405698         7.947              -101.497
720.401392         7.905              -101.457
720.397108         7.862              -101.417
720.392846         7.819              -101.378
720.388606         7.777              -101.338
720.384388         7.734              -101.299
720.380192         7.692              -101.260
720.376019         7.649              -101.220
720.371868         7.607              -101.181
720.367739         7.564              -101.141
720.363632         7.521              -101.102
720.359547         7.479              -101.062
720.355485         7.436              -101.023
720.351445         7.394              -100.983
720.347427         7.351              -100.944
720.343432         7.308              -100.905
720.339459         7.266              -100.865
720.335508         7.223              -100.826
720.331580         7.180              -100.786
720.327674         7.138              -100.747
720.323790         7.095              -100.708
720.319929         7.053              -100.668
720.316090         7.010              -100.629
720.312274         6.967              -100.590
720.308480         6.925              -100.550
720.304709         6.882              -100.511
720.300961         6.839              -100.472
720.297234         6.797              -100.432
720.293531         6.754              -100.393
720.289850         6.711              -100.354
720.286191         6.669              -100.315
720.282555         6.626              -100.275
720.278942         6.583              -100.236
720.275351         6.541              -100.197
720.271783         6.498              -100.157
720.268238         6.455              -100.118
720.264715         6.412              -100.079
720.261215         6.370              -100.040
720.257738         6.327              -100.001
720.254283         6.284              -99.961
720.250852         6.242              -99.922
720.247443         6.199              -99.883
720.244056         6.156              -99.844
720.240693         6.113              -99.805
720.237352         6.071              -99.765
720.234034         6.028              -99.726
720.230739         5.985              -99.687
720.227467         5.942              -99.648
720.224218         5.900              -99.609
720.220991         5.857              -99.570
720.217788         5.814              -99.530
720.214607         5.771              -99.491
720.211449         5.729              -99.452
720.208314         5.686              -99.413
720.205202         5.643              -99.374
720.202114         5.600              -99.335
720.199048         5.558              -99.296
720.196005         5.515              -99.257
720.192985         5.472              -99.217
720.189988         5.429              -99.178
720.187014         5.387              -99.139
720.184063         5.344              -99.100
720.181135         5.301              -99.061
720.178230         5.258              -99.022
720.175349         5.215              -98.983
720.172490         5.173              -98.944
720.169655         5.130              -98.905
720.166842         5.087              -98.866
720.164053         5.044              -98.827
720.161287         5.001              -98.788
720.158544         4.959              -98.749
720.155824         4.916              -98.710
720.153128         4.873              -98.671
720.150455         4.830              -98.632
720.147804         4.787              -98.593
720.145177         4.744              -98.554
720.142574         4.702              -98.515
720.139993         4.659              -98.476
720.137436         4.616              -98.437
720.134902         4.573              -98.398
720.132392         4.530              -98.359
720.129904         4.487              -98.320
720.127440         4.445              -98.281
720.124999         4.402              -98.242
720.122582         4.359              -98.203
720.120188         4.316              -98.164
720.117817         4.273              -98.125
720.115470         4.230              -98.086
720.113146         4.187              -98.047
720.110845         4.145              -98.008
720.108568         4.102              -97.969
