Altitude Latitude Longitude
35788.121770       -0.118             -59.813
35788.121770       -0.118             -59.813
35788.121770       -0.118             -59.813
35788.121770       -0.117             -59.813
35788.121770       -0.117             -59.813
35788.121770       -0.117             -59.813
35788.121770       -0.117             -59.813
35788.121770       -0.117             -59.813
35788.121770       -0.117             -59.813
35788.121770       -0.117             -59.813
35788.121770       -0.117             -59.813
35788.121770       -0.117             -59.813
35788.121770       -0.117             -59.813
35788.121770       -0.117             -59.813
35788.121770       -0.117             -59.813
35788.121770       -0.117             -59.813
35788.121770       -0.117             -59.813
35788.121770       -0.117             -59.813
35788.121770       -0.117             -59.813
35788.121770       -0.117             -59.813
35788.121770       -0.117             -59.813
35788.121770       -0.117             -59.813
35788.121770       -0.117             -59.813
35788.121770       -0.117             -59.813
35788.121770       -0.117             -59.813
35788.121770       -0.117             -59.813
35788.121770       -0.117             -59.813
35788.121770       -0.117             -59.813
35788.121770       -0.117             -59.813
35788.121770       -0.117             -59.813
35788.121770       -0.117             -59.813
35788.121770       -0.117             -59.813
35788.121770       -0.117             -59.813
35788.121770       -0.117             -59.813
35788.121770       -0.117             -59.813
35788.121770       -0.117             -59.813
35788.121770       -0.117             -59.813
35788.121770       -0.117             -59.813
35788.121770       -0.117             -59.813
35788.121770       -0.117             -59.813
35788.121770       -0.117             -59.813
35788.121770       -0.117             -59.813
35788.121770       -0.117             -59.813
35788.121770       -0.117             -59.813
35788.121770       -0.117             -59.813
35788.121770       -0.117             -59.813
35788.121770       -0.117             -59.813
35788.121769       -0.117             -59.813
35788.121769       -0.117             -59.813
35788.121769       -0.117             -59.813
35788.121769       -0.117             -59.813
35788.121769       -0.117             -59.813
35788.121769       -0.117             -59.813
35788.121769       -0.117             -59.813
35788.121769       -0.117             -59.813
35788.121769       -0.117             -59.813
35788.121769       -0.117             -59.813
35788.121769       -0.117             -59.813
35788.121769       -0.117             -59.813
35788.121769       -0.117             -59.813
35788.121769       -0.117             -59.813
35788.121769       -0.117             -59.813
35788.121769       -0.117             -59.813
35788.121769       -0.117             -59.813
35788.121769       -0.117             -59.813
35788.121769       -0.117             -59.813
35788.121769       -0.117             -59.813
35788.121769       -0.117             -59.813
35788.121769       -0.117             -59.813
35788.121769       -0.117             -59.813
35788.121769       -0.117             -59.813
35788.121769       -0.117             -59.813
35788.121769       -0.117             -59.813
35788.121769       -0.117             -59.813
35788.121769       -0.117             -59.813
35788.121769       -0.117             -59.813
35788.121769       -0.117             -59.813
35788.121769       -0.117             -59.813
35788.121769       -0.117             -59.813
35788.121769       -0.117             -59.813
35788.121769       -0.117             -59.813
35788.121769       -0.117             -59.813
35788.121769       -0.117             -59.813
35788.121769       -0.117             -59.813
35788.121769       -0.117             -59.813
35788.121769       -0.116             -59.813
35788.121769       -0.116             -59.813
35788.121769       -0.116             -59.813
35788.121769       -0.116             -59.813
35788.121769       -0.116             -59.813
35788.121769       -0.116             -59.813
35788.121769       -0.116             -59.813
35788.121769       -0.116             -59.813
35788.121769       -0.116             -59.813
35788.121769       -0.116             -59.813
35788.121769       -0.116             -59.813
35788.121769       -0.116             -59.813
35788.121769       -0.116             -59.813
35788.121769       -0.116             -59.813
35788.121769       -0.116             -59.813
35788.121769       -0.116             -59.813
35788.121768       -0.116             -59.813
35788.121768       -0.116             -59.813
35788.121768       -0.116             -59.813
35788.121768       -0.116             -59.813
35788.121768       -0.116             -59.813
35788.121768       -0.116             -59.813
35788.121768       -0.116             -59.813
35788.121768       -0.116             -59.813
35788.121768       -0.116             -59.813
35788.121768       -0.116             -59.813
35788.121768       -0.116             -59.813
35788.121768       -0.116             -59.813
35788.121768       -0.116             -59.813
35788.121768       -0.116             -59.813
35788.121768       -0.116             -59.813
35788.121768       -0.116             -59.813
35788.121768       -0.116             -59.813
35788.121768       -0.116             -59.813
35788.121768       -0.116             -59.813
35788.121768       -0.116             -59.813
35788.121768       -0.116             -59.813
35788.121768       -0.116             -59.813
35788.121768       -0.116             -59.813
35788.121768       -0.116             -59.813
35788.121768       -0.116             -59.813
35788.121768       -0.116             -59.813
35788.121768       -0.116             -59.813
35788.121768       -0.116             -59.813
35788.121768       -0.116             -59.813
35788.121768       -0.116             -59.813
35788.121768       -0.116             -59.813
35788.121768       -0.116             -59.813
35788.121768       -0.116             -59.813
35788.121768       -0.116             -59.813
35788.121768       -0.116             -59.813
35788.121768       -0.116             -59.813
35788.121768       -0.116             -59.813
35788.121768       -0.116             -59.813
35788.121768       -0.116             -59.813
35788.121768       -0.116             -59.813
35788.121768       -0.116             -59.813
35788.121768       -0.116             -59.813
35788.121768       -0.116             -59.813
35788.121768       -0.116             -59.813
35788.121768       -0.116             -59.813
35788.121768       -0.116             -59.813
35788.121768       -0.116             -59.813
35788.121768       -0.116             -59.813
35788.121768       -0.116             -59.813
35788.121768       -0.116             -59.813
35788.121768       -0.116             -59.813
35788.121768       -0.116             -59.813
35788.121768       -0.116             -59.813
35788.121768       -0.116             -59.813
35788.121767       -0.116             -59.813
35788.121767       -0.116             -59.813
35788.121767       -0.116             -59.813
35788.121767       -0.116             -59.813
35788.121767       -0.116             -59.813
35788.121767       -0.116             -59.813
35788.121767       -0.116             -59.813
35788.121767       -0.116             -59.813
35788.121767       -0.116             -59.813
35788.121767       -0.116             -59.813
35788.121767       -0.116             -59.813
35788.121767       -0.116             -59.813
35788.121767       -0.115             -59.813
35788.121767       -0.115             -59.813
35788.121767       -0.115             -59.813
35788.121767       -0.115             -59.813
35788.121767       -0.115             -59.813
35788.121767       -0.115             -59.813
35788.121767       -0.115             -59.813
35788.121767       -0.115             -59.813
35788.121767       -0.115             -59.813
35788.121767       -0.115             -59.813
35788.121767       -0.115             -59.813
35788.121767       -0.115             -59.813
35788.121767       -0.115             -59.813
35788.121767       -0.115             -59.813
35788.121767       -0.115             -59.813
35788.121767       -0.115             -59.813
35788.121767       -0.115             -59.813
35788.121767       -0.115             -59.813
35788.121767       -0.115             -59.813
35788.121767       -0.115             -59.813
35788.121767       -0.115             -59.813
35788.121767       -0.115             -59.813
35788.121767       -0.115             -59.813
35788.121767       -0.115             -59.813
35788.121767       -0.115             -59.813
35788.121767       -0.115             -59.813
35788.121767       -0.115             -59.813
35788.121767       -0.115             -59.813
35788.121767       -0.115             -59.813
35788.121767       -0.115             -59.813
35788.121767       -0.115             -59.813
35788.121767       -0.115             -59.813
35788.121767       -0.115             -59.813
35788.121767       -0.115             -59.813
35788.121767       -0.115             -59.813
35788.121767       -0.115             -59.813
35788.121767       -0.115             -59.813
35788.121767       -0.115             -59.813
35788.121767       -0.115             -59.813
35788.121767       -0.115             -59.813
35788.121767       -0.115             -59.813
35788.121767       -0.115             -59.813
35788.121767       -0.115             -59.813
35788.121766       -0.115             -59.813
35788.121766       -0.115             -59.813
35788.121766       -0.115             -59.813
35788.121766       -0.115             -59.813
35788.121766       -0.115             -59.813
35788.121766       -0.115             -59.813
35788.121766       -0.115             -59.813
35788.121766       -0.115             -59.813
35788.121766       -0.115             -59.813
35788.121766       -0.115             -59.813
35788.121766       -0.115             -59.813
35788.121766       -0.115             -59.813
35788.121766       -0.115             -59.813
35788.121766       -0.115             -59.813
35788.121766       -0.115             -59.813
35788.121766       -0.115             -59.813
35788.121766       -0.115             -59.813
35788.121766       -0.115             -59.813
35788.121766       -0.115             -59.813
35788.121766       -0.115             -59.813
35788.121766       -0.115             -59.813
35788.121766       -0.115             -59.813
35788.121766       -0.115             -59.813
35788.121766       -0.115             -59.813
35788.121766       -0.115             -59.813
35788.121766       -0.115             -59.813
35788.121766       -0.115             -59.813
35788.121766       -0.115             -59.813
35788.121766       -0.115             -59.813
35788.121766       -0.115             -59.813
35788.121766       -0.115             -59.813
35788.121766       -0.115             -59.813
35788.121766       -0.115             -59.813
35788.121766       -0.115             -59.813
35788.121766       -0.115             -59.813
35788.121766       -0.115             -59.813
35788.121766       -0.115             -59.813
35788.121766       -0.115             -59.813
35788.121766       -0.115             -59.813
35788.121766       -0.114             -59.813
35788.121766       -0.114             -59.813
35788.121766       -0.114             -59.813
35788.121766       -0.114             -59.813
35788.121766       -0.114             -59.813
35788.121766       -0.114             -59.813
35788.121766       -0.114             -59.813
35788.121766       -0.114             -59.813
35788.121766       -0.114             -59.813
35788.121766       -0.114             -59.813
35788.121766       -0.114             -59.813
35788.121766       -0.114             -59.813
35788.121766       -0.114             -59.813
35788.121766       -0.114             -59.813
35788.121766       -0.114             -59.813
35788.121766       -0.114             -59.813
35788.121765       -0.114             -59.813
35788.121765       -0.114             -59.813
35788.121765       -0.114             -59.813
35788.121765       -0.114             -59.813
35788.121765       -0.114             -59.813
35788.121765       -0.114             -59.813
35788.121765       -0.114             -59.813
35788.121765       -0.114             -59.813
35788.121765       -0.114             -59.813
35788.121765       -0.114             -59.813
35788.121765       -0.114             -59.813
35788.121765       -0.114             -59.813
35788.121765       -0.114             -59.813
35788.121765       -0.114             -59.813
35788.121765       -0.114             -59.813
35788.121765       -0.114             -59.813
35788.121765       -0.114             -59.813
35788.121765       -0.114             -59.813
35788.121765       -0.114             -59.813
35788.121765       -0.114             -59.813
35788.121765       -0.114             -59.813
35788.121765       -0.114             -59.813
35788.121765       -0.114             -59.813
35788.121765       -0.114             -59.813
35788.121765       -0.114             -59.813
35788.121765       -0.114             -59.813
35788.121765       -0.114             -59.813
35788.121765       -0.114             -59.813
35788.121765       -0.114             -59.813
35788.121765       -0.114             -59.813
35788.121765       -0.114             -59.813
35788.121765       -0.114             -59.813
35788.121765       -0.114             -59.813
35788.121765       -0.114             -59.813
35788.121765       -0.114             -59.813
35788.121765       -0.114             -59.813
35788.121765       -0.114             -59.813
35788.121765       -0.114             -59.813
35788.121765       -0.114             -59.813
35788.121765       -0.114             -59.813
35788.121765       -0.114             -59.813
35788.121765       -0.114             -59.813
35788.121765       -0.114             -59.813
35788.121765       -0.114             -59.813
35788.121765       -0.114             -59.813
35788.121765       -0.114             -59.813
35788.121765       -0.114             -59.813
35788.121765       -0.114             -59.813
35788.121765       -0.114             -59.813
35788.121765       -0.114             -59.813
35788.121765       -0.114             -59.813
35788.121765       -0.114             -59.813
35788.121765       -0.114             -59.813
35788.121765       -0.114             -59.813
35788.121765       -0.114             -59.813
35788.121764       -0.114             -59.813
35788.121764       -0.114             -59.813
35788.121764       -0.114             -59.813
35788.121764       -0.114             -59.813
35788.121764       -0.114             -59.813
35788.121764       -0.114             -59.813
35788.121764       -0.114             -59.813
35788.121764       -0.114             -59.813
35788.121764       -0.114             -59.813
35788.121764       -0.114             -59.813
35788.121764       -0.113             -59.813
35788.121764       -0.113             -59.813
35788.121764       -0.113             -59.813
35788.121764       -0.113             -59.813
35788.121764       -0.113             -59.813
35788.121764       -0.113             -59.813
35788.121764       -0.113             -59.813
35788.121764       -0.113             -59.813
35788.121764       -0.113             -59.813
35788.121764       -0.113             -59.813
35788.121764       -0.113             -59.813
35788.121764       -0.113             -59.813
35788.121764       -0.113             -59.813
35788.121764       -0.113             -59.813
35788.121764       -0.113             -59.813
35788.121764       -0.113             -59.813
35788.121764       -0.113             -59.813
35788.121764       -0.113             -59.813
35788.121764       -0.113             -59.813
35788.121764       -0.113             -59.813
35788.121764       -0.113             -59.813
35788.121764       -0.113             -59.813
35788.121764       -0.113             -59.813
35788.121764       -0.113             -59.813
35788.121764       -0.113             -59.813
35788.121764       -0.113             -59.813
35788.121764       -0.113             -59.813
35788.121764       -0.113             -59.813
35788.121764       -0.113             -59.813
35788.121764       -0.113             -59.813
35788.121764       -0.113             -59.813
35788.121764       -0.113             -59.813
35788.121764       -0.113             -59.813
35788.121764       -0.113             -59.813
35788.121764       -0.113             -59.813
35788.121764       -0.113             -59.813
35788.121764       -0.113             -59.813
35788.121764       -0.113             -59.813
35788.121764       -0.113             -59.813
35788.121764       -0.113             -59.813
35788.121764       -0.113             -59.813
35788.121764       -0.113             -59.813
35788.121764       -0.113             -59.813
35788.121764       -0.113             -59.813
35788.121764       -0.113             -59.813
35788.121763       -0.113             -59.813
35788.121763       -0.113             -59.813
35788.121763       -0.113             -59.813
35788.121763       -0.113             -59.813
35788.121763       -0.113             -59.813
35788.121763       -0.113             -59.813
35788.121763       -0.113             -59.813
35788.121763       -0.113             -59.813
35788.121763       -0.113             -59.813
35788.121763       -0.113             -59.813
35788.121763       -0.113             -59.813
35788.121763       -0.113             -59.813
35788.121763       -0.113             -59.813
35788.121763       -0.113             -59.813
35788.121763       -0.113             -59.813
35788.121763       -0.113             -59.813
35788.121763       -0.113             -59.813
35788.121763       -0.113             -59.813
35788.121763       -0.113             -59.813
35788.121763       -0.113             -59.813
35788.121763       -0.113             -59.813
35788.121763       -0.113             -59.813
35788.121763       -0.113             -59.813
35788.121763       -0.113             -59.813
35788.121763       -0.113             -59.813
35788.121763       -0.113             -59.813
35788.121763       -0.113             -59.813
35788.121763       -0.113             -59.813
35788.121763       -0.113             -59.813
35788.121763       -0.113             -59.813
35788.121763       -0.113             -59.813
35788.121763       -0.113             -59.813
35788.121763       -0.113             -59.813
35788.121763       -0.113             -59.813
35788.121763       -0.113             -59.813
35788.121763       -0.113             -59.813
35788.121763       -0.112             -59.813
35788.121763       -0.112             -59.813
35788.121763       -0.112             -59.813
35788.121763       -0.112             -59.813
35788.121763       -0.112             -59.813
35788.121763       -0.112             -59.813
35788.121763       -0.112             -59.813
35788.121763       -0.112             -59.813
35788.121763       -0.112             -59.813
35788.121763       -0.112             -59.813
35788.121763       -0.112             -59.813
35788.121763       -0.112             -59.813
35788.121763       -0.112             -59.813
35788.121763       -0.112             -59.813
35788.121763       -0.112             -59.813
35788.121763       -0.112             -59.813
35788.121763       -0.112             -59.813
35788.121763       -0.112             -59.813
35788.121763       -0.112             -59.813
35788.121762       -0.112             -59.813
35788.121762       -0.112             -59.813
35788.121762       -0.112             -59.813
35788.121762       -0.112             -59.813
35788.121762       -0.112             -59.813
35788.121762       -0.112             -59.813
35788.121762       -0.112             -59.813
35788.121762       -0.112             -59.813
35788.121762       -0.112             -59.813
35788.121762       -0.112             -59.813
35788.121762       -0.112             -59.813
35788.121762       -0.112             -59.813
35788.121762       -0.112             -59.813
35788.121762       -0.112             -59.813
35788.121762       -0.112             -59.813
35788.121762       -0.112             -59.813
35788.121762       -0.112             -59.813
35788.121762       -0.112             -59.813
35788.121762       -0.112             -59.813
35788.121762       -0.112             -59.813
35788.121762       -0.112             -59.813
35788.121762       -0.112             -59.813
35788.121762       -0.112             -59.813
35788.121762       -0.112             -59.813
35788.121762       -0.112             -59.813
35788.121762       -0.112             -59.813
35788.121762       -0.112             -59.813
35788.121762       -0.112             -59.813
35788.121762       -0.112             -59.813
35788.121762       -0.112             -59.813
35788.121762       -0.112             -59.813
35788.121762       -0.112             -59.813
35788.121762       -0.112             -59.813
35788.121762       -0.112             -59.813
35788.121762       -0.112             -59.813
35788.121762       -0.112             -59.813
35788.121762       -0.112             -59.813
35788.121762       -0.112             -59.813
35788.121762       -0.112             -59.813
35788.121762       -0.112             -59.813
35788.121762       -0.112             -59.813
35788.121762       -0.112             -59.813
35788.121762       -0.112             -59.813
35788.121762       -0.112             -59.813
35788.121762       -0.112             -59.813
35788.121762       -0.112             -59.813
35788.121762       -0.112             -59.813
35788.121762       -0.112             -59.813
35788.121762       -0.112             -59.813
35788.121762       -0.112             -59.813
35788.121762       -0.112             -59.813
35788.121762       -0.112             -59.813
35788.121762       -0.112             -59.813
35788.121762       -0.112             -59.813
35788.121762       -0.112             -59.813
35788.121761       -0.112             -59.813
35788.121761       -0.112             -59.813
35788.121761       -0.112             -59.813
35788.121761       -0.112             -59.813
35788.121761       -0.112             -59.813
35788.121761       -0.112             -59.813
35788.121761       -0.112             -59.813
35788.121761       -0.111             -59.813
35788.121761       -0.111             -59.813
35788.121761       -0.111             -59.813
35788.121761       -0.111             -59.813
35788.121761       -0.111             -59.813
35788.121761       -0.111             -59.813
35788.121761       -0.111             -59.813
35788.121761       -0.111             -59.813
35788.121761       -0.111             -59.813
35788.121761       -0.111             -59.813
35788.121761       -0.111             -59.813
35788.121761       -0.111             -59.813
35788.121761       -0.111             -59.813
35788.121761       -0.111             -59.813
35788.121761       -0.111             -59.813
35788.121761       -0.111             -59.813
35788.121761       -0.111             -59.813
35788.121761       -0.111             -59.813
35788.121761       -0.111             -59.813
35788.121761       -0.111             -59.813
35788.121761       -0.111             -59.813
35788.121761       -0.111             -59.813
35788.121761       -0.111             -59.813
35788.121761       -0.111             -59.813
35788.121761       -0.111             -59.813
35788.121761       -0.111             -59.813
35788.121761       -0.111             -59.813
35788.121761       -0.111             -59.813
35788.121761       -0.111             -59.813
35788.121761       -0.111             -59.813
35788.121761       -0.111             -59.813
35788.121761       -0.111             -59.813
35788.121761       -0.111             -59.813
35788.121761       -0.111             -59.813
35788.121761       -0.111             -59.813
35788.121761       -0.111             -59.813
35788.121761       -0.111             -59.813
35788.121761       -0.111             -59.813
35788.121761       -0.111             -59.813
35788.121761       -0.111             -59.813
35788.121761       -0.111             -59.813
35788.121761       -0.111             -59.813
35788.121761       -0.111             -59.813
35788.121761       -0.111             -59.813
35788.121761       -0.111             -59.813
35788.121761       -0.111             -59.813
35788.121761       -0.111             -59.813
35788.121761       -0.111             -59.813
35788.121761       -0.111             -59.813
35788.121760       -0.111             -59.813
35788.121760       -0.111             -59.813
35788.121760       -0.111             -59.813
35788.121760       -0.111             -59.813
35788.121760       -0.111             -59.813
35788.121760       -0.111             -59.813
35788.121760       -0.111             -59.813
35788.121760       -0.111             -59.813
35788.121760       -0.111             -59.813
35788.121760       -0.111             -59.813
35788.121760       -0.111             -59.813
35788.121760       -0.111             -59.813
35788.121760       -0.111             -59.813
35788.121760       -0.111             -59.813
35788.121760       -0.111             -59.813
35788.121760       -0.111             -59.813
35788.121760       -0.111             -59.813
35788.121760       -0.111             -59.813
35788.121760       -0.111             -59.813
35788.121760       -0.111             -59.813
35788.121760       -0.111             -59.813
35788.121760       -0.111             -59.813
35788.121760       -0.111             -59.813
35788.121760       -0.111             -59.813
35788.121760       -0.111             -59.813
35788.121760       -0.111             -59.813
35788.121760       -0.111             -59.813
35788.121760       -0.111             -59.813
35788.121760       -0.111             -59.813
35788.121760       -0.111             -59.813
35788.121760       -0.111             -59.813
35788.121760       -0.111             -59.813
35788.121760       -0.110             -59.813
35788.121760       -0.110             -59.813
35788.121760       -0.110             -59.813
35788.121760       -0.110             -59.813
35788.121760       -0.110             -59.813
35788.121760       -0.110             -59.813
35788.121760       -0.110             -59.813
35788.121760       -0.110             -59.813
35788.121760       -0.110             -59.813
35788.121760       -0.110             -59.813
35788.121760       -0.110             -59.813
35788.121760       -0.110             -59.813
35788.121760       -0.110             -59.813
35788.121760       -0.110             -59.813
35788.121760       -0.110             -59.813
35788.121760       -0.110             -59.813
35788.121760       -0.110             -59.813
35788.121760       -0.110             -59.813
35788.121760       -0.110             -59.813
35788.121760       -0.110             -59.813
35788.121760       -0.110             -59.813
35788.121760       -0.110             -59.813
35788.121760       -0.110             -59.813
35788.121760       -0.110             -59.813
35788.121759       -0.110             -59.813
35788.121759       -0.110             -59.813
35788.121759       -0.110             -59.813
35788.121759       -0.110             -59.813
35788.121759       -0.110             -59.813
35788.121759       -0.110             -59.813
35788.121759       -0.110             -59.813
35788.121759       -0.110             -59.813
35788.121759       -0.110             -59.813
35788.121759       -0.110             -59.813
35788.121759       -0.110             -59.813
35788.121759       -0.110             -59.813
35788.121759       -0.110             -59.813
35788.121759       -0.110             -59.813
35788.121759       -0.110             -59.813
35788.121759       -0.110             -59.813
35788.121759       -0.110             -59.813
35788.121759       -0.110             -59.813
35788.121759       -0.110             -59.813
35788.121759       -0.110             -59.813
35788.121759       -0.110             -59.813
35788.121759       -0.110             -59.813
35788.121759       -0.110             -59.813
35788.121759       -0.110             -59.813
35788.121759       -0.110             -59.813
35788.121759       -0.110             -59.813
35788.121759       -0.110             -59.813
35788.121759       -0.110             -59.813
35788.121759       -0.110             -59.813
35788.121759       -0.110             -59.813
35788.121759       -0.110             -59.813
35788.121759       -0.110             -59.813
35788.121759       -0.110             -59.813
35788.121759       -0.110             -59.813
35788.121759       -0.110             -59.813
35788.121759       -0.110             -59.813
35788.121759       -0.110             -59.813
35788.121759       -0.110             -59.813
35788.121759       -0.110             -59.813
35788.121759       -0.110             -59.813
35788.121759       -0.110             -59.813
35788.121759       -0.110             -59.813
35788.121759       -0.110             -59.813
35788.121759       -0.110             -59.813
35788.121759       -0.110             -59.813
35788.121759       -0.110             -59.813
35788.121759       -0.110             -59.813
35788.121759       -0.110             -59.813
35788.121759       -0.110             -59.813
35788.121759       -0.110             -59.813
35788.121759       -0.110             -59.813
35788.121759       -0.110             -59.813
35788.121759       -0.110             -59.813
35788.121759       -0.110             -59.813
35788.121759       -0.110             -59.813
35788.121759       -0.110             -59.813
35788.121758       -0.109             -59.813
35788.121758       -0.109             -59.813
35788.121758       -0.109             -59.813
35788.121758       -0.109             -59.813
35788.121758       -0.109             -59.813
35788.121758       -0.109             -59.813
35788.121758       -0.109             -59.813
35788.121758       -0.109             -59.813
35788.121758       -0.109             -59.813
35788.121758       -0.109             -59.813
35788.121758       -0.109             -59.813
35788.121758       -0.109             -59.813
35788.121758       -0.109             -59.813
35788.121758       -0.109             -59.813
35788.121758       -0.109             -59.813
35788.121758       -0.109             -59.813
35788.121758       -0.109             -59.813
35788.121758       -0.109             -59.813
35788.121758       -0.109             -59.813
35788.121758       -0.109             -59.813
35788.121758       -0.109             -59.813
35788.121758       -0.109             -59.813
35788.121758       -0.109             -59.813
35788.121758       -0.109             -59.813
35788.121758       -0.109             -59.813
35788.121758       -0.109             -59.813
35788.121758       -0.109             -59.813
35788.121758       -0.109             -59.813
35788.121758       -0.109             -59.813
35788.121758       -0.109             -59.813
35788.121758       -0.109             -59.813
35788.121758       -0.109             -59.813
35788.121758       -0.109             -59.813
35788.121758       -0.109             -59.813
35788.121758       -0.109             -59.813
35788.121758       -0.109             -59.813
35788.121758       -0.109             -59.813
35788.121758       -0.109             -59.813
35788.121758       -0.109             -59.813
35788.121758       -0.109             -59.813
35788.121758       -0.109             -59.813
35788.121758       -0.109             -59.813
35788.121758       -0.109             -59.813
35788.121758       -0.109             -59.813
35788.121758       -0.109             -59.813
35788.121758       -0.109             -59.813
35788.121758       -0.109             -59.813
35788.121758       -0.109             -59.813
35788.121758       -0.109             -59.813
35788.121758       -0.109             -59.813
35788.121758       -0.109             -59.813
35788.121758       -0.109             -59.813
35788.121758       -0.109             -59.813
35788.121758       -0.109             -59.813
35788.121758       -0.109             -59.813
35788.121758       -0.109             -59.813
35788.121757       -0.109             -59.813
35788.121757       -0.109             -59.813
35788.121757       -0.109             -59.813
35788.121757       -0.109             -59.813
35788.121757       -0.109             -59.813
35788.121757       -0.109             -59.813
35788.121757       -0.109             -59.813
35788.121757       -0.109             -59.813
35788.121757       -0.109             -59.813
35788.121757       -0.109             -59.813
35788.121757       -0.109             -59.813
35788.121757       -0.109             -59.813
35788.121757       -0.109             -59.813
35788.121757       -0.109             -59.813
35788.121757       -0.109             -59.813
35788.121757       -0.109             -59.813
35788.121757       -0.109             -59.813
35788.121757       -0.109             -59.813
35788.121757       -0.109             -59.813
35788.121757       -0.109             -59.813
35788.121757       -0.109             -59.813
35788.121757       -0.109             -59.813
35788.121757       -0.109             -59.813
35788.121757       -0.108             -59.813
35788.121757       -0.108             -59.813
35788.121757       -0.108             -59.813
35788.121757       -0.108             -59.813
35788.121757       -0.108             -59.813
35788.121757       -0.108             -59.813
35788.121757       -0.108             -59.813
35788.121757       -0.108             -59.813
35788.121757       -0.108             -59.813
35788.121757       -0.108             -59.813
35788.121757       -0.108             -59.813
35788.121757       -0.108             -59.813
35788.121757       -0.108             -59.813
35788.121757       -0.108             -59.813
35788.121757       -0.108             -59.813
35788.121757       -0.108             -59.813
35788.121757       -0.108             -59.813
35788.121757       -0.108             -59.813
35788.121757       -0.108             -59.813
35788.121757       -0.108             -59.813
35788.121757       -0.108             -59.813
35788.121757       -0.108             -59.813
35788.121757       -0.108             -59.813
35788.121757       -0.108             -59.813
35788.121757       -0.108             -59.813
35788.121757       -0.108             -59.813
35788.121757       -0.108             -59.813
35788.121757       -0.108             -59.813
35788.121757       -0.108             -59.813
35788.121757       -0.108             -59.813
35788.121757       -0.108             -59.813
35788.121757       -0.108             -59.813
35788.121757       -0.108             -59.813
35788.121757       -0.108             -59.813
35788.121756       -0.108             -59.813
35788.121756       -0.108             -59.813
35788.121756       -0.108             -59.813
35788.121756       -0.108             -59.813
35788.121756       -0.108             -59.813
35788.121756       -0.108             -59.813
35788.121756       -0.108             -59.813
35788.121756       -0.108             -59.813
35788.121756       -0.108             -59.813
35788.121756       -0.108             -59.813
35788.121756       -0.108             -59.813
35788.121756       -0.108             -59.813
35788.121756       -0.108             -59.813
35788.121756       -0.108             -59.813
35788.121756       -0.108             -59.813
35788.121756       -0.108             -59.813
35788.121756       -0.108             -59.813
35788.121756       -0.108             -59.813
35788.121756       -0.108             -59.813
35788.121756       -0.108             -59.813
35788.121756       -0.108             -59.813
35788.121756       -0.108             -59.813
35788.121756       -0.108             -59.813
35788.121756       -0.108             -59.813
35788.121756       -0.108             -59.813
35788.121756       -0.108             -59.813
35788.121756       -0.108             -59.813
35788.121756       -0.108             -59.813
35788.121756       -0.108             -59.813
35788.121756       -0.108             -59.813
35788.121756       -0.108             -59.813
35788.121756       -0.108             -59.813
35788.121756       -0.108             -59.813
35788.121756       -0.108             -59.813
35788.121756       -0.108             -59.813
35788.121756       -0.108             -59.813
35788.121756       -0.108             -59.813
35788.121756       -0.108             -59.813
35788.121756       -0.108             -59.813
35788.121756       -0.108             -59.813
35788.121756       -0.108             -59.813
35788.121756       -0.108             -59.813
35788.121756       -0.108             -59.813
35788.121756       -0.108             -59.813
35788.121756       -0.108             -59.813
35788.121756       -0.108             -59.813
35788.121756       -0.107             -59.813
35788.121756       -0.107             -59.813
35788.121756       -0.107             -59.813
35788.121756       -0.107             -59.813
35788.121756       -0.107             -59.813
35788.121756       -0.107             -59.813
35788.121756       -0.107             -59.813
35788.121756       -0.107             -59.813
35788.121756       -0.107             -59.813
35788.121756       -0.107             -59.813
35788.121756       -0.107             -59.813
35788.121755       -0.107             -59.813
35788.121755       -0.107             -59.813
35788.121755       -0.107             -59.813
35788.121755       -0.107             -59.813
35788.121755       -0.107             -59.813
35788.121755       -0.107             -59.813
35788.121755       -0.107             -59.813
35788.121755       -0.107             -59.813
35788.121755       -0.107             -59.813
35788.121755       -0.107             -59.813
35788.121755       -0.107             -59.813
35788.121755       -0.107             -59.813
35788.121755       -0.107             -59.813
35788.121755       -0.107             -59.813
35788.121755       -0.107             -59.813
35788.121755       -0.107             -59.813
35788.121755       -0.107             -59.813
35788.121755       -0.107             -59.813
35788.121755       -0.107             -59.813
35788.121755       -0.107             -59.813
35788.121755       -0.107             -59.813
35788.121755       -0.107             -59.813
35788.121755       -0.107             -59.813
35788.121755       -0.107             -59.813
35788.121755       -0.107             -59.813
35788.121755       -0.107             -59.813
35788.121755       -0.107             -59.813
35788.121755       -0.107             -59.813
35788.121755       -0.107             -59.813
35788.121755       -0.107             -59.813
35788.121755       -0.107             -59.813
35788.121755       -0.107             -59.813
35788.121755       -0.107             -59.813
35788.121755       -0.107             -59.813
35788.121755       -0.107             -59.813
35788.121755       -0.107             -59.813
35788.121755       -0.107             -59.813
35788.121755       -0.107             -59.813
35788.121755       -0.107             -59.813
35788.121755       -0.107             -59.813
35788.121755       -0.107             -59.813
35788.121755       -0.107             -59.813
35788.121755       -0.107             -59.813
35788.121755       -0.107             -59.813
35788.121755       -0.107             -59.813
35788.121755       -0.107             -59.813
35788.121755       -0.107             -59.813
35788.121755       -0.107             -59.813
35788.121755       -0.107             -59.813
35788.121755       -0.107             -59.813
35788.121755       -0.107             -59.813
35788.121755       -0.107             -59.813
35788.121755       -0.107             -59.813
35788.121755       -0.107             -59.813
35788.121755       -0.107             -59.813
35788.121755       -0.107             -59.813
35788.121755       -0.107             -59.813
35788.121754       -0.107             -59.813
35788.121754       -0.107             -59.813
35788.121754       -0.107             -59.813
35788.121754       -0.107             -59.813
35788.121754       -0.107             -59.813
35788.121754       -0.107             -59.813
35788.121754       -0.107             -59.813
35788.121754       -0.107             -59.813
35788.121754       -0.107             -59.813
35788.121754       -0.107             -59.813
35788.121754       -0.107             -59.813
35788.121754       -0.106             -59.813
35788.121754       -0.106             -59.813
35788.121754       -0.106             -59.813
35788.121754       -0.106             -59.813
35788.121754       -0.106             -59.813
35788.121754       -0.106             -59.813
35788.121754       -0.106             -59.813
35788.121754       -0.106             -59.813
35788.121754       -0.106             -59.813
35788.121754       -0.106             -59.813
35788.121754       -0.106             -59.813
35788.121754       -0.106             -59.813
35788.121754       -0.106             -59.813
35788.121754       -0.106             -59.813
35788.121754       -0.106             -59.813
35788.121754       -0.106             -59.813
35788.121754       -0.106             -59.813
35788.121754       -0.106             -59.813
35788.121754       -0.106             -59.813
35788.121754       -0.106             -59.813
35788.121754       -0.106             -59.813
35788.121754       -0.106             -59.813
35788.121754       -0.106             -59.813
35788.121754       -0.106             -59.813
35788.121754       -0.106             -59.813
35788.121754       -0.106             -59.813
35788.121754       -0.106             -59.813
35788.121754       -0.106             -59.813
35788.121754       -0.106             -59.813
35788.121754       -0.106             -59.813
35788.121754       -0.106             -59.813
35788.121754       -0.106             -59.813
35788.121754       -0.106             -59.813
35788.121754       -0.106             -59.813
35788.121754       -0.106             -59.813
35788.121754       -0.106             -59.813
35788.121754       -0.106             -59.813
35788.121754       -0.106             -59.813
35788.121754       -0.106             -59.813
35788.121754       -0.106             -59.813
35788.121754       -0.106             -59.813
35788.121754       -0.106             -59.813
35788.121754       -0.106             -59.813
35788.121754       -0.106             -59.813
35788.121754       -0.106             -59.813
35788.121754       -0.106             -59.813
35788.121753       -0.106             -59.813
35788.121753       -0.106             -59.813
35788.121753       -0.106             -59.813
35788.121753       -0.106             -59.813
35788.121753       -0.106             -59.813
35788.121753       -0.106             -59.813
35788.121753       -0.106             -59.813
35788.121753       -0.106             -59.813
35788.121753       -0.106             -59.813
35788.121753       -0.106             -59.813
35788.121753       -0.106             -59.813
35788.121753       -0.106             -59.813
35788.121753       -0.106             -59.813
35788.121753       -0.106             -59.813
35788.121753       -0.106             -59.813
35788.121753       -0.106             -59.813
35788.121753       -0.106             -59.813
35788.121753       -0.106             -59.813
35788.121753       -0.106             -59.813
35788.121753       -0.106             -59.813
35788.121753       -0.106             -59.813
35788.121753       -0.106             -59.813
35788.121753       -0.106             -59.813
35788.121753       -0.106             -59.813
35788.121753       -0.106             -59.813
35788.121753       -0.106             -59.813
35788.121753       -0.106             -59.813
35788.121753       -0.106             -59.813
35788.121753       -0.106             -59.813
35788.121753       -0.106             -59.813
35788.121753       -0.106             -59.813
35788.121753       -0.106             -59.813
35788.121753       -0.106             -59.813
35788.121753       -0.105             -59.813
35788.121753       -0.105             -59.813
35788.121753       -0.105             -59.813
35788.121753       -0.105             -59.813
35788.121753       -0.105             -59.813
35788.121753       -0.105             -59.813
35788.121753       -0.105             -59.813
35788.121753       -0.105             -59.813
35788.121753       -0.105             -59.813
35788.121753       -0.105             -59.813
35788.121753       -0.105             -59.813
35788.121753       -0.105             -59.813
35788.121753       -0.105             -59.813
35788.121753       -0.105             -59.813
35788.121753       -0.105             -59.813
35788.121753       -0.105             -59.813
35788.121753       -0.105             -59.813
35788.121753       -0.105             -59.813
35788.121753       -0.105             -59.813
35788.121753       -0.105             -59.813
35788.121753       -0.105             -59.813
35788.121753       -0.105             -59.813
35788.121753       -0.105             -59.813
35788.121753       -0.105             -59.813
35788.121752       -0.105             -59.813
35788.121752       -0.105             -59.813
35788.121752       -0.105             -59.813
35788.121752       -0.105             -59.813
35788.121752       -0.105             -59.813
35788.121752       -0.105             -59.813
35788.121752       -0.105             -59.813
35788.121752       -0.105             -59.813
35788.121752       -0.105             -59.813
35788.121752       -0.105             -59.813
35788.121752       -0.105             -59.813
35788.121752       -0.105             -59.813
35788.121752       -0.105             -59.813
35788.121752       -0.105             -59.813
35788.121752       -0.105             -59.813
35788.121752       -0.105             -59.813
35788.121752       -0.105             -59.813
35788.121752       -0.105             -59.813
35788.121752       -0.105             -59.813
35788.121752       -0.105             -59.813
35788.121752       -0.105             -59.813
35788.121752       -0.105             -59.813
35788.121752       -0.105             -59.813
35788.121752       -0.105             -59.813
35788.121752       -0.105             -59.813
35788.121752       -0.105             -59.813
35788.121752       -0.105             -59.813
35788.121752       -0.105             -59.813
35788.121752       -0.105             -59.813
35788.121752       -0.105             -59.813
35788.121752       -0.105             -59.813
35788.121752       -0.105             -59.813
35788.121752       -0.105             -59.813
35788.121752       -0.105             -59.813
35788.121752       -0.105             -59.813
35788.121752       -0.105             -59.813
35788.121752       -0.105             -59.813
35788.121752       -0.105             -59.813
35788.121752       -0.105             -59.813
35788.121752       -0.105             -59.813
35788.121752       -0.105             -59.813
35788.121752       -0.105             -59.813
35788.121752       -0.105             -59.813
35788.121752       -0.105             -59.813
35788.121752       -0.105             -59.813
35788.121752       -0.105             -59.813
35788.121752       -0.105             -59.813
35788.121752       -0.105             -59.813
35788.121752       -0.105             -59.813
35788.121752       -0.105             -59.813
35788.121752       -0.105             -59.813
35788.121752       -0.105             -59.813
35788.121752       -0.105             -59.813
35788.121752       -0.105             -59.813
35788.121752       -0.105             -59.813
35788.121752       -0.104             -59.813
35788.121752       -0.104             -59.813
35788.121752       -0.104             -59.813
35788.121751       -0.104             -59.813
35788.121751       -0.104             -59.813
35788.121751       -0.104             -59.813
35788.121751       -0.104             -59.813
35788.121751       -0.104             -59.813
35788.121751       -0.104             -59.813
35788.121751       -0.104             -59.813
35788.121751       -0.104             -59.813
35788.121751       -0.104             -59.813
35788.121751       -0.104             -59.813
35788.121751       -0.104             -59.813
35788.121751       -0.104             -59.813
35788.121751       -0.104             -59.813
35788.121751       -0.104             -59.813
35788.121751       -0.104             -59.813
35788.121751       -0.104             -59.813
35788.121751       -0.104             -59.813
35788.121751       -0.104             -59.813
35788.121751       -0.104             -59.813
35788.121751       -0.104             -59.813
35788.121751       -0.104             -59.813
35788.121751       -0.104             -59.813
35788.121751       -0.104             -59.813
35788.121751       -0.104             -59.813
35788.121751       -0.104             -59.813
35788.121751       -0.104             -59.813
35788.121751       -0.104             -59.813
35788.121751       -0.104             -59.813
35788.121751       -0.104             -59.813
35788.121751       -0.104             -59.813
35788.121751       -0.104             -59.813
35788.121751       -0.104             -59.813
35788.121751       -0.104             -59.813
35788.121751       -0.104             -59.813
35788.121751       -0.104             -59.813
35788.121751       -0.104             -59.813
35788.121751       -0.104             -59.813
35788.121751       -0.104             -59.813
35788.121751       -0.104             -59.813
35788.121751       -0.104             -59.813
35788.121751       -0.104             -59.813
35788.121751       -0.104             -59.813
35788.121751       -0.104             -59.813
35788.121751       -0.104             -59.813
35788.121751       -0.104             -59.813
35788.121751       -0.104             -59.813
35788.121751       -0.104             -59.813
35788.121751       -0.104             -59.813
35788.121751       -0.104             -59.813
35788.121751       -0.104             -59.813
35788.121751       -0.104             -59.813
35788.121751       -0.104             -59.813
35788.121751       -0.104             -59.813
35788.121751       -0.104             -59.813
35788.121751       -0.104             -59.813
35788.121751       -0.104             -59.813
35788.121751       -0.104             -59.813
35788.121751       -0.104             -59.813
35788.121750       -0.104             -59.813
35788.121750       -0.104             -59.813
35788.121750       -0.104             -59.813
35788.121750       -0.104             -59.813
35788.121750       -0.104             -59.813
35788.121750       -0.104             -59.813
35788.121750       -0.104             -59.813
35788.121750       -0.104             -59.813
35788.121750       -0.104             -59.813
35788.121750       -0.104             -59.813
35788.121750       -0.104             -59.813
35788.121750       -0.104             -59.813
35788.121750       -0.104             -59.813
35788.121750       -0.104             -59.813
35788.121750       -0.104             -59.813
35788.121750       -0.104             -59.813
35788.121750       -0.104             -59.813
35788.121750       -0.103             -59.813
35788.121750       -0.103             -59.813
35788.121750       -0.103             -59.813
35788.121750       -0.103             -59.813
35788.121750       -0.103             -59.813
35788.121750       -0.103             -59.813
35788.121750       -0.103             -59.813
35788.121750       -0.103             -59.813
35788.121750       -0.103             -59.813
35788.121750       -0.103             -59.813
35788.121750       -0.103             -59.813
35788.121750       -0.103             -59.813
35788.121750       -0.103             -59.813
35788.121750       -0.103             -59.813
35788.121750       -0.103             -59.813
35788.121750       -0.103             -59.813
35788.121750       -0.103             -59.813
35788.121750       -0.103             -59.813
35788.121750       -0.103             -59.813
35788.121750       -0.103             -59.813
35788.121750       -0.103             -59.813
35788.121750       -0.103             -59.813
35788.121750       -0.103             -59.813
35788.121750       -0.103             -59.813
35788.121750       -0.103             -59.813
35788.121750       -0.103             -59.813
35788.121750       -0.103             -59.813
35788.121750       -0.103             -59.813
35788.121750       -0.103             -59.813
35788.121750       -0.103             -59.813
35788.121750       -0.103             -59.813
35788.121750       -0.103             -59.813
35788.121750       -0.103             -59.813
35788.121750       -0.103             -59.813
35788.121750       -0.103             -59.813
35788.121750       -0.103             -59.813
35788.121750       -0.103             -59.813
35788.121750       -0.103             -59.813
35788.121750       -0.103             -59.813
35788.121750       -0.103             -59.813
35788.121750       -0.103             -59.813
35788.121749       -0.103             -59.813
35788.121749       -0.103             -59.813
35788.121749       -0.103             -59.813
35788.121749       -0.103             -59.813
35788.121749       -0.103             -59.813
35788.121749       -0.103             -59.813
35788.121749       -0.103             -59.813
35788.121749       -0.103             -59.813
35788.121749       -0.103             -59.813
35788.121749       -0.103             -59.813
35788.121749       -0.103             -59.813
35788.121749       -0.103             -59.813
35788.121749       -0.103             -59.813
35788.121749       -0.103             -59.813
35788.121749       -0.103             -59.813
35788.121749       -0.103             -59.813
35788.121749       -0.103             -59.813
35788.121749       -0.103             -59.813
35788.121749       -0.103             -59.813
35788.121749       -0.103             -59.813
35788.121749       -0.103             -59.813
35788.121749       -0.103             -59.813
35788.121749       -0.103             -59.813
35788.121749       -0.103             -59.813
35788.121749       -0.103             -59.813
35788.121749       -0.103             -59.813
35788.121749       -0.103             -59.813
35788.121749       -0.103             -59.813
35788.121749       -0.103             -59.813
35788.121749       -0.103             -59.813
35788.121749       -0.103             -59.813
35788.121749       -0.103             -59.813
35788.121749       -0.103             -59.813
35788.121749       -0.103             -59.813
35788.121749       -0.103             -59.813
35788.121749       -0.103             -59.813
35788.121749       -0.103             -59.813
35788.121749       -0.102             -59.813
35788.121749       -0.102             -59.813
35788.121749       -0.102             -59.813
35788.121749       -0.102             -59.813
35788.121749       -0.102             -59.813
35788.121749       -0.102             -59.813
35788.121749       -0.102             -59.813
35788.121749       -0.102             -59.813
35788.121749       -0.102             -59.813
35788.121749       -0.102             -59.813
35788.121749       -0.102             -59.813
35788.121749       -0.102             -59.813
35788.121749       -0.102             -59.813
35788.121749       -0.102             -59.813
35788.121749       -0.102             -59.813
35788.121749       -0.102             -59.813
35788.121749       -0.102             -59.813
35788.121749       -0.102             -59.813
35788.121749       -0.102             -59.813
35788.121749       -0.102             -59.813
35788.121749       -0.102             -59.813
35788.121749       -0.102             -59.813
35788.121748       -0.102             -59.813
35788.121748       -0.102             -59.813
35788.121748       -0.102             -59.813
35788.121748       -0.102             -59.813
35788.121748       -0.102             -59.813
35788.121748       -0.102             -59.813
35788.121748       -0.102             -59.813
35788.121748       -0.102             -59.813
35788.121748       -0.102             -59.813
35788.121748       -0.102             -59.813
35788.121748       -0.102             -59.813
35788.121748       -0.102             -59.813
35788.121748       -0.102             -59.813
35788.121748       -0.102             -59.813
35788.121748       -0.102             -59.813
35788.121748       -0.102             -59.813
35788.121748       -0.102             -59.813
35788.121748       -0.102             -59.813
35788.121748       -0.102             -59.813
35788.121748       -0.102             -59.813
35788.121748       -0.102             -59.813
35788.121748       -0.102             -59.813
35788.121748       -0.102             -59.813
35788.121748       -0.102             -59.813
35788.121748       -0.102             -59.813
35788.121748       -0.102             -59.813
35788.121748       -0.102             -59.813
35788.121748       -0.102             -59.813
35788.121748       -0.102             -59.813
35788.121748       -0.102             -59.813
35788.121748       -0.102             -59.813
35788.121748       -0.102             -59.813
35788.121748       -0.102             -59.813
35788.121748       -0.102             -59.813
35788.121748       -0.102             -59.813
35788.121748       -0.102             -59.813
35788.121748       -0.102             -59.813
35788.121748       -0.102             -59.813
35788.121748       -0.102             -59.813
35788.121748       -0.102             -59.813
35788.121748       -0.102             -59.813
35788.121748       -0.102             -59.813
35788.121748       -0.102             -59.813
35788.121748       -0.102             -59.813
35788.121748       -0.102             -59.813
35788.121748       -0.102             -59.813
35788.121748       -0.102             -59.813
35788.121748       -0.102             -59.813
35788.121748       -0.102             -59.813
35788.121748       -0.102             -59.813
35788.121748       -0.102             -59.813
35788.121748       -0.102             -59.813
35788.121748       -0.102             -59.813
35788.121748       -0.102             -59.813
35788.121748       -0.102             -59.813
35788.121748       -0.102             -59.813
35788.121748       -0.101             -59.813
35788.121748       -0.101             -59.813
35788.121748       -0.101             -59.813
35788.121747       -0.101             -59.813
35788.121747       -0.101             -59.813
35788.121747       -0.101             -59.813
35788.121747       -0.101             -59.813
35788.121747       -0.101             -59.813
35788.121747       -0.101             -59.813
35788.121747       -0.101             -59.813
35788.121747       -0.101             -59.813
35788.121747       -0.101             -59.813
35788.121747       -0.101             -59.813
35788.121747       -0.101             -59.813
35788.121747       -0.101             -59.813
35788.121747       -0.101             -59.813
35788.121747       -0.101             -59.813
35788.121747       -0.101             -59.813
35788.121747       -0.101             -59.813
35788.121747       -0.101             -59.813
35788.121747       -0.101             -59.813
35788.121747       -0.101             -59.813
35788.121747       -0.101             -59.813
35788.121747       -0.101             -59.813
35788.121747       -0.101             -59.813
35788.121747       -0.101             -59.813
35788.121747       -0.101             -59.813
35788.121747       -0.101             -59.813
35788.121747       -0.101             -59.813
35788.121747       -0.101             -59.813
35788.121747       -0.101             -59.813
35788.121747       -0.101             -59.813
35788.121747       -0.101             -59.813
35788.121747       -0.101             -59.813
35788.121747       -0.101             -59.813
35788.121747       -0.101             -59.813
35788.121747       -0.101             -59.813
35788.121747       -0.101             -59.813
35788.121747       -0.101             -59.813
35788.121747       -0.101             -59.813
35788.121747       -0.101             -59.813
35788.121747       -0.101             -59.813
35788.121747       -0.101             -59.813
35788.121747       -0.101             -59.813
35788.121747       -0.101             -59.813
35788.121747       -0.101             -59.813
35788.121747       -0.101             -59.813
35788.121747       -0.101             -59.813
35788.121747       -0.101             -59.813
35788.121747       -0.101             -59.813
35788.121747       -0.101             -59.813
35788.121747       -0.101             -59.813
35788.121747       -0.101             -59.813
35788.121747       -0.101             -59.813
35788.121747       -0.101             -59.813
35788.121747       -0.101             -59.813
35788.121747       -0.101             -59.813
35788.121747       -0.101             -59.813
35788.121747       -0.101             -59.813
35788.121747       -0.101             -59.813
35788.121747       -0.101             -59.813
35788.121747       -0.101             -59.813
35788.121746       -0.101             -59.813
35788.121746       -0.101             -59.813
35788.121746       -0.101             -59.813
35788.121746       -0.101             -59.813
35788.121746       -0.101             -59.813
35788.121746       -0.101             -59.813
35788.121746       -0.101             -59.813
35788.121746       -0.101             -59.813
35788.121746       -0.101             -59.813
35788.121746       -0.101             -59.813
35788.121746       -0.101             -59.813
35788.121746       -0.101             -59.813
35788.121746       -0.101             -59.813
35788.121746       -0.101             -59.813
35788.121746       -0.101             -59.813
35788.121746       -0.101             -59.813
35788.121746       -0.100             -59.813
35788.121746       -0.100             -59.813
35788.121746       -0.100             -59.813
35788.121746       -0.100             -59.813
35788.121746       -0.100             -59.813
35788.121746       -0.100             -59.813
35788.121746       -0.100             -59.813
35788.121746       -0.100             -59.813
35788.121746       -0.100             -59.813
35788.121746       -0.100             -59.813
35788.121746       -0.100             -59.813
35788.121746       -0.100             -59.813
35788.121746       -0.100             -59.813
35788.121746       -0.100             -59.813
35788.121746       -0.100             -59.813
35788.121746       -0.100             -59.813
35788.121746       -0.100             -59.813
35788.121746       -0.100             -59.813
35788.121746       -0.100             -59.813
35788.121746       -0.100             -59.813
35788.121746       -0.100             -59.813
35788.121746       -0.100             -59.813
35788.121746       -0.100             -59.813
35788.121746       -0.100             -59.813
35788.121746       -0.100             -59.813
35788.121746       -0.100             -59.813
35788.121746       -0.100             -59.813
35788.121746       -0.100             -59.813
35788.121746       -0.100             -59.813
35788.121746       -0.100             -59.813
35788.121746       -0.100             -59.813
35788.121746       -0.100             -59.813
35788.121746       -0.100             -59.813
35788.121746       -0.100             -59.813
35788.121746       -0.100             -59.813
35788.121746       -0.100             -59.813
35788.121746       -0.100             -59.813
35788.121746       -0.100             -59.813
35788.121746       -0.100             -59.813
35788.121746       -0.100             -59.813
35788.121746       -0.100             -59.813
35788.121746       -0.100             -59.813
35788.121746       -0.100             -59.813
35788.121745       -0.100             -59.813
35788.121745       -0.100             -59.813
35788.121745       -0.100             -59.813
35788.121745       -0.100             -59.813
35788.121745       -0.100             -59.813
35788.121745       -0.100             -59.813
35788.121745       -0.100             -59.813
35788.121745       -0.100             -59.813
35788.121745       -0.100             -59.813
35788.121745       -0.100             -59.813
35788.121745       -0.100             -59.813
35788.121745       -0.100             -59.813
35788.121745       -0.100             -59.813
35788.121745       -0.100             -59.813
35788.121745       -0.100             -59.813
35788.121745       -0.100             -59.813
35788.121745       -0.100             -59.813
35788.121745       -0.100             -59.813
35788.121745       -0.100             -59.813
35788.121745       -0.100             -59.813
35788.121745       -0.100             -59.813
35788.121745       -0.100             -59.813
35788.121745       -0.100             -59.813
35788.121745       -0.100             -59.813
35788.121745       -0.100             -59.813
35788.121745       -0.100             -59.813
35788.121745       -0.100             -59.813
35788.121745       -0.100             -59.813
35788.121745       -0.100             -59.813
35788.121745       -0.100             -59.813
35788.121745       -0.100             -59.813
35788.121745       -0.100             -59.813
35788.121745       -0.100             -59.813
35788.121745       -0.100             -59.813
35788.121745       -0.099             -59.813
35788.121745       -0.099             -59.813
35788.121745       -0.099             -59.813
35788.121745       -0.099             -59.813
35788.121745       -0.099             -59.813
35788.121745       -0.099             -59.813
35788.121745       -0.099             -59.813
35788.121745       -0.099             -59.813
35788.121745       -0.099             -59.813
35788.121745       -0.099             -59.813
35788.121745       -0.099             -59.813
35788.121745       -0.099             -59.813
35788.121745       -0.099             -59.813
35788.121745       -0.099             -59.813
35788.121745       -0.099             -59.813
35788.121745       -0.099             -59.813
35788.121745       -0.099             -59.813
35788.121745       -0.099             -59.813
35788.121745       -0.099             -59.813
35788.121745       -0.099             -59.813
35788.121745       -0.099             -59.813
35788.121745       -0.099             -59.813
35788.121745       -0.099             -59.813
35788.121745       -0.099             -59.813
35788.121745       -0.099             -59.813
35788.121745       -0.099             -59.813
35788.121744       -0.099             -59.813
35788.121744       -0.099             -59.813
35788.121744       -0.099             -59.813
35788.121744       -0.099             -59.813
35788.121744       -0.099             -59.813
35788.121744       -0.099             -59.813
35788.121744       -0.099             -59.813
35788.121744       -0.099             -59.813
35788.121744       -0.099             -59.813
35788.121744       -0.099             -59.813
35788.121744       -0.099             -59.813
35788.121744       -0.099             -59.813
35788.121744       -0.099             -59.813
35788.121744       -0.099             -59.813
35788.121744       -0.099             -59.813
35788.121744       -0.099             -59.813
35788.121744       -0.099             -59.813
35788.121744       -0.099             -59.813
35788.121744       -0.099             -59.813
35788.121744       -0.099             -59.813
35788.121744       -0.099             -59.813
35788.121744       -0.099             -59.813
35788.121744       -0.099             -59.813
35788.121744       -0.099             -59.813
35788.121744       -0.099             -59.813
35788.121744       -0.099             -59.813
35788.121744       -0.099             -59.813
35788.121744       -0.099             -59.813
35788.121744       -0.099             -59.813
35788.121744       -0.099             -59.813
35788.121744       -0.099             -59.813
35788.121744       -0.099             -59.813
35788.121744       -0.099             -59.813
35788.121744       -0.099             -59.813
35788.121744       -0.099             -59.813
35788.121744       -0.099             -59.813
35788.121744       -0.099             -59.813
35788.121744       -0.099             -59.813
35788.121744       -0.099             -59.813
35788.121744       -0.099             -59.813
35788.121744       -0.099             -59.813
35788.121744       -0.099             -59.813
35788.121744       -0.099             -59.813
35788.121744       -0.099             -59.813
35788.121744       -0.099             -59.813
35788.121744       -0.099             -59.813
35788.121744       -0.099             -59.813
35788.121744       -0.099             -59.813
35788.121744       -0.099             -59.813
35788.121744       -0.099             -59.813
35788.121744       -0.099             -59.813
35788.121744       -0.098             -59.813
35788.121744       -0.098             -59.813
35788.121744       -0.098             -59.813
35788.121744       -0.098             -59.813
35788.121744       -0.098             -59.813
35788.121744       -0.098             -59.813
35788.121744       -0.098             -59.813
35788.121744       -0.098             -59.813
35788.121744       -0.098             -59.813
35788.121743       -0.098             -59.813
35788.121743       -0.098             -59.813
35788.121743       -0.098             -59.813
35788.121743       -0.098             -59.813
35788.121743       -0.098             -59.813
35788.121743       -0.098             -59.813
35788.121743       -0.098             -59.813
35788.121743       -0.098             -59.813
35788.121743       -0.098             -59.813
35788.121743       -0.098             -59.813
35788.121743       -0.098             -59.813
35788.121743       -0.098             -59.813
35788.121743       -0.098             -59.813
35788.121743       -0.098             -59.813
35788.121743       -0.098             -59.813
35788.121743       -0.098             -59.813
35788.121743       -0.098             -59.813
35788.121743       -0.098             -59.813
35788.121743       -0.098             -59.813
35788.121743       -0.098             -59.813
35788.121743       -0.098             -59.813
35788.121743       -0.098             -59.813
35788.121743       -0.098             -59.813
35788.121743       -0.098             -59.813
35788.121743       -0.098             -59.813
35788.121743       -0.098             -59.813
35788.121743       -0.098             -59.813
35788.121743       -0.098             -59.813
35788.121743       -0.098             -59.813
35788.121743       -0.098             -59.813
35788.121743       -0.098             -59.813
35788.121743       -0.098             -59.813
35788.121743       -0.098             -59.813
35788.121743       -0.098             -59.813
35788.121743       -0.098             -59.813
35788.121743       -0.098             -59.813
35788.121743       -0.098             -59.813
35788.121743       -0.098             -59.813
35788.121743       -0.098             -59.813
35788.121743       -0.098             -59.813
35788.121743       -0.098             -59.813
35788.121743       -0.098             -59.813
35788.121743       -0.098             -59.813
35788.121743       -0.098             -59.813
35788.121743       -0.098             -59.813
35788.121743       -0.098             -59.813
35788.121743       -0.098             -59.813
35788.121743       -0.098             -59.813
35788.121743       -0.098             -59.813
35788.121743       -0.098             -59.813
35788.121743       -0.098             -59.813
35788.121743       -0.098             -59.813
35788.121743       -0.098             -59.813
35788.121743       -0.098             -59.813
35788.121743       -0.098             -59.813
35788.121743       -0.098             -59.813
35788.121743       -0.098             -59.813
35788.121743       -0.098             -59.813
35788.121743       -0.098             -59.813
35788.121743       -0.098             -59.813
35788.121743       -0.098             -59.813
35788.121742       -0.098             -59.813
35788.121742       -0.098             -59.813
35788.121742       -0.098             -59.813
35788.121742       -0.098             -59.813
35788.121742       -0.098             -59.813
35788.121742       -0.098             -59.813
35788.121742       -0.098             -59.813
35788.121742       -0.097             -59.813
35788.121742       -0.097             -59.813
35788.121742       -0.097             -59.813
35788.121742       -0.097             -59.813
35788.121742       -0.097             -59.813
35788.121742       -0.097             -59.813
35788.121742       -0.097             -59.813
35788.121742       -0.097             -59.813
35788.121742       -0.097             -59.813
35788.121742       -0.097             -59.813
35788.121742       -0.097             -59.813
35788.121742       -0.097             -59.813
35788.121742       -0.097             -59.813
35788.121742       -0.097             -59.813
35788.121742       -0.097             -59.813
35788.121742       -0.097             -59.813
35788.121742       -0.097             -59.813
35788.121742       -0.097             -59.813
35788.121742       -0.097             -59.813
35788.121742       -0.097             -59.813
35788.121742       -0.097             -59.813
35788.121742       -0.097             -59.813
35788.121742       -0.097             -59.813
35788.121742       -0.097             -59.813
35788.121742       -0.097             -59.813
35788.121742       -0.097             -59.813
35788.121742       -0.097             -59.813
35788.121742       -0.097             -59.813
35788.121742       -0.097             -59.813
35788.121742       -0.097             -59.813
35788.121742       -0.097             -59.813
35788.121742       -0.097             -59.813
35788.121742       -0.097             -59.813
35788.121742       -0.097             -59.813
35788.121742       -0.097             -59.813
35788.121742       -0.097             -59.813
35788.121742       -0.097             -59.813
35788.121742       -0.097             -59.813
35788.121742       -0.097             -59.813
35788.121742       -0.097             -59.813
35788.121742       -0.097             -59.813
35788.121742       -0.097             -59.813
35788.121742       -0.097             -59.813
35788.121742       -0.097             -59.813
35788.121742       -0.097             -59.813
35788.121742       -0.097             -59.813
35788.121742       -0.097             -59.813
35788.121742       -0.097             -59.813
35788.121742       -0.097             -59.813
35788.121742       -0.097             -59.813
35788.121742       -0.097             -59.813
35788.121742       -0.097             -59.813
35788.121742       -0.097             -59.813
35788.121741       -0.097             -59.813
35788.121741       -0.097             -59.813
35788.121741       -0.097             -59.813
35788.121741       -0.097             -59.813
35788.121741       -0.097             -59.813
35788.121741       -0.097             -59.813
35788.121741       -0.097             -59.813
35788.121741       -0.097             -59.813
35788.121741       -0.097             -59.813
35788.121741       -0.097             -59.813
35788.121741       -0.097             -59.813
35788.121741       -0.097             -59.813
35788.121741       -0.097             -59.813
35788.121741       -0.097             -59.813
35788.121741       -0.097             -59.813
35788.121741       -0.097             -59.813
35788.121741       -0.097             -59.813
35788.121741       -0.097             -59.813
35788.121741       -0.097             -59.813
35788.121741       -0.097             -59.813
35788.121741       -0.097             -59.813
35788.121741       -0.097             -59.813
35788.121741       -0.097             -59.813
35788.121741       -0.097             -59.813
35788.121741       -0.096             -59.813
35788.121741       -0.096             -59.813
35788.121741       -0.096             -59.813
35788.121741       -0.096             -59.813
35788.121741       -0.096             -59.813
35788.121741       -0.096             -59.813
35788.121741       -0.096             -59.813
35788.121741       -0.096             -59.813
35788.121741       -0.096             -59.813
35788.121741       -0.096             -59.813
35788.121741       -0.096             -59.813
35788.121741       -0.096             -59.813
35788.121741       -0.096             -59.813
35788.121741       -0.096             -59.813
35788.121741       -0.096             -59.813
35788.121741       -0.096             -59.813
35788.121741       -0.096             -59.813
35788.121741       -0.096             -59.813
35788.121741       -0.096             -59.813
35788.121741       -0.096             -59.813
35788.121741       -0.096             -59.813
35788.121741       -0.096             -59.813
35788.121741       -0.096             -59.813
35788.121741       -0.096             -59.813
35788.121741       -0.096             -59.813
35788.121741       -0.096             -59.813
35788.121741       -0.096             -59.813
35788.121741       -0.096             -59.813
35788.121741       -0.096             -59.813
35788.121741       -0.096             -59.813
35788.121741       -0.096             -59.813
35788.121741       -0.096             -59.813
35788.121741       -0.096             -59.813
35788.121741       -0.096             -59.813
35788.121741       -0.096             -59.813
35788.121741       -0.096             -59.813
35788.121741       -0.096             -59.813
35788.121740       -0.096             -59.813
35788.121740       -0.096             -59.813
35788.121740       -0.096             -59.813
35788.121740       -0.096             -59.813
35788.121740       -0.096             -59.813
35788.121740       -0.096             -59.813
35788.121740       -0.096             -59.813
35788.121740       -0.096             -59.813
35788.121740       -0.096             -59.813
35788.121740       -0.096             -59.813
35788.121740       -0.096             -59.813
35788.121740       -0.096             -59.813
35788.121740       -0.096             -59.813
35788.121740       -0.096             -59.813
35788.121740       -0.096             -59.813
35788.121740       -0.096             -59.813
35788.121740       -0.096             -59.813
35788.121740       -0.096             -59.813
35788.121740       -0.096             -59.813
35788.121740       -0.096             -59.813
35788.121740       -0.096             -59.813
35788.121740       -0.096             -59.813
35788.121740       -0.096             -59.813
35788.121740       -0.096             -59.813
35788.121740       -0.096             -59.813
35788.121740       -0.096             -59.813
35788.121740       -0.096             -59.813
35788.121740       -0.096             -59.813
35788.121740       -0.096             -59.813
35788.121740       -0.096             -59.813
35788.121740       -0.096             -59.813
35788.121740       -0.096             -59.813
35788.121740       -0.096             -59.813
35788.121740       -0.096             -59.813
35788.121740       -0.096             -59.813
35788.121740       -0.096             -59.813
35788.121740       -0.096             -59.813
35788.121740       -0.096             -59.813
35788.121740       -0.096             -59.813
35788.121740       -0.095             -59.813
35788.121740       -0.095             -59.813
35788.121740       -0.095             -59.813
35788.121740       -0.095             -59.813
35788.121740       -0.095             -59.813
35788.121740       -0.095             -59.813
35788.121740       -0.095             -59.813
35788.121740       -0.095             -59.813
35788.121740       -0.095             -59.813
35788.121740       -0.095             -59.813
35788.121740       -0.095             -59.813
35788.121740       -0.095             -59.813
35788.121740       -0.095             -59.813
35788.121740       -0.095             -59.813
35788.121740       -0.095             -59.813
35788.121740       -0.095             -59.813
35788.121740       -0.095             -59.813
35788.121740       -0.095             -59.813
35788.121740       -0.095             -59.813
35788.121740       -0.095             -59.813
35788.121740       -0.095             -59.813
35788.121740       -0.095             -59.813
35788.121740       -0.095             -59.813
35788.121739       -0.095             -59.813
35788.121739       -0.095             -59.813
35788.121739       -0.095             -59.813
35788.121739       -0.095             -59.813
35788.121739       -0.095             -59.813
35788.121739       -0.095             -59.813
35788.121739       -0.095             -59.813
35788.121739       -0.095             -59.813
35788.121739       -0.095             -59.813
35788.121739       -0.095             -59.813
35788.121739       -0.095             -59.813
35788.121739       -0.095             -59.813
35788.121739       -0.095             -59.813
35788.121739       -0.095             -59.813
35788.121739       -0.095             -59.813
35788.121739       -0.095             -59.813
35788.121739       -0.095             -59.813
35788.121739       -0.095             -59.813
35788.121739       -0.095             -59.813
35788.121739       -0.095             -59.813
35788.121739       -0.095             -59.813
35788.121739       -0.095             -59.813
35788.121739       -0.095             -59.813
35788.121739       -0.095             -59.813
35788.121739       -0.095             -59.813
35788.121739       -0.095             -59.813
35788.121739       -0.095             -59.813
35788.121739       -0.095             -59.813
35788.121739       -0.095             -59.813
35788.121739       -0.095             -59.813
35788.121739       -0.095             -59.813
35788.121739       -0.095             -59.813
35788.121739       -0.095             -59.813
35788.121739       -0.095             -59.813
35788.121739       -0.095             -59.813
35788.121739       -0.095             -59.813
35788.121739       -0.095             -59.813
35788.121739       -0.095             -59.813
35788.121739       -0.095             -59.813
35788.121739       -0.095             -59.813
35788.121739       -0.095             -59.813
35788.121739       -0.095             -59.813
35788.121739       -0.095             -59.813
35788.121739       -0.095             -59.813
35788.121739       -0.095             -59.813
35788.121739       -0.095             -59.813
35788.121739       -0.095             -59.813
35788.121739       -0.095             -59.813
35788.121739       -0.095             -59.813
35788.121739       -0.095             -59.813
35788.121739       -0.095             -59.813
35788.121739       -0.095             -59.813
35788.121739       -0.095             -59.813
35788.121739       -0.095             -59.813
35788.121739       -0.094             -59.813
35788.121739       -0.094             -59.813
35788.121739       -0.094             -59.813
35788.121739       -0.094             -59.813
35788.121739       -0.094             -59.813
35788.121739       -0.094             -59.813
35788.121739       -0.094             -59.813
35788.121739       -0.094             -59.813
35788.121738       -0.094             -59.813
35788.121738       -0.094             -59.813
35788.121738       -0.094             -59.813
35788.121738       -0.094             -59.813
35788.121738       -0.094             -59.813
35788.121738       -0.094             -59.813
35788.121738       -0.094             -59.813
35788.121738       -0.094             -59.813
35788.121738       -0.094             -59.813
35788.121738       -0.094             -59.813
35788.121738       -0.094             -59.813
35788.121738       -0.094             -59.813
35788.121738       -0.094             -59.813
35788.121738       -0.094             -59.813
35788.121738       -0.094             -59.813
35788.121738       -0.094             -59.813
35788.121738       -0.094             -59.813
35788.121738       -0.094             -59.813
35788.121738       -0.094             -59.813
35788.121738       -0.094             -59.813
35788.121738       -0.094             -59.813
35788.121738       -0.094             -59.813
35788.121738       -0.094             -59.813
35788.121738       -0.094             -59.813
35788.121738       -0.094             -59.813
35788.121738       -0.094             -59.813
35788.121738       -0.094             -59.813
35788.121738       -0.094             -59.813
35788.121738       -0.094             -59.813
35788.121738       -0.094             -59.813
35788.121738       -0.094             -59.813
35788.121738       -0.094             -59.813
35788.121738       -0.094             -59.813
35788.121738       -0.094             -59.813
35788.121738       -0.094             -59.813
35788.121738       -0.094             -59.813
35788.121738       -0.094             -59.813
35788.121738       -0.094             -59.813
35788.121738       -0.094             -59.813
35788.121738       -0.094             -59.813
35788.121738       -0.094             -59.813
35788.121738       -0.094             -59.813
35788.121738       -0.094             -59.813
35788.121738       -0.094             -59.813
35788.121738       -0.094             -59.813
35788.121738       -0.094             -59.813
35788.121738       -0.094             -59.813
35788.121738       -0.094             -59.813
35788.121738       -0.094             -59.813
35788.121738       -0.094             -59.813
35788.121738       -0.094             -59.813
35788.121738       -0.094             -59.813
35788.121738       -0.094             -59.813
35788.121738       -0.094             -59.813
35788.121738       -0.094             -59.813
35788.121738       -0.094             -59.813
35788.121738       -0.094             -59.813
35788.121738       -0.094             -59.813
35788.121738       -0.094             -59.813
35788.121738       -0.094             -59.813
35788.121738       -0.094             -59.813
35788.121738       -0.094             -59.813
35788.121737       -0.094             -59.813
35788.121737       -0.094             -59.813
35788.121737       -0.094             -59.813
35788.121737       -0.094             -59.813
35788.121737       -0.094             -59.813
35788.121737       -0.094             -59.813
35788.121737       -0.093             -59.813
35788.121737       -0.093             -59.813
35788.121737       -0.093             -59.813
35788.121737       -0.093             -59.813
35788.121737       -0.093             -59.813
35788.121737       -0.093             -59.813
35788.121737       -0.093             -59.813
35788.121737       -0.093             -59.813
35788.121737       -0.093             -59.813
35788.121737       -0.093             -59.813
35788.121737       -0.093             -59.813
35788.121737       -0.093             -59.813
35788.121737       -0.093             -59.813
35788.121737       -0.093             -59.813
35788.121737       -0.093             -59.813
35788.121737       -0.093             -59.813
35788.121737       -0.093             -59.813
35788.121737       -0.093             -59.813
35788.121737       -0.093             -59.813
35788.121737       -0.093             -59.813
35788.121737       -0.093             -59.813
35788.121737       -0.093             -59.813
35788.121737       -0.093             -59.813
35788.121737       -0.093             -59.813
35788.121737       -0.093             -59.813
35788.121737       -0.093             -59.813
35788.121737       -0.093             -59.813
35788.121737       -0.093             -59.813
35788.121737       -0.093             -59.813
35788.121737       -0.093             -59.813
35788.121737       -0.093             -59.813
35788.121737       -0.093             -59.813
35788.121737       -0.093             -59.813
35788.121737       -0.093             -59.813
35788.121737       -0.093             -59.813
35788.121737       -0.093             -59.813
35788.121737       -0.093             -59.813
35788.121737       -0.093             -59.813
35788.121737       -0.093             -59.813
35788.121737       -0.093             -59.813
35788.121737       -0.093             -59.813
35788.121737       -0.093             -59.813
35788.121737       -0.093             -59.813
35788.121737       -0.093             -59.813
35788.121737       -0.093             -59.813
35788.121737       -0.093             -59.813
35788.121737       -0.093             -59.813
35788.121737       -0.093             -59.813
35788.121737       -0.093             -59.813
35788.121737       -0.093             -59.813
35788.121737       -0.093             -59.813
35788.121737       -0.093             -59.813
35788.121737       -0.093             -59.813
35788.121737       -0.093             -59.813
35788.121737       -0.093             -59.813
35788.121737       -0.093             -59.813
35788.121736       -0.093             -59.813
35788.121736       -0.093             -59.813
35788.121736       -0.093             -59.813
35788.121736       -0.093             -59.813
35788.121736       -0.093             -59.813
35788.121736       -0.093             -59.813
35788.121736       -0.093             -59.813
35788.121736       -0.093             -59.813
35788.121736       -0.093             -59.813
35788.121736       -0.093             -59.813
35788.121736       -0.093             -59.813
35788.121736       -0.093             -59.813
35788.121736       -0.093             -59.813
35788.121736       -0.093             -59.813
35788.121736       -0.093             -59.813
35788.121736       -0.093             -59.813
35788.121736       -0.093             -59.813
35788.121736       -0.093             -59.813
35788.121736       -0.093             -59.813
35788.121736       -0.092             -59.813
35788.121736       -0.092             -59.813
35788.121736       -0.092             -59.813
35788.121736       -0.092             -59.813
35788.121736       -0.092             -59.813
35788.121736       -0.092             -59.813
35788.121736       -0.092             -59.813
35788.121736       -0.092             -59.813
35788.121736       -0.092             -59.813
35788.121736       -0.092             -59.813
35788.121736       -0.092             -59.813
35788.121736       -0.092             -59.813
35788.121736       -0.092             -59.813
35788.121736       -0.092             -59.813
35788.121736       -0.092             -59.813
35788.121736       -0.092             -59.813
35788.121736       -0.092             -59.813
35788.121736       -0.092             -59.813
35788.121736       -0.092             -59.813
35788.121736       -0.092             -59.813
35788.121736       -0.092             -59.813
35788.121736       -0.092             -59.813
35788.121736       -0.092             -59.813
35788.121736       -0.092             -59.813
35788.121736       -0.092             -59.813
35788.121736       -0.092             -59.813
35788.121736       -0.092             -59.813
35788.121736       -0.092             -59.813
35788.121736       -0.092             -59.813
35788.121736       -0.092             -59.813
35788.121736       -0.092             -59.813
35788.121736       -0.092             -59.813
35788.121736       -0.092             -59.813
35788.121736       -0.092             -59.813
35788.121736       -0.092             -59.813
35788.121736       -0.092             -59.813
35788.121736       -0.092             -59.813
35788.121736       -0.092             -59.813
35788.121736       -0.092             -59.813
35788.121736       -0.092             -59.813
35788.121736       -0.092             -59.813
35788.121736       -0.092             -59.813
35788.121736       -0.092             -59.813
35788.121736       -0.092             -59.813
35788.121736       -0.092             -59.813
35788.121735       -0.092             -59.813
35788.121735       -0.092             -59.813
35788.121735       -0.092             -59.813
35788.121735       -0.092             -59.813
35788.121735       -0.092             -59.813
35788.121735       -0.092             -59.813
35788.121735       -0.092             -59.813
35788.121735       -0.092             -59.813
35788.121735       -0.092             -59.813
35788.121735       -0.092             -59.813
35788.121735       -0.092             -59.813
35788.121735       -0.092             -59.813
35788.121735       -0.092             -59.813
35788.121735       -0.092             -59.813
35788.121735       -0.092             -59.813
35788.121735       -0.092             -59.813
35788.121735       -0.092             -59.813
35788.121735       -0.092             -59.813
35788.121735       -0.092             -59.813
35788.121735       -0.092             -59.813
35788.121735       -0.092             -59.813
35788.121735       -0.092             -59.813
35788.121735       -0.092             -59.813
35788.121735       -0.092             -59.813
35788.121735       -0.092             -59.813
35788.121735       -0.092             -59.813
35788.121735       -0.092             -59.813
35788.121735       -0.092             -59.813
35788.121735       -0.092             -59.813
35788.121735       -0.092             -59.813
35788.121735       -0.092             -59.813
35788.121735       -0.091             -59.813
35788.121735       -0.091             -59.813
35788.121735       -0.091             -59.813
35788.121735       -0.091             -59.813
35788.121735       -0.091             -59.813
35788.121735       -0.091             -59.813
35788.121735       -0.091             -59.813
35788.121735       -0.091             -59.813
35788.121735       -0.091             -59.813
35788.121735       -0.091             -59.813
35788.121735       -0.091             -59.813
35788.121735       -0.091             -59.813
35788.121735       -0.091             -59.813
35788.121735       -0.091             -59.813
35788.121735       -0.091             -59.813
35788.121735       -0.091             -59.813
35788.121735       -0.091             -59.813
35788.121735       -0.091             -59.813
35788.121735       -0.091             -59.813
35788.121735       -0.091             -59.813
35788.121735       -0.091             -59.813
35788.121735       -0.091             -59.813
35788.121735       -0.091             -59.813
35788.121735       -0.091             -59.813
35788.121735       -0.091             -59.813
35788.121735       -0.091             -59.813
35788.121735       -0.091             -59.813
35788.121735       -0.091             -59.813
35788.121735       -0.091             -59.813
35788.121735       -0.091             -59.813
35788.121735       -0.091             -59.813
35788.121735       -0.091             -59.813
35788.121734       -0.091             -59.813
35788.121734       -0.091             -59.813
35788.121734       -0.091             -59.813
35788.121734       -0.091             -59.813
35788.121734       -0.091             -59.813
35788.121734       -0.091             -59.813
35788.121734       -0.091             -59.813
35788.121734       -0.091             -59.813
35788.121734       -0.091             -59.813
35788.121734       -0.091             -59.813
35788.121734       -0.091             -59.813
35788.121734       -0.091             -59.813
35788.121734       -0.091             -59.813
35788.121734       -0.091             -59.813
35788.121734       -0.091             -59.813
35788.121734       -0.091             -59.813
35788.121734       -0.091             -59.813
35788.121734       -0.091             -59.813
35788.121734       -0.091             -59.813
35788.121734       -0.091             -59.813
35788.121734       -0.091             -59.813
35788.121734       -0.091             -59.813
35788.121734       -0.091             -59.813
35788.121734       -0.091             -59.813
35788.121734       -0.091             -59.813
35788.121734       -0.091             -59.813
35788.121734       -0.091             -59.813
35788.121734       -0.091             -59.813
35788.121734       -0.091             -59.813
35788.121734       -0.091             -59.813
35788.121734       -0.091             -59.813
35788.121734       -0.091             -59.813
35788.121734       -0.091             -59.813
35788.121734       -0.091             -59.813
35788.121734       -0.091             -59.813
35788.121734       -0.091             -59.813
35788.121734       -0.091             -59.813
35788.121734       -0.091             -59.813
35788.121734       -0.091             -59.813
35788.121734       -0.091             -59.813
35788.121734       -0.091             -59.813
35788.121734       -0.091             -59.813
35788.121734       -0.091             -59.813
35788.121734       -0.090             -59.813
35788.121734       -0.090             -59.813
35788.121734       -0.090             -59.813
35788.121734       -0.090             -59.813
35788.121734       -0.090             -59.813
35788.121734       -0.090             -59.813
35788.121734       -0.090             -59.813
35788.121734       -0.090             -59.813
35788.121734       -0.090             -59.813
35788.121734       -0.090             -59.813
35788.121734       -0.090             -59.813
35788.121734       -0.090             -59.813
35788.121734       -0.090             -59.813
35788.121734       -0.090             -59.813
35788.121734       -0.090             -59.813
35788.121734       -0.090             -59.813
35788.121734       -0.090             -59.813
35788.121734       -0.090             -59.813
35788.121734       -0.090             -59.813
35788.121734       -0.090             -59.813
35788.121734       -0.090             -59.813
35788.121733       -0.090             -59.813
35788.121733       -0.090             -59.813
35788.121733       -0.090             -59.813
35788.121733       -0.090             -59.813
35788.121733       -0.090             -59.813
35788.121733       -0.090             -59.813
35788.121733       -0.090             -59.813
35788.121733       -0.090             -59.813
35788.121733       -0.090             -59.813
35788.121733       -0.090             -59.813
35788.121733       -0.090             -59.813
35788.121733       -0.090             -59.813
35788.121733       -0.090             -59.813
35788.121733       -0.090             -59.813
35788.121733       -0.090             -59.813
35788.121733       -0.090             -59.813
35788.121733       -0.090             -59.813
35788.121733       -0.090             -59.813
35788.121733       -0.090             -59.813
35788.121733       -0.090             -59.813
35788.121733       -0.090             -59.813
35788.121733       -0.090             -59.813
35788.121733       -0.090             -59.813
35788.121733       -0.090             -59.813
35788.121733       -0.090             -59.813
35788.121733       -0.090             -59.813
35788.121733       -0.090             -59.813
35788.121733       -0.090             -59.813
35788.121733       -0.090             -59.813
35788.121733       -0.090             -59.813
35788.121733       -0.090             -59.813
35788.121733       -0.090             -59.813
35788.121733       -0.090             -59.813
35788.121733       -0.090             -59.813
35788.121733       -0.090             -59.813
35788.121733       -0.090             -59.813
35788.121733       -0.090             -59.813
35788.121733       -0.090             -59.813
35788.121733       -0.090             -59.813
35788.121733       -0.090             -59.813
35788.121733       -0.090             -59.813
35788.121733       -0.090             -59.813
35788.121733       -0.090             -59.813
35788.121733       -0.090             -59.813
35788.121733       -0.090             -59.813
35788.121733       -0.090             -59.813
35788.121733       -0.090             -59.813
35788.121733       -0.090             -59.813
35788.121733       -0.090             -59.813
35788.121733       -0.090             -59.813
35788.121733       -0.090             -59.813
35788.121733       -0.090             -59.813
35788.121733       -0.090             -59.813
35788.121733       -0.090             -59.813
35788.121733       -0.090             -59.813
35788.121733       -0.089             -59.813
35788.121733       -0.089             -59.813
35788.121733       -0.089             -59.813
35788.121733       -0.089             -59.813
35788.121733       -0.089             -59.813
35788.121733       -0.089             -59.813
35788.121733       -0.089             -59.813
35788.121733       -0.089             -59.813
35788.121733       -0.089             -59.813
35788.121732       -0.089             -59.813
35788.121732       -0.089             -59.813
35788.121732       -0.089             -59.813
35788.121732       -0.089             -59.813
35788.121732       -0.089             -59.813
35788.121732       -0.089             -59.813
35788.121732       -0.089             -59.813
35788.121732       -0.089             -59.813
35788.121732       -0.089             -59.813
35788.121732       -0.089             -59.813
35788.121732       -0.089             -59.813
35788.121732       -0.089             -59.813
35788.121732       -0.089             -59.813
35788.121732       -0.089             -59.813
35788.121732       -0.089             -59.813
35788.121732       -0.089             -59.813
35788.121732       -0.089             -59.813
35788.121732       -0.089             -59.813
35788.121732       -0.089             -59.813
35788.121732       -0.089             -59.813
35788.121732       -0.089             -59.813
35788.121732       -0.089             -59.813
35788.121732       -0.089             -59.813
35788.121732       -0.089             -59.813
35788.121732       -0.089             -59.813
35788.121732       -0.089             -59.813
35788.121732       -0.089             -59.813
35788.121732       -0.089             -59.813
35788.121732       -0.089             -59.813
35788.121732       -0.089             -59.813
35788.121732       -0.089             -59.813
35788.121732       -0.089             -59.813
35788.121732       -0.089             -59.813
35788.121732       -0.089             -59.813
35788.121732       -0.089             -59.813
35788.121732       -0.089             -59.813
35788.121732       -0.089             -59.813
35788.121732       -0.089             -59.813
35788.121732       -0.089             -59.813
35788.121732       -0.089             -59.813
35788.121732       -0.089             -59.813
35788.121732       -0.089             -59.813
35788.121732       -0.089             -59.813
35788.121732       -0.089             -59.813
35788.121732       -0.089             -59.813
35788.121732       -0.089             -59.813
35788.121732       -0.089             -59.813
35788.121732       -0.089             -59.813
35788.121732       -0.089             -59.813
35788.121732       -0.089             -59.813
35788.121732       -0.089             -59.813
35788.121732       -0.089             -59.813
35788.121732       -0.089             -59.813
35788.121732       -0.089             -59.813
35788.121732       -0.089             -59.813
35788.121732       -0.089             -59.813
35788.121732       -0.089             -59.813
35788.121732       -0.089             -59.813
35788.121732       -0.089             -59.813
35788.121732       -0.089             -59.813
35788.121732       -0.089             -59.813
35788.121732       -0.089             -59.813
35788.121732       -0.089             -59.813
35788.121732       -0.089             -59.813
35788.121732       -0.089             -59.813
35788.121731       -0.088             -59.813
35788.121731       -0.088             -59.813
35788.121731       -0.088             -59.813
35788.121731       -0.088             -59.813
35788.121731       -0.088             -59.813
35788.121731       -0.088             -59.813
35788.121731       -0.088             -59.813
35788.121731       -0.088             -59.813
35788.121731       -0.088             -59.813
35788.121731       -0.088             -59.813
35788.121731       -0.088             -59.813
35788.121731       -0.088             -59.813
35788.121731       -0.088             -59.813
35788.121731       -0.088             -59.813
35788.121731       -0.088             -59.813
35788.121731       -0.088             -59.813
35788.121731       -0.088             -59.813
35788.121731       -0.088             -59.813
35788.121731       -0.088             -59.813
35788.121731       -0.088             -59.813
35788.121731       -0.088             -59.813
35788.121731       -0.088             -59.813
35788.121731       -0.088             -59.813
35788.121731       -0.088             -59.813
35788.121731       -0.088             -59.813
35788.121731       -0.088             -59.813
35788.121731       -0.088             -59.813
35788.121731       -0.088             -59.813
35788.121731       -0.088             -59.813
35788.121731       -0.088             -59.813
35788.121731       -0.088             -59.813
35788.121731       -0.088             -59.813
35788.121731       -0.088             -59.813
35788.121731       -0.088             -59.813
35788.121731       -0.088             -59.813
35788.121731       -0.088             -59.813
35788.121731       -0.088             -59.813
35788.121731       -0.088             -59.813
35788.121731       -0.088             -59.813
35788.121731       -0.088             -59.813
35788.121731       -0.088             -59.813
35788.121731       -0.088             -59.813
35788.121731       -0.088             -59.813
35788.121731       -0.088             -59.813
35788.121731       -0.088             -59.813
35788.121731       -0.088             -59.813
35788.121731       -0.088             -59.813
35788.121731       -0.088             -59.813
35788.121731       -0.088             -59.813
35788.121731       -0.088             -59.813
35788.121731       -0.088             -59.813
35788.121731       -0.088             -59.813
35788.121731       -0.088             -59.813
35788.121731       -0.088             -59.813
35788.121731       -0.088             -59.813
35788.121731       -0.088             -59.813
35788.121731       -0.088             -59.813
35788.121731       -0.088             -59.813
35788.121731       -0.088             -59.813
35788.121731       -0.088             -59.813
35788.121731       -0.088             -59.813
35788.121731       -0.088             -59.813
35788.121731       -0.088             -59.813
35788.121731       -0.088             -59.813
35788.121731       -0.088             -59.813
35788.121730       -0.088             -59.813
35788.121730       -0.088             -59.813
35788.121730       -0.088             -59.813
35788.121730       -0.088             -59.813
35788.121730       -0.088             -59.813
35788.121730       -0.088             -59.813
35788.121730       -0.088             -59.813
35788.121730       -0.088             -59.813
35788.121730       -0.088             -59.813
35788.121730       -0.088             -59.813
35788.121730       -0.087             -59.813
35788.121730       -0.087             -59.813
35788.121730       -0.087             -59.813
35788.121730       -0.087             -59.813
35788.121730       -0.087             -59.813
35788.121730       -0.087             -59.813
35788.121730       -0.087             -59.813
35788.121730       -0.087             -59.813
35788.121730       -0.087             -59.813
35788.121730       -0.087             -59.813
35788.121730       -0.087             -59.813
35788.121730       -0.087             -59.813
35788.121730       -0.087             -59.813
35788.121730       -0.087             -59.813
35788.121730       -0.087             -59.813
35788.121730       -0.087             -59.813
35788.121730       -0.087             -59.813
35788.121730       -0.087             -59.813
35788.121730       -0.087             -59.813
35788.121730       -0.087             -59.813
35788.121730       -0.087             -59.813
35788.121730       -0.087             -59.813
35788.121730       -0.087             -59.813
35788.121730       -0.087             -59.813
35788.121730       -0.087             -59.813
35788.121730       -0.087             -59.813
35788.121730       -0.087             -59.813
35788.121730       -0.087             -59.813
35788.121730       -0.087             -59.813
35788.121730       -0.087             -59.813
35788.121730       -0.087             -59.813
35788.121730       -0.087             -59.813
35788.121730       -0.087             -59.813
35788.121730       -0.087             -59.813
35788.121730       -0.087             -59.813
35788.121730       -0.087             -59.813
35788.121730       -0.087             -59.813
35788.121730       -0.087             -59.813
35788.121730       -0.087             -59.813
35788.121730       -0.087             -59.813
35788.121730       -0.087             -59.813
35788.121730       -0.087             -59.813
35788.121730       -0.087             -59.813
35788.121730       -0.087             -59.813
35788.121730       -0.087             -59.813
35788.121730       -0.087             -59.813
35788.121730       -0.087             -59.813
35788.121730       -0.087             -59.813
35788.121730       -0.087             -59.813
35788.121730       -0.087             -59.813
35788.121730       -0.087             -59.813
35788.121730       -0.087             -59.813
35788.121730       -0.087             -59.813
35788.121730       -0.087             -59.813
35788.121730       -0.087             -59.813
35788.121730       -0.087             -59.813
35788.121729       -0.087             -59.813
35788.121729       -0.087             -59.813
35788.121729       -0.087             -59.813
35788.121729       -0.087             -59.813
35788.121729       -0.087             -59.813
35788.121729       -0.087             -59.813
35788.121729       -0.087             -59.813
35788.121729       -0.087             -59.813
35788.121729       -0.087             -59.813
35788.121729       -0.087             -59.813
35788.121729       -0.087             -59.813
35788.121729       -0.087             -59.813
35788.121729       -0.087             -59.813
35788.121729       -0.087             -59.813
35788.121729       -0.087             -59.813
35788.121729       -0.087             -59.813
35788.121729       -0.087             -59.813
35788.121729       -0.087             -59.813
35788.121729       -0.087             -59.813
35788.121729       -0.086             -59.813
35788.121729       -0.086             -59.813
35788.121729       -0.086             -59.813
35788.121729       -0.086             -59.813
35788.121729       -0.086             -59.813
35788.121729       -0.086             -59.813
35788.121729       -0.086             -59.813
35788.121729       -0.086             -59.813
35788.121729       -0.086             -59.813
35788.121729       -0.086             -59.813
35788.121729       -0.086             -59.813
35788.121729       -0.086             -59.813
35788.121729       -0.086             -59.813
35788.121729       -0.086             -59.813
35788.121729       -0.086             -59.813
35788.121729       -0.086             -59.813
35788.121729       -0.086             -59.813
35788.121729       -0.086             -59.813
35788.121729       -0.086             -59.813
35788.121729       -0.086             -59.813
35788.121729       -0.086             -59.813
35788.121729       -0.086             -59.813
35788.121729       -0.086             -59.813
35788.121729       -0.086             -59.813
35788.121729       -0.086             -59.813
35788.121729       -0.086             -59.813
35788.121729       -0.086             -59.813
35788.121729       -0.086             -59.813
35788.121729       -0.086             -59.813
35788.121729       -0.086             -59.813
35788.121729       -0.086             -59.813
35788.121729       -0.086             -59.813
35788.121729       -0.086             -59.813
35788.121729       -0.086             -59.813
35788.121729       -0.086             -59.813
35788.121729       -0.086             -59.813
35788.121729       -0.086             -59.813
35788.121729       -0.086             -59.813
35788.121729       -0.086             -59.813
35788.121729       -0.086             -59.813
35788.121729       -0.086             -59.813
35788.121729       -0.086             -59.813
35788.121729       -0.086             -59.813
35788.121729       -0.086             -59.813
35788.121729       -0.086             -59.813
35788.121729       -0.086             -59.813
35788.121729       -0.086             -59.813
35788.121729       -0.086             -59.813
35788.121728       -0.086             -59.813
35788.121728       -0.086             -59.813
35788.121728       -0.086             -59.813
35788.121728       -0.086             -59.813
35788.121728       -0.086             -59.813
35788.121728       -0.086             -59.813
35788.121728       -0.086             -59.813
35788.121728       -0.086             -59.813
35788.121728       -0.086             -59.813
35788.121728       -0.086             -59.813
35788.121728       -0.086             -59.813
35788.121728       -0.086             -59.813
35788.121728       -0.086             -59.813
35788.121728       -0.086             -59.813
35788.121728       -0.086             -59.813
35788.121728       -0.086             -59.813
35788.121728       -0.086             -59.813
35788.121728       -0.086             -59.813
35788.121728       -0.086             -59.813
35788.121728       -0.086             -59.813
35788.121728       -0.086             -59.813
35788.121728       -0.086             -59.813
35788.121728       -0.086             -59.813
35788.121728       -0.086             -59.813
35788.121728       -0.086             -59.813
35788.121728       -0.086             -59.813
35788.121728       -0.085             -59.813
35788.121728       -0.085             -59.813
35788.121728       -0.085             -59.813
35788.121728       -0.085             -59.813
35788.121728       -0.085             -59.813
35788.121728       -0.085             -59.813
35788.121728       -0.085             -59.813
35788.121728       -0.085             -59.813
35788.121728       -0.085             -59.813
35788.121728       -0.085             -59.813
35788.121728       -0.085             -59.813
35788.121728       -0.085             -59.813
35788.121728       -0.085             -59.813
35788.121728       -0.085             -59.813
35788.121728       -0.085             -59.813
35788.121728       -0.085             -59.813
35788.121728       -0.085             -59.813
35788.121728       -0.085             -59.813
35788.121728       -0.085             -59.813
35788.121728       -0.085             -59.813
35788.121728       -0.085             -59.813
35788.121728       -0.085             -59.813
35788.121728       -0.085             -59.813
35788.121728       -0.085             -59.813
35788.121728       -0.085             -59.813
35788.121728       -0.085             -59.813
35788.121728       -0.085             -59.813
35788.121728       -0.085             -59.813
35788.121728       -0.085             -59.813
35788.121728       -0.085             -59.813
35788.121728       -0.085             -59.813
35788.121728       -0.085             -59.813
35788.121728       -0.085             -59.813
35788.121728       -0.085             -59.813
35788.121728       -0.085             -59.813
35788.121728       -0.085             -59.813
35788.121728       -0.085             -59.813
35788.121728       -0.085             -59.813
35788.121728       -0.085             -59.813
35788.121728       -0.085             -59.813
35788.121728       -0.085             -59.813
35788.121727       -0.085             -59.813
35788.121727       -0.085             -59.813
35788.121727       -0.085             -59.813
35788.121727       -0.085             -59.813
35788.121727       -0.085             -59.813
35788.121727       -0.085             -59.813
35788.121727       -0.085             -59.813
35788.121727       -0.085             -59.813
35788.121727       -0.085             -59.813
35788.121727       -0.085             -59.813
35788.121727       -0.085             -59.813
35788.121727       -0.085             -59.813
35788.121727       -0.085             -59.813
35788.121727       -0.085             -59.813
35788.121727       -0.085             -59.813
35788.121727       -0.085             -59.813
35788.121727       -0.085             -59.813
35788.121727       -0.085             -59.813
35788.121727       -0.085             -59.813
35788.121727       -0.085             -59.813
35788.121727       -0.085             -59.813
35788.121727       -0.085             -59.813
35788.121727       -0.085             -59.813
35788.121727       -0.085             -59.813
35788.121727       -0.085             -59.813
35788.121727       -0.085             -59.813
35788.121727       -0.085             -59.813
35788.121727       -0.085             -59.813
35788.121727       -0.085             -59.813
35788.121727       -0.085             -59.813
35788.121727       -0.085             -59.813
35788.121727       -0.085             -59.813
35788.121727       -0.085             -59.813
35788.121727       -0.084             -59.813
35788.121727       -0.084             -59.813
35788.121727       -0.084             -59.813
35788.121727       -0.084             -59.813
35788.121727       -0.084             -59.813
35788.121727       -0.084             -59.813
35788.121727       -0.084             -59.813
35788.121727       -0.084             -59.813
35788.121727       -0.084             -59.813
35788.121727       -0.084             -59.813
35788.121727       -0.084             -59.813
35788.121727       -0.084             -59.813
35788.121727       -0.084             -59.813
35788.121727       -0.084             -59.813
35788.121727       -0.084             -59.813
35788.121727       -0.084             -59.813
35788.121727       -0.084             -59.813
35788.121727       -0.084             -59.813
35788.121727       -0.084             -59.813
35788.121727       -0.084             -59.813
35788.121727       -0.084             -59.813
35788.121727       -0.084             -59.813
35788.121727       -0.084             -59.813
35788.121727       -0.084             -59.813
35788.121727       -0.084             -59.813
35788.121727       -0.084             -59.813
35788.121727       -0.084             -59.813
35788.121727       -0.084             -59.813
35788.121727       -0.084             -59.813
35788.121727       -0.084             -59.813
35788.121727       -0.084             -59.813
35788.121727       -0.084             -59.813
35788.121727       -0.084             -59.813
35788.121727       -0.084             -59.813
35788.121726       -0.084             -59.813
35788.121726       -0.084             -59.813
35788.121726       -0.084             -59.813
35788.121726       -0.084             -59.813
35788.121726       -0.084             -59.813
35788.121726       -0.084             -59.813
35788.121726       -0.084             -59.813
35788.121726       -0.084             -59.813
35788.121726       -0.084             -59.813
35788.121726       -0.084             -59.813
35788.121726       -0.084             -59.813
35788.121726       -0.084             -59.813
35788.121726       -0.084             -59.813
35788.121726       -0.084             -59.813
35788.121726       -0.084             -59.813
35788.121726       -0.084             -59.813
35788.121726       -0.084             -59.813
35788.121726       -0.084             -59.813
35788.121726       -0.084             -59.813
35788.121726       -0.084             -59.813
35788.121726       -0.084             -59.813
35788.121726       -0.084             -59.813
35788.121726       -0.084             -59.813
35788.121726       -0.084             -59.813
35788.121726       -0.084             -59.813
35788.121726       -0.084             -59.813
35788.121726       -0.084             -59.813
35788.121726       -0.084             -59.813
35788.121726       -0.084             -59.813
35788.121726       -0.084             -59.813
35788.121726       -0.084             -59.813
35788.121726       -0.084             -59.813
35788.121726       -0.084             -59.813
35788.121726       -0.084             -59.813
35788.121726       -0.084             -59.813
35788.121726       -0.084             -59.813
35788.121726       -0.084             -59.813
35788.121726       -0.084             -59.813
35788.121726       -0.084             -59.813
35788.121726       -0.084             -59.813
35788.121726       -0.083             -59.813
35788.121726       -0.083             -59.813
35788.121726       -0.083             -59.813
35788.121726       -0.083             -59.813
35788.121726       -0.083             -59.813
35788.121726       -0.083             -59.813
35788.121726       -0.083             -59.813
35788.121726       -0.083             -59.813
35788.121726       -0.083             -59.813
35788.121726       -0.083             -59.813
35788.121726       -0.083             -59.813
35788.121726       -0.083             -59.813
35788.121726       -0.083             -59.813
35788.121726       -0.083             -59.813
35788.121726       -0.083             -59.813
35788.121726       -0.083             -59.813
35788.121726       -0.083             -59.813
35788.121726       -0.083             -59.813
35788.121726       -0.083             -59.813
35788.121726       -0.083             -59.813
35788.121726       -0.083             -59.813
35788.121726       -0.083             -59.813
35788.121726       -0.083             -59.813
35788.121726       -0.083             -59.813
35788.121726       -0.083             -59.813
35788.121726       -0.083             -59.813
35788.121726       -0.083             -59.813
35788.121726       -0.083             -59.813
35788.121725       -0.083             -59.813
35788.121725       -0.083             -59.813
35788.121725       -0.083             -59.813
35788.121725       -0.083             -59.813
35788.121725       -0.083             -59.813
35788.121725       -0.083             -59.813
35788.121725       -0.083             -59.813
35788.121725       -0.083             -59.813
35788.121725       -0.083             -59.813
35788.121725       -0.083             -59.813
35788.121725       -0.083             -59.813
35788.121725       -0.083             -59.813
35788.121725       -0.083             -59.813
35788.121725       -0.083             -59.813
35788.121725       -0.083             -59.813
35788.121725       -0.083             -59.813
35788.121725       -0.083             -59.813
35788.121725       -0.083             -59.813
35788.121725       -0.083             -59.813
35788.121725       -0.083             -59.813
35788.121725       -0.083             -59.813
35788.121725       -0.083             -59.813
35788.121725       -0.083             -59.813
35788.121725       -0.083             -59.813
35788.121725       -0.083             -59.813
35788.121725       -0.083             -59.813
35788.121725       -0.083             -59.813
35788.121725       -0.083             -59.813
35788.121725       -0.083             -59.813
35788.121725       -0.083             -59.813
35788.121725       -0.083             -59.813
35788.121725       -0.083             -59.813
35788.121725       -0.083             -59.813
35788.121725       -0.083             -59.813
35788.121725       -0.083             -59.813
35788.121725       -0.083             -59.813
35788.121725       -0.083             -59.813
35788.121725       -0.083             -59.813
35788.121725       -0.083             -59.813
35788.121725       -0.083             -59.813
35788.121725       -0.083             -59.813
35788.121725       -0.083             -59.813
35788.121725       -0.083             -59.813
35788.121725       -0.083             -59.813
35788.121725       -0.083             -59.813
35788.121725       -0.083             -59.813
35788.121725       -0.082             -59.813
35788.121725       -0.082             -59.813
35788.121725       -0.082             -59.813
35788.121725       -0.082             -59.813
35788.121725       -0.082             -59.813
35788.121725       -0.082             -59.813
35788.121725       -0.082             -59.813
35788.121725       -0.082             -59.813
35788.121725       -0.082             -59.813
35788.121725       -0.082             -59.813
35788.121725       -0.082             -59.813
35788.121725       -0.082             -59.813
35788.121725       -0.082             -59.813
35788.121725       -0.082             -59.813
35788.121725       -0.082             -59.813
35788.121725       -0.082             -59.813
35788.121725       -0.082             -59.813
35788.121725       -0.082             -59.813
35788.121725       -0.082             -59.813
35788.121725       -0.082             -59.813
35788.121725       -0.082             -59.813
35788.121725       -0.082             -59.813
35788.121725       -0.082             -59.813
35788.121724       -0.082             -59.813
35788.121724       -0.082             -59.813
35788.121724       -0.082             -59.813
35788.121724       -0.082             -59.813
35788.121724       -0.082             -59.813
35788.121724       -0.082             -59.813
35788.121724       -0.082             -59.813
35788.121724       -0.082             -59.813
35788.121724       -0.082             -59.813
35788.121724       -0.082             -59.813
35788.121724       -0.082             -59.813
35788.121724       -0.082             -59.813
35788.121724       -0.082             -59.813
35788.121724       -0.082             -59.813
35788.121724       -0.082             -59.813
35788.121724       -0.082             -59.813
35788.121724       -0.082             -59.813
35788.121724       -0.082             -59.813
35788.121724       -0.082             -59.813
35788.121724       -0.082             -59.813
35788.121724       -0.082             -59.813
35788.121724       -0.082             -59.813
35788.121724       -0.082             -59.813
35788.121724       -0.082             -59.813
35788.121724       -0.082             -59.813
35788.121724       -0.082             -59.813
35788.121724       -0.082             -59.813
35788.121724       -0.082             -59.813
35788.121724       -0.082             -59.813
35788.121724       -0.082             -59.813
35788.121724       -0.082             -59.813
35788.121724       -0.082             -59.813
35788.121724       -0.082             -59.813
35788.121724       -0.082             -59.813
35788.121724       -0.082             -59.813
35788.121724       -0.082             -59.813
35788.121724       -0.082             -59.813
35788.121724       -0.082             -59.813
35788.121724       -0.082             -59.813
35788.121724       -0.082             -59.813
35788.121724       -0.082             -59.813
35788.121724       -0.082             -59.813
35788.121724       -0.082             -59.813
35788.121724       -0.082             -59.813
35788.121724       -0.082             -59.813
35788.121724       -0.082             -59.813
35788.121724       -0.082             -59.813
35788.121724       -0.082             -59.813
35788.121724       -0.082             -59.813
35788.121724       -0.082             -59.813
35788.121724       -0.082             -59.813
35788.121724       -0.081             -59.813
35788.121724       -0.081             -59.813
35788.121724       -0.081             -59.813
35788.121724       -0.081             -59.813
35788.121724       -0.081             -59.813
35788.121724       -0.081             -59.813
35788.121724       -0.081             -59.813
35788.121724       -0.081             -59.813
35788.121724       -0.081             -59.813
35788.121724       -0.081             -59.813
35788.121724       -0.081             -59.813
35788.121724       -0.081             -59.813
35788.121724       -0.081             -59.813
35788.121724       -0.081             -59.813
35788.121724       -0.081             -59.813
35788.121724       -0.081             -59.813
35788.121724       -0.081             -59.813
35788.121724       -0.081             -59.813
35788.121723       -0.081             -59.813
35788.121723       -0.081             -59.813
35788.121723       -0.081             -59.813
35788.121723       -0.081             -59.813
35788.121723       -0.081             -59.813
35788.121723       -0.081             -59.813
35788.121723       -0.081             -59.813
35788.121723       -0.081             -59.813
35788.121723       -0.081             -59.813
35788.121723       -0.081             -59.813
35788.121723       -0.081             -59.813
35788.121723       -0.081             -59.813
35788.121723       -0.081             -59.813
35788.121723       -0.081             -59.813
35788.121723       -0.081             -59.813
35788.121723       -0.081             -59.813
35788.121723       -0.081             -59.813
35788.121723       -0.081             -59.813
35788.121723       -0.081             -59.813
35788.121723       -0.081             -59.813
35788.121723       -0.081             -59.813
35788.121723       -0.081             -59.813
35788.121723       -0.081             -59.813
35788.121723       -0.081             -59.813
35788.121723       -0.081             -59.813
35788.121723       -0.081             -59.813
35788.121723       -0.081             -59.813
35788.121723       -0.081             -59.813
35788.121723       -0.081             -59.813
35788.121723       -0.081             -59.813
35788.121723       -0.081             -59.813
35788.121723       -0.081             -59.813
35788.121723       -0.081             -59.813
35788.121723       -0.081             -59.813
35788.121723       -0.081             -59.813
35788.121723       -0.081             -59.813
35788.121723       -0.081             -59.813
35788.121723       -0.081             -59.813
35788.121723       -0.081             -59.813
35788.121723       -0.081             -59.813
35788.121723       -0.081             -59.813
35788.121723       -0.081             -59.813
35788.121723       -0.081             -59.813
35788.121723       -0.081             -59.813
35788.121723       -0.081             -59.813
35788.121723       -0.081             -59.813
35788.121723       -0.081             -59.813
35788.121723       -0.081             -59.813
35788.121723       -0.081             -59.813
35788.121723       -0.081             -59.813
35788.121723       -0.081             -59.813
35788.121723       -0.081             -59.813
35788.121723       -0.081             -59.813
35788.121723       -0.081             -59.813
35788.121723       -0.081             -59.813
35788.121723       -0.080             -59.813
35788.121723       -0.080             -59.813
35788.121723       -0.080             -59.813
35788.121723       -0.080             -59.813
35788.121723       -0.080             -59.813
35788.121723       -0.080             -59.813
35788.121723       -0.080             -59.813
35788.121723       -0.080             -59.813
35788.121723       -0.080             -59.813
35788.121723       -0.080             -59.813
35788.121723       -0.080             -59.813
35788.121723       -0.080             -59.813
35788.121723       -0.080             -59.813
35788.121723       -0.080             -59.813
35788.121723       -0.080             -59.813
35788.121722       -0.080             -59.813
35788.121722       -0.080             -59.813
35788.121722       -0.080             -59.813
35788.121722       -0.080             -59.813
35788.121722       -0.080             -59.813
35788.121722       -0.080             -59.813
35788.121722       -0.080             -59.813
35788.121722       -0.080             -59.813
35788.121722       -0.080             -59.813
35788.121722       -0.080             -59.813
35788.121722       -0.080             -59.813
35788.121722       -0.080             -59.813
35788.121722       -0.080             -59.813
35788.121722       -0.080             -59.813
35788.121722       -0.080             -59.813
35788.121722       -0.080             -59.813
35788.121722       -0.080             -59.813
35788.121722       -0.080             -59.813
35788.121722       -0.080             -59.813
35788.121722       -0.080             -59.813
35788.121722       -0.080             -59.813
35788.121722       -0.080             -59.813
35788.121722       -0.080             -59.813
35788.121722       -0.080             -59.813
35788.121722       -0.080             -59.813
35788.121722       -0.080             -59.813
35788.121722       -0.080             -59.813
35788.121722       -0.080             -59.813
35788.121722       -0.080             -59.813
35788.121722       -0.080             -59.813
35788.121722       -0.080             -59.813
35788.121722       -0.080             -59.813
35788.121722       -0.080             -59.813
35788.121722       -0.080             -59.813
35788.121722       -0.080             -59.813
35788.121722       -0.080             -59.813
35788.121722       -0.080             -59.813
35788.121722       -0.080             -59.813
35788.121722       -0.080             -59.813
35788.121722       -0.080             -59.813
35788.121722       -0.080             -59.813
35788.121722       -0.080             -59.813
35788.121722       -0.080             -59.813
35788.121722       -0.080             -59.813
35788.121722       -0.080             -59.813
35788.121722       -0.080             -59.813
35788.121722       -0.080             -59.813
35788.121722       -0.080             -59.813
35788.121722       -0.080             -59.813
35788.121722       -0.080             -59.813
35788.121722       -0.080             -59.813
35788.121722       -0.080             -59.813
35788.121722       -0.080             -59.813
35788.121722       -0.080             -59.813
35788.121722       -0.080             -59.813
35788.121722       -0.080             -59.813
35788.121722       -0.080             -59.813
35788.121722       -0.080             -59.813
35788.121722       -0.080             -59.813
35788.121722       -0.079             -59.813
35788.121722       -0.079             -59.813
35788.121722       -0.079             -59.813
35788.121722       -0.079             -59.813
35788.121722       -0.079             -59.813
35788.121722       -0.079             -59.813
35788.121722       -0.079             -59.813
35788.121722       -0.079             -59.813
35788.121722       -0.079             -59.813
35788.121722       -0.079             -59.813
35788.121722       -0.079             -59.813
35788.121722       -0.079             -59.813
35788.121721       -0.079             -59.813
35788.121721       -0.079             -59.813
35788.121721       -0.079             -59.813
35788.121721       -0.079             -59.813
35788.121721       -0.079             -59.813
35788.121721       -0.079             -59.813
35788.121721       -0.079             -59.813
35788.121721       -0.079             -59.813
35788.121721       -0.079             -59.813
35788.121721       -0.079             -59.813
35788.121721       -0.079             -59.813
35788.121721       -0.079             -59.813
35788.121721       -0.079             -59.813
35788.121721       -0.079             -59.813
35788.121721       -0.079             -59.813
35788.121721       -0.079             -59.813
35788.121721       -0.079             -59.813
35788.121721       -0.079             -59.813
35788.121721       -0.079             -59.813
35788.121721       -0.079             -59.813
35788.121721       -0.079             -59.813
35788.121721       -0.079             -59.813
35788.121721       -0.079             -59.813
35788.121721       -0.079             -59.813
35788.121721       -0.079             -59.813
35788.121721       -0.079             -59.813
35788.121721       -0.079             -59.813
35788.121721       -0.079             -59.813
35788.121721       -0.079             -59.813
35788.121721       -0.079             -59.813
35788.121721       -0.079             -59.813
35788.121721       -0.079             -59.813
35788.121721       -0.079             -59.813
35788.121721       -0.079             -59.813
35788.121721       -0.079             -59.813
35788.121721       -0.079             -59.813
35788.121721       -0.079             -59.813
35788.121721       -0.079             -59.813
35788.121721       -0.079             -59.813
35788.121721       -0.079             -59.813
35788.121721       -0.079             -59.813
35788.121721       -0.079             -59.813
35788.121721       -0.079             -59.813
35788.121721       -0.079             -59.813
35788.121721       -0.079             -59.813
35788.121721       -0.079             -59.813
35788.121721       -0.079             -59.813
35788.121721       -0.079             -59.813
35788.121721       -0.079             -59.813
35788.121721       -0.079             -59.813
35788.121721       -0.079             -59.813
35788.121721       -0.079             -59.813
35788.121721       -0.079             -59.813
35788.121721       -0.079             -59.813
35788.121721       -0.079             -59.813
35788.121721       -0.079             -59.813
35788.121721       -0.079             -59.813
35788.121721       -0.079             -59.813
35788.121721       -0.079             -59.813
35788.121721       -0.079             -59.813
35788.121721       -0.079             -59.813
35788.121721       -0.078             -59.813
35788.121721       -0.078             -59.813
35788.121721       -0.078             -59.813
35788.121721       -0.078             -59.813
35788.121721       -0.078             -59.813
35788.121721       -0.078             -59.813
35788.121721       -0.078             -59.813
35788.121721       -0.078             -59.813
35788.121721       -0.078             -59.813
35788.121721       -0.078             -59.813
35788.121720       -0.078             -59.813
35788.121720       -0.078             -59.813
35788.121720       -0.078             -59.813
35788.121720       -0.078             -59.813
35788.121720       -0.078             -59.813
35788.121720       -0.078             -59.813
35788.121720       -0.078             -59.813
35788.121720       -0.078             -59.813
35788.121720       -0.078             -59.813
35788.121720       -0.078             -59.813
35788.121720       -0.078             -59.813
35788.121720       -0.078             -59.813
35788.121720       -0.078             -59.813
35788.121720       -0.078             -59.813
35788.121720       -0.078             -59.813
35788.121720       -0.078             -59.813
35788.121720       -0.078             -59.813
35788.121720       -0.078             -59.813
35788.121720       -0.078             -59.813
35788.121720       -0.078             -59.813
35788.121720       -0.078             -59.813
35788.121720       -0.078             -59.813
35788.121720       -0.078             -59.813
35788.121720       -0.078             -59.813
35788.121720       -0.078             -59.813
35788.121720       -0.078             -59.813
35788.121720       -0.078             -59.813
35788.121720       -0.078             -59.813
35788.121720       -0.078             -59.813
35788.121720       -0.078             -59.813
35788.121720       -0.078             -59.813
35788.121720       -0.078             -59.813
35788.121720       -0.078             -59.813
35788.121720       -0.078             -59.813
35788.121720       -0.078             -59.813
35788.121720       -0.078             -59.813
35788.121720       -0.078             -59.813
35788.121720       -0.078             -59.813
35788.121720       -0.078             -59.813
35788.121720       -0.078             -59.813
35788.121720       -0.078             -59.813
35788.121720       -0.078             -59.813
35788.121720       -0.078             -59.813
35788.121720       -0.078             -59.813
35788.121720       -0.078             -59.813
35788.121720       -0.078             -59.813
35788.121720       -0.078             -59.813
35788.121720       -0.078             -59.813
35788.121720       -0.078             -59.813
35788.121720       -0.078             -59.813
35788.121720       -0.078             -59.813
35788.121720       -0.078             -59.813
35788.121720       -0.078             -59.813
35788.121720       -0.078             -59.813
35788.121720       -0.078             -59.813
35788.121720       -0.078             -59.813
35788.121720       -0.078             -59.813
35788.121720       -0.078             -59.813
35788.121720       -0.078             -59.813
35788.121720       -0.078             -59.813
35788.121720       -0.078             -59.813
35788.121720       -0.078             -59.813
35788.121720       -0.078             -59.813
35788.121720       -0.077             -59.813
35788.121720       -0.077             -59.813
35788.121720       -0.077             -59.813
35788.121720       -0.077             -59.813
35788.121720       -0.077             -59.813
35788.121720       -0.077             -59.813
35788.121720       -0.077             -59.813
35788.121720       -0.077             -59.813
35788.121720       -0.077             -59.813
35788.121719       -0.077             -59.813
35788.121719       -0.077             -59.813
35788.121719       -0.077             -59.813
35788.121719       -0.077             -59.813
35788.121719       -0.077             -59.813
35788.121719       -0.077             -59.813
35788.121719       -0.077             -59.813
35788.121719       -0.077             -59.813
35788.121719       -0.077             -59.813
35788.121719       -0.077             -59.813
35788.121719       -0.077             -59.813
35788.121719       -0.077             -59.813
35788.121719       -0.077             -59.813
35788.121719       -0.077             -59.813
35788.121719       -0.077             -59.813
35788.121719       -0.077             -59.813
35788.121719       -0.077             -59.813
35788.121719       -0.077             -59.813
35788.121719       -0.077             -59.813
35788.121719       -0.077             -59.813
35788.121719       -0.077             -59.813
35788.121719       -0.077             -59.813
35788.121719       -0.077             -59.813
35788.121719       -0.077             -59.813
35788.121719       -0.077             -59.813
35788.121719       -0.077             -59.813
35788.121719       -0.077             -59.813
35788.121719       -0.077             -59.813
35788.121719       -0.077             -59.813
35788.121719       -0.077             -59.813
35788.121719       -0.077             -59.813
35788.121719       -0.077             -59.813
35788.121719       -0.077             -59.813
35788.121719       -0.077             -59.813
35788.121719       -0.077             -59.813
35788.121719       -0.077             -59.813
35788.121719       -0.077             -59.813
35788.121719       -0.077             -59.813
35788.121719       -0.077             -59.813
35788.121719       -0.077             -59.813
35788.121719       -0.077             -59.813
35788.121719       -0.077             -59.813
35788.121719       -0.077             -59.813
35788.121719       -0.077             -59.813
35788.121719       -0.077             -59.813
35788.121719       -0.077             -59.813
35788.121719       -0.077             -59.813
35788.121719       -0.077             -59.813
35788.121719       -0.077             -59.813
35788.121719       -0.077             -59.813
35788.121719       -0.077             -59.813
35788.121719       -0.077             -59.813
35788.121719       -0.077             -59.813
35788.121719       -0.077             -59.813
35788.121719       -0.077             -59.813
35788.121719       -0.077             -59.813
35788.121719       -0.077             -59.813
35788.121719       -0.077             -59.813
35788.121719       -0.077             -59.813
35788.121719       -0.077             -59.813
35788.121719       -0.077             -59.813
35788.121719       -0.077             -59.813
35788.121719       -0.077             -59.813
35788.121719       -0.076             -59.813
35788.121719       -0.076             -59.813
35788.121719       -0.076             -59.813
35788.121719       -0.076             -59.813
35788.121719       -0.076             -59.813
35788.121719       -0.076             -59.813
35788.121719       -0.076             -59.813
35788.121719       -0.076             -59.813
35788.121719       -0.076             -59.813
35788.121719       -0.076             -59.813
35788.121718       -0.076             -59.813
35788.121718       -0.076             -59.813
35788.121718       -0.076             -59.813
35788.121718       -0.076             -59.813
35788.121718       -0.076             -59.813
35788.121718       -0.076             -59.813
35788.121718       -0.076             -59.813
35788.121718       -0.076             -59.813
35788.121718       -0.076             -59.813
35788.121718       -0.076             -59.813
35788.121718       -0.076             -59.813
35788.121718       -0.076             -59.813
35788.121718       -0.076             -59.813
35788.121718       -0.076             -59.813
35788.121718       -0.076             -59.813
35788.121718       -0.076             -59.813
35788.121718       -0.076             -59.813
35788.121718       -0.076             -59.813
35788.121718       -0.076             -59.813
35788.121718       -0.076             -59.813
35788.121718       -0.076             -59.813
35788.121718       -0.076             -59.813
35788.121718       -0.076             -59.813
35788.121718       -0.076             -59.813
35788.121718       -0.076             -59.813
35788.121718       -0.076             -59.813
35788.121718       -0.076             -59.813
35788.121718       -0.076             -59.813
35788.121718       -0.076             -59.813
35788.121718       -0.076             -59.813
35788.121718       -0.076             -59.813
35788.121718       -0.076             -59.813
35788.121718       -0.076             -59.813
35788.121718       -0.076             -59.813
35788.121718       -0.076             -59.813
35788.121718       -0.076             -59.813
35788.121718       -0.076             -59.813
35788.121718       -0.076             -59.813
35788.121718       -0.076             -59.813
35788.121718       -0.076             -59.813
35788.121718       -0.076             -59.813
35788.121718       -0.076             -59.813
35788.121718       -0.076             -59.813
35788.121718       -0.076             -59.813
35788.121718       -0.076             -59.813
35788.121718       -0.076             -59.813
35788.121718       -0.076             -59.813
35788.121718       -0.076             -59.813
35788.121718       -0.076             -59.813
35788.121718       -0.076             -59.813
35788.121718       -0.076             -59.813
35788.121718       -0.076             -59.813
35788.121718       -0.076             -59.813
35788.121718       -0.076             -59.813
35788.121718       -0.076             -59.813
35788.121718       -0.076             -59.813
35788.121718       -0.076             -59.813
35788.121718       -0.076             -59.813
35788.121718       -0.076             -59.813
35788.121718       -0.076             -59.813
35788.121718       -0.076             -59.813
35788.121718       -0.076             -59.813
35788.121718       -0.076             -59.813
35788.121718       -0.075             -59.813
35788.121718       -0.075             -59.813
35788.121718       -0.075             -59.813
35788.121718       -0.075             -59.813
35788.121718       -0.075             -59.813
35788.121718       -0.075             -59.813
35788.121718       -0.075             -59.813
35788.121718       -0.075             -59.813
35788.121718       -0.075             -59.813
35788.121718       -0.075             -59.813
35788.121718       -0.075             -59.813
35788.121717       -0.075             -59.813
35788.121717       -0.075             -59.813
35788.121717       -0.075             -59.813
35788.121717       -0.075             -59.813
35788.121717       -0.075             -59.813
35788.121717       -0.075             -59.813
35788.121717       -0.075             -59.813
35788.121717       -0.075             -59.813
35788.121717       -0.075             -59.813
35788.121717       -0.075             -59.813
35788.121717       -0.075             -59.813
35788.121717       -0.075             -59.813
35788.121717       -0.075             -59.813
35788.121717       -0.075             -59.813
35788.121717       -0.075             -59.813
35788.121717       -0.075             -59.813
35788.121717       -0.075             -59.813
35788.121717       -0.075             -59.813
35788.121717       -0.075             -59.813
35788.121717       -0.075             -59.813
35788.121717       -0.075             -59.813
35788.121717       -0.075             -59.813
35788.121717       -0.075             -59.813
35788.121717       -0.075             -59.813
35788.121717       -0.075             -59.813
35788.121717       -0.075             -59.813
35788.121717       -0.075             -59.813
35788.121717       -0.075             -59.813
35788.121717       -0.075             -59.813
35788.121717       -0.075             -59.813
35788.121717       -0.075             -59.813
35788.121717       -0.075             -59.813
35788.121717       -0.075             -59.813
35788.121717       -0.075             -59.813
35788.121717       -0.075             -59.813
35788.121717       -0.075             -59.813
35788.121717       -0.075             -59.813
35788.121717       -0.075             -59.813
35788.121717       -0.075             -59.813
35788.121717       -0.075             -59.813
35788.121717       -0.075             -59.813
35788.121717       -0.075             -59.813
35788.121717       -0.075             -59.813
35788.121717       -0.075             -59.813
35788.121717       -0.075             -59.813
35788.121717       -0.075             -59.813
35788.121717       -0.075             -59.813
35788.121717       -0.075             -59.813
35788.121717       -0.075             -59.813
35788.121717       -0.075             -59.813
35788.121717       -0.075             -59.813
35788.121717       -0.075             -59.813
35788.121717       -0.075             -59.813
35788.121717       -0.075             -59.813
35788.121717       -0.075             -59.813
35788.121717       -0.075             -59.813
35788.121717       -0.075             -59.813
35788.121717       -0.075             -59.813
35788.121717       -0.075             -59.813
35788.121717       -0.075             -59.813
35788.121717       -0.075             -59.813
35788.121717       -0.075             -59.813
35788.121717       -0.074             -59.813
35788.121717       -0.074             -59.813
35788.121717       -0.074             -59.813
35788.121717       -0.074             -59.813
35788.121717       -0.074             -59.813
35788.121717       -0.074             -59.813
35788.121717       -0.074             -59.813
35788.121717       -0.074             -59.813
35788.121717       -0.074             -59.813
35788.121717       -0.074             -59.813
35788.121717       -0.074             -59.813
35788.121717       -0.074             -59.813
35788.121716       -0.074             -59.813
35788.121716       -0.074             -59.813
35788.121716       -0.074             -59.813
35788.121716       -0.074             -59.813
35788.121716       -0.074             -59.813
35788.121716       -0.074             -59.813
35788.121716       -0.074             -59.813
35788.121716       -0.074             -59.813
35788.121716       -0.074             -59.813
35788.121716       -0.074             -59.813
35788.121716       -0.074             -59.813
35788.121716       -0.074             -59.813
35788.121716       -0.074             -59.813
35788.121716       -0.074             -59.813
35788.121716       -0.074             -59.813
35788.121716       -0.074             -59.813
35788.121716       -0.074             -59.813
35788.121716       -0.074             -59.813
35788.121716       -0.074             -59.813
35788.121716       -0.074             -59.813
35788.121716       -0.074             -59.813
35788.121716       -0.074             -59.813
35788.121716       -0.074             -59.813
35788.121716       -0.074             -59.813
35788.121716       -0.074             -59.813
35788.121716       -0.074             -59.813
35788.121716       -0.074             -59.813
35788.121716       -0.074             -59.813
35788.121716       -0.074             -59.813
35788.121716       -0.074             -59.813
35788.121716       -0.074             -59.813
35788.121716       -0.074             -59.813
35788.121716       -0.074             -59.813
35788.121716       -0.074             -59.813
35788.121716       -0.074             -59.813
35788.121716       -0.074             -59.813
35788.121716       -0.074             -59.813
35788.121716       -0.074             -59.813
35788.121716       -0.074             -59.813
35788.121716       -0.074             -59.813
35788.121716       -0.074             -59.813
35788.121716       -0.074             -59.813
35788.121716       -0.074             -59.813
35788.121716       -0.074             -59.813
35788.121716       -0.074             -59.813
35788.121716       -0.074             -59.813
35788.121716       -0.074             -59.813
35788.121716       -0.074             -59.813
35788.121716       -0.074             -59.813
35788.121716       -0.074             -59.813
35788.121716       -0.074             -59.813
35788.121716       -0.074             -59.813
35788.121716       -0.074             -59.813
35788.121716       -0.074             -59.813
35788.121716       -0.074             -59.813
35788.121716       -0.074             -59.813
35788.121716       -0.074             -59.813
35788.121716       -0.074             -59.813
35788.121716       -0.074             -59.813
35788.121716       -0.074             -59.813
35788.121716       -0.073             -59.813
35788.121716       -0.073             -59.813
35788.121716       -0.073             -59.813
35788.121716       -0.073             -59.813
35788.121716       -0.073             -59.813
35788.121716       -0.073             -59.813
35788.121716       -0.073             -59.813
35788.121716       -0.073             -59.813
35788.121716       -0.073             -59.813
35788.121716       -0.073             -59.813
35788.121716       -0.073             -59.813
35788.121716       -0.073             -59.813
35788.121716       -0.073             -59.813
35788.121716       -0.073             -59.813
35788.121716       -0.073             -59.813
35788.121716       -0.073             -59.813
35788.121715       -0.073             -59.813
35788.121715       -0.073             -59.813
35788.121715       -0.073             -59.813
35788.121715       -0.073             -59.813
35788.121715       -0.073             -59.813
35788.121715       -0.073             -59.813
35788.121715       -0.073             -59.813
35788.121715       -0.073             -59.813
35788.121715       -0.073             -59.813
35788.121715       -0.073             -59.813
35788.121715       -0.073             -59.813
35788.121715       -0.073             -59.813
35788.121715       -0.073             -59.813
35788.121715       -0.073             -59.813
35788.121715       -0.073             -59.813
35788.121715       -0.073             -59.813
35788.121715       -0.073             -59.813
35788.121715       -0.073             -59.813
35788.121715       -0.073             -59.813
35788.121715       -0.073             -59.813
35788.121715       -0.073             -59.813
35788.121715       -0.073             -59.813
35788.121715       -0.073             -59.813
35788.121715       -0.073             -59.813
35788.121715       -0.073             -59.813
35788.121715       -0.073             -59.813
35788.121715       -0.073             -59.813
35788.121715       -0.073             -59.813
35788.121715       -0.073             -59.813
35788.121715       -0.073             -59.813
35788.121715       -0.073             -59.813
35788.121715       -0.073             -59.813
35788.121715       -0.073             -59.813
35788.121715       -0.073             -59.813
35788.121715       -0.073             -59.813
35788.121715       -0.073             -59.813
35788.121715       -0.073             -59.813
35788.121715       -0.073             -59.813
35788.121715       -0.073             -59.813
35788.121715       -0.073             -59.813
35788.121715       -0.073             -59.813
35788.121715       -0.073             -59.813
35788.121715       -0.073             -59.813
35788.121715       -0.073             -59.813
35788.121715       -0.073             -59.813
35788.121715       -0.073             -59.813
35788.121715       -0.073             -59.813
35788.121715       -0.073             -59.813
35788.121715       -0.073             -59.813
35788.121715       -0.073             -59.813
35788.121715       -0.073             -59.813
35788.121715       -0.073             -59.813
35788.121715       -0.073             -59.813
35788.121715       -0.073             -59.813
35788.121715       -0.073             -59.813
35788.121715       -0.073             -59.813
35788.121715       -0.072             -59.813
35788.121715       -0.072             -59.813
35788.121715       -0.072             -59.813
35788.121715       -0.072             -59.813
35788.121715       -0.072             -59.813
35788.121715       -0.072             -59.813
35788.121715       -0.072             -59.813
35788.121715       -0.072             -59.813
35788.121715       -0.072             -59.813
35788.121715       -0.072             -59.813
35788.121715       -0.072             -59.813
35788.121715       -0.072             -59.813
35788.121715       -0.072             -59.813
35788.121715       -0.072             -59.813
35788.121715       -0.072             -59.813
35788.121715       -0.072             -59.813
35788.121715       -0.072             -59.813
35788.121715       -0.072             -59.813
35788.121715       -0.072             -59.813
35788.121715       -0.072             -59.813
35788.121714       -0.072             -59.813
35788.121714       -0.072             -59.813
35788.121714       -0.072             -59.813
35788.121714       -0.072             -59.813
35788.121714       -0.072             -59.813
35788.121714       -0.072             -59.813
35788.121714       -0.072             -59.813
35788.121714       -0.072             -59.813
35788.121714       -0.072             -59.813
35788.121714       -0.072             -59.813
35788.121714       -0.072             -59.813
35788.121714       -0.072             -59.813
35788.121714       -0.072             -59.813
35788.121714       -0.072             -59.813
35788.121714       -0.072             -59.813
35788.121714       -0.072             -59.813
35788.121714       -0.072             -59.813
35788.121714       -0.072             -59.813
35788.121714       -0.072             -59.813
35788.121714       -0.072             -59.813
35788.121714       -0.072             -59.813
35788.121714       -0.072             -59.813
35788.121714       -0.072             -59.813
35788.121714       -0.072             -59.813
35788.121714       -0.072             -59.813
35788.121714       -0.072             -59.813
35788.121714       -0.072             -59.813
35788.121714       -0.072             -59.813
35788.121714       -0.072             -59.813
35788.121714       -0.072             -59.813
35788.121714       -0.072             -59.813
35788.121714       -0.072             -59.813
35788.121714       -0.072             -59.813
35788.121714       -0.072             -59.813
35788.121714       -0.072             -59.813
35788.121714       -0.072             -59.813
35788.121714       -0.072             -59.813
35788.121714       -0.072             -59.813
35788.121714       -0.072             -59.813
35788.121714       -0.072             -59.813
35788.121714       -0.072             -59.813
35788.121714       -0.072             -59.813
35788.121714       -0.072             -59.813
35788.121714       -0.072             -59.813
35788.121714       -0.072             -59.813
35788.121714       -0.072             -59.813
35788.121714       -0.072             -59.813
35788.121714       -0.072             -59.813
35788.121714       -0.072             -59.813
35788.121714       -0.072             -59.813
35788.121714       -0.072             -59.813
35788.121714       -0.072             -59.813
35788.121714       -0.071             -59.813
35788.121714       -0.071             -59.813
35788.121714       -0.071             -59.813
35788.121714       -0.071             -59.813
35788.121714       -0.071             -59.813
35788.121714       -0.071             -59.813
35788.121714       -0.071             -59.813
35788.121714       -0.071             -59.813
35788.121714       -0.071             -59.813
35788.121714       -0.071             -59.813
35788.121714       -0.071             -59.813
35788.121714       -0.071             -59.813
35788.121714       -0.071             -59.813
35788.121714       -0.071             -59.813
35788.121714       -0.071             -59.813
35788.121714       -0.071             -59.813
35788.121714       -0.071             -59.813
35788.121714       -0.071             -59.813
35788.121714       -0.071             -59.813
35788.121714       -0.071             -59.813
35788.121714       -0.071             -59.813
35788.121714       -0.071             -59.813
35788.121714       -0.071             -59.813
35788.121714       -0.071             -59.813
35788.121714       -0.071             -59.813
35788.121713       -0.071             -59.813
35788.121713       -0.071             -59.813
35788.121713       -0.071             -59.813
35788.121713       -0.071             -59.813
35788.121713       -0.071             -59.813
35788.121713       -0.071             -59.813
35788.121713       -0.071             -59.813
35788.121713       -0.071             -59.813
35788.121713       -0.071             -59.813
35788.121713       -0.071             -59.813
35788.121713       -0.071             -59.813
35788.121713       -0.071             -59.813
35788.121713       -0.071             -59.813
35788.121713       -0.071             -59.813
35788.121713       -0.071             -59.813
35788.121713       -0.071             -59.813
35788.121713       -0.071             -59.813
35788.121713       -0.071             -59.813
35788.121713       -0.071             -59.813
35788.121713       -0.071             -59.813
35788.121713       -0.071             -59.813
35788.121713       -0.071             -59.813
35788.121713       -0.071             -59.813
35788.121713       -0.071             -59.813
35788.121713       -0.071             -59.813
35788.121713       -0.071             -59.813
35788.121713       -0.071             -59.813
35788.121713       -0.071             -59.813
35788.121713       -0.071             -59.813
35788.121713       -0.071             -59.813
35788.121713       -0.071             -59.813
35788.121713       -0.071             -59.813
35788.121713       -0.071             -59.813
35788.121713       -0.071             -59.813
35788.121713       -0.071             -59.813
35788.121713       -0.071             -59.813
35788.121713       -0.071             -59.813
35788.121713       -0.071             -59.813
35788.121713       -0.071             -59.813
35788.121713       -0.071             -59.813
35788.121713       -0.071             -59.813
35788.121713       -0.071             -59.813
35788.121713       -0.071             -59.813
35788.121713       -0.071             -59.813
35788.121713       -0.071             -59.813
35788.121713       -0.071             -59.813
35788.121713       -0.071             -59.813
35788.121713       -0.070             -59.813
35788.121713       -0.070             -59.813
35788.121713       -0.070             -59.813
35788.121713       -0.070             -59.813
35788.121713       -0.070             -59.813
35788.121713       -0.070             -59.813
35788.121713       -0.070             -59.813
35788.121713       -0.070             -59.813
35788.121713       -0.070             -59.813
35788.121713       -0.070             -59.813
35788.121713       -0.070             -59.813
35788.121713       -0.070             -59.813
35788.121713       -0.070             -59.813
35788.121713       -0.070             -59.813
35788.121713       -0.070             -59.813
35788.121713       -0.070             -59.813
35788.121713       -0.070             -59.813
35788.121713       -0.070             -59.813
35788.121713       -0.070             -59.813
35788.121713       -0.070             -59.813
35788.121713       -0.070             -59.813
35788.121713       -0.070             -59.813
35788.121713       -0.070             -59.813
35788.121713       -0.070             -59.813
35788.121713       -0.070             -59.813
35788.121713       -0.070             -59.813
35788.121713       -0.070             -59.813
35788.121713       -0.070             -59.813
35788.121713       -0.070             -59.813
35788.121713       -0.070             -59.813
35788.121713       -0.070             -59.813
35788.121713       -0.070             -59.813
35788.121712       -0.070             -59.813
35788.121712       -0.070             -59.813
35788.121712       -0.070             -59.813
35788.121712       -0.070             -59.813
35788.121712       -0.070             -59.813
35788.121712       -0.070             -59.813
35788.121712       -0.070             -59.813
35788.121712       -0.070             -59.813
35788.121712       -0.070             -59.813
35788.121712       -0.070             -59.813
35788.121712       -0.070             -59.813
35788.121712       -0.070             -59.813
35788.121712       -0.070             -59.813
35788.121712       -0.070             -59.813
35788.121712       -0.070             -59.813
35788.121712       -0.070             -59.813
35788.121712       -0.070             -59.813
35788.121712       -0.070             -59.813
35788.121712       -0.070             -59.813
35788.121712       -0.070             -59.813
35788.121712       -0.070             -59.813
35788.121712       -0.070             -59.813
35788.121712       -0.070             -59.813
35788.121712       -0.070             -59.813
35788.121712       -0.070             -59.813
35788.121712       -0.070             -59.813
35788.121712       -0.070             -59.813
35788.121712       -0.070             -59.813
35788.121712       -0.070             -59.813
35788.121712       -0.070             -59.813
35788.121712       -0.070             -59.813
35788.121712       -0.070             -59.813
35788.121712       -0.070             -59.813
35788.121712       -0.070             -59.813
35788.121712       -0.070             -59.813
35788.121712       -0.070             -59.813
35788.121712       -0.070             -59.813
35788.121712       -0.070             -59.813
35788.121712       -0.070             -59.813
35788.121712       -0.070             -59.813
35788.121712       -0.069             -59.813
35788.121712       -0.069             -59.813
35788.121712       -0.069             -59.813
35788.121712       -0.069             -59.813
35788.121712       -0.069             -59.813
35788.121712       -0.069             -59.813
35788.121712       -0.069             -59.813
35788.121712       -0.069             -59.813
35788.121712       -0.069             -59.813
35788.121712       -0.069             -59.813
35788.121712       -0.069             -59.813
35788.121712       -0.069             -59.813
35788.121712       -0.069             -59.813
35788.121712       -0.069             -59.813
35788.121712       -0.069             -59.813
35788.121712       -0.069             -59.813
35788.121712       -0.069             -59.813
35788.121712       -0.069             -59.813
35788.121712       -0.069             -59.813
35788.121712       -0.069             -59.813
35788.121712       -0.069             -59.813
35788.121712       -0.069             -59.813
35788.121712       -0.069             -59.813
35788.121712       -0.069             -59.813
35788.121712       -0.069             -59.813
35788.121712       -0.069             -59.813
35788.121712       -0.069             -59.813
35788.121712       -0.069             -59.813
35788.121712       -0.069             -59.813
35788.121712       -0.069             -59.813
35788.121712       -0.069             -59.813
35788.121712       -0.069             -59.813
35788.121712       -0.069             -59.813
35788.121712       -0.069             -59.813
35788.121712       -0.069             -59.813
35788.121712       -0.069             -59.813
35788.121712       -0.069             -59.813
35788.121712       -0.069             -59.813
35788.121712       -0.069             -59.813
35788.121711       -0.069             -59.813
35788.121711       -0.069             -59.813
35788.121711       -0.069             -59.813
35788.121711       -0.069             -59.813
35788.121711       -0.069             -59.813
35788.121711       -0.069             -59.813
35788.121711       -0.069             -59.813
35788.121711       -0.069             -59.813
35788.121711       -0.069             -59.813
35788.121711       -0.069             -59.813
35788.121711       -0.069             -59.813
35788.121711       -0.069             -59.813
35788.121711       -0.069             -59.813
35788.121711       -0.069             -59.813
35788.121711       -0.069             -59.813
35788.121711       -0.069             -59.813
35788.121711       -0.069             -59.813
35788.121711       -0.069             -59.813
35788.121711       -0.069             -59.813
35788.121711       -0.069             -59.813
35788.121711       -0.069             -59.813
35788.121711       -0.069             -59.813
35788.121711       -0.069             -59.813
35788.121711       -0.069             -59.813
35788.121711       -0.069             -59.813
35788.121711       -0.069             -59.813
35788.121711       -0.069             -59.813
35788.121711       -0.069             -59.813
35788.121711       -0.069             -59.813
35788.121711       -0.069             -59.813
35788.121711       -0.069             -59.813
35788.121711       -0.069             -59.813
35788.121711       -0.069             -59.813
35788.121711       -0.068             -59.813
35788.121711       -0.068             -59.813
35788.121711       -0.068             -59.813
35788.121711       -0.068             -59.813
35788.121711       -0.068             -59.813
35788.121711       -0.068             -59.813
35788.121711       -0.068             -59.813
35788.121711       -0.068             -59.813
35788.121711       -0.068             -59.813
35788.121711       -0.068             -59.813
35788.121711       -0.068             -59.813
35788.121711       -0.068             -59.813
35788.121711       -0.068             -59.813
35788.121711       -0.068             -59.813
35788.121711       -0.068             -59.813
35788.121711       -0.068             -59.813
35788.121711       -0.068             -59.813
35788.121711       -0.068             -59.813
35788.121711       -0.068             -59.813
35788.121711       -0.068             -59.813
35788.121711       -0.068             -59.813
35788.121711       -0.068             -59.813
35788.121711       -0.068             -59.813
35788.121711       -0.068             -59.813
35788.121711       -0.068             -59.813
35788.121711       -0.068             -59.813
35788.121711       -0.068             -59.813
35788.121711       -0.068             -59.813
35788.121711       -0.068             -59.813
35788.121711       -0.068             -59.813
35788.121711       -0.068             -59.813
35788.121711       -0.068             -59.813
35788.121711       -0.068             -59.813
35788.121711       -0.068             -59.813
35788.121711       -0.068             -59.813
35788.121711       -0.068             -59.813
35788.121711       -0.068             -59.813
35788.121711       -0.068             -59.813
35788.121711       -0.068             -59.813
35788.121711       -0.068             -59.813
35788.121711       -0.068             -59.813
35788.121711       -0.068             -59.813
35788.121711       -0.068             -59.813
35788.121711       -0.068             -59.813
35788.121711       -0.068             -59.813
35788.121711       -0.068             -59.813
35788.121711       -0.068             -59.813
35788.121711       -0.068             -59.813
35788.121710       -0.068             -59.813
35788.121710       -0.068             -59.813
35788.121710       -0.068             -59.813
35788.121710       -0.068             -59.813
35788.121710       -0.068             -59.813
35788.121710       -0.068             -59.813
35788.121710       -0.068             -59.813
35788.121710       -0.068             -59.813
35788.121710       -0.068             -59.813
35788.121710       -0.068             -59.813
35788.121710       -0.068             -59.813
35788.121710       -0.068             -59.813
35788.121710       -0.068             -59.813
35788.121710       -0.068             -59.813
35788.121710       -0.068             -59.813
35788.121710       -0.068             -59.813
35788.121710       -0.068             -59.813
35788.121710       -0.068             -59.813
35788.121710       -0.068             -59.813
35788.121710       -0.068             -59.813
35788.121710       -0.068             -59.813
35788.121710       -0.068             -59.813
35788.121710       -0.068             -59.813
35788.121710       -0.067             -59.813
35788.121710       -0.067             -59.813
35788.121710       -0.067             -59.813
35788.121710       -0.067             -59.813
35788.121710       -0.067             -59.813
35788.121710       -0.067             -59.813
35788.121710       -0.067             -59.813
35788.121710       -0.067             -59.813
35788.121710       -0.067             -59.813
35788.121710       -0.067             -59.813
35788.121710       -0.067             -59.813
35788.121710       -0.067             -59.813
35788.121710       -0.067             -59.813
35788.121710       -0.067             -59.813
35788.121710       -0.067             -59.813
35788.121710       -0.067             -59.813
35788.121710       -0.067             -59.813
35788.121710       -0.067             -59.813
35788.121710       -0.067             -59.813
35788.121710       -0.067             -59.813
35788.121710       -0.067             -59.813
35788.121710       -0.067             -59.813
35788.121710       -0.067             -59.813
35788.121710       -0.067             -59.813
35788.121710       -0.067             -59.813
35788.121710       -0.067             -59.813
35788.121710       -0.067             -59.813
35788.121710       -0.067             -59.813
35788.121710       -0.067             -59.813
35788.121710       -0.067             -59.813
35788.121710       -0.067             -59.813
35788.121710       -0.067             -59.813
35788.121710       -0.067             -59.813
35788.121710       -0.067             -59.813
35788.121710       -0.067             -59.813
35788.121710       -0.067             -59.813
35788.121710       -0.067             -59.813
35788.121710       -0.067             -59.813
35788.121710       -0.067             -59.813
35788.121710       -0.067             -59.813
35788.121710       -0.067             -59.813
35788.121710       -0.067             -59.813
35788.121710       -0.067             -59.813
35788.121710       -0.067             -59.813
35788.121710       -0.067             -59.813
35788.121710       -0.067             -59.813
35788.121710       -0.067             -59.813
35788.121710       -0.067             -59.813
35788.121710       -0.067             -59.813
35788.121710       -0.067             -59.813
35788.121710       -0.067             -59.813
35788.121710       -0.067             -59.813
35788.121710       -0.067             -59.813
35788.121710       -0.067             -59.813
35788.121710       -0.067             -59.813
35788.121710       -0.067             -59.813
35788.121710       -0.067             -59.813
35788.121710       -0.067             -59.813
35788.121709       -0.067             -59.813
35788.121709       -0.067             -59.813
35788.121709       -0.067             -59.813
35788.121709       -0.067             -59.813
35788.121709       -0.067             -59.813
35788.121709       -0.067             -59.813
35788.121709       -0.067             -59.813
35788.121709       -0.067             -59.813
35788.121709       -0.067             -59.813
35788.121709       -0.067             -59.813
35788.121709       -0.067             -59.813
35788.121709       -0.067             -59.813
35788.121709       -0.067             -59.813
35788.121709       -0.066             -59.813
35788.121709       -0.066             -59.813
35788.121709       -0.066             -59.813
35788.121709       -0.066             -59.813
35788.121709       -0.066             -59.813
35788.121709       -0.066             -59.813
35788.121709       -0.066             -59.813
35788.121709       -0.066             -59.813
35788.121709       -0.066             -59.813
35788.121709       -0.066             -59.813
35788.121709       -0.066             -59.813
35788.121709       -0.066             -59.813
35788.121709       -0.066             -59.813
35788.121709       -0.066             -59.813
35788.121709       -0.066             -59.813
35788.121709       -0.066             -59.813
35788.121709       -0.066             -59.813
35788.121709       -0.066             -59.813
35788.121709       -0.066             -59.813
35788.121709       -0.066             -59.813
35788.121709       -0.066             -59.813
35788.121709       -0.066             -59.813
35788.121709       -0.066             -59.813
35788.121709       -0.066             -59.813
35788.121709       -0.066             -59.813
35788.121709       -0.066             -59.813
35788.121709       -0.066             -59.813
35788.121709       -0.066             -59.813
35788.121709       -0.066             -59.813
35788.121709       -0.066             -59.813
35788.121709       -0.066             -59.813
35788.121709       -0.066             -59.813
35788.121709       -0.066             -59.813
35788.121709       -0.066             -59.813
35788.121709       -0.066             -59.813
35788.121709       -0.066             -59.813
35788.121709       -0.066             -59.813
35788.121709       -0.066             -59.813
35788.121709       -0.066             -59.813
35788.121709       -0.066             -59.813
35788.121709       -0.066             -59.813
35788.121709       -0.066             -59.813
35788.121709       -0.066             -59.813
35788.121709       -0.066             -59.813
35788.121709       -0.066             -59.813
35788.121709       -0.066             -59.813
35788.121709       -0.066             -59.813
35788.121709       -0.066             -59.813
35788.121709       -0.066             -59.813
35788.121709       -0.066             -59.813
35788.121709       -0.066             -59.813
35788.121709       -0.066             -59.813
35788.121709       -0.066             -59.813
35788.121709       -0.066             -59.813
35788.121709       -0.066             -59.813
35788.121709       -0.066             -59.813
35788.121709       -0.066             -59.813
35788.121709       -0.066             -59.813
35788.121709       -0.066             -59.813
35788.121709       -0.066             -59.813
35788.121709       -0.066             -59.813
35788.121709       -0.066             -59.813
35788.121709       -0.066             -59.813
35788.121709       -0.066             -59.813
35788.121709       -0.066             -59.813
35788.121709       -0.066             -59.813
35788.121709       -0.066             -59.813
35788.121709       -0.066             -59.813
35788.121709       -0.066             -59.813
35788.121709       -0.066             -59.813
35788.121708       -0.066             -59.813
35788.121708       -0.066             -59.813
35788.121708       -0.065             -59.813
35788.121708       -0.065             -59.813
35788.121708       -0.065             -59.813
35788.121708       -0.065             -59.813
35788.121708       -0.065             -59.813
35788.121708       -0.065             -59.813
35788.121708       -0.065             -59.813
35788.121708       -0.065             -59.813
35788.121708       -0.065             -59.813
35788.121708       -0.065             -59.813
35788.121708       -0.065             -59.813
35788.121708       -0.065             -59.813
35788.121708       -0.065             -59.813
35788.121708       -0.065             -59.813
35788.121708       -0.065             -59.813
35788.121708       -0.065             -59.813
35788.121708       -0.065             -59.813
35788.121708       -0.065             -59.813
35788.121708       -0.065             -59.813
35788.121708       -0.065             -59.813
35788.121708       -0.065             -59.813
35788.121708       -0.065             -59.813
35788.121708       -0.065             -59.813
35788.121708       -0.065             -59.813
35788.121708       -0.065             -59.813
35788.121708       -0.065             -59.813
35788.121708       -0.065             -59.813
35788.121708       -0.065             -59.813
35788.121708       -0.065             -59.813
35788.121708       -0.065             -59.813
35788.121708       -0.065             -59.813
35788.121708       -0.065             -59.813
35788.121708       -0.065             -59.813
35788.121708       -0.065             -59.813
35788.121708       -0.065             -59.813
35788.121708       -0.065             -59.813
35788.121708       -0.065             -59.813
35788.121708       -0.065             -59.813
35788.121708       -0.065             -59.813
35788.121708       -0.065             -59.813
35788.121708       -0.065             -59.813
35788.121708       -0.065             -59.813
35788.121708       -0.065             -59.813
35788.121708       -0.065             -59.813
35788.121708       -0.065             -59.813
35788.121708       -0.065             -59.813
35788.121708       -0.065             -59.813
35788.121708       -0.065             -59.813
35788.121708       -0.065             -59.813
35788.121708       -0.065             -59.813
35788.121708       -0.065             -59.813
35788.121708       -0.065             -59.813
35788.121708       -0.065             -59.813
35788.121708       -0.065             -59.813
35788.121708       -0.065             -59.813
35788.121708       -0.065             -59.813
35788.121708       -0.065             -59.813
35788.121708       -0.065             -59.813
35788.121708       -0.065             -59.813
35788.121708       -0.065             -59.813
35788.121708       -0.065             -59.813
35788.121708       -0.065             -59.813
35788.121708       -0.065             -59.813
35788.121708       -0.065             -59.813
35788.121708       -0.065             -59.813
35788.121708       -0.065             -59.813
35788.121708       -0.065             -59.813
35788.121708       -0.065             -59.813
35788.121708       -0.065             -59.813
35788.121708       -0.065             -59.813
35788.121708       -0.065             -59.813
35788.121708       -0.064             -59.813
35788.121708       -0.064             -59.813
35788.121708       -0.064             -59.813
35788.121708       -0.064             -59.813
35788.121708       -0.064             -59.813
35788.121708       -0.064             -59.813
35788.121708       -0.064             -59.813
35788.121708       -0.064             -59.813
35788.121708       -0.064             -59.813
35788.121708       -0.064             -59.813
35788.121708       -0.064             -59.813
35788.121708       -0.064             -59.813
35788.121707       -0.064             -59.813
35788.121707       -0.064             -59.813
35788.121707       -0.064             -59.813
35788.121707       -0.064             -59.813
35788.121707       -0.064             -59.813
35788.121707       -0.064             -59.813
35788.121707       -0.064             -59.813
35788.121707       -0.064             -59.813
35788.121707       -0.064             -59.813
35788.121707       -0.064             -59.813
35788.121707       -0.064             -59.813
35788.121707       -0.064             -59.813
35788.121707       -0.064             -59.813
35788.121707       -0.064             -59.813
35788.121707       -0.064             -59.813
35788.121707       -0.064             -59.813
35788.121707       -0.064             -59.813
35788.121707       -0.064             -59.813
35788.121707       -0.064             -59.813
35788.121707       -0.064             -59.813
35788.121707       -0.064             -59.813
35788.121707       -0.064             -59.813
35788.121707       -0.064             -59.813
35788.121707       -0.064             -59.813
35788.121707       -0.064             -59.813
35788.121707       -0.064             -59.813
35788.121707       -0.064             -59.813
35788.121707       -0.064             -59.813
35788.121707       -0.064             -59.813
35788.121707       -0.064             -59.813
35788.121707       -0.064             -59.813
35788.121707       -0.064             -59.813
35788.121707       -0.064             -59.813
35788.121707       -0.064             -59.813
35788.121707       -0.064             -59.813
35788.121707       -0.064             -59.813
35788.121707       -0.064             -59.813
35788.121707       -0.064             -59.813
35788.121707       -0.064             -59.813
35788.121707       -0.064             -59.813
35788.121707       -0.064             -59.813
35788.121707       -0.064             -59.813
35788.121707       -0.064             -59.813
35788.121707       -0.064             -59.813
35788.121707       -0.064             -59.813
35788.121707       -0.064             -59.813
35788.121707       -0.064             -59.813
35788.121707       -0.064             -59.813
35788.121707       -0.064             -59.813
35788.121707       -0.064             -59.813
35788.121707       -0.064             -59.813
35788.121707       -0.064             -59.813
35788.121707       -0.064             -59.813
35788.121707       -0.064             -59.813
35788.121707       -0.064             -59.813
35788.121707       -0.064             -59.813
35788.121707       -0.064             -59.813
35788.121707       -0.064             -59.813
35788.121707       -0.064             -59.813
35788.121707       -0.063             -59.813
35788.121707       -0.063             -59.813
35788.121707       -0.063             -59.813
35788.121707       -0.063             -59.813
35788.121707       -0.063             -59.813
35788.121707       -0.063             -59.813
35788.121707       -0.063             -59.813
35788.121707       -0.063             -59.813
35788.121707       -0.063             -59.813
35788.121707       -0.063             -59.813
35788.121707       -0.063             -59.813
35788.121707       -0.063             -59.813
35788.121707       -0.063             -59.813
35788.121707       -0.063             -59.813
35788.121707       -0.063             -59.813
35788.121707       -0.063             -59.813
35788.121707       -0.063             -59.813
35788.121707       -0.063             -59.813
35788.121707       -0.063             -59.813
35788.121707       -0.063             -59.813
35788.121707       -0.063             -59.813
35788.121707       -0.063             -59.813
35788.121707       -0.063             -59.813
35788.121707       -0.063             -59.813
35788.121707       -0.063             -59.813
35788.121707       -0.063             -59.813
35788.121706       -0.063             -59.813
35788.121706       -0.063             -59.813
35788.121706       -0.063             -59.813
35788.121706       -0.063             -59.813
35788.121706       -0.063             -59.813
35788.121706       -0.063             -59.813
35788.121706       -0.063             -59.813
35788.121706       -0.063             -59.813
35788.121706       -0.063             -59.813
35788.121706       -0.063             -59.813
35788.121706       -0.063             -59.813
35788.121706       -0.063             -59.813
35788.121706       -0.063             -59.813
35788.121706       -0.063             -59.813
35788.121706       -0.063             -59.813
35788.121706       -0.063             -59.813
35788.121706       -0.063             -59.813
35788.121706       -0.063             -59.813
35788.121706       -0.063             -59.813
35788.121706       -0.063             -59.813
35788.121706       -0.063             -59.813
35788.121706       -0.063             -59.813
35788.121706       -0.063             -59.813
35788.121706       -0.063             -59.813
35788.121706       -0.063             -59.813
35788.121706       -0.063             -59.813
35788.121706       -0.063             -59.813
35788.121706       -0.063             -59.813
35788.121706       -0.063             -59.813
35788.121706       -0.063             -59.813
35788.121706       -0.063             -59.813
35788.121706       -0.063             -59.813
35788.121706       -0.063             -59.813
35788.121706       -0.063             -59.813
35788.121706       -0.063             -59.813
35788.121706       -0.063             -59.813
35788.121706       -0.063             -59.813
35788.121706       -0.063             -59.813
35788.121706       -0.063             -59.813
35788.121706       -0.063             -59.813
35788.121706       -0.063             -59.813
35788.121706       -0.063             -59.813
35788.121706       -0.063             -59.813
35788.121706       -0.063             -59.813
35788.121706       -0.063             -59.813
35788.121706       -0.062             -59.813
35788.121706       -0.062             -59.813
35788.121706       -0.062             -59.813
35788.121706       -0.062             -59.813
35788.121706       -0.062             -59.813
35788.121706       -0.062             -59.813
35788.121706       -0.062             -59.813
35788.121706       -0.062             -59.813
35788.121706       -0.062             -59.813
35788.121706       -0.062             -59.813
35788.121706       -0.062             -59.813
35788.121706       -0.062             -59.813
35788.121706       -0.062             -59.813
35788.121706       -0.062             -59.813
35788.121706       -0.062             -59.813
35788.121706       -0.062             -59.813
35788.121706       -0.062             -59.813
35788.121706       -0.062             -59.813
35788.121706       -0.062             -59.813
35788.121706       -0.062             -59.813
35788.121706       -0.062             -59.813
35788.121706       -0.062             -59.813
35788.121706       -0.062             -59.813
35788.121706       -0.062             -59.813
35788.121706       -0.062             -59.813
35788.121706       -0.062             -59.813
35788.121706       -0.062             -59.813
35788.121706       -0.062             -59.813
35788.121706       -0.062             -59.813
35788.121706       -0.062             -59.813
35788.121706       -0.062             -59.813
35788.121706       -0.062             -59.813
35788.121706       -0.062             -59.813
35788.121706       -0.062             -59.813
35788.121706       -0.062             -59.813
35788.121706       -0.062             -59.813
35788.121706       -0.062             -59.813
35788.121706       -0.062             -59.813
35788.121706       -0.062             -59.813
35788.121706       -0.062             -59.813
35788.121706       -0.062             -59.813
35788.121706       -0.062             -59.813
35788.121705       -0.062             -59.813
35788.121705       -0.062             -59.813
35788.121705       -0.062             -59.813
35788.121705       -0.062             -59.813
35788.121705       -0.062             -59.813
35788.121705       -0.062             -59.813
35788.121705       -0.062             -59.813
35788.121705       -0.062             -59.813
35788.121705       -0.062             -59.813
35788.121705       -0.062             -59.813
35788.121705       -0.062             -59.813
35788.121705       -0.062             -59.813
35788.121705       -0.062             -59.813
35788.121705       -0.062             -59.813
35788.121705       -0.062             -59.813
35788.121705       -0.062             -59.813
35788.121705       -0.062             -59.813
35788.121705       -0.062             -59.813
35788.121705       -0.062             -59.813
35788.121705       -0.062             -59.813
35788.121705       -0.062             -59.813
35788.121705       -0.062             -59.813
35788.121705       -0.062             -59.813
35788.121705       -0.062             -59.813
35788.121705       -0.062             -59.813
35788.121705       -0.062             -59.813
35788.121705       -0.062             -59.813
35788.121705       -0.062             -59.813
35788.121705       -0.061             -59.813
35788.121705       -0.061             -59.813
35788.121705       -0.061             -59.813
35788.121705       -0.061             -59.813
35788.121705       -0.061             -59.813
35788.121705       -0.061             -59.813
35788.121705       -0.061             -59.813
35788.121705       -0.061             -59.813
35788.121705       -0.061             -59.813
35788.121705       -0.061             -59.813
35788.121705       -0.061             -59.813
35788.121705       -0.061             -59.813
35788.121705       -0.061             -59.813
35788.121705       -0.061             -59.813
35788.121705       -0.061             -59.813
35788.121705       -0.061             -59.813
35788.121705       -0.061             -59.813
35788.121705       -0.061             -59.813
35788.121705       -0.061             -59.813
35788.121705       -0.061             -59.813
35788.121705       -0.061             -59.813
35788.121705       -0.061             -59.813
35788.121705       -0.061             -59.813
35788.121705       -0.061             -59.813
35788.121705       -0.061             -59.813
35788.121705       -0.061             -59.813
35788.121705       -0.061             -59.813
35788.121705       -0.061             -59.813
35788.121705       -0.061             -59.813
35788.121705       -0.061             -59.813
35788.121705       -0.061             -59.813
35788.121705       -0.061             -59.813
35788.121705       -0.061             -59.813
35788.121705       -0.061             -59.813
35788.121705       -0.061             -59.813
35788.121705       -0.061             -59.813
35788.121705       -0.061             -59.813
35788.121705       -0.061             -59.813
35788.121705       -0.061             -59.813
35788.121705       -0.061             -59.813
35788.121705       -0.061             -59.813
35788.121705       -0.061             -59.813
35788.121705       -0.061             -59.813
35788.121705       -0.061             -59.813
35788.121705       -0.061             -59.813
35788.121705       -0.061             -59.813
35788.121705       -0.061             -59.813
35788.121705       -0.061             -59.813
35788.121705       -0.061             -59.813
35788.121705       -0.061             -59.813
35788.121705       -0.061             -59.813
35788.121705       -0.061             -59.813
35788.121705       -0.061             -59.813
35788.121705       -0.061             -59.813
35788.121705       -0.061             -59.813
35788.121705       -0.061             -59.813
35788.121705       -0.061             -59.813
35788.121705       -0.061             -59.813
35788.121705       -0.061             -59.813
35788.121705       -0.061             -59.813
35788.121705       -0.061             -59.813
35788.121704       -0.061             -59.813
35788.121704       -0.061             -59.813
35788.121704       -0.061             -59.813
35788.121704       -0.061             -59.813
35788.121704       -0.061             -59.813
35788.121704       -0.061             -59.813
35788.121704       -0.061             -59.813
35788.121704       -0.061             -59.813
35788.121704       -0.061             -59.813
35788.121704       -0.061             -59.813
35788.121704       -0.060             -59.813
35788.121704       -0.060             -59.813
35788.121704       -0.060             -59.813
35788.121704       -0.060             -59.813
35788.121704       -0.060             -59.813
35788.121704       -0.060             -59.813
35788.121704       -0.060             -59.813
35788.121704       -0.060             -59.813
35788.121704       -0.060             -59.813
35788.121704       -0.060             -59.813
35788.121704       -0.060             -59.813
35788.121704       -0.060             -59.813
35788.121704       -0.060             -59.813
35788.121704       -0.060             -59.813
35788.121704       -0.060             -59.813
35788.121704       -0.060             -59.813
35788.121704       -0.060             -59.813
35788.121704       -0.060             -59.813
35788.121704       -0.060             -59.813
35788.121704       -0.060             -59.813
35788.121704       -0.060             -59.813
35788.121704       -0.060             -59.813
35788.121704       -0.060             -59.813
35788.121704       -0.060             -59.813
35788.121704       -0.060             -59.813
35788.121704       -0.060             -59.813
35788.121704       -0.060             -59.813
35788.121704       -0.060             -59.813
35788.121704       -0.060             -59.813
35788.121704       -0.060             -59.813
35788.121704       -0.060             -59.813
35788.121704       -0.060             -59.813
35788.121704       -0.060             -59.813
35788.121704       -0.060             -59.813
35788.121704       -0.060             -59.813
35788.121704       -0.060             -59.813
35788.121704       -0.060             -59.813
35788.121704       -0.060             -59.813
35788.121704       -0.060             -59.813
35788.121704       -0.060             -59.813
35788.121704       -0.060             -59.813
35788.121704       -0.060             -59.813
35788.121704       -0.060             -59.813
35788.121704       -0.060             -59.813
35788.121704       -0.060             -59.813
35788.121704       -0.060             -59.813
35788.121704       -0.060             -59.813
35788.121704       -0.060             -59.813
35788.121704       -0.060             -59.813
35788.121704       -0.060             -59.813
35788.121704       -0.060             -59.813
35788.121704       -0.060             -59.813
35788.121704       -0.060             -59.813
35788.121704       -0.060             -59.813
35788.121704       -0.060             -59.813
35788.121704       -0.060             -59.813
35788.121704       -0.060             -59.813
35788.121704       -0.060             -59.813
35788.121704       -0.060             -59.813
35788.121704       -0.060             -59.813
35788.121704       -0.060             -59.813
35788.121704       -0.060             -59.813
35788.121704       -0.060             -59.813
35788.121704       -0.060             -59.813
35788.121704       -0.060             -59.813
35788.121704       -0.060             -59.813
35788.121704       -0.060             -59.813
35788.121704       -0.060             -59.813
35788.121704       -0.060             -59.813
35788.121704       -0.060             -59.813
35788.121704       -0.060             -59.813
35788.121704       -0.059             -59.813
35788.121704       -0.059             -59.813
35788.121704       -0.059             -59.813
35788.121704       -0.059             -59.813
35788.121704       -0.059             -59.813
35788.121704       -0.059             -59.813
35788.121704       -0.059             -59.813
35788.121704       -0.059             -59.813
35788.121704       -0.059             -59.813
35788.121704       -0.059             -59.813
35788.121703       -0.059             -59.813
35788.121703       -0.059             -59.813
35788.121703       -0.059             -59.813
35788.121703       -0.059             -59.813
35788.121703       -0.059             -59.813
35788.121703       -0.059             -59.813
35788.121703       -0.059             -59.813
35788.121703       -0.059             -59.813
35788.121703       -0.059             -59.813
35788.121703       -0.059             -59.813
35788.121703       -0.059             -59.813
35788.121703       -0.059             -59.813
35788.121703       -0.059             -59.813
35788.121703       -0.059             -59.813
35788.121703       -0.059             -59.813
35788.121703       -0.059             -59.813
35788.121703       -0.059             -59.813
35788.121703       -0.059             -59.813
35788.121703       -0.059             -59.813
35788.121703       -0.059             -59.813
35788.121703       -0.059             -59.813
35788.121703       -0.059             -59.813
35788.121703       -0.059             -59.813
35788.121703       -0.059             -59.813
35788.121703       -0.059             -59.813
35788.121703       -0.059             -59.813
35788.121703       -0.059             -59.813
35788.121703       -0.059             -59.813
35788.121703       -0.059             -59.813
35788.121703       -0.059             -59.813
35788.121703       -0.059             -59.813
35788.121703       -0.059             -59.813
35788.121703       -0.059             -59.813
35788.121703       -0.059             -59.813
35788.121703       -0.059             -59.813
35788.121703       -0.059             -59.813
35788.121703       -0.059             -59.813
35788.121703       -0.059             -59.813
35788.121703       -0.059             -59.813
35788.121703       -0.059             -59.813
35788.121703       -0.059             -59.813
35788.121703       -0.059             -59.813
35788.121703       -0.059             -59.813
35788.121703       -0.059             -59.813
35788.121703       -0.059             -59.813
35788.121703       -0.059             -59.813
35788.121703       -0.059             -59.813
35788.121703       -0.059             -59.813
35788.121703       -0.059             -59.813
35788.121703       -0.059             -59.813
35788.121703       -0.059             -59.813
35788.121703       -0.059             -59.813
35788.121703       -0.059             -59.813
35788.121703       -0.059             -59.813
35788.121703       -0.059             -59.813
35788.121703       -0.059             -59.813
35788.121703       -0.059             -59.813
35788.121703       -0.059             -59.813
35788.121703       -0.059             -59.813
35788.121703       -0.059             -59.813
35788.121703       -0.058             -59.813
35788.121703       -0.058             -59.813
35788.121703       -0.058             -59.813
35788.121703       -0.058             -59.813
35788.121703       -0.058             -59.813
35788.121703       -0.058             -59.813
35788.121703       -0.058             -59.813
35788.121703       -0.058             -59.813
35788.121703       -0.058             -59.813
35788.121703       -0.058             -59.813
35788.121703       -0.058             -59.813
35788.121703       -0.058             -59.813
35788.121703       -0.058             -59.813
35788.121703       -0.058             -59.813
35788.121703       -0.058             -59.813
35788.121703       -0.058             -59.813
35788.121703       -0.058             -59.813
35788.121703       -0.058             -59.813
35788.121703       -0.058             -59.813
35788.121703       -0.058             -59.813
35788.121703       -0.058             -59.813
35788.121703       -0.058             -59.813
35788.121703       -0.058             -59.813
35788.121703       -0.058             -59.813
35788.121703       -0.058             -59.813
35788.121703       -0.058             -59.813
35788.121703       -0.058             -59.813
35788.121703       -0.058             -59.813
35788.121703       -0.058             -59.813
35788.121703       -0.058             -59.813
35788.121703       -0.058             -59.813
35788.121703       -0.058             -59.813
35788.121702       -0.058             -59.813
35788.121702       -0.058             -59.813
35788.121702       -0.058             -59.813
35788.121702       -0.058             -59.813
35788.121702       -0.058             -59.813
35788.121702       -0.058             -59.813
35788.121702       -0.058             -59.813
35788.121702       -0.058             -59.813
35788.121702       -0.058             -59.813
35788.121702       -0.058             -59.813
35788.121702       -0.058             -59.813
35788.121702       -0.058             -59.813
35788.121702       -0.058             -59.813
35788.121702       -0.058             -59.813
35788.121702       -0.058             -59.813
35788.121702       -0.058             -59.813
35788.121702       -0.058             -59.813
35788.121702       -0.058             -59.813
35788.121702       -0.058             -59.813
35788.121702       -0.058             -59.813
35788.121702       -0.058             -59.813
35788.121702       -0.058             -59.813
35788.121702       -0.058             -59.813
35788.121702       -0.058             -59.813
35788.121702       -0.058             -59.813
35788.121702       -0.058             -59.813
35788.121702       -0.058             -59.813
35788.121702       -0.058             -59.813
35788.121702       -0.058             -59.813
35788.121702       -0.058             -59.813
35788.121702       -0.058             -59.813
35788.121702       -0.058             -59.813
35788.121702       -0.058             -59.813
35788.121702       -0.058             -59.813
35788.121702       -0.058             -59.813
35788.121702       -0.058             -59.813
35788.121702       -0.058             -59.813
35788.121702       -0.058             -59.813
35788.121702       -0.057             -59.813
35788.121702       -0.057             -59.813
35788.121702       -0.057             -59.813
35788.121702       -0.057             -59.813
35788.121702       -0.057             -59.813
35788.121702       -0.057             -59.813
35788.121702       -0.057             -59.813
35788.121702       -0.057             -59.813
35788.121702       -0.057             -59.813
35788.121702       -0.057             -59.813
35788.121702       -0.057             -59.813
35788.121702       -0.057             -59.813
35788.121702       -0.057             -59.813
35788.121702       -0.057             -59.813
35788.121702       -0.057             -59.813
35788.121702       -0.057             -59.813
35788.121702       -0.057             -59.813
35788.121702       -0.057             -59.813
35788.121702       -0.057             -59.813
35788.121702       -0.057             -59.813
35788.121702       -0.057             -59.813
35788.121702       -0.057             -59.813
35788.121702       -0.057             -59.813
35788.121702       -0.057             -59.813
35788.121702       -0.057             -59.813
35788.121702       -0.057             -59.813
35788.121702       -0.057             -59.813
35788.121702       -0.057             -59.813
35788.121702       -0.057             -59.813
35788.121702       -0.057             -59.813
35788.121702       -0.057             -59.813
35788.121702       -0.057             -59.813
35788.121702       -0.057             -59.813
35788.121702       -0.057             -59.813
35788.121702       -0.057             -59.813
35788.121702       -0.057             -59.813
35788.121702       -0.057             -59.813
35788.121702       -0.057             -59.813
35788.121702       -0.057             -59.813
35788.121702       -0.057             -59.813
35788.121702       -0.057             -59.813
35788.121702       -0.057             -59.813
35788.121702       -0.057             -59.813
35788.121702       -0.057             -59.813
35788.121702       -0.057             -59.813
35788.121702       -0.057             -59.813
35788.121702       -0.057             -59.813
35788.121702       -0.057             -59.813
35788.121702       -0.057             -59.813
35788.121702       -0.057             -59.813
35788.121702       -0.057             -59.813
35788.121702       -0.057             -59.813
35788.121702       -0.057             -59.813
35788.121702       -0.057             -59.813
35788.121702       -0.057             -59.813
35788.121702       -0.057             -59.813
35788.121701       -0.057             -59.813
35788.121701       -0.057             -59.813
35788.121701       -0.057             -59.813
35788.121701       -0.057             -59.813
35788.121701       -0.057             -59.813
35788.121701       -0.057             -59.813
35788.121701       -0.057             -59.813
35788.121701       -0.057             -59.813
35788.121701       -0.057             -59.813
35788.121701       -0.057             -59.813
35788.121701       -0.057             -59.813
35788.121701       -0.057             -59.813
35788.121701       -0.057             -59.813
35788.121701       -0.057             -59.813
35788.121701       -0.057             -59.813
35788.121701       -0.056             -59.813
35788.121701       -0.056             -59.813
35788.121701       -0.056             -59.813
35788.121701       -0.056             -59.813
35788.121701       -0.056             -59.813
35788.121701       -0.056             -59.813
35788.121701       -0.056             -59.813
35788.121701       -0.056             -59.813
35788.121701       -0.056             -59.813
35788.121701       -0.056             -59.813
35788.121701       -0.056             -59.813
35788.121701       -0.056             -59.813
35788.121701       -0.056             -59.813
35788.121701       -0.056             -59.813
35788.121701       -0.056             -59.813
35788.121701       -0.056             -59.813
35788.121701       -0.056             -59.813
35788.121701       -0.056             -59.813
35788.121701       -0.056             -59.813
35788.121701       -0.056             -59.813
35788.121701       -0.056             -59.813
35788.121701       -0.056             -59.813
35788.121701       -0.056             -59.813
35788.121701       -0.056             -59.813
35788.121701       -0.056             -59.813
35788.121701       -0.056             -59.813
35788.121701       -0.056             -59.813
35788.121701       -0.056             -59.813
35788.121701       -0.056             -59.813
35788.121701       -0.056             -59.813
35788.121701       -0.056             -59.813
35788.121701       -0.056             -59.813
35788.121701       -0.056             -59.813
35788.121701       -0.056             -59.813
35788.121701       -0.056             -59.813
35788.121701       -0.056             -59.813
35788.121701       -0.056             -59.813
35788.121701       -0.056             -59.813
35788.121701       -0.056             -59.813
35788.121701       -0.056             -59.813
35788.121701       -0.056             -59.813
35788.121701       -0.056             -59.813
35788.121701       -0.056             -59.813
35788.121701       -0.056             -59.813
35788.121701       -0.056             -59.813
35788.121701       -0.056             -59.813
35788.121701       -0.056             -59.813
35788.121701       -0.056             -59.813
35788.121701       -0.056             -59.813
35788.121701       -0.056             -59.813
35788.121701       -0.056             -59.813
35788.121701       -0.056             -59.813
35788.121701       -0.056             -59.813
35788.121701       -0.056             -59.813
35788.121701       -0.056             -59.813
35788.121701       -0.056             -59.813
35788.121701       -0.056             -59.813
35788.121701       -0.056             -59.813
35788.121701       -0.056             -59.813
35788.121701       -0.056             -59.813
35788.121701       -0.056             -59.813
35788.121701       -0.056             -59.813
35788.121701       -0.056             -59.813
35788.121701       -0.056             -59.813
35788.121701       -0.056             -59.813
35788.121701       -0.056             -59.813
35788.121701       -0.056             -59.813
35788.121701       -0.056             -59.813
35788.121701       -0.056             -59.813
35788.121701       -0.056             -59.813
35788.121701       -0.055             -59.813
35788.121701       -0.055             -59.813
35788.121701       -0.055             -59.813
35788.121701       -0.055             -59.813
35788.121701       -0.055             -59.813
35788.121701       -0.055             -59.813
35788.121701       -0.055             -59.813
35788.121701       -0.055             -59.813
35788.121701       -0.055             -59.813
35788.121701       -0.055             -59.813
35788.121701       -0.055             -59.813
35788.121701       -0.055             -59.813
35788.121700       -0.055             -59.813
35788.121700       -0.055             -59.813
35788.121700       -0.055             -59.813
35788.121700       -0.055             -59.813
35788.121700       -0.055             -59.813
35788.121700       -0.055             -59.813
35788.121700       -0.055             -59.813
35788.121700       -0.055             -59.813
35788.121700       -0.055             -59.813
35788.121700       -0.055             -59.813
35788.121700       -0.055             -59.813
35788.121700       -0.055             -59.813
35788.121700       -0.055             -59.813
35788.121700       -0.055             -59.813
35788.121700       -0.055             -59.813
35788.121700       -0.055             -59.813
35788.121700       -0.055             -59.813
35788.121700       -0.055             -59.813
35788.121700       -0.055             -59.813
35788.121700       -0.055             -59.813
35788.121700       -0.055             -59.813
35788.121700       -0.055             -59.813
35788.121700       -0.055             -59.813
35788.121700       -0.055             -59.813
35788.121700       -0.055             -59.813
35788.121700       -0.055             -59.813
35788.121700       -0.055             -59.813
35788.121700       -0.055             -59.813
35788.121700       -0.055             -59.813
35788.121700       -0.055             -59.813
35788.121700       -0.055             -59.813
35788.121700       -0.055             -59.813
35788.121700       -0.055             -59.813
35788.121700       -0.055             -59.813
35788.121700       -0.055             -59.813
35788.121700       -0.055             -59.813
35788.121700       -0.055             -59.813
35788.121700       -0.055             -59.813
35788.121700       -0.055             -59.813
35788.121700       -0.055             -59.813
35788.121700       -0.055             -59.813
35788.121700       -0.055             -59.813
35788.121700       -0.055             -59.813
35788.121700       -0.055             -59.813
35788.121700       -0.055             -59.813
35788.121700       -0.055             -59.813
35788.121700       -0.055             -59.813
35788.121700       -0.055             -59.813
35788.121700       -0.055             -59.813
35788.121700       -0.055             -59.813
35788.121700       -0.055             -59.813
35788.121700       -0.055             -59.813
35788.121700       -0.055             -59.813
35788.121700       -0.055             -59.813
35788.121700       -0.055             -59.813
35788.121700       -0.055             -59.813
35788.121700       -0.055             -59.813
35788.121700       -0.055             -59.813
35788.121700       -0.054             -59.813
35788.121700       -0.054             -59.813
35788.121700       -0.054             -59.813
35788.121700       -0.054             -59.813
35788.121700       -0.054             -59.813
35788.121700       -0.054             -59.813
35788.121700       -0.054             -59.813
35788.121700       -0.054             -59.813
35788.121700       -0.054             -59.813
35788.121700       -0.054             -59.813
35788.121700       -0.054             -59.813
35788.121700       -0.054             -59.813
35788.121700       -0.054             -59.813
35788.121700       -0.054             -59.813
35788.121700       -0.054             -59.813
35788.121700       -0.054             -59.813
35788.121700       -0.054             -59.813
35788.121700       -0.054             -59.813
35788.121700       -0.054             -59.813
35788.121700       -0.054             -59.813
35788.121700       -0.054             -59.813
35788.121700       -0.054             -59.813
35788.121700       -0.054             -59.813
35788.121700       -0.054             -59.813
35788.121700       -0.054             -59.813
35788.121700       -0.054             -59.813
35788.121700       -0.054             -59.813
35788.121700       -0.054             -59.813
35788.121700       -0.054             -59.813
35788.121700       -0.054             -59.813
35788.121700       -0.054             -59.813
35788.121700       -0.054             -59.813
35788.121700       -0.054             -59.813
35788.121700       -0.054             -59.813
35788.121700       -0.054             -59.813
35788.121700       -0.054             -59.813
35788.121700       -0.054             -59.813
35788.121700       -0.054             -59.813
35788.121700       -0.054             -59.813
35788.121700       -0.054             -59.813
35788.121699       -0.054             -59.813
35788.121699       -0.054             -59.813
35788.121699       -0.054             -59.813
35788.121699       -0.054             -59.813
35788.121699       -0.054             -59.813
35788.121699       -0.054             -59.813
35788.121699       -0.054             -59.813
35788.121699       -0.054             -59.813
35788.121699       -0.054             -59.813
35788.121699       -0.054             -59.813
35788.121699       -0.054             -59.813
35788.121699       -0.054             -59.813
35788.121699       -0.054             -59.813
35788.121699       -0.054             -59.813
35788.121699       -0.054             -59.813
35788.121699       -0.054             -59.813
35788.121699       -0.054             -59.813
35788.121699       -0.054             -59.813
35788.121699       -0.054             -59.813
35788.121699       -0.054             -59.813
35788.121699       -0.054             -59.813
35788.121699       -0.054             -59.813
35788.121699       -0.054             -59.813
35788.121699       -0.054             -59.813
35788.121699       -0.054             -59.813
35788.121699       -0.054             -59.813
35788.121699       -0.054             -59.813
35788.121699       -0.054             -59.813
35788.121699       -0.054             -59.813
35788.121699       -0.054             -59.813
35788.121699       -0.053             -59.813
35788.121699       -0.053             -59.813
35788.121699       -0.053             -59.813
35788.121699       -0.053             -59.813
35788.121699       -0.053             -59.813
35788.121699       -0.053             -59.813
35788.121699       -0.053             -59.813
35788.121699       -0.053             -59.813
35788.121699       -0.053             -59.813
35788.121699       -0.053             -59.813
35788.121699       -0.053             -59.813
35788.121699       -0.053             -59.813
35788.121699       -0.053             -59.813
35788.121699       -0.053             -59.813
35788.121699       -0.053             -59.813
35788.121699       -0.053             -59.813
35788.121699       -0.053             -59.813
35788.121699       -0.053             -59.813
35788.121699       -0.053             -59.813
35788.121699       -0.053             -59.813
35788.121699       -0.053             -59.813
35788.121699       -0.053             -59.813
35788.121699       -0.053             -59.813
35788.121699       -0.053             -59.813
35788.121699       -0.053             -59.813
35788.121699       -0.053             -59.813
35788.121699       -0.053             -59.813
35788.121699       -0.053             -59.813
35788.121699       -0.053             -59.813
35788.121699       -0.053             -59.813
35788.121699       -0.053             -59.813
35788.121699       -0.053             -59.813
35788.121699       -0.053             -59.813
35788.121699       -0.053             -59.813
35788.121699       -0.053             -59.813
35788.121699       -0.053             -59.813
35788.121699       -0.053             -59.813
35788.121699       -0.053             -59.813
35788.121699       -0.053             -59.813
35788.121699       -0.053             -59.813
35788.121699       -0.053             -59.813
35788.121699       -0.053             -59.813
35788.121699       -0.053             -59.813
35788.121699       -0.053             -59.813
35788.121699       -0.053             -59.813
35788.121699       -0.053             -59.813
35788.121699       -0.053             -59.813
35788.121699       -0.053             -59.813
35788.121699       -0.053             -59.813
35788.121699       -0.053             -59.813
35788.121699       -0.053             -59.813
35788.121699       -0.053             -59.813
35788.121699       -0.053             -59.813
35788.121699       -0.053             -59.813
35788.121699       -0.053             -59.813
35788.121699       -0.053             -59.813
35788.121699       -0.053             -59.813
35788.121699       -0.053             -59.813
35788.121699       -0.053             -59.813
35788.121699       -0.053             -59.813
35788.121699       -0.053             -59.813
35788.121699       -0.053             -59.813
35788.121699       -0.053             -59.813
35788.121699       -0.053             -59.813
35788.121699       -0.053             -59.813
35788.121699       -0.053             -59.813
35788.121699       -0.053             -59.813
35788.121699       -0.053             -59.813
35788.121699       -0.053             -59.813
35788.121699       -0.052             -59.813
35788.121699       -0.052             -59.813
35788.121698       -0.052             -59.813
35788.121698       -0.052             -59.813
35788.121698       -0.052             -59.813
35788.121698       -0.052             -59.813
35788.121698       -0.052             -59.813
35788.121698       -0.052             -59.813
35788.121698       -0.052             -59.813
35788.121698       -0.052             -59.813
35788.121698       -0.052             -59.813
35788.121698       -0.052             -59.813
35788.121698       -0.052             -59.813
35788.121698       -0.052             -59.813
35788.121698       -0.052             -59.813
35788.121698       -0.052             -59.813
35788.121698       -0.052             -59.813
35788.121698       -0.052             -59.813
35788.121698       -0.052             -59.813
35788.121698       -0.052             -59.813
35788.121698       -0.052             -59.813
35788.121698       -0.052             -59.813
35788.121698       -0.052             -59.813
35788.121698       -0.052             -59.813
35788.121698       -0.052             -59.813
35788.121698       -0.052             -59.813
35788.121698       -0.052             -59.813
35788.121698       -0.052             -59.813
35788.121698       -0.052             -59.813
35788.121698       -0.052             -59.813
35788.121698       -0.052             -59.813
35788.121698       -0.052             -59.813
35788.121698       -0.052             -59.813
35788.121698       -0.052             -59.813
35788.121698       -0.052             -59.813
35788.121698       -0.052             -59.813
35788.121698       -0.052             -59.813
35788.121698       -0.052             -59.813
35788.121698       -0.052             -59.813
35788.121698       -0.052             -59.813
35788.121698       -0.052             -59.813
35788.121698       -0.052             -59.813
35788.121698       -0.052             -59.813
35788.121698       -0.052             -59.813
35788.121698       -0.052             -59.813
35788.121698       -0.052             -59.813
35788.121698       -0.052             -59.813
35788.121698       -0.052             -59.813
35788.121698       -0.052             -59.813
35788.121698       -0.052             -59.813
35788.121698       -0.052             -59.813
35788.121698       -0.052             -59.813
35788.121698       -0.052             -59.813
35788.121698       -0.052             -59.813
35788.121698       -0.052             -59.813
35788.121698       -0.052             -59.813
35788.121698       -0.052             -59.813
35788.121698       -0.052             -59.813
35788.121698       -0.052             -59.813
35788.121698       -0.052             -59.813
35788.121698       -0.052             -59.813
35788.121698       -0.052             -59.813
35788.121698       -0.052             -59.813
35788.121698       -0.052             -59.813
35788.121698       -0.052             -59.813
35788.121698       -0.052             -59.813
35788.121698       -0.052             -59.813
35788.121698       -0.052             -59.813
35788.121698       -0.052             -59.813
35788.121698       -0.052             -59.813
35788.121698       -0.051             -59.813
35788.121698       -0.051             -59.813
35788.121698       -0.051             -59.813
35788.121698       -0.051             -59.813
35788.121698       -0.051             -59.813
35788.121698       -0.051             -59.813
35788.121698       -0.051             -59.813
35788.121698       -0.051             -59.813
35788.121698       -0.051             -59.813
35788.121698       -0.051             -59.813
35788.121698       -0.051             -59.813
35788.121698       -0.051             -59.813
35788.121698       -0.051             -59.813
35788.121698       -0.051             -59.813
35788.121698       -0.051             -59.813
35788.121698       -0.051             -59.813
35788.121698       -0.051             -59.813
35788.121698       -0.051             -59.813
35788.121698       -0.051             -59.813
35788.121698       -0.051             -59.813
35788.121698       -0.051             -59.813
35788.121698       -0.051             -59.813
35788.121698       -0.051             -59.813
35788.121698       -0.051             -59.813
35788.121698       -0.051             -59.813
35788.121698       -0.051             -59.813
35788.121698       -0.051             -59.813
35788.121698       -0.051             -59.813
35788.121698       -0.051             -59.813
35788.121698       -0.051             -59.813
35788.121698       -0.051             -59.813
35788.121698       -0.051             -59.813
35788.121698       -0.051             -59.813
35788.121698       -0.051             -59.813
35788.121698       -0.051             -59.813
35788.121698       -0.051             -59.813
35788.121697       -0.051             -59.813
35788.121697       -0.051             -59.813
35788.121697       -0.051             -59.813
35788.121697       -0.051             -59.813
35788.121697       -0.051             -59.813
35788.121697       -0.051             -59.813
35788.121697       -0.051             -59.813
35788.121697       -0.051             -59.813
35788.121697       -0.051             -59.813
35788.121697       -0.051             -59.813
35788.121697       -0.051             -59.813
35788.121697       -0.051             -59.813
35788.121697       -0.051             -59.813
35788.121697       -0.051             -59.813
35788.121697       -0.051             -59.813
35788.121697       -0.051             -59.813
35788.121697       -0.051             -59.813
35788.121697       -0.051             -59.813
35788.121697       -0.051             -59.813
35788.121697       -0.051             -59.813
35788.121697       -0.051             -59.813
35788.121697       -0.051             -59.813
35788.121697       -0.051             -59.813
35788.121697       -0.051             -59.813
35788.121697       -0.051             -59.813
35788.121697       -0.051             -59.813
35788.121697       -0.051             -59.813
35788.121697       -0.051             -59.813
35788.121697       -0.051             -59.813
35788.121697       -0.051             -59.813
35788.121697       -0.051             -59.813
35788.121697       -0.051             -59.813
35788.121697       -0.051             -59.813
35788.121697       -0.051             -59.813
35788.121697       -0.050             -59.813
35788.121697       -0.050             -59.813
35788.121697       -0.050             -59.813
35788.121697       -0.050             -59.813
35788.121697       -0.050             -59.813
35788.121697       -0.050             -59.813
35788.121697       -0.050             -59.813
35788.121697       -0.050             -59.813
35788.121697       -0.050             -59.813
35788.121697       -0.050             -59.813
35788.121697       -0.050             -59.813
35788.121697       -0.050             -59.813
35788.121697       -0.050             -59.813
35788.121697       -0.050             -59.813
35788.121697       -0.050             -59.813
35788.121697       -0.050             -59.813
35788.121697       -0.050             -59.813
35788.121697       -0.050             -59.813
35788.121697       -0.050             -59.813
35788.121697       -0.050             -59.813
35788.121697       -0.050             -59.813
35788.121697       -0.050             -59.813
35788.121697       -0.050             -59.813
35788.121697       -0.050             -59.813
35788.121697       -0.050             -59.813
35788.121697       -0.050             -59.813
35788.121697       -0.050             -59.813
35788.121697       -0.050             -59.813
35788.121697       -0.050             -59.813
35788.121697       -0.050             -59.813
35788.121697       -0.050             -59.813
35788.121697       -0.050             -59.813
35788.121697       -0.050             -59.813
35788.121697       -0.050             -59.813
35788.121697       -0.050             -59.813
35788.121697       -0.050             -59.813
35788.121697       -0.050             -59.813
35788.121697       -0.050             -59.813
35788.121697       -0.050             -59.813
35788.121697       -0.050             -59.813
35788.121697       -0.050             -59.813
35788.121697       -0.050             -59.813
35788.121697       -0.050             -59.813
35788.121697       -0.050             -59.813
35788.121697       -0.050             -59.813
35788.121697       -0.050             -59.813
35788.121697       -0.050             -59.813
35788.121697       -0.050             -59.813
35788.121697       -0.050             -59.813
35788.121697       -0.050             -59.813
35788.121697       -0.050             -59.813
35788.121697       -0.050             -59.813
35788.121697       -0.050             -59.813
35788.121697       -0.050             -59.813
35788.121697       -0.050             -59.813
35788.121697       -0.050             -59.813
35788.121697       -0.050             -59.813
35788.121697       -0.050             -59.813
35788.121697       -0.050             -59.813
35788.121697       -0.050             -59.813
35788.121697       -0.050             -59.813
35788.121697       -0.050             -59.813
35788.121697       -0.050             -59.813
35788.121697       -0.050             -59.813
35788.121697       -0.050             -59.813
35788.121697       -0.050             -59.813
35788.121697       -0.050             -59.813
35788.121697       -0.050             -59.813
35788.121697       -0.050             -59.813
35788.121697       -0.049             -59.813
35788.121697       -0.049             -59.813
35788.121697       -0.049             -59.813
35788.121696       -0.049             -59.813
35788.121696       -0.049             -59.813
35788.121696       -0.049             -59.813
35788.121696       -0.049             -59.813
35788.121696       -0.049             -59.813
35788.121696       -0.049             -59.813
35788.121696       -0.049             -59.813
35788.121696       -0.049             -59.813
35788.121696       -0.049             -59.813
35788.121696       -0.049             -59.813
35788.121696       -0.049             -59.813
35788.121696       -0.049             -59.813
35788.121696       -0.049             -59.813
35788.121696       -0.049             -59.813
35788.121696       -0.049             -59.813
35788.121696       -0.049             -59.813
35788.121696       -0.049             -59.813
35788.121696       -0.049             -59.813
35788.121696       -0.049             -59.813
35788.121696       -0.049             -59.813
35788.121696       -0.049             -59.813
35788.121696       -0.049             -59.813
35788.121696       -0.049             -59.813
35788.121696       -0.049             -59.813
35788.121696       -0.049             -59.813
35788.121696       -0.049             -59.813
35788.121696       -0.049             -59.813
35788.121696       -0.049             -59.813
35788.121696       -0.049             -59.813
35788.121696       -0.049             -59.813
35788.121696       -0.049             -59.813
35788.121696       -0.049             -59.813
35788.121696       -0.049             -59.813
35788.121696       -0.049             -59.813
35788.121696       -0.049             -59.813
35788.121696       -0.049             -59.813
35788.121696       -0.049             -59.813
35788.121696       -0.049             -59.813
35788.121696       -0.049             -59.813
35788.121696       -0.049             -59.813
35788.121696       -0.049             -59.813
35788.121696       -0.049             -59.813
35788.121696       -0.049             -59.813
35788.121696       -0.049             -59.813
35788.121696       -0.049             -59.813
35788.121696       -0.049             -59.813
35788.121696       -0.049             -59.813
35788.121696       -0.049             -59.813
35788.121696       -0.049             -59.813
35788.121696       -0.049             -59.813
35788.121696       -0.049             -59.813
35788.121696       -0.049             -59.813
35788.121696       -0.049             -59.813
35788.121696       -0.049             -59.813
35788.121696       -0.049             -59.813
35788.121696       -0.049             -59.813
35788.121696       -0.049             -59.813
35788.121696       -0.049             -59.813
35788.121696       -0.049             -59.813
35788.121696       -0.049             -59.813
35788.121696       -0.049             -59.813
35788.121696       -0.049             -59.813
35788.121696       -0.049             -59.813
35788.121696       -0.049             -59.813
35788.121696       -0.049             -59.813
35788.121696       -0.049             -59.813
35788.121696       -0.049             -59.813
35788.121696       -0.048             -59.813
35788.121696       -0.048             -59.813
35788.121696       -0.048             -59.813
35788.121696       -0.048             -59.813
35788.121696       -0.048             -59.813
35788.121696       -0.048             -59.813
35788.121696       -0.048             -59.813
35788.121696       -0.048             -59.813
35788.121696       -0.048             -59.813
35788.121696       -0.048             -59.813
35788.121696       -0.048             -59.813
35788.121696       -0.048             -59.813
35788.121696       -0.048             -59.813
35788.121696       -0.048             -59.813
35788.121696       -0.048             -59.813
35788.121696       -0.048             -59.813
35788.121696       -0.048             -59.813
35788.121696       -0.048             -59.813
35788.121696       -0.048             -59.813
35788.121696       -0.048             -59.813
35788.121696       -0.048             -59.813
35788.121696       -0.048             -59.813
35788.121696       -0.048             -59.813
35788.121696       -0.048             -59.813
35788.121696       -0.048             -59.813
35788.121696       -0.048             -59.813
35788.121696       -0.048             -59.813
35788.121696       -0.048             -59.813
35788.121696       -0.048             -59.813
35788.121696       -0.048             -59.813
35788.121696       -0.048             -59.813
35788.121696       -0.048             -59.813
35788.121696       -0.048             -59.813
35788.121696       -0.048             -59.813
35788.121696       -0.048             -59.813
35788.121696       -0.048             -59.813
35788.121696       -0.048             -59.813
35788.121696       -0.048             -59.813
35788.121696       -0.048             -59.813
35788.121696       -0.048             -59.813
35788.121696       -0.048             -59.813
35788.121696       -0.048             -59.813
35788.121696       -0.048             -59.813
35788.121695       -0.048             -59.813
35788.121695       -0.048             -59.813
35788.121695       -0.048             -59.813
35788.121695       -0.048             -59.813
35788.121695       -0.048             -59.813
35788.121695       -0.048             -59.813
35788.121695       -0.048             -59.813
35788.121695       -0.048             -59.813
35788.121695       -0.048             -59.813
35788.121695       -0.048             -59.813
35788.121695       -0.048             -59.813
35788.121695       -0.048             -59.813
35788.121695       -0.048             -59.813
35788.121695       -0.048             -59.813
35788.121695       -0.048             -59.813
35788.121695       -0.048             -59.813
35788.121695       -0.048             -59.813
35788.121695       -0.048             -59.813
35788.121695       -0.048             -59.813
35788.121695       -0.048             -59.813
35788.121695       -0.048             -59.813
35788.121695       -0.048             -59.813
35788.121695       -0.048             -59.813
35788.121695       -0.048             -59.813
35788.121695       -0.048             -59.813
35788.121695       -0.048             -59.813
35788.121695       -0.047             -59.813
35788.121695       -0.047             -59.813
35788.121695       -0.047             -59.813
35788.121695       -0.047             -59.813
35788.121695       -0.047             -59.813
35788.121695       -0.047             -59.813
35788.121695       -0.047             -59.813
35788.121695       -0.047             -59.813
35788.121695       -0.047             -59.813
35788.121695       -0.047             -59.813
35788.121695       -0.047             -59.813
35788.121695       -0.047             -59.813
35788.121695       -0.047             -59.813
35788.121695       -0.047             -59.813
35788.121695       -0.047             -59.813
35788.121695       -0.047             -59.813
35788.121695       -0.047             -59.813
35788.121695       -0.047             -59.813
35788.121695       -0.047             -59.813
35788.121695       -0.047             -59.813
35788.121695       -0.047             -59.813
35788.121695       -0.047             -59.813
35788.121695       -0.047             -59.813
35788.121695       -0.047             -59.813
35788.121695       -0.047             -59.813
35788.121695       -0.047             -59.813
35788.121695       -0.047             -59.813
35788.121695       -0.047             -59.813
35788.121695       -0.047             -59.813
35788.121695       -0.047             -59.813
35788.121695       -0.047             -59.813
35788.121695       -0.047             -59.813
35788.121695       -0.047             -59.813
35788.121695       -0.047             -59.813
35788.121695       -0.047             -59.813
35788.121695       -0.047             -59.813
35788.121695       -0.047             -59.813
35788.121695       -0.047             -59.813
35788.121695       -0.047             -59.813
35788.121695       -0.047             -59.813
35788.121695       -0.047             -59.813
35788.121695       -0.047             -59.813
35788.121695       -0.047             -59.813
35788.121695       -0.047             -59.813
35788.121695       -0.047             -59.813
35788.121695       -0.047             -59.813
35788.121695       -0.047             -59.813
35788.121695       -0.047             -59.813
35788.121695       -0.047             -59.813
35788.121695       -0.047             -59.813
35788.121695       -0.047             -59.813
35788.121695       -0.047             -59.813
35788.121695       -0.047             -59.813
35788.121695       -0.047             -59.813
35788.121695       -0.047             -59.813
35788.121695       -0.047             -59.813
35788.121695       -0.047             -59.813
35788.121695       -0.047             -59.813
35788.121695       -0.047             -59.813
35788.121695       -0.047             -59.813
35788.121695       -0.047             -59.813
35788.121695       -0.047             -59.813
35788.121695       -0.047             -59.813
35788.121695       -0.047             -59.813
35788.121695       -0.047             -59.813
35788.121695       -0.047             -59.813
35788.121695       -0.047             -59.813
35788.121695       -0.047             -59.813
35788.121695       -0.047             -59.813
35788.121695       -0.046             -59.813
35788.121695       -0.046             -59.813
35788.121695       -0.046             -59.813
35788.121695       -0.046             -59.813
35788.121695       -0.046             -59.813
35788.121695       -0.046             -59.813
35788.121695       -0.046             -59.813
35788.121695       -0.046             -59.813
35788.121695       -0.046             -59.813
35788.121695       -0.046             -59.813
35788.121695       -0.046             -59.813
35788.121695       -0.046             -59.813
35788.121695       -0.046             -59.813
35788.121695       -0.046             -59.813
35788.121695       -0.046             -59.813
35788.121695       -0.046             -59.813
35788.121695       -0.046             -59.813
35788.121695       -0.046             -59.813
35788.121695       -0.046             -59.813
35788.121694       -0.046             -59.813
35788.121694       -0.046             -59.813
35788.121694       -0.046             -59.813
35788.121694       -0.046             -59.813
35788.121694       -0.046             -59.813
35788.121694       -0.046             -59.813
35788.121694       -0.046             -59.813
35788.121694       -0.046             -59.813
35788.121694       -0.046             -59.813
35788.121694       -0.046             -59.813
35788.121694       -0.046             -59.813
35788.121694       -0.046             -59.813
35788.121694       -0.046             -59.813
35788.121694       -0.046             -59.813
35788.121694       -0.046             -59.813
35788.121694       -0.046             -59.813
35788.121694       -0.046             -59.813
35788.121694       -0.046             -59.813
35788.121694       -0.046             -59.813
35788.121694       -0.046             -59.813
35788.121694       -0.046             -59.813
35788.121694       -0.046             -59.813
35788.121694       -0.046             -59.813
35788.121694       -0.046             -59.813
35788.121694       -0.046             -59.813
35788.121694       -0.046             -59.813
35788.121694       -0.046             -59.813
35788.121694       -0.046             -59.813
35788.121694       -0.046             -59.813
35788.121694       -0.046             -59.813
35788.121694       -0.046             -59.813
35788.121694       -0.046             -59.813
35788.121694       -0.046             -59.813
35788.121694       -0.046             -59.813
35788.121694       -0.046             -59.813
35788.121694       -0.046             -59.813
35788.121694       -0.046             -59.813
35788.121694       -0.046             -59.813
35788.121694       -0.046             -59.813
35788.121694       -0.046             -59.813
35788.121694       -0.046             -59.813
35788.121694       -0.046             -59.813
35788.121694       -0.046             -59.813
35788.121694       -0.046             -59.813
35788.121694       -0.046             -59.813
35788.121694       -0.046             -59.813
35788.121694       -0.046             -59.813
35788.121694       -0.046             -59.813
35788.121694       -0.046             -59.813
35788.121694       -0.046             -59.813
35788.121694       -0.045             -59.813
35788.121694       -0.045             -59.813
35788.121694       -0.045             -59.813
35788.121694       -0.045             -59.813
35788.121694       -0.045             -59.813
35788.121694       -0.045             -59.813
35788.121694       -0.045             -59.813
35788.121694       -0.045             -59.813
35788.121694       -0.045             -59.813
35788.121694       -0.045             -59.813
35788.121694       -0.045             -59.813
35788.121694       -0.045             -59.813
35788.121694       -0.045             -59.813
35788.121694       -0.045             -59.813
35788.121694       -0.045             -59.813
35788.121694       -0.045             -59.813
35788.121694       -0.045             -59.813
35788.121694       -0.045             -59.813
35788.121694       -0.045             -59.813
35788.121694       -0.045             -59.813
35788.121694       -0.045             -59.813
35788.121694       -0.045             -59.813
35788.121694       -0.045             -59.813
35788.121694       -0.045             -59.813
35788.121694       -0.045             -59.813
35788.121694       -0.045             -59.813
35788.121694       -0.045             -59.813
35788.121694       -0.045             -59.813
35788.121694       -0.045             -59.813
35788.121694       -0.045             -59.813
35788.121694       -0.045             -59.813
35788.121694       -0.045             -59.813
35788.121694       -0.045             -59.813
35788.121694       -0.045             -59.813
35788.121694       -0.045             -59.813
35788.121694       -0.045             -59.813
35788.121694       -0.045             -59.813
35788.121694       -0.045             -59.813
35788.121694       -0.045             -59.813
35788.121694       -0.045             -59.813
35788.121694       -0.045             -59.813
35788.121694       -0.045             -59.813
35788.121694       -0.045             -59.813
35788.121694       -0.045             -59.813
35788.121694       -0.045             -59.813
35788.121694       -0.045             -59.813
35788.121694       -0.045             -59.813
35788.121694       -0.045             -59.813
35788.121694       -0.045             -59.813
35788.121694       -0.045             -59.813
35788.121694       -0.045             -59.813
35788.121694       -0.045             -59.813
35788.121694       -0.045             -59.813
35788.121694       -0.045             -59.813
35788.121694       -0.045             -59.813
35788.121694       -0.045             -59.813
35788.121694       -0.045             -59.813
35788.121694       -0.045             -59.813
35788.121694       -0.045             -59.813
35788.121694       -0.045             -59.813
35788.121694       -0.045             -59.813
35788.121694       -0.045             -59.813
35788.121694       -0.045             -59.813
35788.121694       -0.045             -59.813
35788.121694       -0.045             -59.813
35788.121694       -0.045             -59.813
35788.121694       -0.045             -59.813
35788.121693       -0.045             -59.813
35788.121693       -0.045             -59.813
35788.121693       -0.045             -59.813
35788.121693       -0.044             -59.813
35788.121693       -0.044             -59.813
35788.121693       -0.044             -59.813
35788.121693       -0.044             -59.813
35788.121693       -0.044             -59.813
35788.121693       -0.044             -59.813
35788.121693       -0.044             -59.813
35788.121693       -0.044             -59.813
35788.121693       -0.044             -59.813
35788.121693       -0.044             -59.813
35788.121693       -0.044             -59.813
35788.121693       -0.044             -59.813
35788.121693       -0.044             -59.813
35788.121693       -0.044             -59.813
35788.121693       -0.044             -59.813
35788.121693       -0.044             -59.813
35788.121693       -0.044             -59.813
35788.121693       -0.044             -59.813
35788.121693       -0.044             -59.813
35788.121693       -0.044             -59.813
35788.121693       -0.044             -59.813
35788.121693       -0.044             -59.813
35788.121693       -0.044             -59.813
35788.121693       -0.044             -59.813
35788.121693       -0.044             -59.813
35788.121693       -0.044             -59.813
35788.121693       -0.044             -59.813
35788.121693       -0.044             -59.813
35788.121693       -0.044             -59.813
35788.121693       -0.044             -59.813
35788.121693       -0.044             -59.813
35788.121693       -0.044             -59.813
35788.121693       -0.044             -59.813
35788.121693       -0.044             -59.813
35788.121693       -0.044             -59.813
35788.121693       -0.044             -59.813
35788.121693       -0.044             -59.813
35788.121693       -0.044             -59.813
35788.121693       -0.044             -59.813
35788.121693       -0.044             -59.813
35788.121693       -0.044             -59.813
35788.121693       -0.044             -59.813
35788.121693       -0.044             -59.813
35788.121693       -0.044             -59.813
35788.121693       -0.044             -59.813
35788.121693       -0.044             -59.813
35788.121693       -0.044             -59.813
35788.121693       -0.044             -59.813
35788.121693       -0.044             -59.813
35788.121693       -0.044             -59.813
35788.121693       -0.044             -59.813
35788.121693       -0.044             -59.813
35788.121693       -0.044             -59.813
35788.121693       -0.044             -59.813
35788.121693       -0.044             -59.813
35788.121693       -0.044             -59.813
35788.121693       -0.044             -59.813
35788.121693       -0.044             -59.813
35788.121693       -0.044             -59.813
35788.121693       -0.044             -59.813
35788.121693       -0.044             -59.813
35788.121693       -0.044             -59.813
35788.121693       -0.044             -59.813
35788.121693       -0.044             -59.813
35788.121693       -0.044             -59.813
35788.121693       -0.044             -59.813
35788.121693       -0.044             -59.813
35788.121693       -0.044             -59.813
35788.121693       -0.044             -59.813
35788.121693       -0.043             -59.813
35788.121693       -0.043             -59.813
35788.121693       -0.043             -59.813
35788.121693       -0.043             -59.813
35788.121693       -0.043             -59.813
35788.121693       -0.043             -59.813
35788.121693       -0.043             -59.813
35788.121693       -0.043             -59.813
35788.121693       -0.043             -59.813
35788.121693       -0.043             -59.813
35788.121693       -0.043             -59.813
35788.121693       -0.043             -59.813
35788.121693       -0.043             -59.813
35788.121693       -0.043             -59.813
35788.121693       -0.043             -59.813
35788.121693       -0.043             -59.813
35788.121693       -0.043             -59.813
35788.121693       -0.043             -59.813
35788.121693       -0.043             -59.813
35788.121693       -0.043             -59.813
35788.121693       -0.043             -59.813
35788.121693       -0.043             -59.813
35788.121693       -0.043             -59.813
35788.121693       -0.043             -59.813
35788.121693       -0.043             -59.813
35788.121693       -0.043             -59.813
35788.121693       -0.043             -59.813
35788.121693       -0.043             -59.813
35788.121693       -0.043             -59.813
35788.121693       -0.043             -59.813
35788.121693       -0.043             -59.813
35788.121693       -0.043             -59.813
35788.121693       -0.043             -59.813
35788.121693       -0.043             -59.813
35788.121693       -0.043             -59.813
35788.121693       -0.043             -59.813
35788.121693       -0.043             -59.813
35788.121693       -0.043             -59.813
35788.121693       -0.043             -59.813
35788.121693       -0.043             -59.813
35788.121693       -0.043             -59.813
35788.121693       -0.043             -59.813
35788.121693       -0.043             -59.813
35788.121693       -0.043             -59.813
35788.121693       -0.043             -59.813
35788.121693       -0.043             -59.813
35788.121693       -0.043             -59.813
35788.121693       -0.043             -59.813
35788.121693       -0.043             -59.813
35788.121692       -0.043             -59.813
35788.121692       -0.043             -59.813
35788.121692       -0.043             -59.813
35788.121692       -0.043             -59.813
35788.121692       -0.043             -59.813
35788.121692       -0.043             -59.813
35788.121692       -0.043             -59.813
35788.121692       -0.043             -59.813
35788.121692       -0.043             -59.813
35788.121692       -0.043             -59.813
35788.121692       -0.043             -59.813
35788.121692       -0.043             -59.813
35788.121692       -0.043             -59.813
35788.121692       -0.043             -59.813
35788.121692       -0.043             -59.813
35788.121692       -0.043             -59.813
35788.121692       -0.043             -59.813
35788.121692       -0.043             -59.813
35788.121692       -0.043             -59.813
35788.121692       -0.043             -59.813
35788.121692       -0.042             -59.813
35788.121692       -0.042             -59.813
35788.121692       -0.042             -59.813
35788.121692       -0.042             -59.813
35788.121692       -0.042             -59.813
35788.121692       -0.042             -59.813
35788.121692       -0.042             -59.813
35788.121692       -0.042             -59.813
35788.121692       -0.042             -59.813
35788.121692       -0.042             -59.813
35788.121692       -0.042             -59.813
35788.121692       -0.042             -59.813
35788.121692       -0.042             -59.813
35788.121692       -0.042             -59.813
35788.121692       -0.042             -59.813
35788.121692       -0.042             -59.813
35788.121692       -0.042             -59.813
35788.121692       -0.042             -59.813
35788.121692       -0.042             -59.813
35788.121692       -0.042             -59.813
35788.121692       -0.042             -59.813
35788.121692       -0.042             -59.813
35788.121692       -0.042             -59.813
35788.121692       -0.042             -59.813
35788.121692       -0.042             -59.813
35788.121692       -0.042             -59.813
35788.121692       -0.042             -59.813
35788.121692       -0.042             -59.813
35788.121692       -0.042             -59.813
35788.121692       -0.042             -59.813
35788.121692       -0.042             -59.813
35788.121692       -0.042             -59.813
35788.121692       -0.042             -59.813
35788.121692       -0.042             -59.813
35788.121692       -0.042             -59.813
35788.121692       -0.042             -59.813
35788.121692       -0.042             -59.813
35788.121692       -0.042             -59.813
35788.121692       -0.042             -59.813
35788.121692       -0.042             -59.813
35788.121692       -0.042             -59.813
35788.121692       -0.042             -59.813
35788.121692       -0.042             -59.813
35788.121692       -0.042             -59.813
35788.121692       -0.042             -59.813
35788.121692       -0.042             -59.813
35788.121692       -0.042             -59.813
35788.121692       -0.042             -59.813
35788.121692       -0.042             -59.813
35788.121692       -0.042             -59.813
35788.121692       -0.042             -59.813
35788.121692       -0.042             -59.813
35788.121692       -0.042             -59.813
35788.121692       -0.042             -59.813
35788.121692       -0.042             -59.813
35788.121692       -0.042             -59.813
35788.121692       -0.042             -59.813
35788.121692       -0.042             -59.813
35788.121692       -0.042             -59.813
35788.121692       -0.042             -59.813
35788.121692       -0.042             -59.813
35788.121692       -0.042             -59.813
35788.121692       -0.042             -59.813
35788.121692       -0.042             -59.813
35788.121692       -0.042             -59.813
35788.121692       -0.042             -59.813
35788.121692       -0.042             -59.813
35788.121692       -0.042             -59.813
35788.121692       -0.041             -59.813
35788.121692       -0.041             -59.813
35788.121692       -0.041             -59.813
35788.121692       -0.041             -59.813
35788.121692       -0.041             -59.813
35788.121692       -0.041             -59.813
35788.121692       -0.041             -59.813
35788.121692       -0.041             -59.813
35788.121692       -0.041             -59.813
35788.121692       -0.041             -59.813
35788.121692       -0.041             -59.813
35788.121692       -0.041             -59.813
35788.121692       -0.041             -59.813
35788.121692       -0.041             -59.813
35788.121692       -0.041             -59.813
35788.121692       -0.041             -59.813
35788.121692       -0.041             -59.813
35788.121692       -0.041             -59.813
35788.121692       -0.041             -59.813
35788.121692       -0.041             -59.813
35788.121692       -0.041             -59.813
35788.121692       -0.041             -59.813
35788.121692       -0.041             -59.813
35788.121692       -0.041             -59.813
35788.121692       -0.041             -59.813
35788.121692       -0.041             -59.813
35788.121692       -0.041             -59.813
35788.121692       -0.041             -59.813
35788.121692       -0.041             -59.813
35788.121692       -0.041             -59.813
35788.121692       -0.041             -59.813
35788.121692       -0.041             -59.813
35788.121692       -0.041             -59.813
35788.121692       -0.041             -59.813
35788.121692       -0.041             -59.813
35788.121692       -0.041             -59.813
35788.121692       -0.041             -59.813
35788.121692       -0.041             -59.813
35788.121692       -0.041             -59.813
35788.121691       -0.041             -59.813
35788.121691       -0.041             -59.813
35788.121691       -0.041             -59.813
35788.121691       -0.041             -59.813
35788.121691       -0.041             -59.813
35788.121691       -0.041             -59.813
35788.121691       -0.041             -59.813
35788.121691       -0.041             -59.813
35788.121691       -0.041             -59.813
35788.121691       -0.041             -59.813
35788.121691       -0.041             -59.813
35788.121691       -0.041             -59.813
35788.121691       -0.041             -59.813
35788.121691       -0.041             -59.813
35788.121691       -0.041             -59.813
35788.121691       -0.041             -59.813
35788.121691       -0.041             -59.813
35788.121691       -0.041             -59.813
35788.121691       -0.041             -59.813
35788.121691       -0.041             -59.813
35788.121691       -0.041             -59.813
35788.121691       -0.041             -59.813
35788.121691       -0.041             -59.813
35788.121691       -0.041             -59.813
35788.121691       -0.041             -59.813
35788.121691       -0.041             -59.813
35788.121691       -0.041             -59.813
35788.121691       -0.041             -59.813
35788.121691       -0.041             -59.813
35788.121691       -0.041             -59.813
35788.121691       -0.040             -59.813
35788.121691       -0.040             -59.813
35788.121691       -0.040             -59.813
35788.121691       -0.040             -59.813
35788.121691       -0.040             -59.813
35788.121691       -0.040             -59.813
35788.121691       -0.040             -59.813
35788.121691       -0.040             -59.813
35788.121691       -0.040             -59.813
35788.121691       -0.040             -59.813
35788.121691       -0.040             -59.813
35788.121691       -0.040             -59.813
35788.121691       -0.040             -59.813
35788.121691       -0.040             -59.813
35788.121691       -0.040             -59.813
35788.121691       -0.040             -59.813
35788.121691       -0.040             -59.813
35788.121691       -0.040             -59.813
35788.121691       -0.040             -59.813
35788.121691       -0.040             -59.813
35788.121691       -0.040             -59.813
35788.121691       -0.040             -59.813
35788.121691       -0.040             -59.813
35788.121691       -0.040             -59.813
35788.121691       -0.040             -59.813
35788.121691       -0.040             -59.813
35788.121691       -0.040             -59.813
35788.121691       -0.040             -59.813
35788.121691       -0.040             -59.813
35788.121691       -0.040             -59.813
35788.121691       -0.040             -59.813
35788.121691       -0.040             -59.813
35788.121691       -0.040             -59.813
35788.121691       -0.040             -59.813
35788.121691       -0.040             -59.813
35788.121691       -0.040             -59.813
35788.121691       -0.040             -59.813
35788.121691       -0.040             -59.813
35788.121691       -0.040             -59.813
35788.121691       -0.040             -59.813
35788.121691       -0.040             -59.813
35788.121691       -0.040             -59.813
35788.121691       -0.040             -59.813
35788.121691       -0.040             -59.813
35788.121691       -0.040             -59.813
35788.121691       -0.040             -59.813
35788.121691       -0.040             -59.813
35788.121691       -0.040             -59.813
35788.121691       -0.040             -59.813
35788.121691       -0.040             -59.813
35788.121691       -0.040             -59.813
35788.121691       -0.040             -59.813
35788.121691       -0.040             -59.813
35788.121691       -0.040             -59.813
35788.121691       -0.040             -59.813
35788.121691       -0.040             -59.813
35788.121691       -0.040             -59.813
35788.121691       -0.040             -59.813
35788.121691       -0.040             -59.813
35788.121691       -0.040             -59.813
35788.121691       -0.040             -59.813
35788.121691       -0.040             -59.813
35788.121691       -0.040             -59.813
35788.121691       -0.040             -59.813
35788.121691       -0.040             -59.813
35788.121691       -0.040             -59.813
35788.121691       -0.040             -59.813
35788.121691       -0.040             -59.813
35788.121691       -0.040             -59.813
35788.121691       -0.039             -59.813
35788.121691       -0.039             -59.813
35788.121691       -0.039             -59.813
35788.121691       -0.039             -59.813
35788.121691       -0.039             -59.813
35788.121691       -0.039             -59.813
35788.121691       -0.039             -59.813
35788.121691       -0.039             -59.813
35788.121691       -0.039             -59.813
35788.121691       -0.039             -59.813
35788.121691       -0.039             -59.813
35788.121691       -0.039             -59.813
35788.121691       -0.039             -59.813
35788.121691       -0.039             -59.813
35788.121691       -0.039             -59.813
35788.121691       -0.039             -59.813
35788.121691       -0.039             -59.813
35788.121691       -0.039             -59.813
35788.121691       -0.039             -59.813
35788.121691       -0.039             -59.813
35788.121691       -0.039             -59.813
35788.121691       -0.039             -59.813
35788.121691       -0.039             -59.813
35788.121691       -0.039             -59.813
35788.121691       -0.039             -59.813
35788.121691       -0.039             -59.813
35788.121691       -0.039             -59.813
35788.121691       -0.039             -59.813
35788.121691       -0.039             -59.813
35788.121691       -0.039             -59.813
35788.121691       -0.039             -59.813
35788.121691       -0.039             -59.813
35788.121691       -0.039             -59.813
35788.121690       -0.039             -59.813
35788.121690       -0.039             -59.813
35788.121690       -0.039             -59.813
35788.121690       -0.039             -59.813
35788.121690       -0.039             -59.813
35788.121690       -0.039             -59.813
35788.121690       -0.039             -59.813
35788.121690       -0.039             -59.813
35788.121690       -0.039             -59.813
35788.121690       -0.039             -59.813
35788.121690       -0.039             -59.813
35788.121690       -0.039             -59.813
35788.121690       -0.039             -59.813
35788.121690       -0.039             -59.813
35788.121690       -0.039             -59.813
35788.121690       -0.039             -59.813
35788.121690       -0.039             -59.813
35788.121690       -0.039             -59.813
35788.121690       -0.039             -59.813
35788.121690       -0.039             -59.813
35788.121690       -0.039             -59.813
35788.121690       -0.039             -59.813
35788.121690       -0.039             -59.813
35788.121690       -0.039             -59.813
35788.121690       -0.039             -59.813
35788.121690       -0.039             -59.813
35788.121690       -0.039             -59.813
35788.121690       -0.039             -59.813
35788.121690       -0.039             -59.813
35788.121690       -0.039             -59.813
35788.121690       -0.039             -59.813
35788.121690       -0.039             -59.813
35788.121690       -0.039             -59.813
35788.121690       -0.039             -59.813
35788.121690       -0.039             -59.813
35788.121690       -0.039             -59.813
35788.121690       -0.038             -59.813
35788.121690       -0.038             -59.813
35788.121690       -0.038             -59.813
35788.121690       -0.038             -59.813
35788.121690       -0.038             -59.813
35788.121690       -0.038             -59.813
35788.121690       -0.038             -59.813
35788.121690       -0.038             -59.813
35788.121690       -0.038             -59.813
35788.121690       -0.038             -59.813
35788.121690       -0.038             -59.813
35788.121690       -0.038             -59.813
35788.121690       -0.038             -59.813
35788.121690       -0.038             -59.813
35788.121690       -0.038             -59.813
35788.121690       -0.038             -59.813
35788.121690       -0.038             -59.813
35788.121690       -0.038             -59.813
35788.121690       -0.038             -59.813
35788.121690       -0.038             -59.813
35788.121690       -0.038             -59.813
35788.121690       -0.038             -59.813
35788.121690       -0.038             -59.813
35788.121690       -0.038             -59.813
35788.121690       -0.038             -59.813
35788.121690       -0.038             -59.813
35788.121690       -0.038             -59.813
35788.121690       -0.038             -59.813
35788.121690       -0.038             -59.813
35788.121690       -0.038             -59.813
35788.121690       -0.038             -59.813
35788.121690       -0.038             -59.813
35788.121690       -0.038             -59.813
35788.121690       -0.038             -59.813
35788.121690       -0.038             -59.813
35788.121690       -0.038             -59.813
35788.121690       -0.038             -59.813
35788.121690       -0.038             -59.813
35788.121690       -0.038             -59.813
35788.121690       -0.038             -59.813
35788.121690       -0.038             -59.813
35788.121690       -0.038             -59.813
35788.121690       -0.038             -59.813
35788.121690       -0.038             -59.813
35788.121690       -0.038             -59.813
35788.121690       -0.038             -59.813
35788.121690       -0.038             -59.813
35788.121690       -0.038             -59.813
35788.121690       -0.038             -59.813
35788.121690       -0.038             -59.813
35788.121690       -0.038             -59.813
35788.121690       -0.038             -59.813
35788.121690       -0.038             -59.813
35788.121690       -0.038             -59.813
35788.121690       -0.038             -59.813
35788.121690       -0.038             -59.813
35788.121690       -0.038             -59.813
35788.121690       -0.038             -59.813
35788.121690       -0.038             -59.813
35788.121690       -0.038             -59.813
35788.121690       -0.038             -59.813
35788.121690       -0.038             -59.813
35788.121690       -0.038             -59.813
35788.121690       -0.038             -59.813
35788.121690       -0.038             -59.813
35788.121690       -0.038             -59.813
35788.121690       -0.038             -59.813
35788.121690       -0.038             -59.813
35788.121690       -0.037             -59.813
35788.121690       -0.037             -59.813
35788.121690       -0.037             -59.813
35788.121690       -0.037             -59.813
35788.121690       -0.037             -59.813
35788.121690       -0.037             -59.813
35788.121690       -0.037             -59.813
35788.121690       -0.037             -59.813
35788.121690       -0.037             -59.813
35788.121690       -0.037             -59.813
35788.121690       -0.037             -59.813
35788.121690       -0.037             -59.813
35788.121690       -0.037             -59.813
35788.121690       -0.037             -59.813
35788.121690       -0.037             -59.813
35788.121690       -0.037             -59.813
35788.121690       -0.037             -59.813
35788.121690       -0.037             -59.813
35788.121690       -0.037             -59.813
35788.121690       -0.037             -59.813
35788.121690       -0.037             -59.813
35788.121690       -0.037             -59.813
35788.121690       -0.037             -59.813
35788.121690       -0.037             -59.813
35788.121690       -0.037             -59.813
35788.121690       -0.037             -59.813
35788.121690       -0.037             -59.813
35788.121690       -0.037             -59.813
35788.121690       -0.037             -59.813
35788.121690       -0.037             -59.813
35788.121690       -0.037             -59.813
35788.121690       -0.037             -59.813
35788.121690       -0.037             -59.813
35788.121690       -0.037             -59.813
35788.121690       -0.037             -59.813
35788.121689       -0.037             -59.813
35788.121689       -0.037             -59.813
35788.121689       -0.037             -59.813
35788.121689       -0.037             -59.813
35788.121689       -0.037             -59.813
35788.121689       -0.037             -59.813
35788.121689       -0.037             -59.813
35788.121689       -0.037             -59.813
35788.121689       -0.037             -59.813
35788.121689       -0.037             -59.813
35788.121689       -0.037             -59.813
35788.121689       -0.037             -59.813
35788.121689       -0.037             -59.813
35788.121689       -0.037             -59.813
35788.121689       -0.037             -59.813
35788.121689       -0.037             -59.813
35788.121689       -0.037             -59.813
35788.121689       -0.037             -59.813
35788.121689       -0.037             -59.813
35788.121689       -0.037             -59.813
35788.121689       -0.037             -59.813
35788.121689       -0.037             -59.813
35788.121689       -0.037             -59.813
35788.121689       -0.037             -59.813
35788.121689       -0.037             -59.813
35788.121689       -0.037             -59.813
35788.121689       -0.037             -59.813
35788.121689       -0.037             -59.813
35788.121689       -0.037             -59.813
35788.121689       -0.037             -59.813
35788.121689       -0.037             -59.813
35788.121689       -0.037             -59.813
35788.121689       -0.037             -59.813
35788.121689       -0.037             -59.813
35788.121689       -0.036             -59.813
35788.121689       -0.036             -59.813
35788.121689       -0.036             -59.813
35788.121689       -0.036             -59.813
35788.121689       -0.036             -59.813
35788.121689       -0.036             -59.813
35788.121689       -0.036             -59.813
35788.121689       -0.036             -59.813
35788.121689       -0.036             -59.813
35788.121689       -0.036             -59.813
35788.121689       -0.036             -59.813
35788.121689       -0.036             -59.813
35788.121689       -0.036             -59.813
35788.121689       -0.036             -59.813
35788.121689       -0.036             -59.813
35788.121689       -0.036             -59.813
35788.121689       -0.036             -59.813
35788.121689       -0.036             -59.813
35788.121689       -0.036             -59.813
35788.121689       -0.036             -59.813
35788.121689       -0.036             -59.813
35788.121689       -0.036             -59.813
35788.121689       -0.036             -59.813
35788.121689       -0.036             -59.813
35788.121689       -0.036             -59.813
35788.121689       -0.036             -59.813
35788.121689       -0.036             -59.813
35788.121689       -0.036             -59.813
35788.121689       -0.036             -59.813
35788.121689       -0.036             -59.813
35788.121689       -0.036             -59.813
35788.121689       -0.036             -59.813
35788.121689       -0.036             -59.813
35788.121689       -0.036             -59.813
35788.121689       -0.036             -59.813
35788.121689       -0.036             -59.813
35788.121689       -0.036             -59.813
35788.121689       -0.036             -59.813
35788.121689       -0.036             -59.813
35788.121689       -0.036             -59.813
35788.121689       -0.036             -59.813
35788.121689       -0.036             -59.813
35788.121689       -0.036             -59.813
35788.121689       -0.036             -59.813
35788.121689       -0.036             -59.813
35788.121689       -0.036             -59.813
35788.121689       -0.036             -59.813
35788.121689       -0.036             -59.813
35788.121689       -0.036             -59.813
35788.121689       -0.036             -59.813
35788.121689       -0.036             -59.813
35788.121689       -0.036             -59.813
35788.121689       -0.036             -59.813
35788.121689       -0.036             -59.813
35788.121689       -0.036             -59.813
35788.121689       -0.036             -59.813
35788.121689       -0.036             -59.813
35788.121689       -0.036             -59.813
35788.121689       -0.036             -59.813
35788.121689       -0.036             -59.813
35788.121689       -0.036             -59.813
35788.121689       -0.036             -59.813
35788.121689       -0.036             -59.813
35788.121689       -0.036             -59.813
35788.121689       -0.036             -59.813
35788.121689       -0.036             -59.813
35788.121689       -0.036             -59.813
35788.121689       -0.036             -59.813
35788.121689       -0.035             -59.813
35788.121689       -0.035             -59.813
35788.121689       -0.035             -59.813
35788.121689       -0.035             -59.813
35788.121689       -0.035             -59.813
35788.121689       -0.035             -59.813
35788.121689       -0.035             -59.813
35788.121689       -0.035             -59.813
35788.121689       -0.035             -59.813
35788.121689       -0.035             -59.813
35788.121689       -0.035             -59.813
35788.121689       -0.035             -59.813
35788.121689       -0.035             -59.813
35788.121689       -0.035             -59.813
35788.121689       -0.035             -59.813
35788.121689       -0.035             -59.813
35788.121689       -0.035             -59.813
35788.121689       -0.035             -59.813
35788.121689       -0.035             -59.813
35788.121689       -0.035             -59.813
35788.121689       -0.035             -59.813
35788.121689       -0.035             -59.813
35788.121689       -0.035             -59.813
35788.121689       -0.035             -59.813
35788.121689       -0.035             -59.813
35788.121689       -0.035             -59.813
35788.121689       -0.035             -59.813
35788.121689       -0.035             -59.813
35788.121689       -0.035             -59.813
35788.121689       -0.035             -59.813
35788.121689       -0.035             -59.813
35788.121689       -0.035             -59.813
35788.121689       -0.035             -59.813
35788.121689       -0.035             -59.813
35788.121689       -0.035             -59.813
35788.121689       -0.035             -59.813
35788.121689       -0.035             -59.813
35788.121689       -0.035             -59.813
35788.121689       -0.035             -59.813
35788.121689       -0.035             -59.813
35788.121689       -0.035             -59.813
35788.121689       -0.035             -59.813
35788.121689       -0.035             -59.813
35788.121689       -0.035             -59.813
35788.121689       -0.035             -59.813
35788.121688       -0.035             -59.813
35788.121688       -0.035             -59.813
35788.121688       -0.035             -59.813
35788.121688       -0.035             -59.813
35788.121688       -0.035             -59.813
35788.121688       -0.035             -59.813
35788.121688       -0.035             -59.813
35788.121688       -0.035             -59.813
35788.121688       -0.035             -59.813
35788.121688       -0.035             -59.813
35788.121688       -0.035             -59.813
35788.121688       -0.035             -59.813
35788.121688       -0.035             -59.813
35788.121688       -0.035             -59.813
35788.121688       -0.035             -59.813
35788.121688       -0.035             -59.813
35788.121688       -0.035             -59.813
35788.121688       -0.035             -59.813
35788.121688       -0.035             -59.813
35788.121688       -0.035             -59.813
35788.121688       -0.035             -59.813
35788.121688       -0.035             -59.813
35788.121688       -0.035             -59.813
35788.121688       -0.035             -59.813
35788.121688       -0.034             -59.813
35788.121688       -0.034             -59.813
35788.121688       -0.034             -59.813
35788.121688       -0.034             -59.813
35788.121688       -0.034             -59.813
35788.121688       -0.034             -59.813
35788.121688       -0.034             -59.813
35788.121688       -0.034             -59.813
35788.121688       -0.034             -59.813
35788.121688       -0.034             -59.813
35788.121688       -0.034             -59.813
35788.121688       -0.034             -59.813
35788.121688       -0.034             -59.813
35788.121688       -0.034             -59.813
35788.121688       -0.034             -59.813
35788.121688       -0.034             -59.813
35788.121688       -0.034             -59.813
35788.121688       -0.034             -59.813
35788.121688       -0.034             -59.813
35788.121688       -0.034             -59.813
35788.121688       -0.034             -59.813
35788.121688       -0.034             -59.813
35788.121688       -0.034             -59.813
35788.121688       -0.034             -59.813
35788.121688       -0.034             -59.813
35788.121688       -0.034             -59.813
35788.121688       -0.034             -59.813
35788.121688       -0.034             -59.813
35788.121688       -0.034             -59.813
35788.121688       -0.034             -59.813
35788.121688       -0.034             -59.813
35788.121688       -0.034             -59.813
35788.121688       -0.034             -59.813
35788.121688       -0.034             -59.813
35788.121688       -0.034             -59.813
35788.121688       -0.034             -59.813
35788.121688       -0.034             -59.813
35788.121688       -0.034             -59.813
35788.121688       -0.034             -59.813
35788.121688       -0.034             -59.813
35788.121688       -0.034             -59.813
35788.121688       -0.034             -59.813
35788.121688       -0.034             -59.813
35788.121688       -0.034             -59.813
35788.121688       -0.034             -59.813
35788.121688       -0.034             -59.813
35788.121688       -0.034             -59.813
35788.121688       -0.034             -59.813
35788.121688       -0.034             -59.813
35788.121688       -0.034             -59.813
35788.121688       -0.034             -59.813
35788.121688       -0.034             -59.813
35788.121688       -0.034             -59.813
35788.121688       -0.034             -59.813
35788.121688       -0.034             -59.813
35788.121688       -0.034             -59.813
35788.121688       -0.034             -59.813
35788.121688       -0.034             -59.813
35788.121688       -0.034             -59.813
35788.121688       -0.034             -59.813
35788.121688       -0.034             -59.813
35788.121688       -0.034             -59.813
35788.121688       -0.034             -59.813
35788.121688       -0.034             -59.813
35788.121688       -0.034             -59.813
35788.121688       -0.034             -59.813
35788.121688       -0.034             -59.813
35788.121688       -0.034             -59.813
35788.121688       -0.033             -59.813
35788.121688       -0.033             -59.813
35788.121688       -0.033             -59.813
35788.121688       -0.033             -59.813
35788.121688       -0.033             -59.813
35788.121688       -0.033             -59.813
35788.121688       -0.033             -59.813
35788.121688       -0.033             -59.813
35788.121688       -0.033             -59.813
35788.121688       -0.033             -59.813
35788.121688       -0.033             -59.813
35788.121688       -0.033             -59.813
35788.121688       -0.033             -59.813
35788.121688       -0.033             -59.813
35788.121688       -0.033             -59.813
35788.121688       -0.033             -59.813
35788.121688       -0.033             -59.813
35788.121688       -0.033             -59.813
35788.121688       -0.033             -59.813
35788.121688       -0.033             -59.813
35788.121688       -0.033             -59.813
35788.121688       -0.033             -59.813
35788.121688       -0.033             -59.813
35788.121688       -0.033             -59.813
35788.121688       -0.033             -59.813
35788.121688       -0.033             -59.813
35788.121688       -0.033             -59.813
35788.121688       -0.033             -59.813
35788.121688       -0.033             -59.813
35788.121688       -0.033             -59.813
35788.121688       -0.033             -59.813
35788.121688       -0.033             -59.813
35788.121688       -0.033             -59.813
35788.121688       -0.033             -59.813
35788.121688       -0.033             -59.813
35788.121688       -0.033             -59.813
35788.121688       -0.033             -59.813
35788.121688       -0.033             -59.813
35788.121688       -0.033             -59.813
35788.121688       -0.033             -59.813
35788.121688       -0.033             -59.813
35788.121688       -0.033             -59.813
35788.121688       -0.033             -59.813
35788.121688       -0.033             -59.813
35788.121688       -0.033             -59.813
35788.121688       -0.033             -59.813
35788.121688       -0.033             -59.813
35788.121688       -0.033             -59.813
35788.121688       -0.033             -59.813
35788.121688       -0.033             -59.813
35788.121688       -0.033             -59.813
35788.121688       -0.033             -59.813
35788.121688       -0.033             -59.813
35788.121688       -0.033             -59.813
35788.121688       -0.033             -59.813
35788.121688       -0.033             -59.813
35788.121688       -0.033             -59.813
35788.121688       -0.033             -59.813
35788.121688       -0.033             -59.813
35788.121688       -0.033             -59.813
35788.121688       -0.033             -59.813
35788.121688       -0.033             -59.813
35788.121688       -0.033             -59.813
35788.121688       -0.033             -59.813
35788.121687       -0.033             -59.813
35788.121687       -0.033             -59.813
35788.121687       -0.033             -59.813
35788.121687       -0.033             -59.813
35788.121687       -0.032             -59.813
35788.121687       -0.032             -59.813
35788.121687       -0.032             -59.813
35788.121687       -0.032             -59.813
35788.121687       -0.032             -59.813
35788.121687       -0.032             -59.813
35788.121687       -0.032             -59.813
35788.121687       -0.032             -59.813
35788.121687       -0.032             -59.813
35788.121687       -0.032             -59.813
35788.121687       -0.032             -59.813
35788.121687       -0.032             -59.813
35788.121687       -0.032             -59.813
35788.121687       -0.032             -59.813
35788.121687       -0.032             -59.813
35788.121687       -0.032             -59.813
35788.121687       -0.032             -59.813
35788.121687       -0.032             -59.813
35788.121687       -0.032             -59.813
35788.121687       -0.032             -59.813
35788.121687       -0.032             -59.813
35788.121687       -0.032             -59.813
35788.121687       -0.032             -59.813
35788.121687       -0.032             -59.813
35788.121687       -0.032             -59.813
35788.121687       -0.032             -59.813
35788.121687       -0.032             -59.813
35788.121687       -0.032             -59.813
35788.121687       -0.032             -59.813
35788.121687       -0.032             -59.813
35788.121687       -0.032             -59.813
35788.121687       -0.032             -59.813
35788.121687       -0.032             -59.813
35788.121687       -0.032             -59.813
35788.121687       -0.032             -59.813
35788.121687       -0.032             -59.813
35788.121687       -0.032             -59.813
35788.121687       -0.032             -59.813
35788.121687       -0.032             -59.813
35788.121687       -0.032             -59.813
35788.121687       -0.032             -59.813
35788.121687       -0.032             -59.813
35788.121687       -0.032             -59.813
35788.121687       -0.032             -59.813
35788.121687       -0.032             -59.813
35788.121687       -0.032             -59.813
35788.121687       -0.032             -59.813
35788.121687       -0.032             -59.813
35788.121687       -0.032             -59.813
35788.121687       -0.032             -59.813
35788.121687       -0.032             -59.813
35788.121687       -0.032             -59.813
35788.121687       -0.032             -59.813
35788.121687       -0.032             -59.813
35788.121687       -0.032             -59.813
35788.121687       -0.032             -59.813
35788.121687       -0.032             -59.813
35788.121687       -0.032             -59.813
35788.121687       -0.032             -59.813
35788.121687       -0.032             -59.813
35788.121687       -0.032             -59.813
35788.121687       -0.032             -59.813
35788.121687       -0.032             -59.813
35788.121687       -0.032             -59.813
35788.121687       -0.032             -59.813
35788.121687       -0.032             -59.813
35788.121687       -0.032             -59.813
35788.121687       -0.032             -59.813
35788.121687       -0.032             -59.813
35788.121687       -0.031             -59.813
35788.121687       -0.031             -59.813
35788.121687       -0.031             -59.813
35788.121687       -0.031             -59.813
35788.121687       -0.031             -59.813
35788.121687       -0.031             -59.813
35788.121687       -0.031             -59.813
35788.121687       -0.031             -59.813
35788.121687       -0.031             -59.813
35788.121687       -0.031             -59.813
35788.121687       -0.031             -59.813
35788.121687       -0.031             -59.813
35788.121687       -0.031             -59.813
35788.121687       -0.031             -59.813
35788.121687       -0.031             -59.813
35788.121687       -0.031             -59.813
35788.121687       -0.031             -59.813
35788.121687       -0.031             -59.813
35788.121687       -0.031             -59.813
35788.121687       -0.031             -59.813
35788.121687       -0.031             -59.813
35788.121687       -0.031             -59.813
35788.121687       -0.031             -59.813
35788.121687       -0.031             -59.813
35788.121687       -0.031             -59.813
35788.121687       -0.031             -59.813
35788.121687       -0.031             -59.813
35788.121687       -0.031             -59.813
35788.121687       -0.031             -59.813
35788.121687       -0.031             -59.813
35788.121687       -0.031             -59.813
35788.121687       -0.031             -59.813
35788.121687       -0.031             -59.813
35788.121687       -0.031             -59.813
35788.121687       -0.031             -59.813
35788.121687       -0.031             -59.813
35788.121687       -0.031             -59.813
35788.121687       -0.031             -59.813
35788.121687       -0.031             -59.813
35788.121687       -0.031             -59.813
35788.121687       -0.031             -59.813
35788.121687       -0.031             -59.813
35788.121687       -0.031             -59.813
35788.121687       -0.031             -59.813
35788.121687       -0.031             -59.813
35788.121687       -0.031             -59.813
35788.121687       -0.031             -59.813
35788.121687       -0.031             -59.813
35788.121687       -0.031             -59.813
35788.121687       -0.031             -59.813
35788.121687       -0.031             -59.813
35788.121687       -0.031             -59.813
35788.121687       -0.031             -59.813
35788.121687       -0.031             -59.813
35788.121687       -0.031             -59.813
35788.121687       -0.031             -59.813
35788.121687       -0.031             -59.813
35788.121687       -0.031             -59.813
35788.121687       -0.031             -59.813
35788.121687       -0.031             -59.813
35788.121687       -0.031             -59.813
35788.121687       -0.031             -59.813
35788.121687       -0.031             -59.813
35788.121687       -0.031             -59.813
35788.121687       -0.031             -59.813
35788.121687       -0.031             -59.813
35788.121687       -0.031             -59.813
35788.121687       -0.031             -59.813
35788.121687       -0.030             -59.813
35788.121687       -0.030             -59.813
35788.121687       -0.030             -59.813
35788.121687       -0.030             -59.813
35788.121687       -0.030             -59.813
35788.121687       -0.030             -59.813
35788.121687       -0.030             -59.813
35788.121687       -0.030             -59.813
35788.121687       -0.030             -59.813
35788.121687       -0.030             -59.813
35788.121687       -0.030             -59.813
35788.121687       -0.030             -59.813
35788.121687       -0.030             -59.813
35788.121687       -0.030             -59.813
35788.121687       -0.030             -59.813
35788.121687       -0.030             -59.813
35788.121687       -0.030             -59.813
35788.121687       -0.030             -59.813
35788.121687       -0.030             -59.813
35788.121687       -0.030             -59.813
35788.121687       -0.030             -59.813
35788.121687       -0.030             -59.813
35788.121687       -0.030             -59.813
35788.121687       -0.030             -59.813
35788.121687       -0.030             -59.813
35788.121687       -0.030             -59.813
35788.121687       -0.030             -59.813
35788.121686       -0.030             -59.813
35788.121686       -0.030             -59.813
35788.121686       -0.030             -59.813
35788.121686       -0.030             -59.813
35788.121686       -0.030             -59.813
35788.121686       -0.030             -59.813
35788.121686       -0.030             -59.813
35788.121686       -0.030             -59.813
35788.121686       -0.030             -59.813
35788.121686       -0.030             -59.813
35788.121686       -0.030             -59.813
35788.121686       -0.030             -59.813
35788.121686       -0.030             -59.813
35788.121686       -0.030             -59.813
35788.121686       -0.030             -59.813
35788.121686       -0.030             -59.813
35788.121686       -0.030             -59.813
35788.121686       -0.030             -59.813
35788.121686       -0.030             -59.813
35788.121686       -0.030             -59.813
35788.121686       -0.030             -59.813
35788.121686       -0.030             -59.813
35788.121686       -0.030             -59.813
35788.121686       -0.030             -59.813
35788.121686       -0.030             -59.813
35788.121686       -0.030             -59.813
35788.121686       -0.030             -59.813
35788.121686       -0.030             -59.813
35788.121686       -0.030             -59.813
35788.121686       -0.030             -59.813
35788.121686       -0.030             -59.813
35788.121686       -0.030             -59.813
35788.121686       -0.030             -59.813
35788.121686       -0.030             -59.813
35788.121686       -0.030             -59.813
35788.121686       -0.030             -59.813
35788.121686       -0.030             -59.813
35788.121686       -0.030             -59.813
35788.121686       -0.030             -59.813
35788.121686       -0.030             -59.813
35788.121686       -0.030             -59.813
35788.121686       -0.029             -59.813
35788.121686       -0.029             -59.813
35788.121686       -0.029             -59.813
35788.121686       -0.029             -59.813
35788.121686       -0.029             -59.813
35788.121686       -0.029             -59.813
35788.121686       -0.029             -59.813
35788.121686       -0.029             -59.813
35788.121686       -0.029             -59.813
35788.121686       -0.029             -59.813
35788.121686       -0.029             -59.813
35788.121686       -0.029             -59.813
35788.121686       -0.029             -59.813
35788.121686       -0.029             -59.813
35788.121686       -0.029             -59.813
35788.121686       -0.029             -59.813
35788.121686       -0.029             -59.813
35788.121686       -0.029             -59.813
35788.121686       -0.029             -59.813
35788.121686       -0.029             -59.813
35788.121686       -0.029             -59.813
35788.121686       -0.029             -59.813
35788.121686       -0.029             -59.813
35788.121686       -0.029             -59.813
35788.121686       -0.029             -59.813
35788.121686       -0.029             -59.813
35788.121686       -0.029             -59.813
35788.121686       -0.029             -59.813
35788.121686       -0.029             -59.813
35788.121686       -0.029             -59.813
35788.121686       -0.029             -59.813
35788.121686       -0.029             -59.813
35788.121686       -0.029             -59.813
35788.121686       -0.029             -59.813
35788.121686       -0.029             -59.813
35788.121686       -0.029             -59.813
35788.121686       -0.029             -59.813
35788.121686       -0.029             -59.813
35788.121686       -0.029             -59.813
35788.121686       -0.029             -59.813
35788.121686       -0.029             -59.813
35788.121686       -0.029             -59.813
35788.121686       -0.029             -59.813
35788.121686       -0.029             -59.813
35788.121686       -0.029             -59.813
35788.121686       -0.029             -59.813
35788.121686       -0.029             -59.813
35788.121686       -0.029             -59.813
35788.121686       -0.029             -59.813
35788.121686       -0.029             -59.813
35788.121686       -0.029             -59.813
35788.121686       -0.029             -59.813
35788.121686       -0.029             -59.813
35788.121686       -0.029             -59.813
35788.121686       -0.029             -59.813
35788.121686       -0.029             -59.813
35788.121686       -0.029             -59.813
35788.121686       -0.029             -59.813
35788.121686       -0.029             -59.813
35788.121686       -0.029             -59.813
35788.121686       -0.029             -59.813
35788.121686       -0.029             -59.813
35788.121686       -0.029             -59.813
35788.121686       -0.029             -59.813
35788.121686       -0.029             -59.813
35788.121686       -0.029             -59.813
35788.121686       -0.029             -59.813
35788.121686       -0.029             -59.813
35788.121686       -0.028             -59.813
35788.121686       -0.028             -59.813
35788.121686       -0.028             -59.813
35788.121686       -0.028             -59.813
35788.121686       -0.028             -59.813
35788.121686       -0.028             -59.813
35788.121686       -0.028             -59.813
35788.121686       -0.028             -59.813
35788.121686       -0.028             -59.813
35788.121686       -0.028             -59.813
35788.121686       -0.028             -59.813
35788.121686       -0.028             -59.813
35788.121686       -0.028             -59.813
35788.121686       -0.028             -59.813
35788.121686       -0.028             -59.813
35788.121686       -0.028             -59.813
35788.121686       -0.028             -59.813
35788.121686       -0.028             -59.813
35788.121686       -0.028             -59.813
35788.121686       -0.028             -59.813
35788.121686       -0.028             -59.813
35788.121686       -0.028             -59.813
35788.121686       -0.028             -59.813
35788.121686       -0.028             -59.813
35788.121686       -0.028             -59.813
35788.121686       -0.028             -59.813
35788.121686       -0.028             -59.813
35788.121686       -0.028             -59.813
35788.121686       -0.028             -59.813
35788.121686       -0.028             -59.813
35788.121686       -0.028             -59.813
35788.121686       -0.028             -59.813
35788.121686       -0.028             -59.813
35788.121686       -0.028             -59.813
35788.121686       -0.028             -59.813
35788.121686       -0.028             -59.813
35788.121686       -0.028             -59.813
35788.121686       -0.028             -59.813
35788.121686       -0.028             -59.813
35788.121686       -0.028             -59.813
35788.121686       -0.028             -59.813
35788.121686       -0.028             -59.813
35788.121686       -0.028             -59.813
35788.121686       -0.028             -59.813
35788.121686       -0.028             -59.813
35788.121686       -0.028             -59.813
35788.121686       -0.028             -59.813
35788.121686       -0.028             -59.813
35788.121686       -0.028             -59.813
35788.121686       -0.028             -59.813
35788.121686       -0.028             -59.813
35788.121686       -0.028             -59.813
35788.121686       -0.028             -59.813
35788.121686       -0.028             -59.813
35788.121686       -0.028             -59.813
35788.121686       -0.028             -59.813
35788.121686       -0.028             -59.813
35788.121686       -0.028             -59.813
35788.121686       -0.028             -59.813
35788.121686       -0.028             -59.813
35788.121686       -0.028             -59.813
35788.121686       -0.028             -59.813
35788.121686       -0.028             -59.813
35788.121686       -0.028             -59.813
35788.121686       -0.028             -59.813
35788.121686       -0.028             -59.813
35788.121686       -0.028             -59.813
35788.121686       -0.028             -59.813
35788.121686       -0.027             -59.813
35788.121686       -0.027             -59.813
35788.121686       -0.027             -59.813
35788.121686       -0.027             -59.813
35788.121686       -0.027             -59.813
35788.121685       -0.027             -59.813
35788.121685       -0.027             -59.813
35788.121685       -0.027             -59.813
35788.121685       -0.027             -59.813
35788.121685       -0.027             -59.813
35788.121685       -0.027             -59.813
35788.121685       -0.027             -59.813
35788.121685       -0.027             -59.813
35788.121685       -0.027             -59.813
35788.121685       -0.027             -59.813
35788.121685       -0.027             -59.813
35788.121685       -0.027             -59.813
35788.121685       -0.027             -59.813
35788.121685       -0.027             -59.813
35788.121685       -0.027             -59.813
35788.121685       -0.027             -59.813
35788.121685       -0.027             -59.813
35788.121685       -0.027             -59.813
35788.121685       -0.027             -59.813
35788.121685       -0.027             -59.813
35788.121685       -0.027             -59.813
35788.121685       -0.027             -59.813
35788.121685       -0.027             -59.813
35788.121685       -0.027             -59.813
35788.121685       -0.027             -59.813
35788.121685       -0.027             -59.813
35788.121685       -0.027             -59.813
35788.121685       -0.027             -59.813
35788.121685       -0.027             -59.813
35788.121685       -0.027             -59.813
35788.121685       -0.027             -59.813
35788.121685       -0.027             -59.813
35788.121685       -0.027             -59.813
35788.121685       -0.027             -59.813
35788.121685       -0.027             -59.813
35788.121685       -0.027             -59.813
35788.121685       -0.027             -59.813
35788.121685       -0.027             -59.813
35788.121685       -0.027             -59.813
35788.121685       -0.027             -59.813
35788.121685       -0.027             -59.813
35788.121685       -0.027             -59.813
35788.121685       -0.027             -59.813
35788.121685       -0.027             -59.813
35788.121685       -0.027             -59.813
35788.121685       -0.027             -59.813
35788.121685       -0.027             -59.813
35788.121685       -0.027             -59.813
35788.121685       -0.027             -59.813
35788.121685       -0.027             -59.813
35788.121685       -0.027             -59.813
35788.121685       -0.027             -59.813
35788.121685       -0.027             -59.813
35788.121685       -0.027             -59.813
35788.121685       -0.027             -59.813
35788.121685       -0.027             -59.813
35788.121685       -0.027             -59.813
35788.121685       -0.027             -59.813
35788.121685       -0.027             -59.813
35788.121685       -0.027             -59.813
35788.121685       -0.027             -59.813
35788.121685       -0.027             -59.813
35788.121685       -0.027             -59.813
35788.121685       -0.026             -59.813
35788.121685       -0.026             -59.813
35788.121685       -0.026             -59.813
35788.121685       -0.026             -59.813
35788.121685       -0.026             -59.813
35788.121685       -0.026             -59.813
35788.121685       -0.026             -59.813
35788.121685       -0.026             -59.813
35788.121685       -0.026             -59.813
35788.121685       -0.026             -59.813
35788.121685       -0.026             -59.813
35788.121685       -0.026             -59.813
35788.121685       -0.026             -59.813
35788.121685       -0.026             -59.813
35788.121685       -0.026             -59.813
35788.121685       -0.026             -59.813
35788.121685       -0.026             -59.813
35788.121685       -0.026             -59.813
35788.121685       -0.026             -59.813
35788.121685       -0.026             -59.813
35788.121685       -0.026             -59.813
35788.121685       -0.026             -59.813
35788.121685       -0.026             -59.813
35788.121685       -0.026             -59.813
35788.121685       -0.026             -59.813
35788.121685       -0.026             -59.813
35788.121685       -0.026             -59.813
35788.121685       -0.026             -59.813
35788.121685       -0.026             -59.813
35788.121685       -0.026             -59.813
35788.121685       -0.026             -59.813
35788.121685       -0.026             -59.813
35788.121685       -0.026             -59.813
35788.121685       -0.026             -59.813
35788.121685       -0.026             -59.813
35788.121685       -0.026             -59.813
35788.121685       -0.026             -59.813
35788.121685       -0.026             -59.813
35788.121685       -0.026             -59.813
35788.121685       -0.026             -59.813
35788.121685       -0.026             -59.813
35788.121685       -0.026             -59.813
35788.121685       -0.026             -59.813
35788.121685       -0.026             -59.813
35788.121685       -0.026             -59.813
35788.121685       -0.026             -59.813
35788.121685       -0.026             -59.813
35788.121685       -0.026             -59.813
35788.121685       -0.026             -59.813
35788.121685       -0.026             -59.813
35788.121685       -0.026             -59.813
35788.121685       -0.026             -59.813
35788.121685       -0.026             -59.813
35788.121685       -0.026             -59.813
35788.121685       -0.026             -59.813
35788.121685       -0.026             -59.813
35788.121685       -0.026             -59.813
35788.121685       -0.026             -59.813
35788.121685       -0.026             -59.813
35788.121685       -0.026             -59.813
35788.121685       -0.026             -59.813
35788.121685       -0.026             -59.813
35788.121685       -0.026             -59.813
35788.121685       -0.026             -59.813
35788.121685       -0.026             -59.813
35788.121685       -0.026             -59.813
35788.121685       -0.026             -59.813
35788.121685       -0.026             -59.813
35788.121685       -0.025             -59.813
35788.121685       -0.025             -59.813
35788.121685       -0.025             -59.813
35788.121685       -0.025             -59.813
35788.121685       -0.025             -59.813
35788.121685       -0.025             -59.813
35788.121685       -0.025             -59.813
35788.121685       -0.025             -59.813
35788.121685       -0.025             -59.813
35788.121685       -0.025             -59.813
35788.121685       -0.025             -59.813
35788.121685       -0.025             -59.813
35788.121685       -0.025             -59.813
35788.121685       -0.025             -59.813
35788.121685       -0.025             -59.813
35788.121685       -0.025             -59.813
35788.121685       -0.025             -59.813
35788.121685       -0.025             -59.813
35788.121685       -0.025             -59.813
35788.121685       -0.025             -59.813
35788.121685       -0.025             -59.813
35788.121685       -0.025             -59.813
35788.121685       -0.025             -59.813
35788.121685       -0.025             -59.813
35788.121685       -0.025             -59.813
35788.121685       -0.025             -59.813
35788.121685       -0.025             -59.813
35788.121685       -0.025             -59.813
35788.121685       -0.025             -59.813
35788.121685       -0.025             -59.813
35788.121685       -0.025             -59.813
35788.121685       -0.025             -59.813
35788.121685       -0.025             -59.813
35788.121685       -0.025             -59.813
35788.121685       -0.025             -59.813
35788.121685       -0.025             -59.813
35788.121685       -0.025             -59.813
35788.121685       -0.025             -59.813
35788.121685       -0.025             -59.813
35788.121685       -0.025             -59.813
35788.121685       -0.025             -59.813
35788.121685       -0.025             -59.813
35788.121685       -0.025             -59.813
35788.121685       -0.025             -59.813
35788.121685       -0.025             -59.813
35788.121685       -0.025             -59.813
35788.121685       -0.025             -59.813
35788.121685       -0.025             -59.813
35788.121685       -0.025             -59.813
35788.121685       -0.025             -59.813
35788.121685       -0.025             -59.813
35788.121685       -0.025             -59.813
35788.121685       -0.025             -59.813
35788.121685       -0.025             -59.813
35788.121685       -0.025             -59.813
35788.121685       -0.025             -59.813
35788.121685       -0.025             -59.813
35788.121685       -0.025             -59.813
35788.121685       -0.025             -59.813
35788.121685       -0.025             -59.813
35788.121685       -0.025             -59.813
35788.121685       -0.025             -59.813
35788.121685       -0.025             -59.813
35788.121685       -0.025             -59.813
35788.121685       -0.025             -59.813
35788.121685       -0.025             -59.813
35788.121685       -0.025             -59.813
35788.121685       -0.025             -59.813
35788.121685       -0.024             -59.813
35788.121685       -0.024             -59.813
35788.121684       -0.024             -59.813
35788.121684       -0.024             -59.813
35788.121684       -0.024             -59.813
35788.121684       -0.024             -59.813
35788.121684       -0.024             -59.813
35788.121684       -0.024             -59.813
35788.121684       -0.024             -59.813
35788.121684       -0.024             -59.813
35788.121684       -0.024             -59.813
35788.121684       -0.024             -59.813
35788.121684       -0.024             -59.813
35788.121684       -0.024             -59.813
35788.121684       -0.024             -59.813
35788.121684       -0.024             -59.813
35788.121684       -0.024             -59.813
35788.121684       -0.024             -59.813
35788.121684       -0.024             -59.813
35788.121684       -0.024             -59.813
35788.121684       -0.024             -59.813
35788.121684       -0.024             -59.813
35788.121684       -0.024             -59.813
35788.121684       -0.024             -59.813
35788.121684       -0.024             -59.813
35788.121684       -0.024             -59.813
35788.121684       -0.024             -59.813
35788.121684       -0.024             -59.813
35788.121684       -0.024             -59.813
35788.121684       -0.024             -59.813
35788.121684       -0.024             -59.813
35788.121684       -0.024             -59.813
35788.121684       -0.024             -59.813
35788.121684       -0.024             -59.813
35788.121684       -0.024             -59.813
35788.121684       -0.024             -59.813
35788.121684       -0.024             -59.813
35788.121684       -0.024             -59.813
35788.121684       -0.024             -59.813
35788.121684       -0.024             -59.813
35788.121684       -0.024             -59.813
35788.121684       -0.024             -59.813
35788.121684       -0.024             -59.813
35788.121684       -0.024             -59.813
35788.121684       -0.024             -59.813
35788.121684       -0.024             -59.813
35788.121684       -0.024             -59.813
35788.121684       -0.024             -59.813
35788.121684       -0.024             -59.813
35788.121684       -0.024             -59.813
35788.121684       -0.024             -59.813
35788.121684       -0.024             -59.813
35788.121684       -0.024             -59.813
35788.121684       -0.024             -59.813
35788.121684       -0.024             -59.813
35788.121684       -0.024             -59.813
35788.121684       -0.024             -59.813
35788.121684       -0.024             -59.813
35788.121684       -0.024             -59.813
35788.121684       -0.024             -59.813
35788.121684       -0.024             -59.813
35788.121684       -0.024             -59.813
35788.121684       -0.024             -59.813
35788.121684       -0.024             -59.813
35788.121684       -0.024             -59.813
35788.121684       -0.024             -59.813
35788.121684       -0.024             -59.813
35788.121684       -0.024             -59.813
35788.121684       -0.023             -59.813
35788.121684       -0.023             -59.813
35788.121684       -0.023             -59.813
35788.121684       -0.023             -59.813
35788.121684       -0.023             -59.813
35788.121684       -0.023             -59.813
35788.121684       -0.023             -59.813
35788.121684       -0.023             -59.813
35788.121684       -0.023             -59.813
35788.121684       -0.023             -59.813
35788.121684       -0.023             -59.813
35788.121684       -0.023             -59.813
35788.121684       -0.023             -59.813
35788.121684       -0.023             -59.813
35788.121684       -0.023             -59.813
35788.121684       -0.023             -59.813
35788.121684       -0.023             -59.813
35788.121684       -0.023             -59.813
35788.121684       -0.023             -59.813
35788.121684       -0.023             -59.813
35788.121684       -0.023             -59.813
35788.121684       -0.023             -59.813
35788.121684       -0.023             -59.813
35788.121684       -0.023             -59.813
35788.121684       -0.023             -59.813
35788.121684       -0.023             -59.813
35788.121684       -0.023             -59.813
35788.121684       -0.023             -59.813
35788.121684       -0.023             -59.813
35788.121684       -0.023             -59.813
35788.121684       -0.023             -59.813
35788.121684       -0.023             -59.813
35788.121684       -0.023             -59.813
35788.121684       -0.023             -59.813
35788.121684       -0.023             -59.813
35788.121684       -0.023             -59.813
35788.121684       -0.023             -59.813
35788.121684       -0.023             -59.813
35788.121684       -0.023             -59.813
35788.121684       -0.023             -59.813
35788.121684       -0.023             -59.813
35788.121684       -0.023             -59.813
35788.121684       -0.023             -59.813
35788.121684       -0.023             -59.813
35788.121684       -0.023             -59.813
35788.121684       -0.023             -59.813
35788.121684       -0.023             -59.813
35788.121684       -0.023             -59.813
35788.121684       -0.023             -59.813
35788.121684       -0.023             -59.813
35788.121684       -0.023             -59.813
35788.121684       -0.023             -59.813
35788.121684       -0.023             -59.813
35788.121684       -0.023             -59.813
35788.121684       -0.023             -59.813
35788.121684       -0.023             -59.813
35788.121684       -0.023             -59.813
35788.121684       -0.023             -59.813
35788.121684       -0.023             -59.813
35788.121684       -0.023             -59.813
35788.121684       -0.023             -59.813
35788.121684       -0.023             -59.813
35788.121684       -0.023             -59.813
35788.121684       -0.023             -59.813
35788.121684       -0.023             -59.813
35788.121684       -0.023             -59.813
35788.121684       -0.023             -59.813
35788.121684       -0.023             -59.813
35788.121684       -0.022             -59.813
35788.121684       -0.022             -59.813
35788.121684       -0.022             -59.813
35788.121684       -0.022             -59.813
35788.121684       -0.022             -59.813
35788.121684       -0.022             -59.813
35788.121684       -0.022             -59.813
35788.121684       -0.022             -59.813
35788.121684       -0.022             -59.813
35788.121684       -0.022             -59.813
35788.121684       -0.022             -59.813
35788.121684       -0.022             -59.813
35788.121684       -0.022             -59.813
35788.121684       -0.022             -59.813
35788.121684       -0.022             -59.813
35788.121684       -0.022             -59.813
35788.121684       -0.022             -59.813
35788.121684       -0.022             -59.813
35788.121684       -0.022             -59.813
35788.121684       -0.022             -59.813
35788.121684       -0.022             -59.813
35788.121684       -0.022             -59.813
35788.121684       -0.022             -59.813
35788.121684       -0.022             -59.813
35788.121684       -0.022             -59.813
35788.121684       -0.022             -59.813
35788.121684       -0.022             -59.813
35788.121684       -0.022             -59.813
35788.121684       -0.022             -59.813
35788.121684       -0.022             -59.813
35788.121684       -0.022             -59.813
35788.121684       -0.022             -59.813
35788.121684       -0.022             -59.813
35788.121684       -0.022             -59.813
35788.121684       -0.022             -59.813
35788.121684       -0.022             -59.813
35788.121684       -0.022             -59.813
35788.121684       -0.022             -59.813
35788.121684       -0.022             -59.813
35788.121684       -0.022             -59.813
35788.121684       -0.022             -59.813
35788.121684       -0.022             -59.813
35788.121684       -0.022             -59.813
35788.121684       -0.022             -59.813
35788.121684       -0.022             -59.813
35788.121684       -0.022             -59.813
35788.121684       -0.022             -59.813
35788.121684       -0.022             -59.813
35788.121684       -0.022             -59.813
35788.121684       -0.022             -59.813
35788.121684       -0.022             -59.813
35788.121684       -0.022             -59.813
35788.121684       -0.022             -59.813
35788.121684       -0.022             -59.813
35788.121684       -0.022             -59.813
35788.121684       -0.022             -59.813
35788.121684       -0.022             -59.813
35788.121684       -0.022             -59.813
35788.121684       -0.022             -59.813
35788.121684       -0.022             -59.813
35788.121684       -0.022             -59.813
35788.121684       -0.022             -59.813
35788.121684       -0.022             -59.813
35788.121684       -0.022             -59.813
35788.121684       -0.022             -59.813
35788.121684       -0.022             -59.813
35788.121684       -0.022             -59.813
35788.121684       -0.021             -59.813
35788.121684       -0.021             -59.813
35788.121684       -0.021             -59.813
35788.121684       -0.021             -59.813
35788.121684       -0.021             -59.813
35788.121684       -0.021             -59.813
35788.121684       -0.021             -59.813
35788.121684       -0.021             -59.813
35788.121684       -0.021             -59.813
35788.121684       -0.021             -59.813
35788.121684       -0.021             -59.813
35788.121684       -0.021             -59.813
35788.121684       -0.021             -59.813
35788.121684       -0.021             -59.813
35788.121684       -0.021             -59.813
35788.121684       -0.021             -59.813
35788.121684       -0.021             -59.813
35788.121684       -0.021             -59.813
35788.121684       -0.021             -59.813
35788.121684       -0.021             -59.813
35788.121684       -0.021             -59.813
35788.121684       -0.021             -59.813
35788.121684       -0.021             -59.813
35788.121684       -0.021             -59.813
35788.121684       -0.021             -59.813
35788.121684       -0.021             -59.813
35788.121684       -0.021             -59.813
35788.121684       -0.021             -59.813
35788.121683       -0.021             -59.813
35788.121683       -0.021             -59.813
35788.121683       -0.021             -59.813
35788.121683       -0.021             -59.813
35788.121683       -0.021             -59.813
35788.121683       -0.021             -59.813
35788.121683       -0.021             -59.813
35788.121683       -0.021             -59.813
35788.121683       -0.021             -59.813
35788.121683       -0.021             -59.813
35788.121683       -0.021             -59.813
35788.121683       -0.021             -59.813
35788.121683       -0.021             -59.813
35788.121683       -0.021             -59.813
35788.121683       -0.021             -59.813
35788.121683       -0.021             -59.813
35788.121683       -0.021             -59.813
35788.121683       -0.021             -59.813
35788.121683       -0.021             -59.813
35788.121683       -0.021             -59.813
35788.121683       -0.021             -59.813
35788.121683       -0.021             -59.813
35788.121683       -0.021             -59.813
35788.121683       -0.021             -59.813
35788.121683       -0.021             -59.813
35788.121683       -0.021             -59.813
35788.121683       -0.021             -59.813
35788.121683       -0.021             -59.813
35788.121683       -0.021             -59.813
35788.121683       -0.021             -59.813
35788.121683       -0.021             -59.813
35788.121683       -0.021             -59.813
35788.121683       -0.021             -59.813
35788.121683       -0.021             -59.813
35788.121683       -0.021             -59.813
35788.121683       -0.021             -59.813
35788.121683       -0.021             -59.813
35788.121683       -0.021             -59.813
35788.121683       -0.021             -59.813
35788.121683       -0.021             -59.813
35788.121683       -0.020             -59.813
35788.121683       -0.020             -59.813
35788.121683       -0.020             -59.813
35788.121683       -0.020             -59.813
35788.121683       -0.020             -59.813
35788.121683       -0.020             -59.813
35788.121683       -0.020             -59.813
35788.121683       -0.020             -59.813
35788.121683       -0.020             -59.813
35788.121683       -0.020             -59.813
35788.121683       -0.020             -59.813
35788.121683       -0.020             -59.813
35788.121683       -0.020             -59.813
35788.121683       -0.020             -59.813
35788.121683       -0.020             -59.813
35788.121683       -0.020             -59.813
35788.121683       -0.020             -59.813
35788.121683       -0.020             -59.813
35788.121683       -0.020             -59.813
35788.121683       -0.020             -59.813
35788.121683       -0.020             -59.813
35788.121683       -0.020             -59.813
35788.121683       -0.020             -59.813
35788.121683       -0.020             -59.813
35788.121683       -0.020             -59.813
35788.121683       -0.020             -59.813
35788.121683       -0.020             -59.813
35788.121683       -0.020             -59.813
35788.121683       -0.020             -59.813
35788.121683       -0.020             -59.813
35788.121683       -0.020             -59.813
35788.121683       -0.020             -59.813
35788.121683       -0.020             -59.813
35788.121683       -0.020             -59.813
35788.121683       -0.020             -59.813
35788.121683       -0.020             -59.813
35788.121683       -0.020             -59.813
35788.121683       -0.020             -59.813
35788.121683       -0.020             -59.813
35788.121683       -0.020             -59.813
35788.121683       -0.020             -59.813
35788.121683       -0.020             -59.813
35788.121683       -0.020             -59.813
35788.121683       -0.020             -59.813
35788.121683       -0.020             -59.813
35788.121683       -0.020             -59.813
35788.121683       -0.020             -59.813
35788.121683       -0.020             -59.813
35788.121683       -0.020             -59.813
35788.121683       -0.020             -59.813
35788.121683       -0.020             -59.813
35788.121683       -0.020             -59.813
35788.121683       -0.020             -59.813
35788.121683       -0.020             -59.813
35788.121683       -0.020             -59.813
35788.121683       -0.020             -59.813
35788.121683       -0.020             -59.813
35788.121683       -0.020             -59.813
35788.121683       -0.020             -59.813
35788.121683       -0.020             -59.813
35788.121683       -0.020             -59.813
35788.121683       -0.020             -59.813
35788.121683       -0.020             -59.813
35788.121683       -0.020             -59.813
35788.121683       -0.020             -59.813
35788.121683       -0.020             -59.813
35788.121683       -0.020             -59.813
35788.121683       -0.020             -59.813
35788.121683       -0.019             -59.813
35788.121683       -0.019             -59.813
35788.121683       -0.019             -59.813
35788.121683       -0.019             -59.813
35788.121683       -0.019             -59.813
35788.121683       -0.019             -59.813
35788.121683       -0.019             -59.813
35788.121683       -0.019             -59.813
35788.121683       -0.019             -59.813
35788.121683       -0.019             -59.813
35788.121683       -0.019             -59.813
35788.121683       -0.019             -59.813
35788.121683       -0.019             -59.813
35788.121683       -0.019             -59.813
35788.121683       -0.019             -59.813
35788.121683       -0.019             -59.813
35788.121683       -0.019             -59.813
35788.121683       -0.019             -59.813
35788.121683       -0.019             -59.813
35788.121683       -0.019             -59.813
35788.121683       -0.019             -59.813
35788.121683       -0.019             -59.813
35788.121683       -0.019             -59.813
35788.121683       -0.019             -59.813
35788.121683       -0.019             -59.813
35788.121683       -0.019             -59.813
35788.121683       -0.019             -59.813
35788.121683       -0.019             -59.813
35788.121683       -0.019             -59.813
35788.121683       -0.019             -59.813
35788.121683       -0.019             -59.813
35788.121683       -0.019             -59.813
35788.121683       -0.019             -59.813
35788.121683       -0.019             -59.813
35788.121683       -0.019             -59.813
35788.121683       -0.019             -59.813
35788.121683       -0.019             -59.813
35788.121683       -0.019             -59.813
35788.121683       -0.019             -59.813
35788.121683       -0.019             -59.813
35788.121683       -0.019             -59.813
35788.121683       -0.019             -59.813
35788.121683       -0.019             -59.813
35788.121683       -0.019             -59.813
35788.121683       -0.019             -59.813
35788.121683       -0.019             -59.813
35788.121683       -0.019             -59.813
35788.121683       -0.019             -59.813
35788.121683       -0.019             -59.813
35788.121683       -0.019             -59.813
35788.121683       -0.019             -59.813
35788.121683       -0.019             -59.813
35788.121683       -0.019             -59.813
35788.121683       -0.019             -59.813
35788.121683       -0.019             -59.813
35788.121683       -0.019             -59.813
35788.121683       -0.019             -59.813
35788.121683       -0.019             -59.813
35788.121683       -0.019             -59.813
35788.121683       -0.019             -59.813
35788.121683       -0.019             -59.813
35788.121683       -0.019             -59.813
35788.121683       -0.019             -59.813
35788.121683       -0.019             -59.813
35788.121683       -0.019             -59.813
35788.121683       -0.019             -59.813
35788.121683       -0.019             -59.813
35788.121683       -0.019             -59.813
35788.121683       -0.018             -59.813
35788.121683       -0.018             -59.813
35788.121683       -0.018             -59.813
35788.121683       -0.018             -59.813
35788.121683       -0.018             -59.813
35788.121683       -0.018             -59.813
35788.121683       -0.018             -59.813
35788.121683       -0.018             -59.813
35788.121683       -0.018             -59.813
35788.121683       -0.018             -59.813
35788.121683       -0.018             -59.813
35788.121683       -0.018             -59.813
35788.121683       -0.018             -59.813
35788.121683       -0.018             -59.813
35788.121683       -0.018             -59.813
35788.121683       -0.018             -59.813
35788.121683       -0.018             -59.813
35788.121683       -0.018             -59.813
35788.121683       -0.018             -59.813
35788.121683       -0.018             -59.813
35788.121683       -0.018             -59.813
35788.121683       -0.018             -59.813
35788.121683       -0.018             -59.813
35788.121683       -0.018             -59.813
35788.121683       -0.018             -59.813
35788.121683       -0.018             -59.813
35788.121683       -0.018             -59.813
35788.121683       -0.018             -59.813
35788.121683       -0.018             -59.813
35788.121683       -0.018             -59.813
35788.121683       -0.018             -59.813
35788.121683       -0.018             -59.813
35788.121683       -0.018             -59.813
35788.121683       -0.018             -59.813
35788.121683       -0.018             -59.813
35788.121683       -0.018             -59.813
35788.121683       -0.018             -59.813
35788.121683       -0.018             -59.813
35788.121683       -0.018             -59.813
35788.121683       -0.018             -59.813
35788.121683       -0.018             -59.813
35788.121683       -0.018             -59.813
35788.121683       -0.018             -59.813
35788.121683       -0.018             -59.813
35788.121683       -0.018             -59.813
35788.121683       -0.018             -59.813
35788.121683       -0.018             -59.813
35788.121683       -0.018             -59.813
35788.121683       -0.018             -59.813
35788.121683       -0.018             -59.813
35788.121683       -0.018             -59.813
35788.121683       -0.018             -59.813
35788.121683       -0.018             -59.813
35788.121683       -0.018             -59.813
35788.121683       -0.018             -59.813
35788.121683       -0.018             -59.813
35788.121683       -0.018             -59.813
35788.121683       -0.018             -59.813
35788.121683       -0.018             -59.813
35788.121683       -0.018             -59.813
35788.121683       -0.018             -59.813
35788.121683       -0.018             -59.813
35788.121683       -0.018             -59.813
35788.121683       -0.018             -59.813
35788.121683       -0.018             -59.813
35788.121683       -0.018             -59.813
35788.121683       -0.018             -59.813
35788.121683       -0.017             -59.813
35788.121683       -0.017             -59.813
35788.121683       -0.017             -59.813
35788.121683       -0.017             -59.813
35788.121683       -0.017             -59.813
35788.121683       -0.017             -59.813
35788.121683       -0.017             -59.813
35788.121683       -0.017             -59.813
35788.121683       -0.017             -59.813
35788.121683       -0.017             -59.813
35788.121683       -0.017             -59.813
35788.121683       -0.017             -59.813
35788.121683       -0.017             -59.813
35788.121683       -0.017             -59.813
35788.121683       -0.017             -59.813
35788.121683       -0.017             -59.813
35788.121683       -0.017             -59.813
35788.121683       -0.017             -59.813
35788.121683       -0.017             -59.813
35788.121683       -0.017             -59.813
35788.121683       -0.017             -59.813
35788.121683       -0.017             -59.813
35788.121683       -0.017             -59.813
35788.121683       -0.017             -59.813
35788.121683       -0.017             -59.813
35788.121683       -0.017             -59.813
35788.121683       -0.017             -59.813
35788.121683       -0.017             -59.813
35788.121683       -0.017             -59.813
35788.121683       -0.017             -59.813
35788.121683       -0.017             -59.813
35788.121682       -0.017             -59.813
35788.121682       -0.017             -59.813
35788.121682       -0.017             -59.813
35788.121682       -0.017             -59.813
35788.121682       -0.017             -59.813
35788.121682       -0.017             -59.813
35788.121682       -0.017             -59.813
35788.121682       -0.017             -59.813
35788.121682       -0.017             -59.813
35788.121682       -0.017             -59.813
35788.121682       -0.017             -59.813
35788.121682       -0.017             -59.813
35788.121682       -0.017             -59.813
35788.121682       -0.017             -59.813
35788.121682       -0.017             -59.813
35788.121682       -0.017             -59.813
35788.121682       -0.017             -59.813
35788.121682       -0.017             -59.813
35788.121682       -0.017             -59.813
35788.121682       -0.017             -59.813
35788.121682       -0.017             -59.813
35788.121682       -0.017             -59.813
35788.121682       -0.017             -59.813
35788.121682       -0.017             -59.813
35788.121682       -0.017             -59.813
35788.121682       -0.017             -59.813
35788.121682       -0.017             -59.813
35788.121682       -0.017             -59.813
35788.121682       -0.017             -59.813
35788.121682       -0.017             -59.813
35788.121682       -0.017             -59.813
35788.121682       -0.017             -59.813
35788.121682       -0.017             -59.813
35788.121682       -0.017             -59.813
35788.121682       -0.017             -59.813
35788.121682       -0.017             -59.813
35788.121682       -0.017             -59.813
35788.121682       -0.016             -59.813
35788.121682       -0.016             -59.813
35788.121682       -0.016             -59.813
35788.121682       -0.016             -59.813
35788.121682       -0.016             -59.813
35788.121682       -0.016             -59.813
35788.121682       -0.016             -59.813
35788.121682       -0.016             -59.813
35788.121682       -0.016             -59.813
35788.121682       -0.016             -59.813
35788.121682       -0.016             -59.813
35788.121682       -0.016             -59.813
35788.121682       -0.016             -59.813
35788.121682       -0.016             -59.813
35788.121682       -0.016             -59.813
35788.121682       -0.016             -59.813
35788.121682       -0.016             -59.813
35788.121682       -0.016             -59.813
35788.121682       -0.016             -59.813
35788.121682       -0.016             -59.813
35788.121682       -0.016             -59.813
35788.121682       -0.016             -59.813
35788.121682       -0.016             -59.813
35788.121682       -0.016             -59.813
35788.121682       -0.016             -59.813
35788.121682       -0.016             -59.813
35788.121682       -0.016             -59.813
35788.121682       -0.016             -59.813
35788.121682       -0.016             -59.813
35788.121682       -0.016             -59.813
35788.121682       -0.016             -59.813
35788.121682       -0.016             -59.813
35788.121682       -0.016             -59.813
35788.121682       -0.016             -59.813
35788.121682       -0.016             -59.813
35788.121682       -0.016             -59.813
35788.121682       -0.016             -59.813
35788.121682       -0.016             -59.813
35788.121682       -0.016             -59.813
35788.121682       -0.016             -59.813
35788.121682       -0.016             -59.813
35788.121682       -0.016             -59.813
35788.121682       -0.016             -59.813
35788.121682       -0.016             -59.813
35788.121682       -0.016             -59.813
35788.121682       -0.016             -59.813
35788.121682       -0.016             -59.813
35788.121682       -0.016             -59.813
35788.121682       -0.016             -59.813
35788.121682       -0.016             -59.813
35788.121682       -0.016             -59.813
35788.121682       -0.016             -59.813
35788.121682       -0.016             -59.813
35788.121682       -0.016             -59.813
35788.121682       -0.016             -59.813
35788.121682       -0.016             -59.813
35788.121682       -0.016             -59.813
35788.121682       -0.016             -59.813
35788.121682       -0.016             -59.813
35788.121682       -0.016             -59.813
35788.121682       -0.016             -59.813
35788.121682       -0.016             -59.813
35788.121682       -0.016             -59.813
35788.121682       -0.016             -59.813
35788.121682       -0.016             -59.813
35788.121682       -0.016             -59.813
35788.121682       -0.016             -59.813
35788.121682       -0.015             -59.813
35788.121682       -0.015             -59.813
35788.121682       -0.015             -59.813
35788.121682       -0.015             -59.813
35788.121682       -0.015             -59.813
35788.121682       -0.015             -59.813
35788.121682       -0.015             -59.813
35788.121682       -0.015             -59.813
35788.121682       -0.015             -59.813
35788.121682       -0.015             -59.813
35788.121682       -0.015             -59.813
35788.121682       -0.015             -59.813
35788.121682       -0.015             -59.813
35788.121682       -0.015             -59.813
35788.121682       -0.015             -59.813
35788.121682       -0.015             -59.813
35788.121682       -0.015             -59.813
35788.121682       -0.015             -59.813
35788.121682       -0.015             -59.813
35788.121682       -0.015             -59.813
35788.121682       -0.015             -59.813
35788.121682       -0.015             -59.813
35788.121682       -0.015             -59.813
35788.121682       -0.015             -59.813
35788.121682       -0.015             -59.813
35788.121682       -0.015             -59.813
35788.121682       -0.015             -59.813
35788.121682       -0.015             -59.813
35788.121682       -0.015             -59.813
35788.121682       -0.015             -59.813
35788.121682       -0.015             -59.813
35788.121682       -0.015             -59.813
35788.121682       -0.015             -59.813
35788.121682       -0.015             -59.813
35788.121682       -0.015             -59.813
35788.121682       -0.015             -59.813
35788.121682       -0.015             -59.813
35788.121682       -0.015             -59.813
35788.121682       -0.015             -59.813
35788.121682       -0.015             -59.813
35788.121682       -0.015             -59.813
35788.121682       -0.015             -59.813
35788.121682       -0.015             -59.813
35788.121682       -0.015             -59.813
35788.121682       -0.015             -59.813
35788.121682       -0.015             -59.813
35788.121682       -0.015             -59.813
35788.121682       -0.015             -59.813
35788.121682       -0.015             -59.813
35788.121682       -0.015             -59.813
35788.121682       -0.015             -59.813
35788.121682       -0.015             -59.813
35788.121682       -0.015             -59.813
35788.121682       -0.015             -59.813
35788.121682       -0.015             -59.813
35788.121682       -0.015             -59.813
35788.121682       -0.015             -59.813
35788.121682       -0.015             -59.813
35788.121682       -0.015             -59.813
35788.121682       -0.015             -59.813
35788.121682       -0.015             -59.813
35788.121682       -0.015             -59.813
35788.121682       -0.015             -59.813
35788.121682       -0.015             -59.813
35788.121682       -0.015             -59.813
35788.121682       -0.015             -59.813
35788.121682       -0.015             -59.813
35788.121682       -0.015             -59.813
35788.121682       -0.014             -59.813
35788.121682       -0.014             -59.813
35788.121682       -0.014             -59.813
35788.121682       -0.014             -59.813
35788.121682       -0.014             -59.813
35788.121682       -0.014             -59.813
35788.121682       -0.014             -59.813
35788.121682       -0.014             -59.813
35788.121682       -0.014             -59.813
35788.121682       -0.014             -59.813
35788.121682       -0.014             -59.813
35788.121682       -0.014             -59.813
35788.121682       -0.014             -59.813
35788.121682       -0.014             -59.813
35788.121682       -0.014             -59.813
35788.121682       -0.014             -59.813
35788.121682       -0.014             -59.813
35788.121682       -0.014             -59.813
35788.121682       -0.014             -59.813
35788.121682       -0.014             -59.813
35788.121682       -0.014             -59.813
35788.121682       -0.014             -59.813
35788.121682       -0.014             -59.813
35788.121682       -0.014             -59.813
35788.121682       -0.014             -59.813
35788.121682       -0.014             -59.813
35788.121682       -0.014             -59.813
35788.121682       -0.014             -59.813
35788.121682       -0.014             -59.813
35788.121682       -0.014             -59.813
35788.121682       -0.014             -59.813
35788.121682       -0.014             -59.813
35788.121682       -0.014             -59.813
35788.121682       -0.014             -59.813
35788.121682       -0.014             -59.813
35788.121682       -0.014             -59.813
35788.121682       -0.014             -59.813
35788.121682       -0.014             -59.813
35788.121682       -0.014             -59.813
35788.121682       -0.014             -59.813
35788.121682       -0.014             -59.813
35788.121682       -0.014             -59.813
35788.121682       -0.014             -59.813
35788.121682       -0.014             -59.813
35788.121682       -0.014             -59.813
35788.121682       -0.014             -59.813
35788.121682       -0.014             -59.813
35788.121682       -0.014             -59.813
35788.121682       -0.014             -59.813
35788.121682       -0.014             -59.813
35788.121682       -0.014             -59.813
35788.121682       -0.014             -59.813
35788.121682       -0.014             -59.813
35788.121682       -0.014             -59.813
35788.121682       -0.014             -59.813
35788.121682       -0.014             -59.813
35788.121682       -0.014             -59.813
35788.121682       -0.014             -59.813
35788.121682       -0.014             -59.813
35788.121682       -0.014             -59.813
35788.121682       -0.014             -59.813
35788.121682       -0.014             -59.813
35788.121682       -0.014             -59.813
35788.121682       -0.014             -59.813
35788.121682       -0.014             -59.813
35788.121682       -0.014             -59.813
35788.121682       -0.014             -59.813
35788.121682       -0.014             -59.813
35788.121682       -0.013             -59.813
35788.121682       -0.013             -59.813
35788.121682       -0.013             -59.813
35788.121682       -0.013             -59.813
35788.121682       -0.013             -59.813
35788.121682       -0.013             -59.813
35788.121682       -0.013             -59.813
35788.121682       -0.013             -59.813
35788.121682       -0.013             -59.813
35788.121682       -0.013             -59.813
35788.121682       -0.013             -59.813
35788.121682       -0.013             -59.813
35788.121682       -0.013             -59.813
35788.121682       -0.013             -59.813
35788.121682       -0.013             -59.813
35788.121682       -0.013             -59.813
35788.121682       -0.013             -59.813
35788.121682       -0.013             -59.813
35788.121682       -0.013             -59.813
35788.121682       -0.013             -59.813
35788.121682       -0.013             -59.813
35788.121682       -0.013             -59.813
35788.121682       -0.013             -59.813
35788.121682       -0.013             -59.813
35788.121682       -0.013             -59.813
35788.121682       -0.013             -59.813
35788.121682       -0.013             -59.813
35788.121682       -0.013             -59.813
35788.121682       -0.013             -59.813
35788.121682       -0.013             -59.813
35788.121682       -0.013             -59.813
35788.121682       -0.013             -59.813
35788.121682       -0.013             -59.813
35788.121682       -0.013             -59.813
35788.121682       -0.013             -59.813
35788.121682       -0.013             -59.813
35788.121682       -0.013             -59.813
35788.121682       -0.013             -59.813
35788.121682       -0.013             -59.813
35788.121682       -0.013             -59.813
35788.121682       -0.013             -59.813
35788.121682       -0.013             -59.813
35788.121682       -0.013             -59.813
35788.121682       -0.013             -59.813
35788.121682       -0.013             -59.813
35788.121682       -0.013             -59.813
35788.121682       -0.013             -59.813
35788.121682       -0.013             -59.813
35788.121682       -0.013             -59.813
35788.121682       -0.013             -59.813
35788.121682       -0.013             -59.813
35788.121682       -0.013             -59.813
35788.121682       -0.013             -59.813
35788.121682       -0.013             -59.813
35788.121682       -0.013             -59.813
35788.121682       -0.013             -59.813
35788.121682       -0.013             -59.813
35788.121682       -0.013             -59.813
35788.121682       -0.013             -59.813
35788.121682       -0.013             -59.813
35788.121682       -0.013             -59.813
35788.121682       -0.013             -59.813
35788.121682       -0.013             -59.813
35788.121682       -0.013             -59.813
35788.121682       -0.013             -59.813
35788.121682       -0.013             -59.813
35788.121682       -0.013             -59.813
35788.121682       -0.012             -59.813
35788.121682       -0.012             -59.813
35788.121682       -0.012             -59.813
35788.121682       -0.012             -59.813
35788.121682       -0.012             -59.813
35788.121682       -0.012             -59.813
35788.121682       -0.012             -59.813
35788.121682       -0.012             -59.813
35788.121682       -0.012             -59.813
35788.121682       -0.012             -59.813
35788.121682       -0.012             -59.813
35788.121682       -0.012             -59.813
35788.121682       -0.012             -59.813
35788.121682       -0.012             -59.813
35788.121682       -0.012             -59.813
35788.121682       -0.012             -59.813
35788.121682       -0.012             -59.813
35788.121682       -0.012             -59.813
35788.121682       -0.012             -59.813
35788.121682       -0.012             -59.813
35788.121682       -0.012             -59.813
35788.121682       -0.012             -59.813
35788.121682       -0.012             -59.813
35788.121682       -0.012             -59.813
35788.121682       -0.012             -59.813
35788.121682       -0.012             -59.813
35788.121682       -0.012             -59.813
35788.121682       -0.012             -59.813
35788.121682       -0.012             -59.813
35788.121682       -0.012             -59.813
35788.121682       -0.012             -59.813
35788.121682       -0.012             -59.813
35788.121682       -0.012             -59.813
35788.121682       -0.012             -59.813
35788.121682       -0.012             -59.813
35788.121682       -0.012             -59.813
35788.121682       -0.012             -59.813
35788.121682       -0.012             -59.813
35788.121682       -0.012             -59.813
35788.121682       -0.012             -59.813
35788.121682       -0.012             -59.813
35788.121682       -0.012             -59.813
35788.121682       -0.012             -59.813
35788.121682       -0.012             -59.813
35788.121682       -0.012             -59.813
35788.121682       -0.012             -59.813
35788.121682       -0.012             -59.813
35788.121682       -0.012             -59.813
35788.121682       -0.012             -59.813
35788.121682       -0.012             -59.813
35788.121682       -0.012             -59.813
35788.121682       -0.012             -59.813
35788.121682       -0.012             -59.813
35788.121682       -0.012             -59.813
35788.121681       -0.012             -59.813
35788.121681       -0.012             -59.813
35788.121681       -0.012             -59.813
35788.121681       -0.012             -59.813
35788.121681       -0.012             -59.813
35788.121681       -0.012             -59.813
35788.121681       -0.012             -59.813
35788.121681       -0.012             -59.813
35788.121681       -0.012             -59.813
35788.121681       -0.012             -59.813
35788.121681       -0.012             -59.813
35788.121681       -0.012             -59.813
35788.121681       -0.012             -59.813
35788.121681       -0.012             -59.813
35788.121681       -0.011             -59.813
35788.121681       -0.011             -59.813
35788.121681       -0.011             -59.813
35788.121681       -0.011             -59.813
35788.121681       -0.011             -59.813
35788.121681       -0.011             -59.813
35788.121681       -0.011             -59.813
35788.121681       -0.011             -59.813
35788.121681       -0.011             -59.813
35788.121681       -0.011             -59.813
35788.121681       -0.011             -59.813
35788.121681       -0.011             -59.813
35788.121681       -0.011             -59.813
35788.121681       -0.011             -59.813
35788.121681       -0.011             -59.813
35788.121681       -0.011             -59.813
35788.121681       -0.011             -59.813
35788.121681       -0.011             -59.813
35788.121681       -0.011             -59.813
35788.121681       -0.011             -59.813
35788.121681       -0.011             -59.813
35788.121681       -0.011             -59.813
35788.121681       -0.011             -59.813
35788.121681       -0.011             -59.813
35788.121681       -0.011             -59.813
35788.121681       -0.011             -59.813
35788.121681       -0.011             -59.813
35788.121681       -0.011             -59.813
35788.121681       -0.011             -59.813
35788.121681       -0.011             -59.813
35788.121681       -0.011             -59.813
35788.121681       -0.011             -59.813
35788.121681       -0.011             -59.813
35788.121681       -0.011             -59.813
35788.121681       -0.011             -59.813
35788.121681       -0.011             -59.813
35788.121681       -0.011             -59.813
35788.121681       -0.011             -59.813
35788.121681       -0.011             -59.813
35788.121681       -0.011             -59.813
35788.121681       -0.011             -59.813
35788.121681       -0.011             -59.813
35788.121681       -0.011             -59.813
35788.121681       -0.011             -59.813
35788.121681       -0.011             -59.813
35788.121681       -0.011             -59.813
35788.121681       -0.011             -59.813
35788.121681       -0.011             -59.813
35788.121681       -0.011             -59.813
35788.121681       -0.011             -59.813
35788.121681       -0.011             -59.813
35788.121681       -0.011             -59.813
35788.121681       -0.011             -59.813
35788.121681       -0.011             -59.813
35788.121681       -0.011             -59.813
35788.121681       -0.011             -59.813
35788.121681       -0.011             -59.813
35788.121681       -0.011             -59.813
35788.121681       -0.011             -59.813
35788.121681       -0.011             -59.813
35788.121681       -0.011             -59.813
35788.121681       -0.011             -59.813
35788.121681       -0.011             -59.813
35788.121681       -0.011             -59.813
35788.121681       -0.011             -59.813
35788.121681       -0.011             -59.813
35788.121681       -0.011             -59.813
35788.121681       -0.010             -59.813
35788.121681       -0.010             -59.813
35788.121681       -0.010             -59.813
35788.121681       -0.010             -59.813
35788.121681       -0.010             -59.813
35788.121681       -0.010             -59.813
35788.121681       -0.010             -59.813
35788.121681       -0.010             -59.813
35788.121681       -0.010             -59.813
35788.121681       -0.010             -59.813
35788.121681       -0.010             -59.813
35788.121681       -0.010             -59.813
35788.121681       -0.010             -59.813
35788.121681       -0.010             -59.813
35788.121681       -0.010             -59.813
35788.121681       -0.010             -59.813
35788.121681       -0.010             -59.813
35788.121681       -0.010             -59.813
35788.121681       -0.010             -59.813
35788.121681       -0.010             -59.813
35788.121681       -0.010             -59.813
35788.121681       -0.010             -59.813
35788.121681       -0.010             -59.813
35788.121681       -0.010             -59.813
35788.121681       -0.010             -59.813
35788.121681       -0.010             -59.813
35788.121681       -0.010             -59.813
35788.121681       -0.010             -59.813
35788.121681       -0.010             -59.813
35788.121681       -0.010             -59.813
35788.121681       -0.010             -59.813
35788.121681       -0.010             -59.813
35788.121681       -0.010             -59.813
35788.121681       -0.010             -59.813
35788.121681       -0.010             -59.813
35788.121681       -0.010             -59.813
35788.121681       -0.010             -59.813
35788.121681       -0.010             -59.813
35788.121681       -0.010             -59.813
35788.121681       -0.010             -59.813
35788.121681       -0.010             -59.813
35788.121681       -0.010             -59.813
35788.121681       -0.010             -59.813
35788.121681       -0.010             -59.813
35788.121681       -0.010             -59.813
35788.121681       -0.010             -59.813
35788.121681       -0.010             -59.813
35788.121681       -0.010             -59.813
35788.121681       -0.010             -59.813
35788.121681       -0.010             -59.813
35788.121681       -0.010             -59.813
35788.121681       -0.010             -59.813
35788.121681       -0.010             -59.813
35788.121681       -0.010             -59.813
35788.121681       -0.010             -59.813
35788.121681       -0.010             -59.813
35788.121681       -0.010             -59.813
35788.121681       -0.010             -59.813
35788.121681       -0.010             -59.813
35788.121681       -0.010             -59.813
35788.121681       -0.010             -59.813
35788.121681       -0.010             -59.813
35788.121681       -0.010             -59.813
35788.121681       -0.010             -59.813
35788.121681       -0.010             -59.813
35788.121681       -0.010             -59.813
35788.121681       -0.010             -59.813
35788.121681       -0.010             -59.813
35788.121681       -0.009             -59.813
35788.121681       -0.009             -59.813
35788.121681       -0.009             -59.813
35788.121681       -0.009             -59.813
35788.121681       -0.009             -59.813
35788.121681       -0.009             -59.813
35788.121681       -0.009             -59.813
35788.121681       -0.009             -59.813
35788.121681       -0.009             -59.813
35788.121681       -0.009             -59.813
35788.121681       -0.009             -59.813
35788.121681       -0.009             -59.813
35788.121681       -0.009             -59.813
35788.121681       -0.009             -59.813
35788.121681       -0.009             -59.813
35788.121681       -0.009             -59.813
35788.121681       -0.009             -59.813
35788.121681       -0.009             -59.813
35788.121681       -0.009             -59.813
35788.121681       -0.009             -59.813
35788.121681       -0.009             -59.813
35788.121681       -0.009             -59.813
35788.121681       -0.009             -59.813
35788.121681       -0.009             -59.813
35788.121681       -0.009             -59.813
35788.121681       -0.009             -59.813
35788.121681       -0.009             -59.813
35788.121681       -0.009             -59.813
35788.121681       -0.009             -59.813
35788.121681       -0.009             -59.813
35788.121681       -0.009             -59.813
35788.121681       -0.009             -59.813
35788.121681       -0.009             -59.813
35788.121681       -0.009             -59.813
35788.121681       -0.009             -59.813
35788.121681       -0.009             -59.813
35788.121681       -0.009             -59.813
35788.121681       -0.009             -59.813
35788.121681       -0.009             -59.813
35788.121681       -0.009             -59.813
35788.121681       -0.009             -59.813
35788.121681       -0.009             -59.813
35788.121681       -0.009             -59.813
35788.121681       -0.009             -59.813
35788.121681       -0.009             -59.813
35788.121681       -0.009             -59.813
35788.121681       -0.009             -59.813
35788.121681       -0.009             -59.813
35788.121681       -0.009             -59.813
35788.121681       -0.009             -59.813
35788.121681       -0.009             -59.813
35788.121681       -0.009             -59.813
35788.121681       -0.009             -59.813
35788.121681       -0.009             -59.813
35788.121681       -0.009             -59.813
35788.121681       -0.009             -59.813
35788.121681       -0.009             -59.813
35788.121681       -0.009             -59.813
35788.121681       -0.009             -59.813
35788.121681       -0.009             -59.813
35788.121681       -0.009             -59.813
35788.121681       -0.009             -59.813
35788.121681       -0.009             -59.813
35788.121681       -0.009             -59.813
35788.121681       -0.009             -59.813
35788.121681       -0.009             -59.813
35788.121681       -0.009             -59.813
35788.121681       -0.008             -59.813
35788.121681       -0.008             -59.813
35788.121681       -0.008             -59.813
35788.121681       -0.008             -59.813
35788.121681       -0.008             -59.813
35788.121681       -0.008             -59.813
35788.121681       -0.008             -59.813
35788.121681       -0.008             -59.813
35788.121681       -0.008             -59.813
35788.121681       -0.008             -59.813
35788.121681       -0.008             -59.813
35788.121681       -0.008             -59.813
35788.121681       -0.008             -59.813
35788.121681       -0.008             -59.813
35788.121681       -0.008             -59.813
35788.121681       -0.008             -59.813
35788.121681       -0.008             -59.813
35788.121681       -0.008             -59.813
35788.121681       -0.008             -59.813
35788.121681       -0.008             -59.813
35788.121681       -0.008             -59.813
35788.121681       -0.008             -59.813
35788.121681       -0.008             -59.813
35788.121681       -0.008             -59.813
35788.121681       -0.008             -59.813
35788.121681       -0.008             -59.813
35788.121681       -0.008             -59.813
35788.121681       -0.008             -59.813
35788.121681       -0.008             -59.813
35788.121681       -0.008             -59.813
35788.121681       -0.008             -59.813
35788.121681       -0.008             -59.813
35788.121681       -0.008             -59.813
35788.121681       -0.008             -59.813
35788.121681       -0.008             -59.813
35788.121681       -0.008             -59.813
35788.121681       -0.008             -59.813
35788.121681       -0.008             -59.813
35788.121681       -0.008             -59.813
35788.121681       -0.008             -59.813
35788.121681       -0.008             -59.813
35788.121681       -0.008             -59.813
35788.121681       -0.008             -59.813
35788.121681       -0.008             -59.813
35788.121681       -0.008             -59.813
35788.121681       -0.008             -59.813
35788.121681       -0.008             -59.813
35788.121681       -0.008             -59.813
35788.121681       -0.008             -59.813
35788.121681       -0.008             -59.813
35788.121681       -0.008             -59.813
35788.121681       -0.008             -59.813
35788.121681       -0.008             -59.813
35788.121681       -0.008             -59.813
35788.121681       -0.008             -59.813
35788.121681       -0.008             -59.813
35788.121681       -0.008             -59.813
35788.121681       -0.008             -59.813
35788.121681       -0.008             -59.813
35788.121681       -0.008             -59.813
35788.121681       -0.008             -59.813
35788.121681       -0.008             -59.813
35788.121681       -0.008             -59.813
35788.121681       -0.008             -59.813
35788.121681       -0.008             -59.813
35788.121681       -0.008             -59.813
35788.121681       -0.008             -59.813
35788.121681       -0.007             -59.813
35788.121681       -0.007             -59.813
35788.121681       -0.007             -59.813
35788.121681       -0.007             -59.813
35788.121681       -0.007             -59.813
35788.121681       -0.007             -59.813
35788.121681       -0.007             -59.813
35788.121681       -0.007             -59.813
35788.121681       -0.007             -59.813
35788.121681       -0.007             -59.813
35788.121681       -0.007             -59.813
35788.121681       -0.007             -59.813
35788.121681       -0.007             -59.813
35788.121681       -0.007             -59.813
35788.121681       -0.007             -59.813
35788.121681       -0.007             -59.813
35788.121681       -0.007             -59.813
35788.121681       -0.007             -59.813
35788.121681       -0.007             -59.813
35788.121681       -0.007             -59.813
35788.121681       -0.007             -59.813
35788.121681       -0.007             -59.813
35788.121681       -0.007             -59.813
35788.121681       -0.007             -59.813
35788.121681       -0.007             -59.813
35788.121681       -0.007             -59.813
35788.121681       -0.007             -59.813
35788.121681       -0.007             -59.813
35788.121681       -0.007             -59.813
35788.121681       -0.007             -59.813
35788.121681       -0.007             -59.813
35788.121681       -0.007             -59.813
35788.121681       -0.007             -59.813
35788.121681       -0.007             -59.813
35788.121681       -0.007             -59.813
35788.121681       -0.007             -59.813
35788.121681       -0.007             -59.813
35788.121681       -0.007             -59.813
35788.121681       -0.007             -59.813
35788.121681       -0.007             -59.813
35788.121681       -0.007             -59.813
35788.121681       -0.007             -59.813
35788.121681       -0.007             -59.813
35788.121681       -0.007             -59.813
35788.121681       -0.007             -59.813
35788.121681       -0.007             -59.813
35788.121681       -0.007             -59.813
35788.121681       -0.007             -59.813
35788.121681       -0.007             -59.813
35788.121681       -0.007             -59.813
35788.121681       -0.007             -59.813
35788.121681       -0.007             -59.813
35788.121681       -0.007             -59.813
35788.121681       -0.007             -59.813
35788.121681       -0.007             -59.813
35788.121681       -0.007             -59.813
35788.121681       -0.007             -59.813
35788.121681       -0.007             -59.813
35788.121681       -0.007             -59.813
35788.121681       -0.007             -59.813
35788.121681       -0.007             -59.813
35788.121681       -0.007             -59.813
35788.121681       -0.007             -59.813
35788.121681       -0.007             -59.813
35788.121681       -0.007             -59.813
35788.121681       -0.007             -59.813
35788.121681       -0.007             -59.813
35788.121681       -0.007             -59.813
35788.121681       -0.006             -59.813
35788.121681       -0.006             -59.813
35788.121681       -0.006             -59.813
35788.121681       -0.006             -59.813
35788.121681       -0.006             -59.813
35788.121681       -0.006             -59.813
35788.121681       -0.006             -59.813
35788.121681       -0.006             -59.813
35788.121681       -0.006             -59.813
35788.121681       -0.006             -59.813
35788.121681       -0.006             -59.813
35788.121681       -0.006             -59.813
35788.121681       -0.006             -59.813
35788.121681       -0.006             -59.813
35788.121681       -0.006             -59.813
35788.121681       -0.006             -59.813
35788.121681       -0.006             -59.813
35788.121681       -0.006             -59.813
35788.121681       -0.006             -59.813
35788.121681       -0.006             -59.813
35788.121681       -0.006             -59.813
35788.121681       -0.006             -59.813
35788.121681       -0.006             -59.813
35788.121681       -0.006             -59.813
35788.121681       -0.006             -59.813
35788.121681       -0.006             -59.813
35788.121681       -0.006             -59.813
35788.121681       -0.006             -59.813
35788.121681       -0.006             -59.813
35788.121681       -0.006             -59.813
35788.121681       -0.006             -59.813
35788.121681       -0.006             -59.813
35788.121681       -0.006             -59.813
35788.121681       -0.006             -59.813
35788.121681       -0.006             -59.813
35788.121681       -0.006             -59.813
35788.121681       -0.006             -59.813
35788.121681       -0.006             -59.813
35788.121681       -0.006             -59.813
35788.121681       -0.006             -59.813
35788.121681       -0.006             -59.813
35788.121681       -0.006             -59.813
35788.121681       -0.006             -59.813
35788.121681       -0.006             -59.813
35788.121681       -0.006             -59.813
35788.121681       -0.006             -59.813
35788.121681       -0.006             -59.813
35788.121681       -0.006             -59.813
35788.121681       -0.006             -59.813
35788.121681       -0.006             -59.813
35788.121681       -0.006             -59.813
35788.121681       -0.006             -59.813
35788.121681       -0.006             -59.813
35788.121681       -0.006             -59.813
35788.121681       -0.006             -59.813
35788.121681       -0.006             -59.813
35788.121681       -0.006             -59.813
35788.121681       -0.006             -59.813
35788.121681       -0.006             -59.813
35788.121681       -0.006             -59.813
35788.121681       -0.006             -59.813
35788.121681       -0.006             -59.813
35788.121681       -0.006             -59.813
35788.121681       -0.006             -59.813
35788.121681       -0.006             -59.813
35788.121681       -0.006             -59.813
35788.121681       -0.006             -59.813
35788.121681       -0.005             -59.813
35788.121681       -0.005             -59.813
35788.121681       -0.005             -59.813
35788.121681       -0.005             -59.813
35788.121681       -0.005             -59.813
35788.121681       -0.005             -59.813
35788.121681       -0.005             -59.813
35788.121681       -0.005             -59.813
35788.121681       -0.005             -59.813
35788.121681       -0.005             -59.813
35788.121681       -0.005             -59.813
35788.121681       -0.005             -59.813
35788.121681       -0.005             -59.813
35788.121681       -0.005             -59.813
35788.121681       -0.005             -59.813
35788.121681       -0.005             -59.813
35788.121681       -0.005             -59.813
35788.121681       -0.005             -59.813
35788.121681       -0.005             -59.813
35788.121681       -0.005             -59.813
35788.121681       -0.005             -59.813
35788.121681       -0.005             -59.813
35788.121681       -0.005             -59.813
35788.121681       -0.005             -59.813
35788.121681       -0.005             -59.813
35788.121681       -0.005             -59.813
35788.121681       -0.005             -59.813
35788.121681       -0.005             -59.813
35788.121681       -0.005             -59.813
35788.121681       -0.005             -59.813
35788.121681       -0.005             -59.813
35788.121681       -0.005             -59.813
35788.121681       -0.005             -59.813
35788.121681       -0.005             -59.813
35788.121681       -0.005             -59.813
35788.121681       -0.005             -59.813
35788.121681       -0.005             -59.813
35788.121681       -0.005             -59.813
35788.121681       -0.005             -59.813
35788.121681       -0.005             -59.813
35788.121681       -0.005             -59.813
35788.121681       -0.005             -59.813
35788.121681       -0.005             -59.813
35788.121681       -0.005             -59.813
35788.121681       -0.005             -59.813
35788.121681       -0.005             -59.813
35788.121681       -0.005             -59.813
35788.121681       -0.005             -59.813
35788.121681       -0.005             -59.813
35788.121681       -0.005             -59.813
35788.121681       -0.005             -59.813
35788.121681       -0.005             -59.813
35788.121681       -0.005             -59.813
35788.121681       -0.005             -59.813
35788.121681       -0.005             -59.813
35788.121681       -0.005             -59.813
35788.121681       -0.005             -59.813
35788.121681       -0.005             -59.813
35788.121681       -0.005             -59.813
35788.121681       -0.005             -59.813
35788.121681       -0.005             -59.813
35788.121681       -0.005             -59.813
35788.121681       -0.005             -59.813
35788.121681       -0.005             -59.813
35788.121681       -0.005             -59.813
35788.121681       -0.005             -59.813
35788.121681       -0.005             -59.813
35788.121681       -0.005             -59.813
35788.121681       -0.004             -59.813
35788.121681       -0.004             -59.813
35788.121681       -0.004             -59.813
35788.121681       -0.004             -59.813
35788.121681       -0.004             -59.813
35788.121681       -0.004             -59.813
35788.121681       -0.004             -59.813
35788.121681       -0.004             -59.813
35788.121681       -0.004             -59.813
35788.121681       -0.004             -59.813
35788.121681       -0.004             -59.813
35788.121681       -0.004             -59.813
35788.121681       -0.004             -59.813
35788.121681       -0.004             -59.813
35788.121681       -0.004             -59.813
35788.121681       -0.004             -59.813
35788.121681       -0.004             -59.813
35788.121681       -0.004             -59.813
35788.121681       -0.004             -59.813
35788.121681       -0.004             -59.813
35788.121681       -0.004             -59.813
35788.121681       -0.004             -59.813
35788.121681       -0.004             -59.813
35788.121681       -0.004             -59.813
35788.121681       -0.004             -59.813
35788.121681       -0.004             -59.813
35788.121681       -0.004             -59.813
35788.121681       -0.004             -59.813
35788.121681       -0.004             -59.813
35788.121681       -0.004             -59.813
35788.121681       -0.004             -59.813
35788.121681       -0.004             -59.813
35788.121681       -0.004             -59.813
35788.121681       -0.004             -59.813
35788.121681       -0.004             -59.813
35788.121681       -0.004             -59.813
35788.121681       -0.004             -59.813
35788.121681       -0.004             -59.813
35788.121681       -0.004             -59.813
35788.121681       -0.004             -59.813
35788.121681       -0.004             -59.813
35788.121681       -0.004             -59.813
35788.121681       -0.004             -59.813
35788.121681       -0.004             -59.813
35788.121681       -0.004             -59.813
35788.121681       -0.004             -59.813
35788.121681       -0.004             -59.813
35788.121681       -0.004             -59.813
35788.121681       -0.004             -59.813
35788.121681       -0.004             -59.813
35788.121681       -0.004             -59.813
35788.121681       -0.004             -59.813
35788.121681       -0.004             -59.813
35788.121681       -0.004             -59.813
35788.121681       -0.004             -59.813
35788.121681       -0.004             -59.813
35788.121681       -0.004             -59.813
35788.121681       -0.004             -59.813
35788.121681       -0.004             -59.813
35788.121681       -0.004             -59.813
35788.121681       -0.004             -59.813
35788.121681       -0.004             -59.813
35788.121681       -0.004             -59.813
35788.121681       -0.004             -59.813
35788.121681       -0.004             -59.813
35788.121681       -0.004             -59.813
35788.121681       -0.004             -59.813
35788.121681       -0.003             -59.813
35788.121681       -0.003             -59.813
35788.121681       -0.003             -59.813
35788.121681       -0.003             -59.813
35788.121681       -0.003             -59.813
35788.121681       -0.003             -59.813
35788.121681       -0.003             -59.813
35788.121681       -0.003             -59.813
35788.121681       -0.003             -59.813
35788.121681       -0.003             -59.813
35788.121681       -0.003             -59.813
35788.121681       -0.003             -59.813
35788.121681       -0.003             -59.813
35788.121681       -0.003             -59.813
35788.121681       -0.003             -59.813
35788.121681       -0.003             -59.813
35788.121681       -0.003             -59.813
35788.121681       -0.003             -59.813
35788.121681       -0.003             -59.813
35788.121681       -0.003             -59.813
35788.121681       -0.003             -59.813
35788.121681       -0.003             -59.813
35788.121681       -0.003             -59.813
35788.121681       -0.003             -59.813
35788.121681       -0.003             -59.813
35788.121681       -0.003             -59.813
35788.121681       -0.003             -59.813
35788.121681       -0.003             -59.813
35788.121681       -0.003             -59.813
35788.121681       -0.003             -59.813
35788.121681       -0.003             -59.813
35788.121681       -0.003             -59.813
35788.121681       -0.003             -59.813
35788.121681       -0.003             -59.813
35788.121681       -0.003             -59.813
35788.121681       -0.003             -59.813
35788.121681       -0.003             -59.813
35788.121681       -0.003             -59.813
35788.121681       -0.003             -59.813
35788.121681       -0.003             -59.813
35788.121681       -0.003             -59.813
35788.121681       -0.003             -59.813
35788.121681       -0.003             -59.813
35788.121681       -0.003             -59.813
35788.121681       -0.003             -59.813
35788.121681       -0.003             -59.813
35788.121681       -0.003             -59.813
35788.121681       -0.003             -59.813
35788.121681       -0.003             -59.813
35788.121681       -0.003             -59.813
35788.121681       -0.003             -59.813
35788.121681       -0.003             -59.813
35788.121681       -0.003             -59.813
35788.121681       -0.003             -59.813
35788.121681       -0.003             -59.813
35788.121681       -0.003             -59.813
35788.121681       -0.003             -59.813
35788.121681       -0.003             -59.813
35788.121681       -0.003             -59.813
35788.121681       -0.003             -59.813
35788.121681       -0.003             -59.813
35788.121681       -0.003             -59.813
35788.121681       -0.003             -59.813
35788.121681       -0.003             -59.813
35788.121681       -0.003             -59.813
35788.121681       -0.003             -59.813
35788.121681       -0.003             -59.813
35788.121681       -0.003             -59.813
35788.121681       -0.002             -59.813
35788.121681       -0.002             -59.813
35788.121681       -0.002             -59.813
35788.121681       -0.002             -59.813
35788.121681       -0.002             -59.813
35788.121681       -0.002             -59.813
35788.121681       -0.002             -59.813
35788.121681       -0.002             -59.813
35788.121681       -0.002             -59.813
35788.121681       -0.002             -59.813
35788.121681       -0.002             -59.813
35788.121681       -0.002             -59.813
35788.121681       -0.002             -59.813
35788.121681       -0.002             -59.813
35788.121681       -0.002             -59.813
35788.121681       -0.002             -59.813
35788.121681       -0.002             -59.813
35788.121681       -0.002             -59.813
35788.121681       -0.002             -59.813
35788.121681       -0.002             -59.813
35788.121681       -0.002             -59.813
35788.121681       -0.002             -59.813
35788.121681       -0.002             -59.813
35788.121681       -0.002             -59.813
35788.121681       -0.002             -59.813
35788.121681       -0.002             -59.813
35788.121681       -0.002             -59.813
35788.121681       -0.002             -59.813
35788.121681       -0.002             -59.813
35788.121681       -0.002             -59.813
35788.121681       -0.002             -59.813
35788.121681       -0.002             -59.813
35788.121681       -0.002             -59.813
35788.121681       -0.002             -59.813
35788.121681       -0.002             -59.813
35788.121681       -0.002             -59.813
35788.121681       -0.002             -59.813
35788.121681       -0.002             -59.813
35788.121681       -0.002             -59.813
35788.121681       -0.002             -59.813
35788.121681       -0.002             -59.813
35788.121681       -0.002             -59.813
35788.121681       -0.002             -59.813
35788.121681       -0.002             -59.813
35788.121681       -0.002             -59.813
35788.121681       -0.002             -59.813
35788.121681       -0.002             -59.813
35788.121681       -0.002             -59.813
35788.121681       -0.002             -59.813
35788.121681       -0.002             -59.813
35788.121681       -0.002             -59.813
35788.121681       -0.002             -59.813
35788.121681       -0.002             -59.813
35788.121681       -0.002             -59.813
35788.121681       -0.002             -59.813
35788.121681       -0.002             -59.813
35788.121681       -0.002             -59.813
35788.121681       -0.002             -59.813
35788.121681       -0.002             -59.813
35788.121681       -0.002             -59.813
35788.121681       -0.002             -59.813
35788.121681       -0.002             -59.813
35788.121681       -0.002             -59.813
35788.121681       -0.002             -59.813
35788.121681       -0.002             -59.813
35788.121681       -0.002             -59.813
35788.121681       -0.002             -59.813
35788.121681       -0.001             -59.813
35788.121681       -0.001             -59.813
35788.121681       -0.001             -59.813
35788.121681       -0.001             -59.813
35788.121681       -0.001             -59.813
35788.121681       -0.001             -59.813
35788.121681       -0.001             -59.813
35788.121681       -0.001             -59.813
35788.121681       -0.001             -59.813
35788.121681       -0.001             -59.813
35788.121681       -0.001             -59.813
35788.121681       -0.001             -59.813
35788.121681       -0.001             -59.813
35788.121681       -0.001             -59.813
35788.121681       -0.001             -59.813
35788.121681       -0.001             -59.813
35788.121681       -0.001             -59.813
35788.121681       -0.001             -59.813
35788.121681       -0.001             -59.813
35788.121681       -0.001             -59.813
35788.121681       -0.001             -59.813
35788.121681       -0.001             -59.813
35788.121681       -0.001             -59.813
35788.121681       -0.001             -59.813
35788.121681       -0.001             -59.813
35788.121681       -0.001             -59.813
35788.121681       -0.001             -59.813
35788.121681       -0.001             -59.813
35788.121681       -0.001             -59.813
35788.121681       -0.001             -59.813
35788.121681       -0.001             -59.813
35788.121681       -0.001             -59.813
35788.121681       -0.001             -59.813
35788.121681       -0.001             -59.813
35788.121681       -0.001             -59.813
35788.121681       -0.001             -59.813
35788.121681       -0.001             -59.813
35788.121681       -0.001             -59.813
35788.121681       -0.001             -59.813
35788.121681       -0.001             -59.813
35788.121681       -0.001             -59.813
35788.121681       -0.001             -59.813
35788.121681       -0.001             -59.813
35788.121681       -0.001             -59.813
35788.121681       -0.001             -59.813
35788.121681       -0.001             -59.813
35788.121681       -0.001             -59.813
35788.121681       -0.001             -59.813
35788.121681       -0.001             -59.813
35788.121681       -0.001             -59.813
35788.121681       -0.001             -59.813
35788.121681       -0.001             -59.813
35788.121681       -0.001             -59.813
35788.121681       -0.001             -59.813
35788.121681       -0.001             -59.813
35788.121681       -0.001             -59.813
35788.121681       -0.001             -59.813
35788.121681       -0.001             -59.813
35788.121681       -0.001             -59.813
35788.121681       -0.001             -59.813
35788.121681       -0.001             -59.813
35788.121681       -0.001             -59.813
35788.121681       -0.001             -59.813
35788.121681       -0.001             -59.813
35788.121681       -0.001             -59.813
35788.121681       -0.001             -59.813
35788.121681       -0.001             -59.813
35788.121681       -0.000             -59.813
35788.121681       -0.000             -59.813
35788.121681       -0.000             -59.813
35788.121681       -0.000             -59.813
35788.121681       -0.000             -59.813
35788.121681       -0.000             -59.813
35788.121681       -0.000             -59.813
35788.121681       -0.000             -59.813
35788.121681       -0.000             -59.813
35788.121681       -0.000             -59.813
35788.121681       -0.000             -59.813
35788.121681       -0.000             -59.813
35788.121681       -0.000             -59.813
35788.121681       -0.000             -59.813
35788.121681       -0.000             -59.813
35788.121681       -0.000             -59.813
35788.121681       -0.000             -59.813
35788.121681       -0.000             -59.813
35788.121681       -0.000             -59.813
35788.121681       -0.000             -59.813
35788.121681       -0.000             -59.813
35788.121681       -0.000             -59.813
35788.121681       -0.000             -59.813
35788.121681       -0.000             -59.813
35788.121681       -0.000             -59.813
35788.121681       -0.000             -59.813
35788.121681       -0.000             -59.813
35788.121681       -0.000             -59.813
35788.121681       -0.000             -59.813
35788.121681       -0.000             -59.813
35788.121681       -0.000             -59.813
35788.121681       -0.000             -59.813
35788.121681       -0.000             -59.813
35788.121681       -0.000             -59.813
35788.121681       0.000              -59.813
35788.121681       0.000              -59.813
35788.121681       0.000              -59.813
35788.121681       0.000              -59.813
35788.121681       0.000              -59.813
35788.121681       0.000              -59.813
35788.121681       0.000              -59.813
35788.121681       0.000              -59.813
35788.121681       0.000              -59.813
35788.121681       0.000              -59.813
35788.121681       0.000              -59.813
35788.121681       0.000              -59.813
35788.121681       0.000              -59.813
35788.121681       0.000              -59.813
35788.121681       0.000              -59.813
35788.121681       0.000              -59.813
35788.121681       0.000              -59.813
35788.121681       0.000              -59.813
35788.121681       0.000              -59.813
35788.121681       0.000              -59.813
35788.121681       0.000              -59.813
35788.121681       0.000              -59.813
35788.121681       0.000              -59.813
35788.121681       0.000              -59.813
35788.121681       0.000              -59.813
35788.121681       0.000              -59.813
35788.121681       0.000              -59.813
35788.121681       0.000              -59.813
35788.121681       0.000              -59.813
35788.121681       0.000              -59.813
35788.121681       0.000              -59.813
35788.121681       0.000              -59.813
35788.121681       0.000              -59.813
35788.121681       0.000              -59.813
35788.121681       0.001              -59.813
35788.121681       0.001              -59.813
35788.121681       0.001              -59.813
35788.121681       0.001              -59.813
35788.121681       0.001              -59.813
35788.121681       0.001              -59.813
35788.121681       0.001              -59.813
35788.121681       0.001              -59.813
35788.121681       0.001              -59.813
35788.121681       0.001              -59.813
35788.121681       0.001              -59.813
35788.121681       0.001              -59.813
35788.121681       0.001              -59.813
35788.121681       0.001              -59.813
35788.121681       0.001              -59.813
35788.121681       0.001              -59.813
35788.121681       0.001              -59.813
35788.121681       0.001              -59.813
35788.121681       0.001              -59.813
35788.121681       0.001              -59.813
35788.121681       0.001              -59.813
35788.121681       0.001              -59.813
35788.121681       0.001              -59.813
35788.121681       0.001              -59.813
35788.121681       0.001              -59.813
35788.121681       0.001              -59.813
35788.121681       0.001              -59.813
35788.121681       0.001              -59.813
35788.121681       0.001              -59.813
35788.121681       0.001              -59.813
35788.121681       0.001              -59.813
35788.121681       0.001              -59.813
35788.121681       0.001              -59.813
35788.121681       0.001              -59.813
35788.121681       0.001              -59.813
35788.121681       0.001              -59.813
35788.121681       0.001              -59.813
35788.121681       0.001              -59.813
35788.121681       0.001              -59.813
35788.121681       0.001              -59.813
35788.121681       0.001              -59.813
35788.121681       0.001              -59.813
35788.121681       0.001              -59.813
35788.121681       0.001              -59.813
35788.121681       0.001              -59.813
35788.121681       0.001              -59.813
35788.121681       0.001              -59.813
35788.121681       0.001              -59.813
35788.121681       0.001              -59.813
35788.121681       0.001              -59.813
35788.121681       0.001              -59.813
35788.121681       0.001              -59.813
35788.121681       0.001              -59.813
35788.121681       0.001              -59.813
35788.121681       0.001              -59.813
35788.121681       0.001              -59.813
35788.121681       0.001              -59.813
35788.121681       0.001              -59.813
35788.121681       0.001              -59.813
35788.121681       0.001              -59.813
35788.121681       0.001              -59.813
35788.121681       0.001              -59.813
35788.121681       0.001              -59.813
35788.121681       0.001              -59.813
35788.121681       0.001              -59.813
35788.121681       0.001              -59.813
35788.121681       0.001              -59.813
35788.121681       0.002              -59.813
35788.121681       0.002              -59.813
35788.121681       0.002              -59.813
35788.121681       0.002              -59.813
35788.121681       0.002              -59.813
35788.121681       0.002              -59.813
35788.121681       0.002              -59.813
35788.121681       0.002              -59.813
35788.121681       0.002              -59.813
35788.121681       0.002              -59.813
35788.121681       0.002              -59.813
35788.121681       0.002              -59.813
35788.121681       0.002              -59.813
35788.121681       0.002              -59.813
35788.121681       0.002              -59.813
35788.121681       0.002              -59.813
35788.121681       0.002              -59.813
35788.121681       0.002              -59.813
35788.121681       0.002              -59.813
35788.121681       0.002              -59.813
35788.121681       0.002              -59.813
35788.121681       0.002              -59.813
35788.121681       0.002              -59.813
35788.121681       0.002              -59.813
35788.121681       0.002              -59.813
35788.121681       0.002              -59.813
35788.121681       0.002              -59.813
35788.121681       0.002              -59.813
35788.121681       0.002              -59.813
35788.121681       0.002              -59.813
35788.121681       0.002              -59.813
35788.121681       0.002              -59.813
35788.121681       0.002              -59.813
35788.121681       0.002              -59.813
35788.121681       0.002              -59.813
35788.121681       0.002              -59.813
35788.121681       0.002              -59.813
35788.121681       0.002              -59.813
35788.121681       0.002              -59.813
35788.121681       0.002              -59.813
35788.121681       0.002              -59.813
35788.121681       0.002              -59.813
35788.121681       0.002              -59.813
35788.121681       0.002              -59.813
35788.121681       0.002              -59.813
35788.121681       0.002              -59.813
35788.121681       0.002              -59.813
35788.121681       0.002              -59.813
35788.121681       0.002              -59.813
35788.121681       0.002              -59.813
35788.121681       0.002              -59.813
35788.121681       0.002              -59.813
35788.121681       0.002              -59.813
35788.121681       0.002              -59.813
35788.121681       0.002              -59.813
35788.121681       0.002              -59.813
35788.121681       0.002              -59.813
35788.121681       0.002              -59.813
35788.121681       0.002              -59.813
35788.121681       0.002              -59.813
35788.121681       0.002              -59.813
35788.121681       0.002              -59.813
35788.121681       0.002              -59.813
35788.121681       0.002              -59.813
35788.121681       0.002              -59.813
35788.121681       0.002              -59.813
35788.121681       0.002              -59.813
35788.121681       0.002              -59.813
35788.121681       0.003              -59.813
35788.121681       0.003              -59.813
35788.121681       0.003              -59.813
35788.121681       0.003              -59.813
35788.121681       0.003              -59.813
35788.121681       0.003              -59.813
35788.121681       0.003              -59.813
35788.121681       0.003              -59.813
35788.121681       0.003              -59.813
35788.121681       0.003              -59.813
35788.121681       0.003              -59.813
35788.121681       0.003              -59.813
35788.121681       0.003              -59.813
35788.121681       0.003              -59.813
35788.121681       0.003              -59.813
35788.121681       0.003              -59.813
35788.121681       0.003              -59.813
35788.121681       0.003              -59.813
35788.121681       0.003              -59.813
35788.121681       0.003              -59.813
35788.121681       0.003              -59.813
35788.121681       0.003              -59.813
35788.121681       0.003              -59.813
35788.121681       0.003              -59.813
35788.121681       0.003              -59.813
35788.121681       0.003              -59.813
35788.121681       0.003              -59.813
35788.121681       0.003              -59.813
35788.121681       0.003              -59.813
35788.121681       0.003              -59.813
35788.121681       0.003              -59.813
35788.121681       0.003              -59.813
35788.121681       0.003              -59.813
35788.121681       0.003              -59.813
35788.121681       0.003              -59.813
35788.121681       0.003              -59.813
35788.121681       0.003              -59.813
35788.121681       0.003              -59.813
35788.121681       0.003              -59.813
35788.121681       0.003              -59.813
35788.121681       0.003              -59.813
35788.121681       0.003              -59.813
35788.121681       0.003              -59.813
35788.121681       0.003              -59.813
35788.121681       0.003              -59.813
35788.121681       0.003              -59.813
35788.121681       0.003              -59.813
35788.121681       0.003              -59.813
35788.121681       0.003              -59.813
35788.121681       0.003              -59.813
35788.121681       0.003              -59.813
35788.121681       0.003              -59.813
35788.121681       0.003              -59.813
35788.121681       0.003              -59.813
35788.121681       0.003              -59.813
35788.121681       0.003              -59.813
35788.121681       0.003              -59.813
35788.121681       0.003              -59.813
35788.121681       0.003              -59.813
35788.121681       0.003              -59.813
35788.121681       0.003              -59.813
35788.121681       0.003              -59.813
35788.121681       0.003              -59.813
35788.121681       0.003              -59.813
35788.121681       0.003              -59.813
35788.121681       0.003              -59.813
35788.121681       0.003              -59.813
35788.121681       0.004              -59.813
35788.121681       0.004              -59.813
35788.121681       0.004              -59.813
35788.121681       0.004              -59.813
35788.121681       0.004              -59.813
35788.121681       0.004              -59.813
35788.121681       0.004              -59.813
35788.121681       0.004              -59.813
35788.121681       0.004              -59.813
35788.121681       0.004              -59.813
35788.121681       0.004              -59.813
35788.121681       0.004              -59.813
35788.121681       0.004              -59.813
35788.121681       0.004              -59.813
35788.121681       0.004              -59.813
35788.121681       0.004              -59.813
35788.121681       0.004              -59.813
35788.121681       0.004              -59.813
35788.121681       0.004              -59.813
35788.121681       0.004              -59.813
35788.121681       0.004              -59.813
35788.121681       0.004              -59.813
35788.121681       0.004              -59.813
35788.121681       0.004              -59.813
35788.121681       0.004              -59.813
35788.121681       0.004              -59.813
35788.121681       0.004              -59.813
35788.121681       0.004              -59.813
35788.121681       0.004              -59.813
35788.121681       0.004              -59.813
35788.121681       0.004              -59.813
35788.121681       0.004              -59.813
35788.121681       0.004              -59.813
35788.121681       0.004              -59.813
35788.121681       0.004              -59.813
35788.121681       0.004              -59.813
35788.121681       0.004              -59.813
35788.121681       0.004              -59.813
35788.121681       0.004              -59.813
35788.121681       0.004              -59.813
35788.121681       0.004              -59.813
35788.121681       0.004              -59.813
35788.121681       0.004              -59.813
35788.121681       0.004              -59.813
35788.121681       0.004              -59.813
35788.121681       0.004              -59.813
35788.121681       0.004              -59.813
35788.121681       0.004              -59.813
35788.121681       0.004              -59.813
35788.121681       0.004              -59.813
35788.121681       0.004              -59.813
35788.121681       0.004              -59.813
35788.121681       0.004              -59.813
35788.121681       0.004              -59.813
35788.121681       0.004              -59.813
35788.121681       0.004              -59.813
35788.121681       0.004              -59.813
35788.121681       0.004              -59.813
35788.121681       0.004              -59.813
35788.121681       0.004              -59.813
35788.121681       0.004              -59.813
35788.121681       0.004              -59.813
35788.121681       0.004              -59.813
35788.121681       0.004              -59.813
35788.121681       0.004              -59.813
35788.121681       0.004              -59.813
35788.121681       0.004              -59.813
35788.121681       0.005              -59.813
35788.121681       0.005              -59.813
35788.121681       0.005              -59.813
35788.121681       0.005              -59.813
35788.121681       0.005              -59.813
35788.121681       0.005              -59.813
35788.121681       0.005              -59.813
35788.121681       0.005              -59.813
35788.121681       0.005              -59.813
35788.121681       0.005              -59.813
35788.121681       0.005              -59.813
35788.121681       0.005              -59.813
35788.121681       0.005              -59.813
35788.121681       0.005              -59.813
35788.121681       0.005              -59.813
35788.121681       0.005              -59.813
35788.121681       0.005              -59.813
35788.121681       0.005              -59.813
35788.121681       0.005              -59.813
35788.121681       0.005              -59.813
35788.121681       0.005              -59.813
35788.121681       0.005              -59.813
35788.121681       0.005              -59.813
35788.121681       0.005              -59.813
35788.121681       0.005              -59.813
35788.121681       0.005              -59.813
35788.121681       0.005              -59.813
35788.121681       0.005              -59.813
35788.121681       0.005              -59.813
35788.121681       0.005              -59.813
35788.121681       0.005              -59.813
35788.121681       0.005              -59.813
35788.121681       0.005              -59.813
35788.121681       0.005              -59.813
35788.121681       0.005              -59.813
35788.121681       0.005              -59.813
35788.121681       0.005              -59.813
35788.121681       0.005              -59.813
35788.121681       0.005              -59.813
35788.121681       0.005              -59.813
35788.121681       0.005              -59.813
35788.121681       0.005              -59.813
35788.121681       0.005              -59.813
35788.121681       0.005              -59.813
35788.121681       0.005              -59.813
35788.121681       0.005              -59.813
35788.121681       0.005              -59.813
35788.121681       0.005              -59.813
35788.121681       0.005              -59.813
35788.121681       0.005              -59.813
35788.121681       0.005              -59.813
35788.121681       0.005              -59.813
35788.121681       0.005              -59.813
35788.121681       0.005              -59.813
35788.121681       0.005              -59.813
35788.121681       0.005              -59.813
35788.121681       0.005              -59.813
35788.121681       0.005              -59.813
35788.121681       0.005              -59.813
35788.121681       0.005              -59.813
35788.121681       0.005              -59.813
35788.121681       0.005              -59.813
35788.121681       0.005              -59.813
35788.121681       0.005              -59.813
35788.121681       0.005              -59.813
35788.121681       0.005              -59.813
35788.121681       0.005              -59.813
35788.121681       0.005              -59.813
35788.121681       0.006              -59.813
35788.121681       0.006              -59.813
35788.121681       0.006              -59.813
35788.121681       0.006              -59.813
35788.121681       0.006              -59.813
35788.121681       0.006              -59.813
35788.121681       0.006              -59.813
35788.121681       0.006              -59.813
35788.121681       0.006              -59.813
35788.121681       0.006              -59.813
35788.121681       0.006              -59.813
35788.121681       0.006              -59.813
35788.121681       0.006              -59.813
35788.121681       0.006              -59.813
35788.121681       0.006              -59.813
35788.121681       0.006              -59.813
35788.121681       0.006              -59.813
35788.121681       0.006              -59.813
35788.121681       0.006              -59.813
35788.121681       0.006              -59.813
35788.121681       0.006              -59.813
35788.121681       0.006              -59.813
35788.121681       0.006              -59.813
35788.121681       0.006              -59.813
35788.121681       0.006              -59.813
35788.121681       0.006              -59.813
35788.121681       0.006              -59.813
35788.121681       0.006              -59.813
35788.121681       0.006              -59.813
35788.121681       0.006              -59.813
35788.121681       0.006              -59.813
35788.121681       0.006              -59.813
35788.121681       0.006              -59.813
35788.121681       0.006              -59.813
35788.121681       0.006              -59.813
35788.121681       0.006              -59.813
35788.121681       0.006              -59.813
35788.121681       0.006              -59.813
35788.121681       0.006              -59.813
35788.121681       0.006              -59.813
35788.121681       0.006              -59.813
35788.121681       0.006              -59.813
35788.121681       0.006              -59.813
35788.121681       0.006              -59.813
35788.121681       0.006              -59.813
35788.121681       0.006              -59.813
35788.121681       0.006              -59.813
35788.121681       0.006              -59.813
35788.121681       0.006              -59.813
35788.121681       0.006              -59.813
35788.121681       0.006              -59.813
35788.121681       0.006              -59.813
35788.121681       0.006              -59.813
35788.121681       0.006              -59.813
35788.121681       0.006              -59.813
35788.121681       0.006              -59.813
35788.121681       0.006              -59.813
35788.121681       0.006              -59.813
35788.121681       0.006              -59.813
35788.121681       0.006              -59.813
35788.121681       0.006              -59.813
35788.121681       0.006              -59.813
35788.121681       0.006              -59.813
35788.121681       0.006              -59.813
35788.121681       0.006              -59.813
35788.121681       0.006              -59.813
35788.121681       0.006              -59.813
35788.121681       0.007              -59.813
35788.121681       0.007              -59.813
35788.121681       0.007              -59.813
35788.121681       0.007              -59.813
35788.121681       0.007              -59.813
35788.121681       0.007              -59.813
35788.121681       0.007              -59.813
35788.121681       0.007              -59.813
35788.121681       0.007              -59.813
35788.121681       0.007              -59.813
35788.121681       0.007              -59.813
35788.121681       0.007              -59.813
35788.121681       0.007              -59.813
35788.121681       0.007              -59.813
35788.121681       0.007              -59.813
35788.121681       0.007              -59.813
35788.121681       0.007              -59.813
35788.121681       0.007              -59.813
35788.121681       0.007              -59.813
35788.121681       0.007              -59.813
35788.121681       0.007              -59.813
35788.121681       0.007              -59.813
35788.121681       0.007              -59.813
35788.121681       0.007              -59.813
35788.121681       0.007              -59.813
35788.121681       0.007              -59.813
35788.121681       0.007              -59.813
35788.121681       0.007              -59.813
35788.121681       0.007              -59.813
35788.121681       0.007              -59.813
35788.121681       0.007              -59.813
35788.121681       0.007              -59.813
35788.121681       0.007              -59.813
35788.121681       0.007              -59.813
35788.121681       0.007              -59.813
35788.121681       0.007              -59.813
35788.121681       0.007              -59.813
35788.121681       0.007              -59.813
35788.121681       0.007              -59.813
35788.121681       0.007              -59.813
35788.121681       0.007              -59.813
35788.121681       0.007              -59.813
35788.121681       0.007              -59.813
35788.121681       0.007              -59.813
35788.121681       0.007              -59.813
35788.121681       0.007              -59.813
35788.121681       0.007              -59.813
35788.121681       0.007              -59.813
35788.121681       0.007              -59.813
35788.121681       0.007              -59.813
35788.121681       0.007              -59.813
35788.121681       0.007              -59.813
35788.121681       0.007              -59.813
35788.121681       0.007              -59.813
35788.121681       0.007              -59.813
35788.121681       0.007              -59.813
35788.121681       0.007              -59.813
35788.121681       0.007              -59.813
35788.121681       0.007              -59.813
35788.121681       0.007              -59.813
35788.121681       0.007              -59.813
35788.121681       0.007              -59.813
35788.121681       0.007              -59.813
35788.121681       0.007              -59.813
35788.121681       0.007              -59.813
35788.121681       0.007              -59.813
35788.121681       0.007              -59.813
35788.121681       0.007              -59.813
35788.121681       0.008              -59.813
35788.121681       0.008              -59.813
35788.121681       0.008              -59.813
35788.121681       0.008              -59.813
35788.121681       0.008              -59.813
35788.121681       0.008              -59.813
35788.121681       0.008              -59.813
35788.121681       0.008              -59.813
35788.121681       0.008              -59.813
35788.121681       0.008              -59.813
35788.121681       0.008              -59.813
35788.121681       0.008              -59.813
35788.121681       0.008              -59.813
35788.121681       0.008              -59.813
35788.121681       0.008              -59.813
35788.121681       0.008              -59.813
35788.121681       0.008              -59.813
35788.121681       0.008              -59.813
35788.121681       0.008              -59.813
35788.121681       0.008              -59.813
35788.121681       0.008              -59.813
35788.121681       0.008              -59.813
35788.121681       0.008              -59.813
35788.121681       0.008              -59.813
35788.121681       0.008              -59.813
35788.121681       0.008              -59.813
35788.121681       0.008              -59.813
35788.121681       0.008              -59.813
35788.121681       0.008              -59.813
35788.121681       0.008              -59.813
35788.121681       0.008              -59.813
35788.121681       0.008              -59.813
35788.121681       0.008              -59.813
35788.121681       0.008              -59.813
35788.121681       0.008              -59.813
35788.121681       0.008              -59.813
35788.121681       0.008              -59.813
35788.121681       0.008              -59.813
35788.121681       0.008              -59.813
35788.121681       0.008              -59.813
35788.121681       0.008              -59.813
35788.121681       0.008              -59.813
35788.121681       0.008              -59.813
35788.121681       0.008              -59.813
35788.121681       0.008              -59.813
35788.121681       0.008              -59.813
35788.121681       0.008              -59.813
35788.121681       0.008              -59.813
35788.121681       0.008              -59.813
35788.121681       0.008              -59.813
35788.121681       0.008              -59.813
35788.121681       0.008              -59.813
35788.121681       0.008              -59.813
35788.121681       0.008              -59.813
35788.121681       0.008              -59.813
35788.121681       0.008              -59.813
35788.121681       0.008              -59.813
35788.121681       0.008              -59.813
35788.121681       0.008              -59.813
35788.121681       0.008              -59.813
35788.121681       0.008              -59.813
35788.121681       0.008              -59.813
35788.121681       0.008              -59.813
35788.121681       0.008              -59.813
35788.121681       0.008              -59.813
35788.121681       0.008              -59.813
35788.121681       0.008              -59.813
35788.121681       0.009              -59.813
35788.121681       0.009              -59.813
35788.121681       0.009              -59.813
35788.121681       0.009              -59.813
35788.121681       0.009              -59.813
35788.121681       0.009              -59.813
35788.121681       0.009              -59.813
35788.121681       0.009              -59.813
35788.121681       0.009              -59.813
35788.121681       0.009              -59.813
35788.121681       0.009              -59.813
35788.121681       0.009              -59.813
35788.121681       0.009              -59.813
35788.121681       0.009              -59.813
35788.121681       0.009              -59.813
35788.121681       0.009              -59.813
35788.121681       0.009              -59.813
35788.121681       0.009              -59.813
35788.121681       0.009              -59.813
35788.121681       0.009              -59.813
35788.121681       0.009              -59.813
35788.121681       0.009              -59.813
35788.121681       0.009              -59.813
35788.121681       0.009              -59.813
35788.121681       0.009              -59.813
35788.121681       0.009              -59.813
35788.121681       0.009              -59.813
35788.121681       0.009              -59.813
35788.121681       0.009              -59.813
35788.121681       0.009              -59.813
35788.121681       0.009              -59.813
35788.121681       0.009              -59.813
35788.121681       0.009              -59.813
35788.121681       0.009              -59.813
35788.121681       0.009              -59.813
35788.121681       0.009              -59.813
35788.121681       0.009              -59.813
35788.121681       0.009              -59.813
35788.121681       0.009              -59.813
35788.121681       0.009              -59.813
35788.121681       0.009              -59.813
35788.121681       0.009              -59.813
35788.121681       0.009              -59.813
35788.121681       0.009              -59.813
35788.121681       0.009              -59.813
35788.121681       0.009              -59.813
35788.121681       0.009              -59.813
35788.121681       0.009              -59.813
35788.121681       0.009              -59.813
35788.121681       0.009              -59.813
35788.121681       0.009              -59.813
35788.121681       0.009              -59.813
35788.121681       0.009              -59.813
35788.121681       0.009              -59.813
35788.121681       0.009              -59.813
35788.121681       0.009              -59.813
35788.121681       0.009              -59.813
35788.121681       0.009              -59.813
35788.121681       0.009              -59.813
35788.121681       0.009              -59.813
35788.121681       0.009              -59.813
35788.121681       0.009              -59.813
35788.121681       0.009              -59.813
35788.121681       0.009              -59.813
35788.121681       0.009              -59.813
35788.121681       0.009              -59.813
35788.121681       0.009              -59.813
35788.121681       0.009              -59.813
35788.121681       0.010              -59.813
35788.121681       0.010              -59.813
35788.121681       0.010              -59.813
35788.121681       0.010              -59.813
35788.121681       0.010              -59.813
35788.121681       0.010              -59.813
35788.121681       0.010              -59.813
35788.121681       0.010              -59.813
35788.121681       0.010              -59.813
35788.121681       0.010              -59.813
35788.121681       0.010              -59.813
35788.121681       0.010              -59.813
35788.121681       0.010              -59.813
35788.121681       0.010              -59.813
35788.121681       0.010              -59.813
35788.121681       0.010              -59.813
35788.121681       0.010              -59.813
35788.121681       0.010              -59.813
35788.121681       0.010              -59.813
35788.121681       0.010              -59.813
35788.121681       0.010              -59.813
35788.121681       0.010              -59.813
35788.121681       0.010              -59.813
35788.121681       0.010              -59.813
35788.121681       0.010              -59.813
35788.121681       0.010              -59.813
35788.121681       0.010              -59.813
35788.121681       0.010              -59.813
35788.121681       0.010              -59.813
35788.121681       0.010              -59.813
35788.121681       0.010              -59.813
35788.121681       0.010              -59.813
35788.121681       0.010              -59.813
35788.121681       0.010              -59.813
35788.121681       0.010              -59.813
35788.121681       0.010              -59.813
35788.121681       0.010              -59.813
35788.121681       0.010              -59.813
35788.121681       0.010              -59.813
35788.121681       0.010              -59.813
35788.121681       0.010              -59.813
35788.121681       0.010              -59.813
35788.121681       0.010              -59.813
35788.121681       0.010              -59.813
35788.121681       0.010              -59.813
35788.121681       0.010              -59.813
35788.121681       0.010              -59.813
35788.121681       0.010              -59.813
35788.121681       0.010              -59.813
35788.121681       0.010              -59.813
35788.121681       0.010              -59.813
35788.121681       0.010              -59.813
35788.121681       0.010              -59.813
35788.121681       0.010              -59.813
35788.121681       0.010              -59.813
35788.121681       0.010              -59.813
35788.121681       0.010              -59.813
35788.121681       0.010              -59.813
35788.121681       0.010              -59.813
35788.121681       0.010              -59.813
35788.121681       0.010              -59.813
35788.121681       0.010              -59.813
35788.121681       0.010              -59.813
35788.121681       0.010              -59.813
35788.121681       0.010              -59.813
35788.121681       0.010              -59.813
35788.121681       0.010              -59.813
35788.121681       0.011              -59.813
35788.121681       0.011              -59.813
35788.121681       0.011              -59.813
35788.121681       0.011              -59.813
35788.121681       0.011              -59.813
35788.121681       0.011              -59.813
35788.121681       0.011              -59.813
35788.121681       0.011              -59.813
35788.121681       0.011              -59.813
35788.121681       0.011              -59.813
35788.121681       0.011              -59.813
35788.121681       0.011              -59.813
35788.121681       0.011              -59.813
35788.121681       0.011              -59.813
35788.121681       0.011              -59.813
35788.121681       0.011              -59.813
35788.121681       0.011              -59.813
35788.121681       0.011              -59.813
35788.121681       0.011              -59.813
35788.121681       0.011              -59.813
35788.121681       0.011              -59.813
35788.121681       0.011              -59.813
35788.121681       0.011              -59.813
35788.121681       0.011              -59.813
35788.121681       0.011              -59.813
35788.121681       0.011              -59.813
35788.121681       0.011              -59.813
35788.121681       0.011              -59.813
35788.121681       0.011              -59.813
35788.121681       0.011              -59.813
35788.121681       0.011              -59.813
35788.121681       0.011              -59.813
35788.121681       0.011              -59.813
35788.121681       0.011              -59.813
35788.121681       0.011              -59.813
35788.121681       0.011              -59.813
35788.121681       0.011              -59.813
35788.121681       0.011              -59.813
35788.121681       0.011              -59.813
35788.121681       0.011              -59.813
35788.121681       0.011              -59.813
35788.121681       0.011              -59.813
35788.121681       0.011              -59.813
35788.121681       0.011              -59.813
35788.121681       0.011              -59.813
35788.121681       0.011              -59.813
35788.121681       0.011              -59.813
35788.121681       0.011              -59.813
35788.121681       0.011              -59.813
35788.121681       0.011              -59.813
35788.121681       0.011              -59.813
35788.121681       0.011              -59.813
35788.121681       0.011              -59.813
35788.121681       0.011              -59.813
35788.121681       0.011              -59.813
35788.121681       0.011              -59.813
35788.121681       0.011              -59.813
35788.121681       0.011              -59.813
35788.121681       0.011              -59.813
35788.121681       0.011              -59.813
35788.121681       0.011              -59.813
35788.121681       0.011              -59.813
35788.121681       0.011              -59.813
35788.121681       0.011              -59.813
35788.121681       0.011              -59.813
35788.121681       0.011              -59.813
35788.121681       0.011              -59.813
35788.121681       0.012              -59.813
35788.121681       0.012              -59.813
35788.121681       0.012              -59.813
35788.121681       0.012              -59.813
35788.121681       0.012              -59.813
35788.121681       0.012              -59.813
35788.121681       0.012              -59.813
35788.121681       0.012              -59.813
35788.121681       0.012              -59.813
35788.121681       0.012              -59.813
35788.121681       0.012              -59.813
35788.121681       0.012              -59.813
35788.121681       0.012              -59.813
35788.121681       0.012              -59.813
35788.121682       0.012              -59.813
35788.121682       0.012              -59.813
35788.121682       0.012              -59.813
35788.121682       0.012              -59.813
35788.121682       0.012              -59.813
35788.121682       0.012              -59.813
35788.121682       0.012              -59.813
35788.121682       0.012              -59.813
35788.121682       0.012              -59.813
35788.121682       0.012              -59.813
35788.121682       0.012              -59.813
35788.121682       0.012              -59.813
35788.121682       0.012              -59.813
35788.121682       0.012              -59.813
35788.121682       0.012              -59.813
35788.121682       0.012              -59.813
35788.121682       0.012              -59.813
35788.121682       0.012              -59.813
35788.121682       0.012              -59.813
35788.121682       0.012              -59.813
35788.121682       0.012              -59.813
35788.121682       0.012              -59.813
35788.121682       0.012              -59.813
35788.121682       0.012              -59.813
35788.121682       0.012              -59.813
35788.121682       0.012              -59.813
35788.121682       0.012              -59.813
35788.121682       0.012              -59.813
35788.121682       0.012              -59.813
35788.121682       0.012              -59.813
35788.121682       0.012              -59.813
35788.121682       0.012              -59.813
35788.121682       0.012              -59.813
35788.121682       0.012              -59.813
35788.121682       0.012              -59.813
35788.121682       0.012              -59.813
35788.121682       0.012              -59.813
35788.121682       0.012              -59.813
35788.121682       0.012              -59.813
35788.121682       0.012              -59.813
35788.121682       0.012              -59.813
35788.121682       0.012              -59.813
35788.121682       0.012              -59.813
35788.121682       0.012              -59.813
35788.121682       0.012              -59.813
35788.121682       0.012              -59.813
35788.121682       0.012              -59.813
35788.121682       0.012              -59.813
35788.121682       0.012              -59.813
35788.121682       0.012              -59.813
35788.121682       0.012              -59.813
35788.121682       0.012              -59.813
35788.121682       0.012              -59.813
35788.121682       0.012              -59.813
35788.121682       0.013              -59.813
35788.121682       0.013              -59.813
35788.121682       0.013              -59.813
35788.121682       0.013              -59.813
35788.121682       0.013              -59.813
35788.121682       0.013              -59.813
35788.121682       0.013              -59.813
35788.121682       0.013              -59.813
35788.121682       0.013              -59.813
35788.121682       0.013              -59.813
35788.121682       0.013              -59.813
35788.121682       0.013              -59.813
35788.121682       0.013              -59.813
35788.121682       0.013              -59.813
35788.121682       0.013              -59.813
35788.121682       0.013              -59.813
35788.121682       0.013              -59.813
35788.121682       0.013              -59.813
35788.121682       0.013              -59.813
35788.121682       0.013              -59.813
35788.121682       0.013              -59.813
35788.121682       0.013              -59.813
35788.121682       0.013              -59.813
35788.121682       0.013              -59.813
35788.121682       0.013              -59.813
35788.121682       0.013              -59.813
35788.121682       0.013              -59.813
35788.121682       0.013              -59.813
35788.121682       0.013              -59.813
35788.121682       0.013              -59.813
35788.121682       0.013              -59.813
35788.121682       0.013              -59.813
35788.121682       0.013              -59.813
35788.121682       0.013              -59.813
35788.121682       0.013              -59.813
35788.121682       0.013              -59.813
35788.121682       0.013              -59.813
35788.121682       0.013              -59.813
35788.121682       0.013              -59.813
35788.121682       0.013              -59.813
35788.121682       0.013              -59.813
35788.121682       0.013              -59.813
35788.121682       0.013              -59.813
35788.121682       0.013              -59.813
35788.121682       0.013              -59.813
35788.121682       0.013              -59.813
35788.121682       0.013              -59.813
35788.121682       0.013              -59.813
35788.121682       0.013              -59.813
35788.121682       0.013              -59.813
35788.121682       0.013              -59.813
35788.121682       0.013              -59.813
35788.121682       0.013              -59.813
35788.121682       0.013              -59.813
35788.121682       0.013              -59.813
35788.121682       0.013              -59.813
35788.121682       0.013              -59.813
35788.121682       0.013              -59.813
35788.121682       0.013              -59.813
35788.121682       0.013              -59.813
35788.121682       0.013              -59.813
35788.121682       0.013              -59.813
35788.121682       0.013              -59.813
35788.121682       0.013              -59.813
35788.121682       0.013              -59.813
35788.121682       0.013              -59.813
35788.121682       0.013              -59.813
35788.121682       0.013              -59.813
35788.121682       0.014              -59.813
35788.121682       0.014              -59.813
35788.121682       0.014              -59.813
35788.121682       0.014              -59.813
35788.121682       0.014              -59.813
35788.121682       0.014              -59.813
35788.121682       0.014              -59.813
35788.121682       0.014              -59.813
35788.121682       0.014              -59.813
35788.121682       0.014              -59.813
35788.121682       0.014              -59.813
35788.121682       0.014              -59.813
35788.121682       0.014              -59.813
35788.121682       0.014              -59.813
35788.121682       0.014              -59.813
35788.121682       0.014              -59.813
35788.121682       0.014              -59.813
35788.121682       0.014              -59.813
35788.121682       0.014              -59.813
35788.121682       0.014              -59.813
35788.121682       0.014              -59.813
35788.121682       0.014              -59.813
35788.121682       0.014              -59.813
35788.121682       0.014              -59.813
35788.121682       0.014              -59.813
35788.121682       0.014              -59.813
35788.121682       0.014              -59.813
35788.121682       0.014              -59.813
35788.121682       0.014              -59.813
35788.121682       0.014              -59.813
35788.121682       0.014              -59.813
35788.121682       0.014              -59.813
35788.121682       0.014              -59.813
35788.121682       0.014              -59.813
35788.121682       0.014              -59.813
35788.121682       0.014              -59.813
35788.121682       0.014              -59.813
35788.121682       0.014              -59.813
35788.121682       0.014              -59.813
35788.121682       0.014              -59.813
35788.121682       0.014              -59.813
35788.121682       0.014              -59.813
35788.121682       0.014              -59.813
35788.121682       0.014              -59.813
35788.121682       0.014              -59.813
35788.121682       0.014              -59.813
35788.121682       0.014              -59.813
35788.121682       0.014              -59.813
35788.121682       0.014              -59.813
35788.121682       0.014              -59.813
35788.121682       0.014              -59.813
35788.121682       0.014              -59.813
35788.121682       0.014              -59.813
35788.121682       0.014              -59.813
35788.121682       0.014              -59.813
35788.121682       0.014              -59.813
35788.121682       0.014              -59.813
35788.121682       0.014              -59.813
35788.121682       0.014              -59.813
35788.121682       0.014              -59.813
35788.121682       0.014              -59.813
35788.121682       0.014              -59.813
35788.121682       0.014              -59.813
35788.121682       0.014              -59.813
35788.121682       0.014              -59.813
35788.121682       0.014              -59.813
35788.121682       0.014              -59.813
35788.121682       0.015              -59.813
35788.121682       0.015              -59.813
35788.121682       0.015              -59.813
35788.121682       0.015              -59.813
35788.121682       0.015              -59.813
35788.121682       0.015              -59.813
35788.121682       0.015              -59.813
35788.121682       0.015              -59.813
35788.121682       0.015              -59.813
35788.121682       0.015              -59.813
35788.121682       0.015              -59.813
35788.121682       0.015              -59.813
35788.121682       0.015              -59.813
35788.121682       0.015              -59.813
35788.121682       0.015              -59.813
35788.121682       0.015              -59.813
35788.121682       0.015              -59.813
35788.121682       0.015              -59.813
35788.121682       0.015              -59.813
35788.121682       0.015              -59.813
35788.121682       0.015              -59.813
35788.121682       0.015              -59.813
35788.121682       0.015              -59.813
35788.121682       0.015              -59.813
35788.121682       0.015              -59.813
35788.121682       0.015              -59.813
35788.121682       0.015              -59.813
35788.121682       0.015              -59.813
35788.121682       0.015              -59.813
35788.121682       0.015              -59.813
35788.121682       0.015              -59.813
35788.121682       0.015              -59.813
35788.121682       0.015              -59.813
35788.121682       0.015              -59.813
35788.121682       0.015              -59.813
35788.121682       0.015              -59.813
35788.121682       0.015              -59.813
35788.121682       0.015              -59.813
35788.121682       0.015              -59.813
35788.121682       0.015              -59.813
35788.121682       0.015              -59.813
35788.121682       0.015              -59.813
35788.121682       0.015              -59.813
35788.121682       0.015              -59.813
35788.121682       0.015              -59.813
35788.121682       0.015              -59.813
35788.121682       0.015              -59.813
35788.121682       0.015              -59.813
35788.121682       0.015              -59.813
35788.121682       0.015              -59.813
35788.121682       0.015              -59.813
35788.121682       0.015              -59.813
35788.121682       0.015              -59.813
35788.121682       0.015              -59.813
35788.121682       0.015              -59.813
35788.121682       0.015              -59.813
35788.121682       0.015              -59.813
35788.121682       0.015              -59.813
35788.121682       0.015              -59.813
35788.121682       0.015              -59.813
35788.121682       0.015              -59.813
35788.121682       0.015              -59.813
35788.121682       0.015              -59.813
35788.121682       0.015              -59.813
35788.121682       0.015              -59.813
35788.121682       0.015              -59.813
35788.121682       0.015              -59.813
35788.121682       0.015              -59.813
35788.121682       0.016              -59.813
35788.121682       0.016              -59.813
35788.121682       0.016              -59.813
35788.121682       0.016              -59.813
35788.121682       0.016              -59.813
35788.121682       0.016              -59.813
35788.121682       0.016              -59.813
35788.121682       0.016              -59.813
35788.121682       0.016              -59.813
35788.121682       0.016              -59.813
35788.121682       0.016              -59.813
35788.121682       0.016              -59.813
35788.121682       0.016              -59.813
35788.121682       0.016              -59.813
35788.121682       0.016              -59.813
35788.121682       0.016              -59.813
35788.121682       0.016              -59.813
35788.121682       0.016              -59.813
35788.121682       0.016              -59.813
35788.121682       0.016              -59.813
35788.121682       0.016              -59.813
35788.121682       0.016              -59.813
35788.121682       0.016              -59.813
35788.121682       0.016              -59.813
35788.121682       0.016              -59.813
35788.121682       0.016              -59.813
35788.121682       0.016              -59.813
35788.121682       0.016              -59.813
35788.121682       0.016              -59.813
35788.121682       0.016              -59.813
35788.121682       0.016              -59.813
35788.121682       0.016              -59.813
35788.121682       0.016              -59.813
35788.121682       0.016              -59.813
35788.121682       0.016              -59.813
35788.121682       0.016              -59.813
35788.121682       0.016              -59.813
35788.121682       0.016              -59.813
35788.121682       0.016              -59.813
35788.121682       0.016              -59.813
35788.121682       0.016              -59.813
35788.121682       0.016              -59.813
35788.121682       0.016              -59.813
35788.121682       0.016              -59.813
35788.121682       0.016              -59.813
35788.121682       0.016              -59.813
35788.121682       0.016              -59.813
35788.121682       0.016              -59.813
35788.121682       0.016              -59.813
35788.121682       0.016              -59.813
35788.121682       0.016              -59.813
35788.121682       0.016              -59.813
35788.121682       0.016              -59.813
35788.121682       0.016              -59.813
35788.121682       0.016              -59.813
35788.121682       0.016              -59.813
35788.121682       0.016              -59.813
35788.121682       0.016              -59.813
35788.121682       0.016              -59.813
35788.121682       0.016              -59.813
35788.121682       0.016              -59.813
35788.121682       0.016              -59.813
35788.121682       0.016              -59.813
35788.121682       0.016              -59.813
35788.121682       0.016              -59.813
35788.121682       0.016              -59.813
35788.121682       0.016              -59.813
35788.121682       0.017              -59.813
35788.121682       0.017              -59.813
35788.121682       0.017              -59.813
35788.121682       0.017              -59.813
35788.121682       0.017              -59.813
35788.121682       0.017              -59.813
35788.121682       0.017              -59.813
35788.121682       0.017              -59.813
35788.121682       0.017              -59.813
35788.121682       0.017              -59.813
35788.121682       0.017              -59.813
35788.121682       0.017              -59.813
35788.121682       0.017              -59.813
35788.121682       0.017              -59.813
35788.121682       0.017              -59.813
35788.121682       0.017              -59.813
35788.121682       0.017              -59.813
35788.121682       0.017              -59.813
35788.121682       0.017              -59.813
35788.121682       0.017              -59.813
35788.121682       0.017              -59.813
35788.121682       0.017              -59.813
35788.121682       0.017              -59.813
35788.121682       0.017              -59.813
35788.121682       0.017              -59.813
35788.121682       0.017              -59.813
35788.121682       0.017              -59.813
35788.121682       0.017              -59.813
35788.121682       0.017              -59.813
35788.121682       0.017              -59.813
35788.121682       0.017              -59.813
35788.121682       0.017              -59.813
35788.121682       0.017              -59.813
35788.121682       0.017              -59.813
35788.121682       0.017              -59.813
35788.121682       0.017              -59.813
35788.121682       0.017              -59.813
35788.121683       0.017              -59.813
35788.121683       0.017              -59.813
35788.121683       0.017              -59.813
35788.121683       0.017              -59.813
35788.121683       0.017              -59.813
35788.121683       0.017              -59.813
35788.121683       0.017              -59.813
35788.121683       0.017              -59.813
35788.121683       0.017              -59.813
35788.121683       0.017              -59.813
35788.121683       0.017              -59.813
35788.121683       0.017              -59.813
35788.121683       0.017              -59.813
35788.121683       0.017              -59.813
35788.121683       0.017              -59.813
35788.121683       0.017              -59.813
35788.121683       0.017              -59.813
35788.121683       0.017              -59.813
35788.121683       0.017              -59.813
35788.121683       0.017              -59.813
35788.121683       0.017              -59.813
35788.121683       0.017              -59.813
35788.121683       0.017              -59.813
35788.121683       0.017              -59.813
35788.121683       0.017              -59.813
35788.121683       0.017              -59.813
35788.121683       0.017              -59.813
35788.121683       0.017              -59.813
35788.121683       0.017              -59.813
35788.121683       0.017              -59.813
35788.121683       0.017              -59.813
35788.121683       0.018              -59.813
35788.121683       0.018              -59.813
35788.121683       0.018              -59.813
35788.121683       0.018              -59.813
35788.121683       0.018              -59.813
35788.121683       0.018              -59.813
35788.121683       0.018              -59.813
35788.121683       0.018              -59.813
35788.121683       0.018              -59.813
35788.121683       0.018              -59.813
35788.121683       0.018              -59.813
35788.121683       0.018              -59.813
35788.121683       0.018              -59.813
35788.121683       0.018              -59.813
35788.121683       0.018              -59.813
35788.121683       0.018              -59.813
35788.121683       0.018              -59.813
35788.121683       0.018              -59.813
35788.121683       0.018              -59.813
35788.121683       0.018              -59.813
35788.121683       0.018              -59.813
35788.121683       0.018              -59.813
35788.121683       0.018              -59.813
35788.121683       0.018              -59.813
35788.121683       0.018              -59.813
35788.121683       0.018              -59.813
35788.121683       0.018              -59.813
35788.121683       0.018              -59.813
35788.121683       0.018              -59.813
35788.121683       0.018              -59.813
35788.121683       0.018              -59.813
35788.121683       0.018              -59.813
35788.121683       0.018              -59.813
35788.121683       0.018              -59.813
35788.121683       0.018              -59.813
35788.121683       0.018              -59.813
35788.121683       0.018              -59.813
35788.121683       0.018              -59.813
35788.121683       0.018              -59.813
35788.121683       0.018              -59.813
35788.121683       0.018              -59.813
35788.121683       0.018              -59.813
35788.121683       0.018              -59.813
35788.121683       0.018              -59.813
35788.121683       0.018              -59.813
35788.121683       0.018              -59.813
35788.121683       0.018              -59.813
35788.121683       0.018              -59.813
35788.121683       0.018              -59.813
35788.121683       0.018              -59.813
35788.121683       0.018              -59.813
35788.121683       0.018              -59.813
35788.121683       0.018              -59.813
35788.121683       0.018              -59.813
35788.121683       0.018              -59.813
35788.121683       0.018              -59.813
35788.121683       0.018              -59.813
35788.121683       0.018              -59.813
35788.121683       0.018              -59.813
35788.121683       0.018              -59.813
35788.121683       0.018              -59.813
35788.121683       0.018              -59.813
35788.121683       0.018              -59.813
35788.121683       0.018              -59.813
35788.121683       0.018              -59.813
35788.121683       0.018              -59.813
35788.121683       0.018              -59.813
35788.121683       0.018              -59.813
35788.121683       0.019              -59.813
35788.121683       0.019              -59.813
35788.121683       0.019              -59.813
35788.121683       0.019              -59.813
35788.121683       0.019              -59.813
35788.121683       0.019              -59.813
35788.121683       0.019              -59.813
35788.121683       0.019              -59.813
35788.121683       0.019              -59.813
35788.121683       0.019              -59.813
35788.121683       0.019              -59.813
35788.121683       0.019              -59.813
35788.121683       0.019              -59.813
35788.121683       0.019              -59.813
35788.121683       0.019              -59.813
35788.121683       0.019              -59.813
35788.121683       0.019              -59.813
35788.121683       0.019              -59.813
35788.121683       0.019              -59.813
35788.121683       0.019              -59.813
35788.121683       0.019              -59.813
35788.121683       0.019              -59.813
35788.121683       0.019              -59.813
35788.121683       0.019              -59.813
35788.121683       0.019              -59.813
35788.121683       0.019              -59.813
35788.121683       0.019              -59.813
35788.121683       0.019              -59.813
35788.121683       0.019              -59.813
35788.121683       0.019              -59.813
35788.121683       0.019              -59.813
35788.121683       0.019              -59.813
35788.121683       0.019              -59.813
35788.121683       0.019              -59.813
35788.121683       0.019              -59.813
35788.121683       0.019              -59.813
35788.121683       0.019              -59.813
35788.121683       0.019              -59.813
35788.121683       0.019              -59.813
35788.121683       0.019              -59.813
35788.121683       0.019              -59.813
35788.121683       0.019              -59.813
35788.121683       0.019              -59.813
35788.121683       0.019              -59.813
35788.121683       0.019              -59.813
35788.121683       0.019              -59.813
35788.121683       0.019              -59.813
35788.121683       0.019              -59.813
35788.121683       0.019              -59.813
35788.121683       0.019              -59.813
35788.121683       0.019              -59.813
35788.121683       0.019              -59.813
35788.121683       0.019              -59.813
35788.121683       0.019              -59.813
35788.121683       0.019              -59.813
35788.121683       0.019              -59.813
35788.121683       0.019              -59.813
35788.121683       0.019              -59.813
35788.121683       0.019              -59.813
35788.121683       0.019              -59.813
35788.121683       0.019              -59.813
35788.121683       0.019              -59.813
35788.121683       0.019              -59.813
35788.121683       0.019              -59.813
35788.121683       0.019              -59.813
35788.121683       0.019              -59.813
35788.121683       0.019              -59.813
35788.121683       0.020              -59.813
35788.121683       0.020              -59.813
35788.121683       0.020              -59.813
35788.121683       0.020              -59.813
35788.121683       0.020              -59.813
35788.121683       0.020              -59.813
35788.121683       0.020              -59.813
35788.121683       0.020              -59.813
35788.121683       0.020              -59.813
35788.121683       0.020              -59.813
35788.121683       0.020              -59.813
35788.121683       0.020              -59.813
35788.121683       0.020              -59.813
35788.121683       0.020              -59.813
35788.121683       0.020              -59.813
35788.121683       0.020              -59.813
35788.121683       0.020              -59.813
35788.121683       0.020              -59.813
35788.121683       0.020              -59.813
35788.121683       0.020              -59.813
35788.121683       0.020              -59.813
35788.121683       0.020              -59.813
35788.121683       0.020              -59.813
35788.121683       0.020              -59.813
35788.121683       0.020              -59.813
35788.121683       0.020              -59.813
35788.121683       0.020              -59.813
35788.121683       0.020              -59.813
35788.121683       0.020              -59.813
35788.121683       0.020              -59.813
35788.121683       0.020              -59.813
35788.121683       0.020              -59.813
35788.121683       0.020              -59.813
35788.121683       0.020              -59.813
35788.121683       0.020              -59.813
35788.121683       0.020              -59.813
35788.121683       0.020              -59.813
35788.121683       0.020              -59.813
35788.121683       0.020              -59.813
35788.121683       0.020              -59.813
35788.121683       0.020              -59.813
35788.121683       0.020              -59.813
35788.121683       0.020              -59.813
35788.121683       0.020              -59.813
35788.121683       0.020              -59.813
35788.121683       0.020              -59.813
35788.121683       0.020              -59.813
35788.121683       0.020              -59.813
35788.121683       0.020              -59.813
35788.121683       0.020              -59.813
35788.121683       0.020              -59.813
35788.121683       0.020              -59.813
35788.121683       0.020              -59.813
35788.121683       0.020              -59.813
35788.121683       0.020              -59.813
35788.121683       0.020              -59.813
35788.121683       0.020              -59.813
35788.121683       0.020              -59.813
35788.121683       0.020              -59.813
35788.121683       0.020              -59.813
35788.121683       0.020              -59.813
35788.121683       0.020              -59.813
35788.121683       0.020              -59.813
35788.121683       0.020              -59.813
35788.121683       0.020              -59.813
35788.121683       0.020              -59.813
35788.121683       0.020              -59.813
35788.121683       0.020              -59.813
35788.121683       0.021              -59.813
35788.121683       0.021              -59.813
35788.121683       0.021              -59.813
35788.121683       0.021              -59.813
35788.121683       0.021              -59.813
35788.121683       0.021              -59.813
35788.121683       0.021              -59.813
35788.121683       0.021              -59.813
35788.121683       0.021              -59.813
35788.121683       0.021              -59.813
35788.121683       0.021              -59.813
35788.121683       0.021              -59.813
35788.121683       0.021              -59.813
35788.121683       0.021              -59.813
35788.121683       0.021              -59.813
35788.121683       0.021              -59.813
35788.121683       0.021              -59.813
35788.121683       0.021              -59.813
35788.121683       0.021              -59.813
35788.121683       0.021              -59.813
35788.121683       0.021              -59.813
35788.121683       0.021              -59.813
35788.121683       0.021              -59.813
35788.121683       0.021              -59.813
35788.121683       0.021              -59.813
35788.121683       0.021              -59.813
35788.121683       0.021              -59.813
35788.121683       0.021              -59.813
35788.121683       0.021              -59.813
35788.121683       0.021              -59.813
35788.121683       0.021              -59.813
35788.121683       0.021              -59.813
35788.121683       0.021              -59.813
35788.121683       0.021              -59.813
35788.121683       0.021              -59.813
35788.121683       0.021              -59.813
35788.121683       0.021              -59.813
35788.121683       0.021              -59.813
35788.121683       0.021              -59.813
35788.121683       0.021              -59.813
35788.121684       0.021              -59.813
35788.121684       0.021              -59.813
35788.121684       0.021              -59.813
35788.121684       0.021              -59.813
35788.121684       0.021              -59.813
35788.121684       0.021              -59.813
35788.121684       0.021              -59.813
35788.121684       0.021              -59.813
35788.121684       0.021              -59.813
35788.121684       0.021              -59.813
35788.121684       0.021              -59.813
35788.121684       0.021              -59.813
35788.121684       0.021              -59.813
35788.121684       0.021              -59.813
35788.121684       0.021              -59.813
35788.121684       0.021              -59.813
35788.121684       0.021              -59.813
35788.121684       0.021              -59.813
35788.121684       0.021              -59.813
35788.121684       0.021              -59.813
35788.121684       0.021              -59.813
35788.121684       0.021              -59.813
35788.121684       0.021              -59.813
35788.121684       0.021              -59.813
35788.121684       0.021              -59.813
35788.121684       0.021              -59.813
35788.121684       0.021              -59.813
35788.121684       0.021              -59.813
35788.121684       0.022              -59.813
35788.121684       0.022              -59.813
35788.121684       0.022              -59.813
35788.121684       0.022              -59.813
35788.121684       0.022              -59.813
35788.121684       0.022              -59.813
35788.121684       0.022              -59.813
35788.121684       0.022              -59.813
35788.121684       0.022              -59.813
35788.121684       0.022              -59.813
35788.121684       0.022              -59.813
35788.121684       0.022              -59.813
35788.121684       0.022              -59.813
35788.121684       0.022              -59.813
35788.121684       0.022              -59.813
35788.121684       0.022              -59.813
35788.121684       0.022              -59.813
35788.121684       0.022              -59.813
35788.121684       0.022              -59.813
35788.121684       0.022              -59.813
35788.121684       0.022              -59.813
35788.121684       0.022              -59.813
35788.121684       0.022              -59.813
35788.121684       0.022              -59.813
35788.121684       0.022              -59.813
35788.121684       0.022              -59.813
35788.121684       0.022              -59.813
35788.121684       0.022              -59.813
35788.121684       0.022              -59.813
35788.121684       0.022              -59.813
35788.121684       0.022              -59.813
35788.121684       0.022              -59.813
35788.121684       0.022              -59.813
35788.121684       0.022              -59.813
35788.121684       0.022              -59.813
35788.121684       0.022              -59.813
35788.121684       0.022              -59.813
35788.121684       0.022              -59.813
35788.121684       0.022              -59.813
35788.121684       0.022              -59.813
35788.121684       0.022              -59.813
35788.121684       0.022              -59.813
35788.121684       0.022              -59.813
35788.121684       0.022              -59.813
35788.121684       0.022              -59.813
35788.121684       0.022              -59.813
35788.121684       0.022              -59.813
35788.121684       0.022              -59.813
35788.121684       0.022              -59.813
35788.121684       0.022              -59.813
35788.121684       0.022              -59.813
35788.121684       0.022              -59.813
35788.121684       0.022              -59.813
35788.121684       0.022              -59.813
35788.121684       0.022              -59.813
35788.121684       0.022              -59.813
35788.121684       0.022              -59.813
35788.121684       0.022              -59.813
35788.121684       0.022              -59.813
35788.121684       0.022              -59.813
35788.121684       0.022              -59.813
35788.121684       0.022              -59.813
35788.121684       0.022              -59.813
35788.121684       0.022              -59.813
35788.121684       0.022              -59.813
35788.121684       0.022              -59.813
35788.121684       0.022              -59.813
35788.121684       0.022              -59.813
35788.121684       0.023              -59.813
35788.121684       0.023              -59.813
35788.121684       0.023              -59.813
35788.121684       0.023              -59.813
35788.121684       0.023              -59.813
35788.121684       0.023              -59.813
35788.121684       0.023              -59.813
35788.121684       0.023              -59.813
35788.121684       0.023              -59.813
35788.121684       0.023              -59.813
35788.121684       0.023              -59.813
35788.121684       0.023              -59.813
35788.121684       0.023              -59.813
35788.121684       0.023              -59.813
35788.121684       0.023              -59.813
35788.121684       0.023              -59.813
35788.121684       0.023              -59.813
35788.121684       0.023              -59.813
35788.121684       0.023              -59.813
35788.121684       0.023              -59.813
35788.121684       0.023              -59.813
35788.121684       0.023              -59.813
35788.121684       0.023              -59.813
35788.121684       0.023              -59.813
35788.121684       0.023              -59.813
35788.121684       0.023              -59.813
35788.121684       0.023              -59.813
35788.121684       0.023              -59.813
35788.121684       0.023              -59.813
35788.121684       0.023              -59.813
35788.121684       0.023              -59.813
35788.121684       0.023              -59.813
35788.121684       0.023              -59.813
35788.121684       0.023              -59.813
35788.121684       0.023              -59.813
35788.121684       0.023              -59.813
35788.121684       0.023              -59.813
35788.121684       0.023              -59.813
35788.121684       0.023              -59.813
35788.121684       0.023              -59.813
35788.121684       0.023              -59.813
35788.121684       0.023              -59.813
35788.121684       0.023              -59.813
35788.121684       0.023              -59.813
35788.121684       0.023              -59.813
35788.121684       0.023              -59.813
35788.121684       0.023              -59.813
35788.121684       0.023              -59.813
35788.121684       0.023              -59.813
35788.121684       0.023              -59.813
35788.121684       0.023              -59.813
35788.121684       0.023              -59.813
35788.121684       0.023              -59.813
35788.121684       0.023              -59.813
35788.121684       0.023              -59.813
35788.121684       0.023              -59.813
35788.121684       0.023              -59.813
35788.121684       0.023              -59.813
35788.121684       0.023              -59.813
35788.121684       0.023              -59.813
35788.121684       0.023              -59.813
35788.121684       0.023              -59.813
35788.121684       0.023              -59.813
35788.121684       0.023              -59.813
35788.121684       0.023              -59.813
35788.121684       0.023              -59.813
35788.121684       0.023              -59.813
35788.121684       0.024              -59.813
35788.121684       0.024              -59.813
35788.121684       0.024              -59.813
35788.121684       0.024              -59.813
35788.121684       0.024              -59.813
35788.121684       0.024              -59.813
35788.121684       0.024              -59.813
35788.121684       0.024              -59.813
35788.121684       0.024              -59.813
35788.121684       0.024              -59.813
35788.121684       0.024              -59.813
35788.121684       0.024              -59.813
35788.121684       0.024              -59.813
35788.121684       0.024              -59.813
35788.121684       0.024              -59.813
35788.121684       0.024              -59.813
35788.121684       0.024              -59.813
35788.121684       0.024              -59.813
35788.121684       0.024              -59.813
35788.121684       0.024              -59.813
35788.121684       0.024              -59.813
35788.121684       0.024              -59.813
35788.121684       0.024              -59.813
35788.121684       0.024              -59.813
35788.121684       0.024              -59.813
35788.121684       0.024              -59.813
35788.121684       0.024              -59.813
35788.121684       0.024              -59.813
35788.121684       0.024              -59.813
35788.121684       0.024              -59.813
35788.121684       0.024              -59.813
35788.121684       0.024              -59.813
35788.121684       0.024              -59.813
35788.121684       0.024              -59.813
35788.121684       0.024              -59.813
35788.121684       0.024              -59.813
35788.121684       0.024              -59.813
35788.121684       0.024              -59.813
35788.121684       0.024              -59.813
35788.121684       0.024              -59.813
35788.121684       0.024              -59.813
35788.121684       0.024              -59.813
35788.121684       0.024              -59.813
35788.121684       0.024              -59.813
35788.121684       0.024              -59.813
35788.121684       0.024              -59.813
35788.121684       0.024              -59.813
35788.121684       0.024              -59.813
35788.121684       0.024              -59.813
35788.121684       0.024              -59.813
35788.121684       0.024              -59.813
35788.121684       0.024              -59.813
35788.121684       0.024              -59.813
35788.121684       0.024              -59.813
35788.121684       0.024              -59.813
35788.121684       0.024              -59.813
35788.121684       0.024              -59.813
35788.121684       0.024              -59.813
35788.121684       0.024              -59.813
35788.121684       0.024              -59.813
35788.121684       0.024              -59.813
35788.121684       0.024              -59.813
35788.121684       0.024              -59.813
35788.121684       0.024              -59.813
35788.121684       0.024              -59.813
35788.121684       0.024              -59.813
35788.121685       0.024              -59.813
35788.121685       0.024              -59.813
35788.121685       0.025              -59.813
35788.121685       0.025              -59.813
35788.121685       0.025              -59.813
35788.121685       0.025              -59.813
35788.121685       0.025              -59.813
35788.121685       0.025              -59.813
35788.121685       0.025              -59.813
35788.121685       0.025              -59.813
35788.121685       0.025              -59.813
35788.121685       0.025              -59.813
35788.121685       0.025              -59.813
35788.121685       0.025              -59.813
35788.121685       0.025              -59.813
35788.121685       0.025              -59.813
35788.121685       0.025              -59.813
35788.121685       0.025              -59.813
35788.121685       0.025              -59.813
35788.121685       0.025              -59.813
35788.121685       0.025              -59.813
35788.121685       0.025              -59.813
35788.121685       0.025              -59.813
35788.121685       0.025              -59.813
35788.121685       0.025              -59.813
35788.121685       0.025              -59.813
35788.121685       0.025              -59.813
35788.121685       0.025              -59.813
35788.121685       0.025              -59.813
35788.121685       0.025              -59.813
35788.121685       0.025              -59.813
35788.121685       0.025              -59.813
35788.121685       0.025              -59.813
35788.121685       0.025              -59.813
35788.121685       0.025              -59.813
35788.121685       0.025              -59.813
35788.121685       0.025              -59.813
35788.121685       0.025              -59.813
35788.121685       0.025              -59.813
35788.121685       0.025              -59.813
35788.121685       0.025              -59.813
35788.121685       0.025              -59.813
35788.121685       0.025              -59.813
35788.121685       0.025              -59.813
35788.121685       0.025              -59.813
35788.121685       0.025              -59.813
35788.121685       0.025              -59.813
35788.121685       0.025              -59.813
35788.121685       0.025              -59.813
35788.121685       0.025              -59.813
35788.121685       0.025              -59.813
35788.121685       0.025              -59.813
35788.121685       0.025              -59.813
35788.121685       0.025              -59.813
35788.121685       0.025              -59.813
35788.121685       0.025              -59.813
35788.121685       0.025              -59.813
35788.121685       0.025              -59.813
35788.121685       0.025              -59.813
35788.121685       0.025              -59.813
35788.121685       0.025              -59.813
35788.121685       0.025              -59.813
35788.121685       0.025              -59.813
35788.121685       0.025              -59.813
35788.121685       0.025              -59.813
35788.121685       0.025              -59.813
35788.121685       0.025              -59.813
35788.121685       0.025              -59.813
35788.121685       0.025              -59.813
35788.121685       0.025              -59.813
35788.121685       0.026              -59.813
35788.121685       0.026              -59.813
35788.121685       0.026              -59.813
35788.121685       0.026              -59.813
35788.121685       0.026              -59.813
35788.121685       0.026              -59.813
35788.121685       0.026              -59.813
35788.121685       0.026              -59.813
35788.121685       0.026              -59.813
35788.121685       0.026              -59.813
35788.121685       0.026              -59.813
35788.121685       0.026              -59.813
35788.121685       0.026              -59.813
35788.121685       0.026              -59.813
35788.121685       0.026              -59.813
35788.121685       0.026              -59.813
35788.121685       0.026              -59.813
35788.121685       0.026              -59.813
35788.121685       0.026              -59.813
35788.121685       0.026              -59.813
35788.121685       0.026              -59.813
35788.121685       0.026              -59.813
35788.121685       0.026              -59.813
35788.121685       0.026              -59.813
35788.121685       0.026              -59.813
35788.121685       0.026              -59.813
35788.121685       0.026              -59.813
35788.121685       0.026              -59.813
35788.121685       0.026              -59.813
35788.121685       0.026              -59.813
35788.121685       0.026              -59.813
35788.121685       0.026              -59.813
35788.121685       0.026              -59.813
35788.121685       0.026              -59.813
35788.121685       0.026              -59.813
35788.121685       0.026              -59.813
35788.121685       0.026              -59.813
35788.121685       0.026              -59.813
35788.121685       0.026              -59.813
35788.121685       0.026              -59.813
35788.121685       0.026              -59.813
35788.121685       0.026              -59.813
35788.121685       0.026              -59.813
35788.121685       0.026              -59.813
35788.121685       0.026              -59.813
35788.121685       0.026              -59.813
35788.121685       0.026              -59.813
35788.121685       0.026              -59.813
35788.121685       0.026              -59.813
35788.121685       0.026              -59.813
35788.121685       0.026              -59.813
35788.121685       0.026              -59.813
35788.121685       0.026              -59.813
35788.121685       0.026              -59.813
35788.121685       0.026              -59.813
35788.121685       0.026              -59.813
35788.121685       0.026              -59.813
35788.121685       0.026              -59.813
35788.121685       0.026              -59.813
35788.121685       0.026              -59.813
35788.121685       0.026              -59.813
35788.121685       0.026              -59.813
35788.121685       0.026              -59.813
35788.121685       0.026              -59.813
35788.121685       0.026              -59.813
35788.121685       0.026              -59.813
35788.121685       0.026              -59.813
35788.121685       0.026              -59.813
35788.121685       0.027              -59.813
35788.121685       0.027              -59.813
35788.121685       0.027              -59.813
35788.121685       0.027              -59.813
35788.121685       0.027              -59.813
35788.121685       0.027              -59.813
35788.121685       0.027              -59.813
35788.121685       0.027              -59.813
35788.121685       0.027              -59.813
35788.121685       0.027              -59.813
35788.121685       0.027              -59.813
35788.121685       0.027              -59.813
35788.121685       0.027              -59.813
35788.121685       0.027              -59.813
35788.121685       0.027              -59.813
35788.121685       0.027              -59.813
35788.121685       0.027              -59.813
35788.121685       0.027              -59.813
35788.121685       0.027              -59.813
35788.121685       0.027              -59.813
35788.121685       0.027              -59.813
35788.121685       0.027              -59.813
35788.121685       0.027              -59.813
35788.121685       0.027              -59.813
35788.121685       0.027              -59.813
35788.121685       0.027              -59.813
35788.121685       0.027              -59.813
35788.121685       0.027              -59.813
35788.121685       0.027              -59.813
35788.121685       0.027              -59.813
35788.121685       0.027              -59.813
35788.121685       0.027              -59.813
35788.121685       0.027              -59.813
35788.121685       0.027              -59.813
35788.121685       0.027              -59.813
35788.121685       0.027              -59.813
35788.121685       0.027              -59.813
35788.121685       0.027              -59.813
35788.121685       0.027              -59.813
35788.121685       0.027              -59.813
35788.121685       0.027              -59.813
35788.121685       0.027              -59.813
35788.121685       0.027              -59.813
35788.121685       0.027              -59.813
35788.121685       0.027              -59.813
35788.121685       0.027              -59.813
35788.121685       0.027              -59.813
35788.121685       0.027              -59.813
35788.121685       0.027              -59.813
35788.121685       0.027              -59.813
35788.121685       0.027              -59.813
35788.121685       0.027              -59.813
35788.121685       0.027              -59.813
35788.121685       0.027              -59.813
35788.121685       0.027              -59.813
35788.121685       0.027              -59.813
35788.121685       0.027              -59.813
35788.121685       0.027              -59.813
35788.121685       0.027              -59.813
35788.121685       0.027              -59.813
35788.121685       0.027              -59.813
35788.121685       0.027              -59.813
35788.121685       0.027              -59.813
35788.121686       0.027              -59.813
35788.121686       0.027              -59.813
35788.121686       0.027              -59.813
35788.121686       0.027              -59.813
35788.121686       0.027              -59.813
35788.121686       0.028              -59.813
35788.121686       0.028              -59.813
35788.121686       0.028              -59.813
35788.121686       0.028              -59.813
35788.121686       0.028              -59.813
35788.121686       0.028              -59.813
35788.121686       0.028              -59.813
35788.121686       0.028              -59.813
35788.121686       0.028              -59.813
35788.121686       0.028              -59.813
35788.121686       0.028              -59.813
35788.121686       0.028              -59.813
35788.121686       0.028              -59.813
35788.121686       0.028              -59.813
35788.121686       0.028              -59.813
35788.121686       0.028              -59.813
35788.121686       0.028              -59.813
35788.121686       0.028              -59.813
35788.121686       0.028              -59.813
35788.121686       0.028              -59.813
35788.121686       0.028              -59.813
35788.121686       0.028              -59.813
35788.121686       0.028              -59.813
35788.121686       0.028              -59.813
35788.121686       0.028              -59.813
35788.121686       0.028              -59.813
35788.121686       0.028              -59.813
35788.121686       0.028              -59.813
35788.121686       0.028              -59.813
35788.121686       0.028              -59.813
35788.121686       0.028              -59.813
35788.121686       0.028              -59.813
35788.121686       0.028              -59.813
35788.121686       0.028              -59.813
35788.121686       0.028              -59.813
35788.121686       0.028              -59.813
35788.121686       0.028              -59.813
35788.121686       0.028              -59.813
35788.121686       0.028              -59.813
35788.121686       0.028              -59.813
35788.121686       0.028              -59.813
35788.121686       0.028              -59.813
35788.121686       0.028              -59.813
35788.121686       0.028              -59.813
35788.121686       0.028              -59.813
35788.121686       0.028              -59.813
35788.121686       0.028              -59.813
35788.121686       0.028              -59.813
35788.121686       0.028              -59.813
35788.121686       0.028              -59.813
35788.121686       0.028              -59.813
35788.121686       0.028              -59.813
35788.121686       0.028              -59.813
35788.121686       0.028              -59.813
35788.121686       0.028              -59.813
35788.121686       0.028              -59.813
35788.121686       0.028              -59.813
35788.121686       0.028              -59.813
35788.121686       0.028              -59.813
35788.121686       0.028              -59.813
35788.121686       0.028              -59.813
35788.121686       0.028              -59.813
35788.121686       0.028              -59.813
35788.121686       0.028              -59.813
35788.121686       0.028              -59.813
35788.121686       0.028              -59.813
35788.121686       0.028              -59.813
35788.121686       0.028              -59.813
35788.121686       0.029              -59.813
35788.121686       0.029              -59.813
35788.121686       0.029              -59.813
35788.121686       0.029              -59.813
35788.121686       0.029              -59.813
35788.121686       0.029              -59.813
35788.121686       0.029              -59.813
35788.121686       0.029              -59.813
35788.121686       0.029              -59.813
35788.121686       0.029              -59.813
35788.121686       0.029              -59.813
35788.121686       0.029              -59.813
35788.121686       0.029              -59.813
35788.121686       0.029              -59.813
35788.121686       0.029              -59.813
35788.121686       0.029              -59.813
35788.121686       0.029              -59.813
35788.121686       0.029              -59.813
35788.121686       0.029              -59.813
35788.121686       0.029              -59.813
35788.121686       0.029              -59.813
35788.121686       0.029              -59.813
35788.121686       0.029              -59.813
35788.121686       0.029              -59.813
35788.121686       0.029              -59.813
35788.121686       0.029              -59.813
35788.121686       0.029              -59.813
35788.121686       0.029              -59.813
35788.121686       0.029              -59.813
35788.121686       0.029              -59.813
35788.121686       0.029              -59.813
35788.121686       0.029              -59.813
35788.121686       0.029              -59.813
35788.121686       0.029              -59.813
35788.121686       0.029              -59.813
35788.121686       0.029              -59.813
35788.121686       0.029              -59.813
35788.121686       0.029              -59.813
35788.121686       0.029              -59.813
35788.121686       0.029              -59.813
35788.121686       0.029              -59.813
35788.121686       0.029              -59.813
35788.121686       0.029              -59.813
35788.121686       0.029              -59.813
35788.121686       0.029              -59.813
35788.121686       0.029              -59.813
35788.121686       0.029              -59.813
35788.121686       0.029              -59.813
35788.121686       0.029              -59.813
35788.121686       0.029              -59.813
35788.121686       0.029              -59.813
35788.121686       0.029              -59.813
35788.121686       0.029              -59.813
35788.121686       0.029              -59.813
35788.121686       0.029              -59.813
35788.121686       0.029              -59.813
35788.121686       0.029              -59.813
35788.121686       0.029              -59.813
35788.121686       0.029              -59.813
35788.121686       0.029              -59.813
35788.121686       0.029              -59.813
35788.121686       0.029              -59.813
35788.121686       0.029              -59.813
35788.121686       0.029              -59.813
35788.121686       0.029              -59.813
35788.121686       0.029              -59.813
35788.121686       0.029              -59.813
35788.121686       0.029              -59.813
35788.121686       0.030              -59.813
35788.121686       0.030              -59.813
35788.121686       0.030              -59.813
35788.121686       0.030              -59.813
35788.121686       0.030              -59.813
35788.121686       0.030              -59.813
35788.121686       0.030              -59.813
35788.121686       0.030              -59.813
35788.121686       0.030              -59.813
35788.121686       0.030              -59.813
35788.121686       0.030              -59.813
35788.121686       0.030              -59.813
35788.121686       0.030              -59.813
35788.121686       0.030              -59.813
35788.121686       0.030              -59.813
35788.121686       0.030              -59.813
35788.121686       0.030              -59.813
35788.121686       0.030              -59.813
35788.121686       0.030              -59.813
35788.121686       0.030              -59.813
35788.121686       0.030              -59.813
35788.121686       0.030              -59.813
35788.121686       0.030              -59.813
35788.121686       0.030              -59.813
35788.121686       0.030              -59.813
35788.121686       0.030              -59.813
35788.121686       0.030              -59.813
35788.121686       0.030              -59.813
35788.121686       0.030              -59.813
35788.121686       0.030              -59.813
35788.121686       0.030              -59.813
35788.121686       0.030              -59.813
35788.121686       0.030              -59.813
35788.121686       0.030              -59.813
35788.121686       0.030              -59.813
35788.121686       0.030              -59.813
35788.121686       0.030              -59.813
35788.121686       0.030              -59.813
35788.121686       0.030              -59.813
35788.121686       0.030              -59.813
35788.121686       0.030              -59.813
35788.121687       0.030              -59.813
35788.121687       0.030              -59.813
35788.121687       0.030              -59.813
35788.121687       0.030              -59.813
35788.121687       0.030              -59.813
35788.121687       0.030              -59.813
35788.121687       0.030              -59.813
35788.121687       0.030              -59.813
35788.121687       0.030              -59.813
35788.121687       0.030              -59.813
35788.121687       0.030              -59.813
35788.121687       0.030              -59.813
35788.121687       0.030              -59.813
35788.121687       0.030              -59.813
35788.121687       0.030              -59.813
35788.121687       0.030              -59.813
35788.121687       0.030              -59.813
35788.121687       0.030              -59.813
35788.121687       0.030              -59.813
35788.121687       0.030              -59.813
35788.121687       0.030              -59.813
35788.121687       0.030              -59.813
35788.121687       0.030              -59.813
35788.121687       0.030              -59.813
35788.121687       0.030              -59.813
35788.121687       0.030              -59.813
35788.121687       0.030              -59.813
35788.121687       0.031              -59.813
35788.121687       0.031              -59.813
35788.121687       0.031              -59.813
35788.121687       0.031              -59.813
35788.121687       0.031              -59.813
35788.121687       0.031              -59.813
35788.121687       0.031              -59.813
35788.121687       0.031              -59.813
35788.121687       0.031              -59.813
35788.121687       0.031              -59.813
35788.121687       0.031              -59.813
35788.121687       0.031              -59.813
35788.121687       0.031              -59.813
35788.121687       0.031              -59.813
35788.121687       0.031              -59.813
35788.121687       0.031              -59.813
35788.121687       0.031              -59.813
35788.121687       0.031              -59.813
35788.121687       0.031              -59.813
35788.121687       0.031              -59.813
35788.121687       0.031              -59.813
35788.121687       0.031              -59.813
35788.121687       0.031              -59.813
35788.121687       0.031              -59.813
35788.121687       0.031              -59.813
35788.121687       0.031              -59.813
35788.121687       0.031              -59.813
35788.121687       0.031              -59.813
35788.121687       0.031              -59.813
35788.121687       0.031              -59.813
35788.121687       0.031              -59.813
35788.121687       0.031              -59.813
35788.121687       0.031              -59.813
35788.121687       0.031              -59.813
35788.121687       0.031              -59.813
35788.121687       0.031              -59.813
35788.121687       0.031              -59.813
35788.121687       0.031              -59.813
35788.121687       0.031              -59.813
35788.121687       0.031              -59.813
35788.121687       0.031              -59.813
35788.121687       0.031              -59.813
35788.121687       0.031              -59.813
35788.121687       0.031              -59.813
35788.121687       0.031              -59.813
35788.121687       0.031              -59.813
35788.121687       0.031              -59.813
35788.121687       0.031              -59.813
35788.121687       0.031              -59.813
35788.121687       0.031              -59.813
35788.121687       0.031              -59.813
35788.121687       0.031              -59.813
35788.121687       0.031              -59.813
35788.121687       0.031              -59.813
35788.121687       0.031              -59.813
35788.121687       0.031              -59.813
35788.121687       0.031              -59.813
35788.121687       0.031              -59.813
35788.121687       0.031              -59.813
35788.121687       0.031              -59.813
35788.121687       0.031              -59.813
35788.121687       0.031              -59.813
35788.121687       0.031              -59.813
35788.121687       0.031              -59.813
35788.121687       0.031              -59.813
35788.121687       0.031              -59.813
35788.121687       0.031              -59.813
35788.121687       0.031              -59.813
35788.121687       0.031              -59.813
35788.121687       0.032              -59.813
35788.121687       0.032              -59.813
35788.121687       0.032              -59.813
35788.121687       0.032              -59.813
35788.121687       0.032              -59.813
35788.121687       0.032              -59.813
35788.121687       0.032              -59.813
35788.121687       0.032              -59.813
35788.121687       0.032              -59.813
35788.121687       0.032              -59.813
35788.121687       0.032              -59.813
35788.121687       0.032              -59.813
35788.121687       0.032              -59.813
35788.121687       0.032              -59.813
35788.121687       0.032              -59.813
35788.121687       0.032              -59.813
35788.121687       0.032              -59.813
35788.121687       0.032              -59.813
35788.121687       0.032              -59.813
35788.121687       0.032              -59.813
35788.121687       0.032              -59.813
35788.121687       0.032              -59.813
35788.121687       0.032              -59.813
35788.121687       0.032              -59.813
35788.121687       0.032              -59.813
35788.121687       0.032              -59.813
35788.121687       0.032              -59.813
35788.121687       0.032              -59.813
35788.121687       0.032              -59.813
35788.121687       0.032              -59.813
35788.121687       0.032              -59.813
35788.121687       0.032              -59.813
35788.121687       0.032              -59.813
35788.121687       0.032              -59.813
35788.121687       0.032              -59.813
35788.121687       0.032              -59.813
35788.121687       0.032              -59.813
35788.121687       0.032              -59.813
35788.121687       0.032              -59.813
35788.121687       0.032              -59.813
35788.121687       0.032              -59.813
35788.121687       0.032              -59.813
35788.121687       0.032              -59.813
35788.121687       0.032              -59.813
35788.121687       0.032              -59.813
35788.121687       0.032              -59.813
35788.121687       0.032              -59.813
35788.121687       0.032              -59.813
35788.121687       0.032              -59.813
35788.121687       0.032              -59.813
35788.121687       0.032              -59.813
35788.121687       0.032              -59.813
35788.121687       0.032              -59.813
35788.121687       0.032              -59.813
35788.121687       0.032              -59.813
35788.121687       0.032              -59.813
35788.121687       0.032              -59.813
35788.121687       0.032              -59.813
35788.121687       0.032              -59.813
35788.121687       0.032              -59.813
35788.121687       0.032              -59.813
35788.121687       0.032              -59.813
35788.121687       0.032              -59.813
35788.121687       0.032              -59.813
35788.121687       0.032              -59.813
35788.121687       0.032              -59.813
35788.121687       0.032              -59.813
35788.121687       0.032              -59.813
35788.121687       0.033              -59.813
35788.121687       0.033              -59.813
35788.121687       0.033              -59.813
35788.121687       0.033              -59.813
35788.121688       0.033              -59.813
35788.121688       0.033              -59.813
35788.121688       0.033              -59.813
35788.121688       0.033              -59.813
35788.121688       0.033              -59.813
35788.121688       0.033              -59.813
35788.121688       0.033              -59.813
35788.121688       0.033              -59.813
35788.121688       0.033              -59.813
35788.121688       0.033              -59.813
35788.121688       0.033              -59.813
35788.121688       0.033              -59.813
35788.121688       0.033              -59.813
35788.121688       0.033              -59.813
35788.121688       0.033              -59.813
35788.121688       0.033              -59.813
35788.121688       0.033              -59.813
35788.121688       0.033              -59.813
35788.121688       0.033              -59.813
35788.121688       0.033              -59.813
35788.121688       0.033              -59.813
35788.121688       0.033              -59.813
35788.121688       0.033              -59.813
35788.121688       0.033              -59.813
35788.121688       0.033              -59.813
35788.121688       0.033              -59.813
35788.121688       0.033              -59.813
35788.121688       0.033              -59.813
35788.121688       0.033              -59.813
35788.121688       0.033              -59.813
35788.121688       0.033              -59.813
35788.121688       0.033              -59.813
35788.121688       0.033              -59.813
35788.121688       0.033              -59.813
35788.121688       0.033              -59.813
35788.121688       0.033              -59.813
35788.121688       0.033              -59.813
35788.121688       0.033              -59.813
35788.121688       0.033              -59.813
35788.121688       0.033              -59.813
35788.121688       0.033              -59.813
35788.121688       0.033              -59.813
35788.121688       0.033              -59.813
35788.121688       0.033              -59.813
35788.121688       0.033              -59.813
35788.121688       0.033              -59.813
35788.121688       0.033              -59.813
35788.121688       0.033              -59.813
35788.121688       0.033              -59.813
35788.121688       0.033              -59.813
35788.121688       0.033              -59.813
35788.121688       0.033              -59.813
35788.121688       0.033              -59.813
35788.121688       0.033              -59.813
35788.121688       0.033              -59.813
35788.121688       0.033              -59.813
35788.121688       0.033              -59.813
35788.121688       0.033              -59.813
35788.121688       0.033              -59.813
35788.121688       0.033              -59.813
35788.121688       0.033              -59.813
35788.121688       0.033              -59.813
35788.121688       0.033              -59.813
35788.121688       0.033              -59.813
35788.121688       0.034              -59.813
35788.121688       0.034              -59.813
35788.121688       0.034              -59.813
35788.121688       0.034              -59.813
35788.121688       0.034              -59.813
35788.121688       0.034              -59.813
35788.121688       0.034              -59.813
35788.121688       0.034              -59.813
35788.121688       0.034              -59.813
35788.121688       0.034              -59.813
35788.121688       0.034              -59.813
35788.121688       0.034              -59.813
35788.121688       0.034              -59.813
35788.121688       0.034              -59.813
35788.121688       0.034              -59.813
35788.121688       0.034              -59.813
35788.121688       0.034              -59.813
35788.121688       0.034              -59.813
35788.121688       0.034              -59.813
35788.121688       0.034              -59.813
35788.121688       0.034              -59.813
35788.121688       0.034              -59.813
35788.121688       0.034              -59.813
35788.121688       0.034              -59.813
35788.121688       0.034              -59.813
35788.121688       0.034              -59.813
35788.121688       0.034              -59.813
35788.121688       0.034              -59.813
35788.121688       0.034              -59.813
35788.121688       0.034              -59.813
35788.121688       0.034              -59.813
35788.121688       0.034              -59.813
35788.121688       0.034              -59.813
35788.121688       0.034              -59.813
35788.121688       0.034              -59.813
35788.121688       0.034              -59.813
35788.121688       0.034              -59.813
35788.121688       0.034              -59.813
35788.121688       0.034              -59.813
35788.121688       0.034              -59.813
35788.121688       0.034              -59.813
35788.121688       0.034              -59.813
35788.121688       0.034              -59.813
35788.121688       0.034              -59.813
35788.121688       0.034              -59.813
35788.121688       0.034              -59.813
35788.121688       0.034              -59.813
35788.121688       0.034              -59.813
35788.121688       0.034              -59.813
35788.121688       0.034              -59.813
35788.121688       0.034              -59.813
35788.121688       0.034              -59.813
35788.121688       0.034              -59.813
35788.121688       0.034              -59.813
35788.121688       0.034              -59.813
35788.121688       0.034              -59.813
35788.121688       0.034              -59.813
35788.121688       0.034              -59.813
35788.121688       0.034              -59.813
35788.121688       0.034              -59.813
35788.121688       0.034              -59.813
35788.121688       0.034              -59.813
35788.121688       0.034              -59.813
35788.121688       0.034              -59.813
35788.121688       0.034              -59.813
35788.121688       0.034              -59.813
35788.121688       0.034              -59.813
35788.121688       0.034              -59.813
35788.121688       0.035              -59.813
35788.121688       0.035              -59.813
35788.121688       0.035              -59.813
35788.121688       0.035              -59.813
35788.121688       0.035              -59.813
35788.121688       0.035              -59.813
35788.121688       0.035              -59.813
35788.121688       0.035              -59.813
35788.121688       0.035              -59.813
35788.121688       0.035              -59.813
35788.121688       0.035              -59.813
35788.121688       0.035              -59.813
35788.121688       0.035              -59.813
35788.121688       0.035              -59.813
35788.121688       0.035              -59.813
35788.121688       0.035              -59.813
35788.121688       0.035              -59.813
35788.121688       0.035              -59.813
35788.121688       0.035              -59.813
35788.121688       0.035              -59.813
35788.121688       0.035              -59.813
35788.121688       0.035              -59.813
35788.121688       0.035              -59.813
35788.121688       0.035              -59.813
35788.121689       0.035              -59.813
35788.121689       0.035              -59.813
35788.121689       0.035              -59.813
35788.121689       0.035              -59.813
35788.121689       0.035              -59.813
35788.121689       0.035              -59.813
35788.121689       0.035              -59.813
35788.121689       0.035              -59.813
35788.121689       0.035              -59.813
35788.121689       0.035              -59.813
35788.121689       0.035              -59.813
35788.121689       0.035              -59.813
35788.121689       0.035              -59.813
35788.121689       0.035              -59.813
35788.121689       0.035              -59.813
35788.121689       0.035              -59.813
35788.121689       0.035              -59.813
35788.121689       0.035              -59.813
35788.121689       0.035              -59.813
35788.121689       0.035              -59.813
35788.121689       0.035              -59.813
35788.121689       0.035              -59.813
35788.121689       0.035              -59.813
35788.121689       0.035              -59.813
35788.121689       0.035              -59.813
35788.121689       0.035              -59.813
35788.121689       0.035              -59.813
35788.121689       0.035              -59.813
35788.121689       0.035              -59.813
35788.121689       0.035              -59.813
35788.121689       0.035              -59.813
35788.121689       0.035              -59.813
35788.121689       0.035              -59.813
35788.121689       0.035              -59.813
35788.121689       0.035              -59.813
35788.121689       0.035              -59.813
35788.121689       0.035              -59.813
35788.121689       0.035              -59.813
35788.121689       0.035              -59.813
35788.121689       0.035              -59.813
35788.121689       0.035              -59.813
35788.121689       0.035              -59.813
35788.121689       0.035              -59.813
35788.121689       0.035              -59.813
35788.121689       0.035              -59.813
35788.121689       0.036              -59.813
35788.121689       0.036              -59.813
35788.121689       0.036              -59.813
35788.121689       0.036              -59.813
35788.121689       0.036              -59.813
35788.121689       0.036              -59.813
35788.121689       0.036              -59.813
35788.121689       0.036              -59.813
35788.121689       0.036              -59.813
35788.121689       0.036              -59.813
35788.121689       0.036              -59.813
35788.121689       0.036              -59.813
35788.121689       0.036              -59.813
35788.121689       0.036              -59.813
35788.121689       0.036              -59.813
35788.121689       0.036              -59.813
35788.121689       0.036              -59.813
35788.121689       0.036              -59.813
35788.121689       0.036              -59.813
35788.121689       0.036              -59.813
35788.121689       0.036              -59.813
35788.121689       0.036              -59.813
35788.121689       0.036              -59.813
35788.121689       0.036              -59.813
35788.121689       0.036              -59.813
35788.121689       0.036              -59.813
35788.121689       0.036              -59.813
35788.121689       0.036              -59.813
35788.121689       0.036              -59.813
35788.121689       0.036              -59.813
35788.121689       0.036              -59.813
35788.121689       0.036              -59.813
35788.121689       0.036              -59.813
35788.121689       0.036              -59.813
35788.121689       0.036              -59.813
35788.121689       0.036              -59.813
35788.121689       0.036              -59.813
35788.121689       0.036              -59.813
35788.121689       0.036              -59.813
35788.121689       0.036              -59.813
35788.121689       0.036              -59.813
35788.121689       0.036              -59.813
35788.121689       0.036              -59.813
35788.121689       0.036              -59.813
35788.121689       0.036              -59.813
35788.121689       0.036              -59.813
35788.121689       0.036              -59.813
35788.121689       0.036              -59.813
35788.121689       0.036              -59.813
35788.121689       0.036              -59.813
35788.121689       0.036              -59.813
35788.121689       0.036              -59.813
35788.121689       0.036              -59.813
35788.121689       0.036              -59.813
35788.121689       0.036              -59.813
35788.121689       0.036              -59.813
35788.121689       0.036              -59.813
35788.121689       0.036              -59.813
35788.121689       0.036              -59.813
35788.121689       0.036              -59.813
35788.121689       0.036              -59.813
35788.121689       0.036              -59.813
35788.121689       0.036              -59.813
35788.121689       0.036              -59.813
35788.121689       0.036              -59.813
35788.121689       0.036              -59.813
35788.121689       0.036              -59.813
35788.121689       0.036              -59.813
35788.121689       0.037              -59.813
35788.121689       0.037              -59.813
35788.121689       0.037              -59.813
35788.121689       0.037              -59.813
35788.121689       0.037              -59.813
35788.121689       0.037              -59.813
35788.121689       0.037              -59.813
35788.121689       0.037              -59.813
35788.121689       0.037              -59.813
35788.121689       0.037              -59.813
35788.121689       0.037              -59.813
35788.121689       0.037              -59.813
35788.121689       0.037              -59.813
35788.121689       0.037              -59.813
35788.121689       0.037              -59.813
35788.121689       0.037              -59.813
35788.121689       0.037              -59.813
35788.121689       0.037              -59.813
35788.121689       0.037              -59.813
35788.121689       0.037              -59.813
35788.121689       0.037              -59.813
35788.121689       0.037              -59.813
35788.121689       0.037              -59.813
35788.121689       0.037              -59.813
35788.121689       0.037              -59.813
35788.121689       0.037              -59.813
35788.121689       0.037              -59.813
35788.121689       0.037              -59.813
35788.121689       0.037              -59.813
35788.121689       0.037              -59.813
35788.121689       0.037              -59.813
35788.121689       0.037              -59.813
35788.121689       0.037              -59.813
35788.121689       0.037              -59.813
35788.121690       0.037              -59.813
35788.121690       0.037              -59.813
35788.121690       0.037              -59.813
35788.121690       0.037              -59.813
35788.121690       0.037              -59.813
35788.121690       0.037              -59.813
35788.121690       0.037              -59.813
35788.121690       0.037              -59.813
35788.121690       0.037              -59.813
35788.121690       0.037              -59.813
35788.121690       0.037              -59.813
35788.121690       0.037              -59.813
35788.121690       0.037              -59.813
35788.121690       0.037              -59.813
35788.121690       0.037              -59.813
35788.121690       0.037              -59.813
35788.121690       0.037              -59.813
35788.121690       0.037              -59.813
35788.121690       0.037              -59.813
35788.121690       0.037              -59.813
35788.121690       0.037              -59.813
35788.121690       0.037              -59.813
35788.121690       0.037              -59.813
35788.121690       0.037              -59.813
35788.121690       0.037              -59.813
35788.121690       0.037              -59.813
35788.121690       0.037              -59.813
35788.121690       0.037              -59.813
35788.121690       0.037              -59.813
35788.121690       0.037              -59.813
35788.121690       0.037              -59.813
35788.121690       0.037              -59.813
35788.121690       0.037              -59.813
35788.121690       0.037              -59.813
35788.121690       0.037              -59.813
35788.121690       0.038              -59.813
35788.121690       0.038              -59.813
35788.121690       0.038              -59.813
35788.121690       0.038              -59.813
35788.121690       0.038              -59.813
35788.121690       0.038              -59.813
35788.121690       0.038              -59.813
35788.121690       0.038              -59.813
35788.121690       0.038              -59.813
35788.121690       0.038              -59.813
35788.121690       0.038              -59.813
35788.121690       0.038              -59.813
35788.121690       0.038              -59.813
35788.121690       0.038              -59.813
35788.121690       0.038              -59.813
35788.121690       0.038              -59.813
35788.121690       0.038              -59.813
35788.121690       0.038              -59.813
35788.121690       0.038              -59.813
35788.121690       0.038              -59.813
35788.121690       0.038              -59.813
35788.121690       0.038              -59.813
35788.121690       0.038              -59.813
35788.121690       0.038              -59.813
35788.121690       0.038              -59.813
35788.121690       0.038              -59.813
35788.121690       0.038              -59.813
35788.121690       0.038              -59.813
35788.121690       0.038              -59.813
35788.121690       0.038              -59.813
35788.121690       0.038              -59.813
35788.121690       0.038              -59.813
35788.121690       0.038              -59.813
35788.121690       0.038              -59.813
35788.121690       0.038              -59.813
35788.121690       0.038              -59.813
35788.121690       0.038              -59.813
35788.121690       0.038              -59.813
35788.121690       0.038              -59.813
35788.121690       0.038              -59.813
35788.121690       0.038              -59.813
35788.121690       0.038              -59.813
35788.121690       0.038              -59.813
35788.121690       0.038              -59.813
35788.121690       0.038              -59.813
35788.121690       0.038              -59.813
35788.121690       0.038              -59.813
35788.121690       0.038              -59.813
35788.121690       0.038              -59.813
35788.121690       0.038              -59.813
35788.121690       0.038              -59.813
35788.121690       0.038              -59.813
35788.121690       0.038              -59.813
35788.121690       0.038              -59.813
35788.121690       0.038              -59.813
35788.121690       0.038              -59.813
35788.121690       0.038              -59.813
35788.121690       0.038              -59.813
35788.121690       0.038              -59.813
35788.121690       0.038              -59.813
35788.121690       0.038              -59.813
35788.121690       0.038              -59.813
35788.121690       0.038              -59.813
35788.121690       0.038              -59.813
35788.121690       0.038              -59.813
35788.121690       0.038              -59.813
35788.121690       0.038              -59.813
35788.121690       0.038              -59.813
35788.121690       0.039              -59.813
35788.121690       0.039              -59.813
35788.121690       0.039              -59.813
35788.121690       0.039              -59.813
35788.121690       0.039              -59.813
35788.121690       0.039              -59.813
35788.121690       0.039              -59.813
35788.121690       0.039              -59.813
35788.121690       0.039              -59.813
35788.121690       0.039              -59.813
35788.121690       0.039              -59.813
35788.121690       0.039              -59.813
35788.121690       0.039              -59.813
35788.121690       0.039              -59.813
35788.121690       0.039              -59.813
35788.121690       0.039              -59.813
35788.121690       0.039              -59.813
35788.121690       0.039              -59.813
35788.121690       0.039              -59.813
35788.121690       0.039              -59.813
35788.121690       0.039              -59.813
35788.121690       0.039              -59.813
35788.121690       0.039              -59.813
35788.121690       0.039              -59.813
35788.121690       0.039              -59.813
35788.121690       0.039              -59.813
35788.121690       0.039              -59.813
35788.121690       0.039              -59.813
35788.121690       0.039              -59.813
35788.121690       0.039              -59.813
35788.121690       0.039              -59.813
35788.121690       0.039              -59.813
35788.121690       0.039              -59.813
35788.121690       0.039              -59.813
35788.121690       0.039              -59.813
35788.121690       0.039              -59.813
35788.121691       0.039              -59.813
35788.121691       0.039              -59.813
35788.121691       0.039              -59.813
35788.121691       0.039              -59.813
35788.121691       0.039              -59.813
35788.121691       0.039              -59.813
35788.121691       0.039              -59.813
35788.121691       0.039              -59.813
35788.121691       0.039              -59.813
35788.121691       0.039              -59.813
35788.121691       0.039              -59.813
35788.121691       0.039              -59.813
35788.121691       0.039              -59.813
35788.121691       0.039              -59.813
35788.121691       0.039              -59.813
35788.121691       0.039              -59.813
35788.121691       0.039              -59.813
35788.121691       0.039              -59.813
35788.121691       0.039              -59.813
35788.121691       0.039              -59.813
35788.121691       0.039              -59.813
35788.121691       0.039              -59.813
35788.121691       0.039              -59.813
35788.121691       0.039              -59.813
35788.121691       0.039              -59.813
35788.121691       0.039              -59.813
35788.121691       0.039              -59.813
35788.121691       0.039              -59.813
35788.121691       0.039              -59.813
35788.121691       0.039              -59.813
35788.121691       0.039              -59.813
35788.121691       0.039              -59.813
35788.121691       0.039              -59.813
35788.121691       0.040              -59.813
35788.121691       0.040              -59.813
35788.121691       0.040              -59.813
35788.121691       0.040              -59.813
35788.121691       0.040              -59.813
35788.121691       0.040              -59.813
35788.121691       0.040              -59.813
35788.121691       0.040              -59.813
35788.121691       0.040              -59.813
35788.121691       0.040              -59.813
35788.121691       0.040              -59.813
35788.121691       0.040              -59.813
35788.121691       0.040              -59.813
35788.121691       0.040              -59.813
35788.121691       0.040              -59.813
35788.121691       0.040              -59.813
35788.121691       0.040              -59.813
35788.121691       0.040              -59.813
35788.121691       0.040              -59.813
35788.121691       0.040              -59.813
35788.121691       0.040              -59.813
35788.121691       0.040              -59.813
35788.121691       0.040              -59.813
35788.121691       0.040              -59.813
35788.121691       0.040              -59.813
35788.121691       0.040              -59.813
35788.121691       0.040              -59.813
35788.121691       0.040              -59.813
35788.121691       0.040              -59.813
35788.121691       0.040              -59.813
35788.121691       0.040              -59.813
35788.121691       0.040              -59.813
35788.121691       0.040              -59.813
35788.121691       0.040              -59.813
35788.121691       0.040              -59.813
35788.121691       0.040              -59.813
35788.121691       0.040              -59.813
35788.121691       0.040              -59.813
35788.121691       0.040              -59.813
35788.121691       0.040              -59.813
35788.121691       0.040              -59.813
35788.121691       0.040              -59.813
35788.121691       0.040              -59.813
35788.121691       0.040              -59.813
35788.121691       0.040              -59.813
35788.121691       0.040              -59.813
35788.121691       0.040              -59.813
35788.121691       0.040              -59.813
35788.121691       0.040              -59.813
35788.121691       0.040              -59.813
35788.121691       0.040              -59.813
35788.121691       0.040              -59.813
35788.121691       0.040              -59.813
35788.121691       0.040              -59.813
35788.121691       0.040              -59.813
35788.121691       0.040              -59.813
35788.121691       0.040              -59.813
35788.121691       0.040              -59.813
35788.121691       0.040              -59.813
35788.121691       0.040              -59.813
35788.121691       0.040              -59.813
35788.121691       0.040              -59.813
35788.121691       0.040              -59.813
35788.121691       0.040              -59.813
35788.121691       0.040              -59.813
35788.121691       0.040              -59.813
35788.121691       0.040              -59.813
35788.121691       0.040              -59.813
35788.121691       0.040              -59.813
35788.121691       0.041              -59.813
35788.121691       0.041              -59.813
35788.121691       0.041              -59.813
35788.121691       0.041              -59.813
35788.121691       0.041              -59.813
35788.121691       0.041              -59.813
35788.121691       0.041              -59.813
35788.121691       0.041              -59.813
35788.121691       0.041              -59.813
35788.121691       0.041              -59.813
35788.121691       0.041              -59.813
35788.121691       0.041              -59.813
35788.121691       0.041              -59.813
35788.121691       0.041              -59.813
35788.121691       0.041              -59.813
35788.121691       0.041              -59.813
35788.121691       0.041              -59.813
35788.121691       0.041              -59.813
35788.121691       0.041              -59.813
35788.121691       0.041              -59.813
35788.121691       0.041              -59.813
35788.121691       0.041              -59.813
35788.121691       0.041              -59.813
35788.121691       0.041              -59.813
35788.121691       0.041              -59.813
35788.121691       0.041              -59.813
35788.121691       0.041              -59.813
35788.121691       0.041              -59.813
35788.121691       0.041              -59.813
35788.121691       0.041              -59.813
35788.121692       0.041              -59.813
35788.121692       0.041              -59.813
35788.121692       0.041              -59.813
35788.121692       0.041              -59.813
35788.121692       0.041              -59.813
35788.121692       0.041              -59.813
35788.121692       0.041              -59.813
35788.121692       0.041              -59.813
35788.121692       0.041              -59.813
35788.121692       0.041              -59.813
35788.121692       0.041              -59.813
35788.121692       0.041              -59.813
35788.121692       0.041              -59.813
35788.121692       0.041              -59.813
35788.121692       0.041              -59.813
35788.121692       0.041              -59.813
35788.121692       0.041              -59.813
35788.121692       0.041              -59.813
35788.121692       0.041              -59.813
35788.121692       0.041              -59.813
35788.121692       0.041              -59.813
35788.121692       0.041              -59.813
35788.121692       0.041              -59.813
35788.121692       0.041              -59.813
35788.121692       0.041              -59.813
35788.121692       0.041              -59.813
35788.121692       0.041              -59.813
35788.121692       0.041              -59.813
35788.121692       0.041              -59.813
35788.121692       0.041              -59.813
35788.121692       0.041              -59.813
35788.121692       0.041              -59.813
35788.121692       0.041              -59.813
35788.121692       0.041              -59.813
35788.121692       0.041              -59.813
35788.121692       0.041              -59.813
35788.121692       0.041              -59.813
35788.121692       0.041              -59.813
35788.121692       0.041              -59.813
35788.121692       0.042              -59.813
35788.121692       0.042              -59.813
35788.121692       0.042              -59.813
35788.121692       0.042              -59.813
35788.121692       0.042              -59.813
35788.121692       0.042              -59.813
35788.121692       0.042              -59.813
35788.121692       0.042              -59.813
35788.121692       0.042              -59.813
35788.121692       0.042              -59.813
35788.121692       0.042              -59.813
35788.121692       0.042              -59.813
35788.121692       0.042              -59.813
35788.121692       0.042              -59.813
35788.121692       0.042              -59.813
35788.121692       0.042              -59.813
35788.121692       0.042              -59.813
35788.121692       0.042              -59.813
35788.121692       0.042              -59.813
35788.121692       0.042              -59.813
35788.121692       0.042              -59.813
35788.121692       0.042              -59.813
35788.121692       0.042              -59.813
35788.121692       0.042              -59.813
35788.121692       0.042              -59.813
35788.121692       0.042              -59.813
35788.121692       0.042              -59.813
35788.121692       0.042              -59.813
35788.121692       0.042              -59.813
35788.121692       0.042              -59.813
35788.121692       0.042              -59.813
35788.121692       0.042              -59.813
35788.121692       0.042              -59.813
35788.121692       0.042              -59.813
35788.121692       0.042              -59.813
35788.121692       0.042              -59.813
35788.121692       0.042              -59.813
35788.121692       0.042              -59.813
35788.121692       0.042              -59.813
35788.121692       0.042              -59.813
35788.121692       0.042              -59.813
35788.121692       0.042              -59.813
35788.121692       0.042              -59.813
35788.121692       0.042              -59.813
35788.121692       0.042              -59.813
35788.121692       0.042              -59.813
35788.121692       0.042              -59.813
35788.121692       0.042              -59.813
35788.121692       0.042              -59.813
35788.121692       0.042              -59.813
35788.121692       0.042              -59.813
35788.121692       0.042              -59.813
35788.121692       0.042              -59.813
35788.121692       0.042              -59.813
35788.121692       0.042              -59.813
35788.121692       0.042              -59.813
35788.121692       0.042              -59.813
35788.121692       0.042              -59.813
35788.121692       0.042              -59.813
35788.121692       0.042              -59.813
35788.121692       0.042              -59.813
35788.121692       0.042              -59.813
35788.121692       0.042              -59.813
35788.121692       0.042              -59.813
35788.121692       0.042              -59.813
35788.121692       0.042              -59.813
35788.121692       0.042              -59.813
35788.121692       0.042              -59.813
35788.121692       0.042              -59.813
35788.121692       0.043              -59.813
35788.121692       0.043              -59.813
35788.121692       0.043              -59.813
35788.121692       0.043              -59.813
35788.121692       0.043              -59.813
35788.121692       0.043              -59.813
35788.121692       0.043              -59.813
35788.121692       0.043              -59.813
35788.121692       0.043              -59.813
35788.121692       0.043              -59.813
35788.121692       0.043              -59.813
35788.121692       0.043              -59.813
35788.121692       0.043              -59.813
35788.121692       0.043              -59.813
35788.121692       0.043              -59.813
35788.121692       0.043              -59.813
35788.121692       0.043              -59.813
35788.121692       0.043              -59.813
35788.121692       0.043              -59.813
35788.121693       0.043              -59.813
35788.121693       0.043              -59.813
35788.121693       0.043              -59.813
35788.121693       0.043              -59.813
35788.121693       0.043              -59.813
35788.121693       0.043              -59.813
35788.121693       0.043              -59.813
35788.121693       0.043              -59.813
35788.121693       0.043              -59.813
35788.121693       0.043              -59.813
35788.121693       0.043              -59.813
35788.121693       0.043              -59.813
35788.121693       0.043              -59.813
35788.121693       0.043              -59.813
35788.121693       0.043              -59.813
35788.121693       0.043              -59.813
35788.121693       0.043              -59.813
35788.121693       0.043              -59.813
35788.121693       0.043              -59.813
35788.121693       0.043              -59.813
35788.121693       0.043              -59.813
35788.121693       0.043              -59.813
35788.121693       0.043              -59.813
35788.121693       0.043              -59.813
35788.121693       0.043              -59.813
35788.121693       0.043              -59.813
35788.121693       0.043              -59.813
35788.121693       0.043              -59.813
35788.121693       0.043              -59.813
35788.121693       0.043              -59.813
35788.121693       0.043              -59.813
35788.121693       0.043              -59.813
35788.121693       0.043              -59.813
35788.121693       0.043              -59.813
35788.121693       0.043              -59.813
35788.121693       0.043              -59.813
35788.121693       0.043              -59.813
35788.121693       0.043              -59.813
35788.121693       0.043              -59.813
35788.121693       0.043              -59.813
35788.121693       0.043              -59.813
35788.121693       0.043              -59.813
35788.121693       0.043              -59.813
35788.121693       0.043              -59.813
35788.121693       0.043              -59.813
35788.121693       0.043              -59.813
35788.121693       0.043              -59.813
35788.121693       0.043              -59.813
35788.121693       0.043              -59.813
35788.121693       0.044              -59.813
35788.121693       0.044              -59.813
35788.121693       0.044              -59.813
35788.121693       0.044              -59.813
35788.121693       0.044              -59.813
35788.121693       0.044              -59.813
35788.121693       0.044              -59.813
35788.121693       0.044              -59.813
35788.121693       0.044              -59.813
35788.121693       0.044              -59.813
35788.121693       0.044              -59.813
35788.121693       0.044              -59.813
35788.121693       0.044              -59.813
35788.121693       0.044              -59.813
35788.121693       0.044              -59.813
35788.121693       0.044              -59.813
35788.121693       0.044              -59.813
35788.121693       0.044              -59.813
35788.121693       0.044              -59.813
35788.121693       0.044              -59.813
35788.121693       0.044              -59.813
35788.121693       0.044              -59.813
35788.121693       0.044              -59.813
35788.121693       0.044              -59.813
35788.121693       0.044              -59.813
35788.121693       0.044              -59.813
35788.121693       0.044              -59.813
35788.121693       0.044              -59.813
35788.121693       0.044              -59.813
35788.121693       0.044              -59.813
35788.121693       0.044              -59.813
35788.121693       0.044              -59.813
35788.121693       0.044              -59.813
35788.121693       0.044              -59.813
35788.121693       0.044              -59.813
35788.121693       0.044              -59.813
35788.121693       0.044              -59.813
35788.121693       0.044              -59.813
35788.121693       0.044              -59.813
35788.121693       0.044              -59.813
35788.121693       0.044              -59.813
35788.121693       0.044              -59.813
35788.121693       0.044              -59.813
35788.121693       0.044              -59.813
35788.121693       0.044              -59.813
35788.121693       0.044              -59.813
35788.121693       0.044              -59.813
35788.121693       0.044              -59.813
35788.121693       0.044              -59.813
35788.121693       0.044              -59.813
35788.121693       0.044              -59.813
35788.121693       0.044              -59.813
35788.121693       0.044              -59.813
35788.121693       0.044              -59.813
35788.121693       0.044              -59.813
35788.121693       0.044              -59.813
35788.121693       0.044              -59.813
35788.121693       0.044              -59.813
35788.121693       0.044              -59.813
35788.121693       0.044              -59.813
35788.121693       0.044              -59.813
35788.121693       0.044              -59.813
35788.121693       0.044              -59.813
35788.121693       0.044              -59.813
35788.121693       0.044              -59.813
35788.121693       0.044              -59.813
35788.121693       0.044              -59.813
35788.121693       0.044              -59.813
35788.121693       0.044              -59.813
35788.121693       0.044              -59.813
35788.121693       0.045              -59.813
35788.121693       0.045              -59.813
35788.121694       0.045              -59.813
35788.121694       0.045              -59.813
35788.121694       0.045              -59.813
35788.121694       0.045              -59.813
35788.121694       0.045              -59.813
35788.121694       0.045              -59.813
35788.121694       0.045              -59.813
35788.121694       0.045              -59.813
35788.121694       0.045              -59.813
35788.121694       0.045              -59.813
35788.121694       0.045              -59.813
35788.121694       0.045              -59.813
35788.121694       0.045              -59.813
35788.121694       0.045              -59.813
35788.121694       0.045              -59.813
35788.121694       0.045              -59.813
35788.121694       0.045              -59.813
35788.121694       0.045              -59.813
35788.121694       0.045              -59.813
35788.121694       0.045              -59.813
35788.121694       0.045              -59.813
35788.121694       0.045              -59.813
35788.121694       0.045              -59.813
35788.121694       0.045              -59.813
35788.121694       0.045              -59.813
35788.121694       0.045              -59.813
35788.121694       0.045              -59.813
35788.121694       0.045              -59.813
35788.121694       0.045              -59.813
35788.121694       0.045              -59.813
35788.121694       0.045              -59.813
35788.121694       0.045              -59.813
35788.121694       0.045              -59.813
35788.121694       0.045              -59.813
35788.121694       0.045              -59.813
35788.121694       0.045              -59.813
35788.121694       0.045              -59.813
35788.121694       0.045              -59.813
35788.121694       0.045              -59.813
35788.121694       0.045              -59.813
35788.121694       0.045              -59.813
35788.121694       0.045              -59.813
35788.121694       0.045              -59.813
35788.121694       0.045              -59.813
35788.121694       0.045              -59.813
35788.121694       0.045              -59.813
35788.121694       0.045              -59.813
35788.121694       0.045              -59.813
35788.121694       0.045              -59.813
35788.121694       0.045              -59.813
35788.121694       0.045              -59.813
35788.121694       0.045              -59.813
35788.121694       0.045              -59.813
35788.121694       0.045              -59.813
35788.121694       0.045              -59.813
35788.121694       0.045              -59.813
35788.121694       0.045              -59.813
35788.121694       0.045              -59.813
35788.121694       0.045              -59.813
35788.121694       0.045              -59.813
35788.121694       0.045              -59.813
35788.121694       0.045              -59.813
35788.121694       0.045              -59.813
35788.121694       0.045              -59.813
35788.121694       0.045              -59.813
35788.121694       0.045              -59.813
35788.121694       0.045              -59.813
35788.121694       0.046              -59.813
35788.121694       0.046              -59.813
35788.121694       0.046              -59.813
35788.121694       0.046              -59.813
35788.121694       0.046              -59.813
35788.121694       0.046              -59.813
35788.121694       0.046              -59.813
35788.121694       0.046              -59.813
35788.121694       0.046              -59.813
35788.121694       0.046              -59.813
35788.121694       0.046              -59.813
35788.121694       0.046              -59.813
35788.121694       0.046              -59.813
35788.121694       0.046              -59.813
35788.121694       0.046              -59.813
35788.121694       0.046              -59.813
35788.121694       0.046              -59.813
35788.121694       0.046              -59.813
35788.121694       0.046              -59.813
35788.121694       0.046              -59.813
35788.121694       0.046              -59.813
35788.121694       0.046              -59.813
35788.121694       0.046              -59.813
35788.121694       0.046              -59.813
35788.121694       0.046              -59.813
35788.121694       0.046              -59.813
35788.121694       0.046              -59.813
35788.121694       0.046              -59.813
35788.121694       0.046              -59.813
35788.121694       0.046              -59.813
35788.121694       0.046              -59.813
35788.121694       0.046              -59.813
35788.121694       0.046              -59.813
35788.121694       0.046              -59.813
35788.121694       0.046              -59.813
35788.121694       0.046              -59.813
35788.121694       0.046              -59.813
35788.121694       0.046              -59.813
35788.121694       0.046              -59.813
35788.121694       0.046              -59.813
35788.121694       0.046              -59.813
35788.121694       0.046              -59.813
35788.121694       0.046              -59.813
35788.121694       0.046              -59.813
35788.121694       0.046              -59.813
35788.121694       0.046              -59.813
35788.121694       0.046              -59.813
35788.121694       0.046              -59.813
35788.121694       0.046              -59.813
35788.121694       0.046              -59.813
35788.121694       0.046              -59.813
35788.121695       0.046              -59.813
35788.121695       0.046              -59.813
35788.121695       0.046              -59.813
35788.121695       0.046              -59.813
35788.121695       0.046              -59.813
35788.121695       0.046              -59.813
35788.121695       0.046              -59.813
35788.121695       0.046              -59.813
35788.121695       0.046              -59.813
35788.121695       0.046              -59.813
35788.121695       0.046              -59.813
35788.121695       0.046              -59.813
35788.121695       0.046              -59.813
35788.121695       0.046              -59.813
35788.121695       0.046              -59.813
35788.121695       0.046              -59.813
35788.121695       0.046              -59.813
35788.121695       0.046              -59.813
35788.121695       0.047              -59.813
35788.121695       0.047              -59.813
35788.121695       0.047              -59.813
35788.121695       0.047              -59.813
35788.121695       0.047              -59.813
35788.121695       0.047              -59.813
35788.121695       0.047              -59.813
35788.121695       0.047              -59.813
35788.121695       0.047              -59.813
35788.121695       0.047              -59.813
35788.121695       0.047              -59.813
35788.121695       0.047              -59.813
35788.121695       0.047              -59.813
35788.121695       0.047              -59.813
35788.121695       0.047              -59.813
35788.121695       0.047              -59.813
35788.121695       0.047              -59.813
35788.121695       0.047              -59.813
35788.121695       0.047              -59.813
35788.121695       0.047              -59.813
35788.121695       0.047              -59.813
35788.121695       0.047              -59.813
35788.121695       0.047              -59.813
35788.121695       0.047              -59.813
35788.121695       0.047              -59.813
35788.121695       0.047              -59.813
35788.121695       0.047              -59.813
35788.121695       0.047              -59.813
35788.121695       0.047              -59.813
35788.121695       0.047              -59.813
35788.121695       0.047              -59.813
35788.121695       0.047              -59.813
35788.121695       0.047              -59.813
35788.121695       0.047              -59.813
35788.121695       0.047              -59.813
35788.121695       0.047              -59.813
35788.121695       0.047              -59.813
35788.121695       0.047              -59.813
35788.121695       0.047              -59.813
35788.121695       0.047              -59.813
35788.121695       0.047              -59.813
35788.121695       0.047              -59.813
35788.121695       0.047              -59.813
35788.121695       0.047              -59.813
35788.121695       0.047              -59.813
35788.121695       0.047              -59.813
35788.121695       0.047              -59.813
35788.121695       0.047              -59.813
35788.121695       0.047              -59.813
35788.121695       0.047              -59.813
35788.121695       0.047              -59.813
35788.121695       0.047              -59.813
35788.121695       0.047              -59.813
35788.121695       0.047              -59.813
35788.121695       0.047              -59.813
35788.121695       0.047              -59.813
35788.121695       0.047              -59.813
35788.121695       0.047              -59.813
35788.121695       0.047              -59.813
35788.121695       0.047              -59.813
35788.121695       0.047              -59.813
35788.121695       0.047              -59.813
35788.121695       0.047              -59.813
35788.121695       0.047              -59.813
35788.121695       0.047              -59.813
35788.121695       0.047              -59.813
35788.121695       0.047              -59.813
35788.121695       0.047              -59.813
35788.121695       0.047              -59.813
35788.121695       0.048              -59.813
35788.121695       0.048              -59.813
35788.121695       0.048              -59.813
35788.121695       0.048              -59.813
35788.121695       0.048              -59.813
35788.121695       0.048              -59.813
35788.121695       0.048              -59.813
35788.121695       0.048              -59.813
35788.121695       0.048              -59.813
35788.121695       0.048              -59.813
35788.121695       0.048              -59.813
35788.121695       0.048              -59.813
35788.121695       0.048              -59.813
35788.121695       0.048              -59.813
35788.121695       0.048              -59.813
35788.121695       0.048              -59.813
35788.121695       0.048              -59.813
35788.121695       0.048              -59.813
35788.121695       0.048              -59.813
35788.121695       0.048              -59.813
35788.121695       0.048              -59.813
35788.121695       0.048              -59.813
35788.121695       0.048              -59.813
35788.121695       0.048              -59.813
35788.121695       0.048              -59.813
35788.121695       0.048              -59.813
35788.121696       0.048              -59.813
35788.121696       0.048              -59.813
35788.121696       0.048              -59.813
35788.121696       0.048              -59.813
35788.121696       0.048              -59.813
35788.121696       0.048              -59.813
35788.121696       0.048              -59.813
35788.121696       0.048              -59.813
35788.121696       0.048              -59.813
35788.121696       0.048              -59.813
35788.121696       0.048              -59.813
35788.121696       0.048              -59.813
35788.121696       0.048              -59.813
35788.121696       0.048              -59.813
35788.121696       0.048              -59.813
35788.121696       0.048              -59.813
35788.121696       0.048              -59.813
35788.121696       0.048              -59.813
35788.121696       0.048              -59.813
35788.121696       0.048              -59.813
35788.121696       0.048              -59.813
35788.121696       0.048              -59.813
35788.121696       0.048              -59.813
35788.121696       0.048              -59.813
35788.121696       0.048              -59.813
35788.121696       0.048              -59.813
35788.121696       0.048              -59.813
35788.121696       0.048              -59.813
35788.121696       0.048              -59.813
35788.121696       0.048              -59.813
35788.121696       0.048              -59.813
35788.121696       0.048              -59.813
35788.121696       0.048              -59.813
35788.121696       0.048              -59.813
35788.121696       0.048              -59.813
35788.121696       0.048              -59.813
35788.121696       0.048              -59.813
35788.121696       0.048              -59.813
35788.121696       0.048              -59.813
35788.121696       0.048              -59.813
35788.121696       0.048              -59.813
35788.121696       0.048              -59.813
35788.121696       0.048              -59.813
35788.121696       0.049              -59.813
35788.121696       0.049              -59.813
35788.121696       0.049              -59.813
35788.121696       0.049              -59.813
35788.121696       0.049              -59.813
35788.121696       0.049              -59.813
35788.121696       0.049              -59.813
35788.121696       0.049              -59.813
35788.121696       0.049              -59.813
35788.121696       0.049              -59.813
35788.121696       0.049              -59.813
35788.121696       0.049              -59.813
35788.121696       0.049              -59.813
35788.121696       0.049              -59.813
35788.121696       0.049              -59.813
35788.121696       0.049              -59.813
35788.121696       0.049              -59.813
35788.121696       0.049              -59.813
35788.121696       0.049              -59.813
35788.121696       0.049              -59.813
35788.121696       0.049              -59.813
35788.121696       0.049              -59.813
35788.121696       0.049              -59.813
35788.121696       0.049              -59.813
35788.121696       0.049              -59.813
35788.121696       0.049              -59.813
35788.121696       0.049              -59.813
35788.121696       0.049              -59.813
35788.121696       0.049              -59.813
35788.121696       0.049              -59.813
35788.121696       0.049              -59.813
35788.121696       0.049              -59.813
35788.121696       0.049              -59.813
35788.121696       0.049              -59.813
35788.121696       0.049              -59.813
35788.121696       0.049              -59.813
35788.121696       0.049              -59.813
35788.121696       0.049              -59.813
35788.121696       0.049              -59.813
35788.121696       0.049              -59.813
35788.121696       0.049              -59.813
35788.121696       0.049              -59.813
35788.121696       0.049              -59.813
35788.121696       0.049              -59.813
35788.121696       0.049              -59.813
35788.121696       0.049              -59.813
35788.121696       0.049              -59.813
35788.121696       0.049              -59.813
35788.121696       0.049              -59.813
35788.121696       0.049              -59.813
35788.121696       0.049              -59.813
35788.121696       0.049              -59.813
35788.121696       0.049              -59.813
35788.121696       0.049              -59.813
35788.121696       0.049              -59.813
35788.121696       0.049              -59.813
35788.121696       0.049              -59.813
35788.121696       0.049              -59.813
35788.121696       0.049              -59.813
35788.121696       0.049              -59.813
35788.121696       0.049              -59.813
35788.121696       0.049              -59.813
35788.121696       0.049              -59.813
35788.121696       0.049              -59.813
35788.121696       0.049              -59.813
35788.121696       0.049              -59.813
35788.121696       0.049              -59.813
35788.121697       0.049              -59.813
35788.121697       0.049              -59.813
35788.121697       0.049              -59.813
35788.121697       0.050              -59.813
35788.121697       0.050              -59.813
35788.121697       0.050              -59.813
35788.121697       0.050              -59.813
35788.121697       0.050              -59.813
35788.121697       0.050              -59.813
35788.121697       0.050              -59.813
35788.121697       0.050              -59.813
35788.121697       0.050              -59.813
35788.121697       0.050              -59.813
35788.121697       0.050              -59.813
35788.121697       0.050              -59.813
35788.121697       0.050              -59.813
35788.121697       0.050              -59.813
35788.121697       0.050              -59.813
35788.121697       0.050              -59.813
35788.121697       0.050              -59.813
35788.121697       0.050              -59.813
35788.121697       0.050              -59.813
35788.121697       0.050              -59.813
35788.121697       0.050              -59.813
35788.121697       0.050              -59.813
35788.121697       0.050              -59.813
35788.121697       0.050              -59.813
35788.121697       0.050              -59.813
35788.121697       0.050              -59.813
35788.121697       0.050              -59.813
35788.121697       0.050              -59.813
35788.121697       0.050              -59.813
35788.121697       0.050              -59.813
35788.121697       0.050              -59.813
35788.121697       0.050              -59.813
35788.121697       0.050              -59.813
35788.121697       0.050              -59.813
35788.121697       0.050              -59.813
35788.121697       0.050              -59.813
35788.121697       0.050              -59.813
35788.121697       0.050              -59.813
35788.121697       0.050              -59.813
35788.121697       0.050              -59.813
35788.121697       0.050              -59.813
35788.121697       0.050              -59.813
35788.121697       0.050              -59.813
35788.121697       0.050              -59.813
35788.121697       0.050              -59.813
35788.121697       0.050              -59.813
35788.121697       0.050              -59.813
35788.121697       0.050              -59.813
35788.121697       0.050              -59.813
35788.121697       0.050              -59.813
35788.121697       0.050              -59.813
35788.121697       0.050              -59.813
35788.121697       0.050              -59.813
35788.121697       0.050              -59.813
35788.121697       0.050              -59.813
35788.121697       0.050              -59.813
35788.121697       0.050              -59.813
35788.121697       0.050              -59.813
35788.121697       0.050              -59.813
35788.121697       0.050              -59.813
35788.121697       0.050              -59.813
35788.121697       0.050              -59.813
35788.121697       0.050              -59.813
35788.121697       0.050              -59.813
35788.121697       0.050              -59.813
35788.121697       0.050              -59.813
35788.121697       0.050              -59.813
35788.121697       0.050              -59.813
35788.121697       0.050              -59.813
35788.121697       0.051              -59.813
35788.121697       0.051              -59.813
35788.121697       0.051              -59.813
35788.121697       0.051              -59.813
35788.121697       0.051              -59.813
35788.121697       0.051              -59.813
35788.121697       0.051              -59.813
35788.121697       0.051              -59.813
35788.121697       0.051              -59.813
35788.121697       0.051              -59.813
35788.121697       0.051              -59.813
35788.121697       0.051              -59.813
35788.121697       0.051              -59.813
35788.121697       0.051              -59.813
35788.121697       0.051              -59.813
35788.121697       0.051              -59.813
35788.121697       0.051              -59.813
35788.121697       0.051              -59.813
35788.121697       0.051              -59.813
35788.121697       0.051              -59.813
35788.121697       0.051              -59.813
35788.121697       0.051              -59.813
35788.121697       0.051              -59.813
35788.121697       0.051              -59.813
35788.121697       0.051              -59.813
35788.121697       0.051              -59.813
35788.121697       0.051              -59.813
35788.121697       0.051              -59.813
35788.121697       0.051              -59.813
35788.121697       0.051              -59.813
35788.121697       0.051              -59.813
35788.121697       0.051              -59.813
35788.121697       0.051              -59.813
35788.121697       0.051              -59.813
35788.121698       0.051              -59.813
35788.121698       0.051              -59.813
35788.121698       0.051              -59.813
35788.121698       0.051              -59.813
35788.121698       0.051              -59.813
35788.121698       0.051              -59.813
35788.121698       0.051              -59.813
35788.121698       0.051              -59.813
35788.121698       0.051              -59.813
35788.121698       0.051              -59.813
35788.121698       0.051              -59.813
35788.121698       0.051              -59.813
35788.121698       0.051              -59.813
35788.121698       0.051              -59.813
35788.121698       0.051              -59.813
35788.121698       0.051              -59.813
35788.121698       0.051              -59.813
35788.121698       0.051              -59.813
35788.121698       0.051              -59.813
35788.121698       0.051              -59.813
35788.121698       0.051              -59.813
35788.121698       0.051              -59.813
35788.121698       0.051              -59.813
35788.121698       0.051              -59.813
35788.121698       0.051              -59.813
35788.121698       0.051              -59.813
35788.121698       0.051              -59.813
35788.121698       0.051              -59.813
35788.121698       0.051              -59.813
35788.121698       0.051              -59.813
35788.121698       0.051              -59.813
35788.121698       0.051              -59.813
35788.121698       0.051              -59.813
35788.121698       0.051              -59.813
35788.121698       0.051              -59.813
35788.121698       0.051              -59.813
35788.121698       0.052              -59.813
35788.121698       0.052              -59.813
35788.121698       0.052              -59.813
35788.121698       0.052              -59.813
35788.121698       0.052              -59.813
35788.121698       0.052              -59.813
35788.121698       0.052              -59.813
35788.121698       0.052              -59.813
35788.121698       0.052              -59.813
35788.121698       0.052              -59.813
35788.121698       0.052              -59.813
35788.121698       0.052              -59.813
35788.121698       0.052              -59.813
35788.121698       0.052              -59.813
35788.121698       0.052              -59.813
35788.121698       0.052              -59.813
35788.121698       0.052              -59.813
35788.121698       0.052              -59.813
35788.121698       0.052              -59.813
35788.121698       0.052              -59.813
35788.121698       0.052              -59.813
35788.121698       0.052              -59.813
35788.121698       0.052              -59.813
35788.121698       0.052              -59.813
35788.121698       0.052              -59.813
35788.121698       0.052              -59.813
35788.121698       0.052              -59.813
35788.121698       0.052              -59.813
35788.121698       0.052              -59.813
35788.121698       0.052              -59.813
35788.121698       0.052              -59.813
35788.121698       0.052              -59.813
35788.121698       0.052              -59.813
35788.121698       0.052              -59.813
35788.121698       0.052              -59.813
35788.121698       0.052              -59.813
35788.121698       0.052              -59.813
35788.121698       0.052              -59.813
35788.121698       0.052              -59.813
35788.121698       0.052              -59.813
35788.121698       0.052              -59.813
35788.121698       0.052              -59.813
35788.121698       0.052              -59.813
35788.121698       0.052              -59.813
35788.121698       0.052              -59.813
35788.121698       0.052              -59.813
35788.121698       0.052              -59.813
35788.121698       0.052              -59.813
35788.121698       0.052              -59.813
35788.121698       0.052              -59.813
35788.121698       0.052              -59.813
35788.121698       0.052              -59.813
35788.121698       0.052              -59.813
35788.121698       0.052              -59.813
35788.121698       0.052              -59.813
35788.121698       0.052              -59.813
35788.121698       0.052              -59.813
35788.121698       0.052              -59.813
35788.121698       0.052              -59.813
35788.121698       0.052              -59.813
35788.121698       0.052              -59.813
35788.121698       0.052              -59.813
35788.121698       0.052              -59.813
35788.121698       0.052              -59.813
35788.121698       0.052              -59.813
35788.121698       0.052              -59.813
35788.121698       0.052              -59.813
35788.121698       0.052              -59.813
35788.121699       0.052              -59.813
35788.121699       0.052              -59.813
35788.121699       0.053              -59.813
35788.121699       0.053              -59.813
35788.121699       0.053              -59.813
35788.121699       0.053              -59.813
35788.121699       0.053              -59.813
35788.121699       0.053              -59.813
35788.121699       0.053              -59.813
35788.121699       0.053              -59.813
35788.121699       0.053              -59.813
35788.121699       0.053              -59.813
35788.121699       0.053              -59.813
35788.121699       0.053              -59.813
35788.121699       0.053              -59.813
35788.121699       0.053              -59.813
35788.121699       0.053              -59.813
35788.121699       0.053              -59.813
35788.121699       0.053              -59.813
35788.121699       0.053              -59.813
35788.121699       0.053              -59.813
35788.121699       0.053              -59.813
35788.121699       0.053              -59.813
35788.121699       0.053              -59.813
35788.121699       0.053              -59.813
35788.121699       0.053              -59.813
35788.121699       0.053              -59.813
35788.121699       0.053              -59.813
35788.121699       0.053              -59.813
35788.121699       0.053              -59.813
35788.121699       0.053              -59.813
35788.121699       0.053              -59.813
35788.121699       0.053              -59.813
35788.121699       0.053              -59.813
35788.121699       0.053              -59.813
35788.121699       0.053              -59.813
35788.121699       0.053              -59.813
35788.121699       0.053              -59.813
35788.121699       0.053              -59.813
35788.121699       0.053              -59.813
35788.121699       0.053              -59.813
35788.121699       0.053              -59.813
35788.121699       0.053              -59.813
35788.121699       0.053              -59.813
35788.121699       0.053              -59.813
35788.121699       0.053              -59.813
35788.121699       0.053              -59.813
35788.121699       0.053              -59.813
35788.121699       0.053              -59.813
35788.121699       0.053              -59.813
35788.121699       0.053              -59.813
35788.121699       0.053              -59.813
35788.121699       0.053              -59.813
35788.121699       0.053              -59.813
35788.121699       0.053              -59.813
35788.121699       0.053              -59.813
35788.121699       0.053              -59.813
35788.121699       0.053              -59.813
35788.121699       0.053              -59.813
35788.121699       0.053              -59.813
35788.121699       0.053              -59.813
35788.121699       0.053              -59.813
35788.121699       0.053              -59.813
35788.121699       0.053              -59.813
35788.121699       0.053              -59.813
35788.121699       0.053              -59.813
35788.121699       0.053              -59.813
35788.121699       0.053              -59.813
35788.121699       0.053              -59.813
35788.121699       0.053              -59.813
35788.121699       0.053              -59.813
35788.121699       0.053              -59.813
35788.121699       0.054              -59.813
35788.121699       0.054              -59.813
35788.121699       0.054              -59.813
35788.121699       0.054              -59.813
35788.121699       0.054              -59.813
35788.121699       0.054              -59.813
35788.121699       0.054              -59.813
35788.121699       0.054              -59.813
35788.121699       0.054              -59.813
35788.121699       0.054              -59.813
35788.121699       0.054              -59.813
35788.121699       0.054              -59.813
35788.121699       0.054              -59.813
35788.121699       0.054              -59.813
35788.121699       0.054              -59.813
35788.121699       0.054              -59.813
35788.121699       0.054              -59.813
35788.121699       0.054              -59.813
35788.121699       0.054              -59.813
35788.121699       0.054              -59.813
35788.121699       0.054              -59.813
35788.121699       0.054              -59.813
35788.121699       0.054              -59.813
35788.121699       0.054              -59.813
35788.121699       0.054              -59.813
35788.121699       0.054              -59.813
35788.121699       0.054              -59.813
35788.121699       0.054              -59.813
35788.121699       0.054              -59.813
35788.121700       0.054              -59.813
35788.121700       0.054              -59.813
35788.121700       0.054              -59.813
35788.121700       0.054              -59.813
35788.121700       0.054              -59.813
35788.121700       0.054              -59.813
35788.121700       0.054              -59.813
35788.121700       0.054              -59.813
35788.121700       0.054              -59.813
35788.121700       0.054              -59.813
35788.121700       0.054              -59.813
35788.121700       0.054              -59.813
35788.121700       0.054              -59.813
35788.121700       0.054              -59.813
35788.121700       0.054              -59.813
35788.121700       0.054              -59.813
35788.121700       0.054              -59.813
35788.121700       0.054              -59.813
35788.121700       0.054              -59.813
35788.121700       0.054              -59.813
35788.121700       0.054              -59.813
35788.121700       0.054              -59.813
35788.121700       0.054              -59.813
35788.121700       0.054              -59.813
35788.121700       0.054              -59.813
35788.121700       0.054              -59.813
35788.121700       0.054              -59.813
35788.121700       0.054              -59.813
35788.121700       0.054              -59.813
35788.121700       0.054              -59.813
35788.121700       0.054              -59.813
35788.121700       0.054              -59.813
35788.121700       0.054              -59.813
35788.121700       0.054              -59.813
35788.121700       0.054              -59.813
35788.121700       0.054              -59.813
35788.121700       0.054              -59.813
35788.121700       0.054              -59.813
35788.121700       0.054              -59.813
35788.121700       0.054              -59.813
35788.121700       0.055              -59.813
35788.121700       0.055              -59.813
35788.121700       0.055              -59.813
35788.121700       0.055              -59.813
35788.121700       0.055              -59.813
35788.121700       0.055              -59.813
35788.121700       0.055              -59.813
35788.121700       0.055              -59.813
35788.121700       0.055              -59.813
35788.121700       0.055              -59.813
35788.121700       0.055              -59.813
35788.121700       0.055              -59.813
35788.121700       0.055              -59.813
35788.121700       0.055              -59.813
35788.121700       0.055              -59.813
35788.121700       0.055              -59.813
35788.121700       0.055              -59.813
35788.121700       0.055              -59.813
35788.121700       0.055              -59.813
35788.121700       0.055              -59.813
35788.121700       0.055              -59.813
35788.121700       0.055              -59.813
35788.121700       0.055              -59.813
35788.121700       0.055              -59.813
35788.121700       0.055              -59.813
35788.121700       0.055              -59.813
35788.121700       0.055              -59.813
35788.121700       0.055              -59.813
35788.121700       0.055              -59.813
35788.121700       0.055              -59.813
35788.121700       0.055              -59.813
35788.121700       0.055              -59.813
35788.121700       0.055              -59.813
35788.121700       0.055              -59.813
35788.121700       0.055              -59.813
35788.121700       0.055              -59.813
35788.121700       0.055              -59.813
35788.121700       0.055              -59.813
35788.121700       0.055              -59.813
35788.121700       0.055              -59.813
35788.121700       0.055              -59.813
35788.121700       0.055              -59.813
35788.121700       0.055              -59.813
35788.121700       0.055              -59.813
35788.121700       0.055              -59.813
35788.121700       0.055              -59.813
35788.121700       0.055              -59.813
35788.121700       0.055              -59.813
35788.121700       0.055              -59.813
35788.121700       0.055              -59.813
35788.121700       0.055              -59.813
35788.121700       0.055              -59.813
35788.121700       0.055              -59.813
35788.121700       0.055              -59.813
35788.121700       0.055              -59.813
35788.121700       0.055              -59.813
35788.121700       0.055              -59.813
35788.121700       0.055              -59.813
35788.121701       0.055              -59.813
35788.121701       0.055              -59.813
35788.121701       0.055              -59.813
35788.121701       0.055              -59.813
35788.121701       0.055              -59.813
35788.121701       0.055              -59.813
35788.121701       0.055              -59.813
35788.121701       0.055              -59.813
35788.121701       0.055              -59.813
35788.121701       0.055              -59.813
35788.121701       0.055              -59.813
35788.121701       0.055              -59.813
35788.121701       0.056              -59.813
35788.121701       0.056              -59.813
35788.121701       0.056              -59.813
35788.121701       0.056              -59.813
35788.121701       0.056              -59.813
35788.121701       0.056              -59.813
35788.121701       0.056              -59.813
35788.121701       0.056              -59.813
35788.121701       0.056              -59.813
35788.121701       0.056              -59.813
35788.121701       0.056              -59.813
35788.121701       0.056              -59.813
35788.121701       0.056              -59.813
35788.121701       0.056              -59.813
35788.121701       0.056              -59.813
35788.121701       0.056              -59.813
35788.121701       0.056              -59.813
35788.121701       0.056              -59.813
35788.121701       0.056              -59.813
35788.121701       0.056              -59.813
35788.121701       0.056              -59.813
35788.121701       0.056              -59.813
35788.121701       0.056              -59.813
35788.121701       0.056              -59.813
35788.121701       0.056              -59.813
35788.121701       0.056              -59.813
35788.121701       0.056              -59.813
35788.121701       0.056              -59.813
35788.121701       0.056              -59.813
35788.121701       0.056              -59.813
35788.121701       0.056              -59.813
35788.121701       0.056              -59.813
35788.121701       0.056              -59.813
35788.121701       0.056              -59.813
35788.121701       0.056              -59.813
35788.121701       0.056              -59.813
35788.121701       0.056              -59.813
35788.121701       0.056              -59.813
35788.121701       0.056              -59.813
35788.121701       0.056              -59.813
35788.121701       0.056              -59.813
35788.121701       0.056              -59.813
35788.121701       0.056              -59.813
35788.121701       0.056              -59.813
35788.121701       0.056              -59.813
35788.121701       0.056              -59.813
35788.121701       0.056              -59.813
35788.121701       0.056              -59.813
35788.121701       0.056              -59.813
35788.121701       0.056              -59.813
35788.121701       0.056              -59.813
35788.121701       0.056              -59.813
35788.121701       0.056              -59.813
35788.121701       0.056              -59.813
35788.121701       0.056              -59.813
35788.121701       0.056              -59.813
35788.121701       0.056              -59.813
35788.121701       0.056              -59.813
35788.121701       0.056              -59.813
35788.121701       0.056              -59.813
35788.121701       0.056              -59.813
35788.121701       0.056              -59.813
35788.121701       0.056              -59.813
35788.121701       0.056              -59.813
35788.121701       0.056              -59.813
35788.121701       0.056              -59.813
35788.121701       0.056              -59.813
35788.121701       0.056              -59.813
35788.121701       0.056              -59.813
35788.121701       0.056              -59.813
35788.121701       0.056              -59.813
35788.121701       0.057              -59.813
35788.121701       0.057              -59.813
35788.121701       0.057              -59.813
35788.121701       0.057              -59.813
35788.121701       0.057              -59.813
35788.121701       0.057              -59.813
35788.121701       0.057              -59.813
35788.121701       0.057              -59.813
35788.121701       0.057              -59.813
35788.121701       0.057              -59.813
35788.121701       0.057              -59.813
35788.121701       0.057              -59.813
35788.121701       0.057              -59.813
35788.121701       0.057              -59.813
35788.121702       0.057              -59.813
35788.121702       0.057              -59.813
35788.121702       0.057              -59.813
35788.121702       0.057              -59.813
35788.121702       0.057              -59.813
35788.121702       0.057              -59.813
35788.121702       0.057              -59.813
35788.121702       0.057              -59.813
35788.121702       0.057              -59.813
35788.121702       0.057              -59.813
35788.121702       0.057              -59.813
35788.121702       0.057              -59.813
35788.121702       0.057              -59.813
35788.121702       0.057              -59.813
35788.121702       0.057              -59.813
35788.121702       0.057              -59.813
35788.121702       0.057              -59.813
35788.121702       0.057              -59.813
35788.121702       0.057              -59.813
35788.121702       0.057              -59.813
35788.121702       0.057              -59.813
35788.121702       0.057              -59.813
35788.121702       0.057              -59.813
35788.121702       0.057              -59.813
35788.121702       0.057              -59.813
35788.121702       0.057              -59.813
35788.121702       0.057              -59.813
35788.121702       0.057              -59.813
35788.121702       0.057              -59.813
35788.121702       0.057              -59.813
35788.121702       0.057              -59.813
35788.121702       0.057              -59.813
35788.121702       0.057              -59.813
35788.121702       0.057              -59.813
35788.121702       0.057              -59.813
35788.121702       0.057              -59.813
35788.121702       0.057              -59.813
35788.121702       0.057              -59.813
35788.121702       0.057              -59.813
35788.121702       0.057              -59.813
35788.121702       0.057              -59.813
35788.121702       0.057              -59.813
35788.121702       0.057              -59.813
35788.121702       0.057              -59.813
35788.121702       0.057              -59.813
35788.121702       0.057              -59.813
35788.121702       0.057              -59.813
35788.121702       0.057              -59.813
35788.121702       0.057              -59.813
35788.121702       0.057              -59.813
35788.121702       0.057              -59.813
35788.121702       0.057              -59.813
35788.121702       0.057              -59.813
35788.121702       0.057              -59.813
35788.121702       0.057              -59.813
35788.121702       0.057              -59.813
35788.121702       0.058              -59.813
35788.121702       0.058              -59.813
35788.121702       0.058              -59.813
35788.121702       0.058              -59.813
35788.121702       0.058              -59.813
35788.121702       0.058              -59.813
35788.121702       0.058              -59.813
35788.121702       0.058              -59.813
35788.121702       0.058              -59.813
35788.121702       0.058              -59.813
35788.121702       0.058              -59.813
35788.121702       0.058              -59.813
35788.121702       0.058              -59.813
35788.121702       0.058              -59.813
35788.121702       0.058              -59.813
35788.121702       0.058              -59.813
35788.121702       0.058              -59.813
35788.121702       0.058              -59.813
35788.121702       0.058              -59.813
35788.121702       0.058              -59.813
35788.121702       0.058              -59.813
35788.121702       0.058              -59.813
35788.121702       0.058              -59.813
35788.121702       0.058              -59.813
35788.121702       0.058              -59.813
35788.121702       0.058              -59.813
35788.121702       0.058              -59.813
35788.121702       0.058              -59.813
35788.121702       0.058              -59.813
35788.121702       0.058              -59.813
35788.121702       0.058              -59.813
35788.121702       0.058              -59.813
35788.121702       0.058              -59.813
35788.121702       0.058              -59.813
35788.121702       0.058              -59.813
35788.121702       0.058              -59.813
35788.121702       0.058              -59.813
35788.121702       0.058              -59.813
35788.121703       0.058              -59.813
35788.121703       0.058              -59.813
35788.121703       0.058              -59.813
35788.121703       0.058              -59.813
35788.121703       0.058              -59.813
35788.121703       0.058              -59.813
35788.121703       0.058              -59.813
35788.121703       0.058              -59.813
35788.121703       0.058              -59.813
35788.121703       0.058              -59.813
35788.121703       0.058              -59.813
35788.121703       0.058              -59.813
35788.121703       0.058              -59.813
35788.121703       0.058              -59.813
35788.121703       0.058              -59.813
35788.121703       0.058              -59.813
35788.121703       0.058              -59.813
35788.121703       0.058              -59.813
35788.121703       0.058              -59.813
35788.121703       0.058              -59.813
35788.121703       0.058              -59.813
35788.121703       0.058              -59.813
35788.121703       0.058              -59.813
35788.121703       0.058              -59.813
35788.121703       0.058              -59.813
35788.121703       0.058              -59.813
35788.121703       0.058              -59.813
35788.121703       0.058              -59.813
35788.121703       0.058              -59.813
35788.121703       0.058              -59.813
35788.121703       0.058              -59.813
35788.121703       0.058              -59.813
35788.121703       0.059              -59.813
35788.121703       0.059              -59.813
35788.121703       0.059              -59.813
35788.121703       0.059              -59.813
35788.121703       0.059              -59.813
35788.121703       0.059              -59.813
35788.121703       0.059              -59.813
35788.121703       0.059              -59.813
35788.121703       0.059              -59.813
35788.121703       0.059              -59.813
35788.121703       0.059              -59.813
35788.121703       0.059              -59.813
35788.121703       0.059              -59.813
35788.121703       0.059              -59.813
35788.121703       0.059              -59.813
35788.121703       0.059              -59.813
35788.121703       0.059              -59.813
35788.121703       0.059              -59.813
35788.121703       0.059              -59.813
35788.121703       0.059              -59.813
35788.121703       0.059              -59.813
35788.121703       0.059              -59.813
35788.121703       0.059              -59.813
35788.121703       0.059              -59.813
35788.121703       0.059              -59.813
35788.121703       0.059              -59.813
35788.121703       0.059              -59.813
35788.121703       0.059              -59.813
35788.121703       0.059              -59.813
35788.121703       0.059              -59.813
35788.121703       0.059              -59.813
35788.121703       0.059              -59.813
35788.121703       0.059              -59.813
35788.121703       0.059              -59.813
35788.121703       0.059              -59.813
35788.121703       0.059              -59.813
35788.121703       0.059              -59.813
35788.121703       0.059              -59.813
35788.121703       0.059              -59.813
35788.121703       0.059              -59.813
35788.121703       0.059              -59.813
35788.121703       0.059              -59.813
35788.121703       0.059              -59.813
35788.121703       0.059              -59.813
35788.121703       0.059              -59.813
35788.121703       0.059              -59.813
35788.121703       0.059              -59.813
35788.121703       0.059              -59.813
35788.121703       0.059              -59.813
35788.121703       0.059              -59.813
35788.121703       0.059              -59.813
35788.121703       0.059              -59.813
35788.121703       0.059              -59.813
35788.121703       0.059              -59.813
35788.121703       0.059              -59.813
35788.121703       0.059              -59.813
35788.121703       0.059              -59.813
35788.121703       0.059              -59.813
35788.121703       0.059              -59.813
35788.121703       0.059              -59.813
35788.121704       0.059              -59.813
35788.121704       0.059              -59.813
35788.121704       0.059              -59.813
35788.121704       0.059              -59.813
35788.121704       0.059              -59.813
35788.121704       0.059              -59.813
35788.121704       0.059              -59.813
35788.121704       0.059              -59.813
35788.121704       0.059              -59.813
35788.121704       0.059              -59.813
35788.121704       0.060              -59.813
35788.121704       0.060              -59.813
35788.121704       0.060              -59.813
35788.121704       0.060              -59.813
35788.121704       0.060              -59.813
35788.121704       0.060              -59.813
35788.121704       0.060              -59.813
35788.121704       0.060              -59.813
35788.121704       0.060              -59.813
35788.121704       0.060              -59.813
35788.121704       0.060              -59.813
35788.121704       0.060              -59.813
35788.121704       0.060              -59.813
35788.121704       0.060              -59.813
35788.121704       0.060              -59.813
35788.121704       0.060              -59.813
35788.121704       0.060              -59.813
35788.121704       0.060              -59.813
35788.121704       0.060              -59.813
35788.121704       0.060              -59.813
35788.121704       0.060              -59.813
35788.121704       0.060              -59.813
35788.121704       0.060              -59.813
35788.121704       0.060              -59.813
35788.121704       0.060              -59.813
35788.121704       0.060              -59.813
35788.121704       0.060              -59.813
35788.121704       0.060              -59.813
35788.121704       0.060              -59.813
35788.121704       0.060              -59.813
35788.121704       0.060              -59.813
35788.121704       0.060              -59.813
35788.121704       0.060              -59.813
35788.121704       0.060              -59.813
35788.121704       0.060              -59.813
35788.121704       0.060              -59.813
35788.121704       0.060              -59.813
35788.121704       0.060              -59.813
35788.121704       0.060              -59.813
35788.121704       0.060              -59.813
35788.121704       0.060              -59.813
35788.121704       0.060              -59.813
35788.121704       0.060              -59.813
35788.121704       0.060              -59.813
35788.121704       0.060              -59.813
35788.121704       0.060              -59.813
35788.121704       0.060              -59.813
35788.121704       0.060              -59.813
35788.121704       0.060              -59.813
35788.121704       0.060              -59.813
35788.121704       0.060              -59.813
35788.121704       0.060              -59.813
35788.121704       0.060              -59.813
35788.121704       0.060              -59.813
35788.121704       0.060              -59.813
35788.121704       0.060              -59.813
35788.121704       0.060              -59.813
35788.121704       0.060              -59.813
35788.121704       0.060              -59.813
35788.121704       0.060              -59.813
35788.121704       0.060              -59.813
35788.121704       0.060              -59.813
35788.121704       0.060              -59.813
35788.121704       0.060              -59.813
35788.121704       0.060              -59.813
35788.121704       0.060              -59.813
35788.121704       0.060              -59.813
35788.121704       0.060              -59.813
35788.121704       0.060              -59.813
35788.121704       0.060              -59.813
35788.121704       0.060              -59.813
35788.121704       0.061              -59.813
35788.121704       0.061              -59.813
35788.121704       0.061              -59.813
35788.121704       0.061              -59.813
35788.121704       0.061              -59.813
35788.121704       0.061              -59.813
35788.121704       0.061              -59.813
35788.121704       0.061              -59.813
35788.121704       0.061              -59.813
35788.121704       0.061              -59.813
35788.121705       0.061              -59.813
35788.121705       0.061              -59.813
35788.121705       0.061              -59.813
35788.121705       0.061              -59.813
35788.121705       0.061              -59.813
35788.121705       0.061              -59.813
35788.121705       0.061              -59.813
35788.121705       0.061              -59.813
35788.121705       0.061              -59.813
35788.121705       0.061              -59.813
35788.121705       0.061              -59.813
35788.121705       0.061              -59.813
35788.121705       0.061              -59.813
35788.121705       0.061              -59.813
35788.121705       0.061              -59.813
35788.121705       0.061              -59.813
35788.121705       0.061              -59.813
35788.121705       0.061              -59.813
35788.121705       0.061              -59.813
35788.121705       0.061              -59.813
35788.121705       0.061              -59.813
35788.121705       0.061              -59.813
35788.121705       0.061              -59.813
35788.121705       0.061              -59.813
35788.121705       0.061              -59.813
35788.121705       0.061              -59.813
35788.121705       0.061              -59.813
35788.121705       0.061              -59.813
35788.121705       0.061              -59.813
35788.121705       0.061              -59.813
35788.121705       0.061              -59.813
35788.121705       0.061              -59.813
35788.121705       0.061              -59.813
35788.121705       0.061              -59.813
35788.121705       0.061              -59.813
35788.121705       0.061              -59.813
35788.121705       0.061              -59.813
35788.121705       0.061              -59.813
35788.121705       0.061              -59.813
35788.121705       0.061              -59.813
35788.121705       0.061              -59.813
35788.121705       0.061              -59.813
35788.121705       0.061              -59.813
35788.121705       0.061              -59.813
35788.121705       0.061              -59.813
35788.121705       0.061              -59.813
35788.121705       0.061              -59.813
35788.121705       0.061              -59.813
35788.121705       0.061              -59.813
35788.121705       0.061              -59.813
35788.121705       0.061              -59.813
35788.121705       0.061              -59.813
35788.121705       0.061              -59.813
35788.121705       0.061              -59.813
35788.121705       0.061              -59.813
35788.121705       0.061              -59.813
35788.121705       0.061              -59.813
35788.121705       0.061              -59.813
35788.121705       0.061              -59.813
35788.121705       0.061              -59.813
35788.121705       0.061              -59.813
35788.121705       0.062              -59.813
35788.121705       0.062              -59.813
35788.121705       0.062              -59.813
35788.121705       0.062              -59.813
35788.121705       0.062              -59.813
35788.121705       0.062              -59.813
35788.121705       0.062              -59.813
35788.121705       0.062              -59.813
35788.121705       0.062              -59.813
35788.121705       0.062              -59.813
35788.121705       0.062              -59.813
35788.121705       0.062              -59.813
35788.121705       0.062              -59.813
35788.121705       0.062              -59.813
35788.121705       0.062              -59.813
35788.121705       0.062              -59.813
35788.121705       0.062              -59.813
35788.121705       0.062              -59.813
35788.121705       0.062              -59.813
35788.121705       0.062              -59.813
35788.121705       0.062              -59.813
35788.121705       0.062              -59.813
35788.121705       0.062              -59.813
35788.121705       0.062              -59.813
35788.121705       0.062              -59.813
35788.121705       0.062              -59.813
35788.121705       0.062              -59.813
35788.121705       0.062              -59.813
35788.121706       0.062              -59.813
35788.121706       0.062              -59.813
35788.121706       0.062              -59.813
35788.121706       0.062              -59.813
35788.121706       0.062              -59.813
35788.121706       0.062              -59.813
35788.121706       0.062              -59.813
35788.121706       0.062              -59.813
35788.121706       0.062              -59.813
35788.121706       0.062              -59.813
35788.121706       0.062              -59.813
35788.121706       0.062              -59.813
35788.121706       0.062              -59.813
35788.121706       0.062              -59.813
35788.121706       0.062              -59.813
35788.121706       0.062              -59.813
35788.121706       0.062              -59.813
35788.121706       0.062              -59.813
35788.121706       0.062              -59.813
35788.121706       0.062              -59.813
35788.121706       0.062              -59.813
35788.121706       0.062              -59.813
35788.121706       0.062              -59.813
35788.121706       0.062              -59.813
35788.121706       0.062              -59.813
35788.121706       0.062              -59.813
35788.121706       0.062              -59.813
35788.121706       0.062              -59.813
35788.121706       0.062              -59.813
35788.121706       0.062              -59.813
35788.121706       0.062              -59.813
35788.121706       0.062              -59.813
35788.121706       0.062              -59.813
35788.121706       0.062              -59.813
35788.121706       0.062              -59.813
35788.121706       0.062              -59.813
35788.121706       0.062              -59.813
35788.121706       0.062              -59.813
35788.121706       0.062              -59.813
35788.121706       0.062              -59.813
35788.121706       0.062              -59.813
35788.121706       0.062              -59.813
35788.121706       0.063              -59.813
35788.121706       0.063              -59.813
35788.121706       0.063              -59.813
35788.121706       0.063              -59.813
35788.121706       0.063              -59.813
35788.121706       0.063              -59.813
35788.121706       0.063              -59.813
35788.121706       0.063              -59.813
35788.121706       0.063              -59.813
35788.121706       0.063              -59.813
35788.121706       0.063              -59.813
35788.121706       0.063              -59.813
35788.121706       0.063              -59.813
35788.121706       0.063              -59.813
35788.121706       0.063              -59.813
35788.121706       0.063              -59.813
35788.121706       0.063              -59.813
35788.121706       0.063              -59.813
35788.121706       0.063              -59.813
35788.121706       0.063              -59.813
35788.121706       0.063              -59.813
35788.121706       0.063              -59.813
35788.121706       0.063              -59.813
35788.121706       0.063              -59.813
35788.121706       0.063              -59.813
35788.121706       0.063              -59.813
35788.121706       0.063              -59.813
35788.121706       0.063              -59.813
35788.121706       0.063              -59.813
35788.121706       0.063              -59.813
35788.121706       0.063              -59.813
35788.121706       0.063              -59.813
35788.121706       0.063              -59.813
35788.121706       0.063              -59.813
35788.121706       0.063              -59.813
35788.121706       0.063              -59.813
35788.121706       0.063              -59.813
35788.121706       0.063              -59.813
35788.121706       0.063              -59.813
35788.121706       0.063              -59.813
35788.121706       0.063              -59.813
35788.121706       0.063              -59.813
35788.121706       0.063              -59.813
35788.121706       0.063              -59.813
35788.121706       0.063              -59.813
35788.121707       0.063              -59.813
35788.121707       0.063              -59.813
35788.121707       0.063              -59.813
35788.121707       0.063              -59.813
35788.121707       0.063              -59.813
35788.121707       0.063              -59.813
35788.121707       0.063              -59.813
35788.121707       0.063              -59.813
35788.121707       0.063              -59.813
35788.121707       0.063              -59.813
35788.121707       0.063              -59.813
35788.121707       0.063              -59.813
35788.121707       0.063              -59.813
35788.121707       0.063              -59.813
35788.121707       0.063              -59.813
35788.121707       0.063              -59.813
35788.121707       0.063              -59.813
35788.121707       0.063              -59.813
35788.121707       0.063              -59.813
35788.121707       0.063              -59.813
35788.121707       0.063              -59.813
35788.121707       0.063              -59.813
35788.121707       0.063              -59.813
35788.121707       0.063              -59.813
35788.121707       0.063              -59.813
35788.121707       0.063              -59.813
35788.121707       0.064              -59.813
35788.121707       0.064              -59.813
35788.121707       0.064              -59.813
35788.121707       0.064              -59.813
35788.121707       0.064              -59.813
35788.121707       0.064              -59.813
35788.121707       0.064              -59.813
35788.121707       0.064              -59.813
35788.121707       0.064              -59.813
35788.121707       0.064              -59.813
35788.121707       0.064              -59.813
35788.121707       0.064              -59.813
35788.121707       0.064              -59.813
35788.121707       0.064              -59.813
35788.121707       0.064              -59.813
35788.121707       0.064              -59.813
35788.121707       0.064              -59.813
35788.121707       0.064              -59.813
35788.121707       0.064              -59.813
35788.121707       0.064              -59.813
35788.121707       0.064              -59.813
35788.121707       0.064              -59.813
35788.121707       0.064              -59.813
35788.121707       0.064              -59.813
35788.121707       0.064              -59.813
35788.121707       0.064              -59.813
35788.121707       0.064              -59.813
35788.121707       0.064              -59.813
35788.121707       0.064              -59.813
35788.121707       0.064              -59.813
35788.121707       0.064              -59.813
35788.121707       0.064              -59.813
35788.121707       0.064              -59.813
35788.121707       0.064              -59.813
35788.121707       0.064              -59.813
35788.121707       0.064              -59.813
35788.121707       0.064              -59.813
35788.121707       0.064              -59.813
35788.121707       0.064              -59.813
35788.121707       0.064              -59.813
35788.121707       0.064              -59.813
35788.121707       0.064              -59.813
35788.121707       0.064              -59.813
35788.121707       0.064              -59.813
35788.121707       0.064              -59.813
35788.121707       0.064              -59.813
35788.121707       0.064              -59.813
35788.121707       0.064              -59.813
35788.121707       0.064              -59.813
35788.121707       0.064              -59.813
35788.121707       0.064              -59.813
35788.121707       0.064              -59.813
35788.121707       0.064              -59.813
35788.121707       0.064              -59.813
35788.121707       0.064              -59.813
35788.121707       0.064              -59.813
35788.121707       0.064              -59.813
35788.121707       0.064              -59.813
35788.121707       0.064              -59.813
35788.121708       0.064              -59.813
35788.121708       0.064              -59.813
35788.121708       0.064              -59.813
35788.121708       0.064              -59.813
35788.121708       0.064              -59.813
35788.121708       0.064              -59.813
35788.121708       0.064              -59.813
35788.121708       0.064              -59.813
35788.121708       0.064              -59.813
35788.121708       0.064              -59.813
35788.121708       0.064              -59.813
35788.121708       0.064              -59.813
35788.121708       0.065              -59.813
35788.121708       0.065              -59.813
35788.121708       0.065              -59.813
35788.121708       0.065              -59.813
35788.121708       0.065              -59.813
35788.121708       0.065              -59.813
35788.121708       0.065              -59.813
35788.121708       0.065              -59.813
35788.121708       0.065              -59.813
35788.121708       0.065              -59.813
35788.121708       0.065              -59.813
35788.121708       0.065              -59.813
35788.121708       0.065              -59.813
35788.121708       0.065              -59.813
35788.121708       0.065              -59.813
35788.121708       0.065              -59.813
35788.121708       0.065              -59.813
35788.121708       0.065              -59.813
35788.121708       0.065              -59.813
35788.121708       0.065              -59.813
35788.121708       0.065              -59.813
35788.121708       0.065              -59.813
35788.121708       0.065              -59.813
35788.121708       0.065              -59.813
35788.121708       0.065              -59.813
35788.121708       0.065              -59.813
35788.121708       0.065              -59.813
35788.121708       0.065              -59.813
35788.121708       0.065              -59.813
35788.121708       0.065              -59.813
35788.121708       0.065              -59.813
35788.121708       0.065              -59.813
35788.121708       0.065              -59.813
35788.121708       0.065              -59.813
35788.121708       0.065              -59.813
35788.121708       0.065              -59.813
35788.121708       0.065              -59.813
35788.121708       0.065              -59.813
35788.121708       0.065              -59.813
35788.121708       0.065              -59.813
35788.121708       0.065              -59.813
35788.121708       0.065              -59.813
35788.121708       0.065              -59.813
35788.121708       0.065              -59.813
35788.121708       0.065              -59.813
35788.121708       0.065              -59.813
35788.121708       0.065              -59.813
35788.121708       0.065              -59.813
35788.121708       0.065              -59.813
35788.121708       0.065              -59.813
35788.121708       0.065              -59.813
35788.121708       0.065              -59.813
35788.121708       0.065              -59.813
35788.121708       0.065              -59.813
35788.121708       0.065              -59.813
35788.121708       0.065              -59.813
35788.121708       0.065              -59.813
35788.121708       0.065              -59.813
35788.121708       0.065              -59.813
35788.121708       0.065              -59.813
35788.121708       0.065              -59.813
35788.121708       0.065              -59.813
35788.121708       0.065              -59.813
35788.121708       0.065              -59.813
35788.121708       0.065              -59.813
35788.121708       0.065              -59.813
35788.121708       0.065              -59.813
35788.121708       0.065              -59.813
35788.121708       0.065              -59.813
35788.121708       0.065              -59.813
35788.121708       0.065              -59.813
35788.121708       0.066              -59.813
35788.121708       0.066              -59.813
35788.121709       0.066              -59.813
35788.121709       0.066              -59.813
35788.121709       0.066              -59.813
35788.121709       0.066              -59.813
35788.121709       0.066              -59.813
35788.121709       0.066              -59.813
35788.121709       0.066              -59.813
35788.121709       0.066              -59.813
35788.121709       0.066              -59.813
35788.121709       0.066              -59.813
35788.121709       0.066              -59.813
35788.121709       0.066              -59.813
35788.121709       0.066              -59.813
35788.121709       0.066              -59.813
35788.121709       0.066              -59.813
35788.121709       0.066              -59.813
35788.121709       0.066              -59.813
35788.121709       0.066              -59.813
35788.121709       0.066              -59.813
35788.121709       0.066              -59.813
35788.121709       0.066              -59.813
35788.121709       0.066              -59.813
35788.121709       0.066              -59.813
35788.121709       0.066              -59.813
35788.121709       0.066              -59.813
35788.121709       0.066              -59.813
35788.121709       0.066              -59.813
35788.121709       0.066              -59.813
35788.121709       0.066              -59.813
35788.121709       0.066              -59.813
35788.121709       0.066              -59.813
35788.121709       0.066              -59.813
35788.121709       0.066              -59.813
35788.121709       0.066              -59.813
35788.121709       0.066              -59.813
35788.121709       0.066              -59.813
35788.121709       0.066              -59.813
35788.121709       0.066              -59.813
35788.121709       0.066              -59.813
35788.121709       0.066              -59.813
35788.121709       0.066              -59.813
35788.121709       0.066              -59.813
35788.121709       0.066              -59.813
35788.121709       0.066              -59.813
35788.121709       0.066              -59.813
35788.121709       0.066              -59.813
35788.121709       0.066              -59.813
35788.121709       0.066              -59.813
35788.121709       0.066              -59.813
35788.121709       0.066              -59.813
35788.121709       0.066              -59.813
35788.121709       0.066              -59.813
35788.121709       0.066              -59.813
35788.121709       0.066              -59.813
35788.121709       0.066              -59.813
35788.121709       0.066              -59.813
35788.121709       0.066              -59.813
35788.121709       0.066              -59.813
35788.121709       0.066              -59.813
35788.121709       0.066              -59.813
35788.121709       0.066              -59.813
35788.121709       0.066              -59.813
35788.121709       0.066              -59.813
35788.121709       0.066              -59.813
35788.121709       0.066              -59.813
35788.121709       0.066              -59.813
35788.121709       0.066              -59.813
35788.121709       0.066              -59.813
35788.121709       0.066              -59.813
35788.121709       0.066              -59.813
35788.121709       0.067              -59.813
35788.121709       0.067              -59.813
35788.121709       0.067              -59.813
35788.121709       0.067              -59.813
35788.121709       0.067              -59.813
35788.121709       0.067              -59.813
35788.121709       0.067              -59.813
35788.121709       0.067              -59.813
35788.121709       0.067              -59.813
35788.121709       0.067              -59.813
35788.121709       0.067              -59.813
35788.121709       0.067              -59.813
35788.121709       0.067              -59.813
35788.121710       0.067              -59.813
35788.121710       0.067              -59.813
35788.121710       0.067              -59.813
35788.121710       0.067              -59.813
35788.121710       0.067              -59.813
35788.121710       0.067              -59.813
35788.121710       0.067              -59.813
35788.121710       0.067              -59.813
35788.121710       0.067              -59.813
35788.121710       0.067              -59.813
35788.121710       0.067              -59.813
35788.121710       0.067              -59.813
35788.121710       0.067              -59.813
35788.121710       0.067              -59.813
35788.121710       0.067              -59.813
35788.121710       0.067              -59.813
35788.121710       0.067              -59.813
35788.121710       0.067              -59.813
35788.121710       0.067              -59.813
35788.121710       0.067              -59.813
35788.121710       0.067              -59.813
35788.121710       0.067              -59.813
35788.121710       0.067              -59.813
35788.121710       0.067              -59.813
35788.121710       0.067              -59.813
35788.121710       0.067              -59.813
35788.121710       0.067              -59.813
35788.121710       0.067              -59.813
35788.121710       0.067              -59.813
35788.121710       0.067              -59.813
35788.121710       0.067              -59.813
35788.121710       0.067              -59.813
35788.121710       0.067              -59.813
35788.121710       0.067              -59.813
35788.121710       0.067              -59.813
35788.121710       0.067              -59.813
35788.121710       0.067              -59.813
35788.121710       0.067              -59.813
35788.121710       0.067              -59.813
35788.121710       0.067              -59.813
35788.121710       0.067              -59.813
35788.121710       0.067              -59.813
35788.121710       0.067              -59.813
35788.121710       0.067              -59.813
35788.121710       0.067              -59.813
35788.121710       0.067              -59.813
35788.121710       0.067              -59.813
35788.121710       0.067              -59.813
35788.121710       0.067              -59.813
35788.121710       0.067              -59.813
35788.121710       0.067              -59.813
35788.121710       0.067              -59.813
35788.121710       0.067              -59.813
35788.121710       0.067              -59.813
35788.121710       0.067              -59.813
35788.121710       0.067              -59.813
35788.121710       0.067              -59.813
35788.121710       0.067              -59.813
35788.121710       0.068              -59.813
35788.121710       0.068              -59.813
35788.121710       0.068              -59.813
35788.121710       0.068              -59.813
35788.121710       0.068              -59.813
35788.121710       0.068              -59.813
35788.121710       0.068              -59.813
35788.121710       0.068              -59.813
35788.121710       0.068              -59.813
35788.121710       0.068              -59.813
35788.121710       0.068              -59.813
35788.121710       0.068              -59.813
35788.121710       0.068              -59.813
35788.121710       0.068              -59.813
35788.121710       0.068              -59.813
35788.121710       0.068              -59.813
35788.121710       0.068              -59.813
35788.121710       0.068              -59.813
35788.121710       0.068              -59.813
35788.121710       0.068              -59.813
35788.121710       0.068              -59.813
35788.121710       0.068              -59.813
35788.121710       0.068              -59.813
35788.121711       0.068              -59.813
35788.121711       0.068              -59.813
35788.121711       0.068              -59.813
35788.121711       0.068              -59.813
35788.121711       0.068              -59.813
35788.121711       0.068              -59.813
35788.121711       0.068              -59.813
35788.121711       0.068              -59.813
35788.121711       0.068              -59.813
35788.121711       0.068              -59.813
35788.121711       0.068              -59.813
35788.121711       0.068              -59.813
35788.121711       0.068              -59.813
35788.121711       0.068              -59.813
35788.121711       0.068              -59.813
35788.121711       0.068              -59.813
35788.121711       0.068              -59.813
35788.121711       0.068              -59.813
35788.121711       0.068              -59.813
35788.121711       0.068              -59.813
35788.121711       0.068              -59.813
35788.121711       0.068              -59.813
35788.121711       0.068              -59.813
35788.121711       0.068              -59.813
35788.121711       0.068              -59.813
35788.121711       0.068              -59.813
35788.121711       0.068              -59.813
35788.121711       0.068              -59.813
35788.121711       0.068              -59.813
35788.121711       0.068              -59.813
35788.121711       0.068              -59.813
35788.121711       0.068              -59.813
35788.121711       0.068              -59.813
35788.121711       0.068              -59.813
35788.121711       0.068              -59.813
35788.121711       0.068              -59.813
35788.121711       0.068              -59.813
35788.121711       0.068              -59.813
35788.121711       0.068              -59.813
35788.121711       0.068              -59.813
35788.121711       0.068              -59.813
35788.121711       0.068              -59.813
35788.121711       0.068              -59.813
35788.121711       0.068              -59.813
35788.121711       0.068              -59.813
35788.121711       0.068              -59.813
35788.121711       0.068              -59.813
35788.121711       0.068              -59.813
35788.121711       0.068              -59.813
35788.121711       0.069              -59.813
35788.121711       0.069              -59.813
35788.121711       0.069              -59.813
35788.121711       0.069              -59.813
35788.121711       0.069              -59.813
35788.121711       0.069              -59.813
35788.121711       0.069              -59.813
35788.121711       0.069              -59.813
35788.121711       0.069              -59.813
35788.121711       0.069              -59.813
35788.121711       0.069              -59.813
35788.121711       0.069              -59.813
35788.121711       0.069              -59.813
35788.121711       0.069              -59.813
35788.121711       0.069              -59.813
35788.121711       0.069              -59.813
35788.121711       0.069              -59.813
35788.121711       0.069              -59.813
35788.121711       0.069              -59.813
35788.121711       0.069              -59.813
35788.121711       0.069              -59.813
35788.121711       0.069              -59.813
35788.121711       0.069              -59.813
35788.121711       0.069              -59.813
35788.121711       0.069              -59.813
35788.121711       0.069              -59.813
35788.121711       0.069              -59.813
35788.121711       0.069              -59.813
35788.121711       0.069              -59.813
35788.121711       0.069              -59.813
35788.121711       0.069              -59.813
35788.121711       0.069              -59.813
35788.121712       0.069              -59.813
35788.121712       0.069              -59.813
35788.121712       0.069              -59.813
35788.121712       0.069              -59.813
35788.121712       0.069              -59.813
35788.121712       0.069              -59.813
35788.121712       0.069              -59.813
35788.121712       0.069              -59.813
35788.121712       0.069              -59.813
35788.121712       0.069              -59.813
35788.121712       0.069              -59.813
35788.121712       0.069              -59.813
35788.121712       0.069              -59.813
35788.121712       0.069              -59.813
35788.121712       0.069              -59.813
35788.121712       0.069              -59.813
35788.121712       0.069              -59.813
35788.121712       0.069              -59.813
35788.121712       0.069              -59.813
35788.121712       0.069              -59.813
35788.121712       0.069              -59.813
35788.121712       0.069              -59.813
35788.121712       0.069              -59.813
35788.121712       0.069              -59.813
35788.121712       0.069              -59.813
35788.121712       0.069              -59.813
35788.121712       0.069              -59.813
35788.121712       0.069              -59.813
35788.121712       0.069              -59.813
35788.121712       0.069              -59.813
35788.121712       0.069              -59.813
35788.121712       0.069              -59.813
35788.121712       0.069              -59.813
35788.121712       0.069              -59.813
35788.121712       0.069              -59.813
35788.121712       0.069              -59.813
35788.121712       0.069              -59.813
35788.121712       0.069              -59.813
35788.121712       0.069              -59.813
35788.121712       0.070              -59.813
35788.121712       0.070              -59.813
35788.121712       0.070              -59.813
35788.121712       0.070              -59.813
35788.121712       0.070              -59.813
35788.121712       0.070              -59.813
35788.121712       0.070              -59.813
35788.121712       0.070              -59.813
35788.121712       0.070              -59.813
35788.121712       0.070              -59.813
35788.121712       0.070              -59.813
35788.121712       0.070              -59.813
35788.121712       0.070              -59.813
35788.121712       0.070              -59.813
35788.121712       0.070              -59.813
35788.121712       0.070              -59.813
35788.121712       0.070              -59.813
35788.121712       0.070              -59.813
35788.121712       0.070              -59.813
35788.121712       0.070              -59.813
35788.121712       0.070              -59.813
35788.121712       0.070              -59.813
35788.121712       0.070              -59.813
35788.121712       0.070              -59.813
35788.121712       0.070              -59.813
35788.121712       0.070              -59.813
35788.121712       0.070              -59.813
35788.121712       0.070              -59.813
35788.121712       0.070              -59.813
35788.121712       0.070              -59.813
35788.121712       0.070              -59.813
35788.121712       0.070              -59.813
35788.121712       0.070              -59.813
35788.121712       0.070              -59.813
35788.121712       0.070              -59.813
35788.121712       0.070              -59.813
35788.121712       0.070              -59.813
35788.121712       0.070              -59.813
35788.121712       0.070              -59.813
35788.121712       0.070              -59.813
35788.121713       0.070              -59.813
35788.121713       0.070              -59.813
35788.121713       0.070              -59.813
35788.121713       0.070              -59.813
35788.121713       0.070              -59.813
35788.121713       0.070              -59.813
35788.121713       0.070              -59.813
35788.121713       0.070              -59.813
35788.121713       0.070              -59.813
35788.121713       0.070              -59.813
35788.121713       0.070              -59.813
35788.121713       0.070              -59.813
35788.121713       0.070              -59.813
35788.121713       0.070              -59.813
35788.121713       0.070              -59.813
35788.121713       0.070              -59.813
35788.121713       0.070              -59.813
35788.121713       0.070              -59.813
35788.121713       0.070              -59.813
35788.121713       0.070              -59.813
35788.121713       0.070              -59.813
35788.121713       0.070              -59.813
35788.121713       0.070              -59.813
35788.121713       0.070              -59.813
35788.121713       0.070              -59.813
35788.121713       0.070              -59.813
35788.121713       0.070              -59.813
35788.121713       0.070              -59.813
35788.121713       0.070              -59.813
35788.121713       0.070              -59.813
35788.121713       0.070              -59.813
35788.121713       0.070              -59.813
35788.121713       0.071              -59.813
35788.121713       0.071              -59.813
35788.121713       0.071              -59.813
35788.121713       0.071              -59.813
35788.121713       0.071              -59.813
35788.121713       0.071              -59.813
35788.121713       0.071              -59.813
35788.121713       0.071              -59.813
35788.121713       0.071              -59.813
35788.121713       0.071              -59.813
35788.121713       0.071              -59.813
35788.121713       0.071              -59.813
35788.121713       0.071              -59.813
35788.121713       0.071              -59.813
35788.121713       0.071              -59.813
35788.121713       0.071              -59.813
35788.121713       0.071              -59.813
35788.121713       0.071              -59.813
35788.121713       0.071              -59.813
35788.121713       0.071              -59.813
35788.121713       0.071              -59.813
35788.121713       0.071              -59.813
35788.121713       0.071              -59.813
35788.121713       0.071              -59.813
35788.121713       0.071              -59.813
35788.121713       0.071              -59.813
35788.121713       0.071              -59.813
35788.121713       0.071              -59.813
35788.121713       0.071              -59.813
35788.121713       0.071              -59.813
35788.121713       0.071              -59.813
35788.121713       0.071              -59.813
35788.121713       0.071              -59.813
35788.121713       0.071              -59.813
35788.121713       0.071              -59.813
35788.121713       0.071              -59.813
35788.121713       0.071              -59.813
35788.121713       0.071              -59.813
35788.121713       0.071              -59.813
35788.121713       0.071              -59.813
35788.121713       0.071              -59.813
35788.121713       0.071              -59.813
35788.121713       0.071              -59.813
35788.121713       0.071              -59.813
35788.121713       0.071              -59.813
35788.121713       0.071              -59.813
35788.121713       0.071              -59.813
35788.121714       0.071              -59.813
35788.121714       0.071              -59.813
35788.121714       0.071              -59.813
35788.121714       0.071              -59.813
35788.121714       0.071              -59.813
35788.121714       0.071              -59.813
35788.121714       0.071              -59.813
35788.121714       0.071              -59.813
35788.121714       0.071              -59.813
35788.121714       0.071              -59.813
35788.121714       0.071              -59.813
35788.121714       0.071              -59.813
35788.121714       0.071              -59.813
35788.121714       0.071              -59.813
35788.121714       0.071              -59.813
35788.121714       0.071              -59.813
35788.121714       0.071              -59.813
35788.121714       0.071              -59.813
35788.121714       0.071              -59.813
35788.121714       0.071              -59.813
35788.121714       0.071              -59.813
35788.121714       0.071              -59.813
35788.121714       0.071              -59.813
35788.121714       0.071              -59.813
35788.121714       0.071              -59.813
35788.121714       0.072              -59.813
35788.121714       0.072              -59.813
35788.121714       0.072              -59.813
35788.121714       0.072              -59.813
35788.121714       0.072              -59.813
35788.121714       0.072              -59.813
35788.121714       0.072              -59.813
35788.121714       0.072              -59.813
35788.121714       0.072              -59.813
35788.121714       0.072              -59.813
35788.121714       0.072              -59.813
35788.121714       0.072              -59.813
35788.121714       0.072              -59.813
35788.121714       0.072              -59.813
35788.121714       0.072              -59.813
35788.121714       0.072              -59.813
35788.121714       0.072              -59.813
35788.121714       0.072              -59.813
35788.121714       0.072              -59.813
35788.121714       0.072              -59.813
35788.121714       0.072              -59.813
35788.121714       0.072              -59.813
35788.121714       0.072              -59.813
35788.121714       0.072              -59.813
35788.121714       0.072              -59.813
35788.121714       0.072              -59.813
35788.121714       0.072              -59.813
35788.121714       0.072              -59.813
35788.121714       0.072              -59.813
35788.121714       0.072              -59.813
35788.121714       0.072              -59.813
35788.121714       0.072              -59.813
35788.121714       0.072              -59.813
35788.121714       0.072              -59.813
35788.121714       0.072              -59.813
35788.121714       0.072              -59.813
35788.121714       0.072              -59.813
35788.121714       0.072              -59.813
35788.121714       0.072              -59.813
35788.121714       0.072              -59.813
35788.121714       0.072              -59.813
35788.121714       0.072              -59.813
35788.121714       0.072              -59.813
35788.121714       0.072              -59.813
35788.121714       0.072              -59.813
35788.121714       0.072              -59.813
35788.121714       0.072              -59.813
35788.121714       0.072              -59.813
35788.121714       0.072              -59.813
35788.121714       0.072              -59.813
35788.121714       0.072              -59.813
35788.121714       0.072              -59.813
35788.121715       0.072              -59.813
35788.121715       0.072              -59.813
35788.121715       0.072              -59.813
35788.121715       0.072              -59.813
35788.121715       0.072              -59.813
35788.121715       0.072              -59.813
35788.121715       0.072              -59.813
35788.121715       0.072              -59.813
35788.121715       0.072              -59.813
35788.121715       0.072              -59.813
35788.121715       0.072              -59.813
35788.121715       0.072              -59.813
35788.121715       0.072              -59.813
35788.121715       0.072              -59.813
35788.121715       0.072              -59.813
35788.121715       0.072              -59.813
35788.121715       0.072              -59.813
35788.121715       0.072              -59.813
35788.121715       0.072              -59.813
35788.121715       0.072              -59.813
35788.121715       0.073              -59.813
35788.121715       0.073              -59.813
35788.121715       0.073              -59.813
35788.121715       0.073              -59.813
35788.121715       0.073              -59.813
35788.121715       0.073              -59.813
35788.121715       0.073              -59.813
35788.121715       0.073              -59.813
35788.121715       0.073              -59.813
35788.121715       0.073              -59.813
35788.121715       0.073              -59.813
35788.121715       0.073              -59.813
35788.121715       0.073              -59.813
35788.121715       0.073              -59.813
35788.121715       0.073              -59.813
35788.121715       0.073              -59.813
35788.121715       0.073              -59.813
35788.121715       0.073              -59.813
35788.121715       0.073              -59.813
35788.121715       0.073              -59.813
35788.121715       0.073              -59.813
35788.121715       0.073              -59.813
35788.121715       0.073              -59.813
35788.121715       0.073              -59.813
35788.121715       0.073              -59.813
35788.121715       0.073              -59.813
35788.121715       0.073              -59.813
35788.121715       0.073              -59.813
35788.121715       0.073              -59.813
35788.121715       0.073              -59.813
35788.121715       0.073              -59.813
35788.121715       0.073              -59.813
35788.121715       0.073              -59.813
35788.121715       0.073              -59.813
35788.121715       0.073              -59.813
35788.121715       0.073              -59.813
35788.121715       0.073              -59.813
35788.121715       0.073              -59.813
35788.121715       0.073              -59.813
35788.121715       0.073              -59.813
35788.121715       0.073              -59.813
35788.121715       0.073              -59.813
35788.121715       0.073              -59.813
35788.121715       0.073              -59.813
35788.121715       0.073              -59.813
35788.121715       0.073              -59.813
35788.121715       0.073              -59.813
35788.121715       0.073              -59.813
35788.121715       0.073              -59.813
35788.121715       0.073              -59.813
35788.121715       0.073              -59.813
35788.121715       0.073              -59.813
35788.121715       0.073              -59.813
35788.121715       0.073              -59.813
35788.121715       0.073              -59.813
35788.121715       0.073              -59.813
35788.121716       0.073              -59.813
35788.121716       0.073              -59.813
35788.121716       0.073              -59.813
35788.121716       0.073              -59.813
35788.121716       0.073              -59.813
35788.121716       0.073              -59.813
35788.121716       0.073              -59.813
35788.121716       0.073              -59.813
35788.121716       0.073              -59.813
35788.121716       0.073              -59.813
35788.121716       0.073              -59.813
35788.121716       0.073              -59.813
35788.121716       0.073              -59.813
35788.121716       0.073              -59.813
35788.121716       0.073              -59.813
35788.121716       0.073              -59.813
35788.121716       0.074              -59.813
35788.121716       0.074              -59.813
35788.121716       0.074              -59.813
35788.121716       0.074              -59.813
35788.121716       0.074              -59.813
35788.121716       0.074              -59.813
35788.121716       0.074              -59.813
35788.121716       0.074              -59.813
35788.121716       0.074              -59.813
35788.121716       0.074              -59.813
35788.121716       0.074              -59.813
35788.121716       0.074              -59.813
35788.121716       0.074              -59.813
35788.121716       0.074              -59.813
35788.121716       0.074              -59.813
35788.121716       0.074              -59.813
35788.121716       0.074              -59.813
35788.121716       0.074              -59.813
35788.121716       0.074              -59.813
35788.121716       0.074              -59.813
35788.121716       0.074              -59.813
35788.121716       0.074              -59.813
35788.121716       0.074              -59.813
35788.121716       0.074              -59.813
35788.121716       0.074              -59.813
35788.121716       0.074              -59.813
35788.121716       0.074              -59.813
35788.121716       0.074              -59.813
35788.121716       0.074              -59.813
35788.121716       0.074              -59.813
35788.121716       0.074              -59.813
35788.121716       0.074              -59.813
35788.121716       0.074              -59.813
35788.121716       0.074              -59.813
35788.121716       0.074              -59.813
35788.121716       0.074              -59.813
35788.121716       0.074              -59.813
35788.121716       0.074              -59.813
35788.121716       0.074              -59.813
35788.121716       0.074              -59.813
35788.121716       0.074              -59.813
35788.121716       0.074              -59.813
35788.121716       0.074              -59.813
35788.121716       0.074              -59.813
35788.121716       0.074              -59.813
35788.121716       0.074              -59.813
35788.121716       0.074              -59.813
35788.121716       0.074              -59.813
35788.121716       0.074              -59.813
35788.121716       0.074              -59.813
35788.121716       0.074              -59.813
35788.121716       0.074              -59.813
35788.121716       0.074              -59.813
35788.121716       0.074              -59.813
35788.121716       0.074              -59.813
35788.121716       0.074              -59.813
35788.121716       0.074              -59.813
35788.121716       0.074              -59.813
35788.121716       0.074              -59.813
35788.121716       0.074              -59.813
35788.121717       0.074              -59.813
35788.121717       0.074              -59.813
35788.121717       0.074              -59.813
35788.121717       0.074              -59.813
35788.121717       0.074              -59.813
35788.121717       0.074              -59.813
35788.121717       0.074              -59.813
35788.121717       0.074              -59.813
35788.121717       0.074              -59.813
35788.121717       0.074              -59.813
35788.121717       0.074              -59.813
35788.121717       0.074              -59.813
35788.121717       0.075              -59.813
35788.121717       0.075              -59.813
35788.121717       0.075              -59.813
35788.121717       0.075              -59.813
35788.121717       0.075              -59.813
35788.121717       0.075              -59.813
35788.121717       0.075              -59.813
35788.121717       0.075              -59.813
35788.121717       0.075              -59.813
35788.121717       0.075              -59.813
35788.121717       0.075              -59.813
35788.121717       0.075              -59.813
35788.121717       0.075              -59.813
35788.121717       0.075              -59.813
35788.121717       0.075              -59.813
35788.121717       0.075              -59.813
35788.121717       0.075              -59.813
35788.121717       0.075              -59.813
35788.121717       0.075              -59.813
35788.121717       0.075              -59.813
35788.121717       0.075              -59.813
35788.121717       0.075              -59.813
35788.121717       0.075              -59.813
35788.121717       0.075              -59.813
35788.121717       0.075              -59.813
35788.121717       0.075              -59.813
35788.121717       0.075              -59.813
35788.121717       0.075              -59.813
35788.121717       0.075              -59.813
35788.121717       0.075              -59.813
35788.121717       0.075              -59.813
35788.121717       0.075              -59.813
35788.121717       0.075              -59.813
35788.121717       0.075              -59.813
35788.121717       0.075              -59.813
35788.121717       0.075              -59.813
35788.121717       0.075              -59.813
35788.121717       0.075              -59.813
35788.121717       0.075              -59.813
35788.121717       0.075              -59.813
35788.121717       0.075              -59.813
35788.121717       0.075              -59.813
35788.121717       0.075              -59.813
35788.121717       0.075              -59.813
35788.121717       0.075              -59.813
35788.121717       0.075              -59.813
35788.121717       0.075              -59.813
35788.121717       0.075              -59.813
35788.121717       0.075              -59.813
35788.121717       0.075              -59.813
35788.121717       0.075              -59.813
35788.121717       0.075              -59.813
35788.121717       0.075              -59.813
35788.121717       0.075              -59.813
35788.121717       0.075              -59.813
35788.121717       0.075              -59.813
35788.121717       0.075              -59.813
35788.121717       0.075              -59.813
35788.121717       0.075              -59.813
35788.121717       0.075              -59.813
35788.121717       0.075              -59.813
35788.121717       0.075              -59.813
35788.121718       0.075              -59.813
35788.121718       0.075              -59.813
35788.121718       0.075              -59.813
35788.121718       0.075              -59.813
35788.121718       0.075              -59.813
35788.121718       0.075              -59.813
35788.121718       0.075              -59.813
35788.121718       0.075              -59.813
35788.121718       0.075              -59.813
35788.121718       0.075              -59.813
35788.121718       0.075              -59.813
35788.121718       0.076              -59.813
35788.121718       0.076              -59.813
35788.121718       0.076              -59.813
35788.121718       0.076              -59.813
35788.121718       0.076              -59.813
35788.121718       0.076              -59.813
35788.121718       0.076              -59.813
35788.121718       0.076              -59.813
35788.121718       0.076              -59.813
35788.121718       0.076              -59.813
35788.121718       0.076              -59.813
35788.121718       0.076              -59.813
35788.121718       0.076              -59.813
35788.121718       0.076              -59.813
35788.121718       0.076              -59.813
35788.121718       0.076              -59.813
35788.121718       0.076              -59.813
35788.121718       0.076              -59.813
35788.121718       0.076              -59.813
35788.121718       0.076              -59.813
35788.121718       0.076              -59.813
35788.121718       0.076              -59.813
35788.121718       0.076              -59.813
35788.121718       0.076              -59.813
35788.121718       0.076              -59.813
35788.121718       0.076              -59.813
35788.121718       0.076              -59.813
35788.121718       0.076              -59.813
35788.121718       0.076              -59.813
35788.121718       0.076              -59.813
35788.121718       0.076              -59.813
35788.121718       0.076              -59.813
35788.121718       0.076              -59.813
35788.121718       0.076              -59.813
35788.121718       0.076              -59.813
35788.121718       0.076              -59.813
35788.121718       0.076              -59.813
35788.121718       0.076              -59.813
35788.121718       0.076              -59.813
35788.121718       0.076              -59.813
35788.121718       0.076              -59.813
35788.121718       0.076              -59.813
35788.121718       0.076              -59.813
35788.121718       0.076              -59.813
35788.121718       0.076              -59.813
35788.121718       0.076              -59.813
35788.121718       0.076              -59.813
35788.121718       0.076              -59.813
35788.121718       0.076              -59.813
35788.121718       0.076              -59.813
35788.121718       0.076              -59.813
35788.121718       0.076              -59.813
35788.121718       0.076              -59.813
35788.121718       0.076              -59.813
35788.121718       0.076              -59.813
35788.121718       0.076              -59.813
35788.121718       0.076              -59.813
35788.121718       0.076              -59.813
35788.121718       0.076              -59.813
35788.121718       0.076              -59.813
35788.121718       0.076              -59.813
35788.121718       0.076              -59.813
35788.121718       0.076              -59.813
35788.121719       0.076              -59.813
35788.121719       0.076              -59.813
35788.121719       0.076              -59.813
35788.121719       0.076              -59.813
35788.121719       0.076              -59.813
35788.121719       0.076              -59.813
35788.121719       0.076              -59.813
35788.121719       0.076              -59.813
35788.121719       0.076              -59.813
35788.121719       0.076              -59.813
35788.121719       0.077              -59.813
35788.121719       0.077              -59.813
35788.121719       0.077              -59.813
35788.121719       0.077              -59.813
35788.121719       0.077              -59.813
35788.121719       0.077              -59.813
35788.121719       0.077              -59.813
35788.121719       0.077              -59.813
35788.121719       0.077              -59.813
35788.121719       0.077              -59.813
35788.121719       0.077              -59.813
35788.121719       0.077              -59.813
35788.121719       0.077              -59.813
35788.121719       0.077              -59.813
35788.121719       0.077              -59.813
35788.121719       0.077              -59.813
35788.121719       0.077              -59.813
35788.121719       0.077              -59.813
35788.121719       0.077              -59.813
35788.121719       0.077              -59.813
35788.121719       0.077              -59.813
35788.121719       0.077              -59.813
35788.121719       0.077              -59.813
35788.121719       0.077              -59.813
35788.121719       0.077              -59.813
35788.121719       0.077              -59.813
35788.121719       0.077              -59.813
35788.121719       0.077              -59.813
35788.121719       0.077              -59.813
35788.121719       0.077              -59.813
35788.121719       0.077              -59.813
35788.121719       0.077              -59.813
35788.121719       0.077              -59.813
35788.121719       0.077              -59.813
35788.121719       0.077              -59.813
35788.121719       0.077              -59.813
35788.121719       0.077              -59.813
35788.121719       0.077              -59.813
35788.121719       0.077              -59.813
35788.121719       0.077              -59.813
35788.121719       0.077              -59.813
35788.121719       0.077              -59.813
35788.121719       0.077              -59.813
35788.121719       0.077              -59.813
35788.121719       0.077              -59.813
35788.121719       0.077              -59.813
35788.121719       0.077              -59.813
35788.121719       0.077              -59.813
35788.121719       0.077              -59.813
35788.121719       0.077              -59.813
35788.121719       0.077              -59.813
35788.121719       0.077              -59.813
35788.121719       0.077              -59.813
35788.121719       0.077              -59.813
35788.121719       0.077              -59.813
35788.121719       0.077              -59.813
35788.121719       0.077              -59.813
35788.121719       0.077              -59.813
35788.121719       0.077              -59.813
35788.121719       0.077              -59.813
35788.121719       0.077              -59.813
35788.121719       0.077              -59.813
35788.121719       0.077              -59.813
35788.121720       0.077              -59.813
35788.121720       0.077              -59.813
35788.121720       0.077              -59.813
35788.121720       0.077              -59.813
35788.121720       0.077              -59.813
35788.121720       0.077              -59.813
35788.121720       0.077              -59.813
35788.121720       0.077              -59.813
35788.121720       0.077              -59.813
35788.121720       0.078              -59.813
35788.121720       0.078              -59.813
35788.121720       0.078              -59.813
35788.121720       0.078              -59.813
35788.121720       0.078              -59.813
35788.121720       0.078              -59.813
35788.121720       0.078              -59.813
35788.121720       0.078              -59.813
35788.121720       0.078              -59.813
35788.121720       0.078              -59.813
35788.121720       0.078              -59.813
35788.121720       0.078              -59.813
35788.121720       0.078              -59.813
35788.121720       0.078              -59.813
35788.121720       0.078              -59.813
35788.121720       0.078              -59.813
35788.121720       0.078              -59.813
35788.121720       0.078              -59.813
35788.121720       0.078              -59.813
35788.121720       0.078              -59.813
35788.121720       0.078              -59.813
35788.121720       0.078              -59.813
35788.121720       0.078              -59.813
35788.121720       0.078              -59.813
35788.121720       0.078              -59.813
35788.121720       0.078              -59.813
35788.121720       0.078              -59.813
35788.121720       0.078              -59.813
35788.121720       0.078              -59.813
35788.121720       0.078              -59.813
35788.121720       0.078              -59.813
35788.121720       0.078              -59.813
35788.121720       0.078              -59.813
35788.121720       0.078              -59.813
35788.121720       0.078              -59.813
35788.121720       0.078              -59.813
35788.121720       0.078              -59.813
35788.121720       0.078              -59.813
35788.121720       0.078              -59.813
35788.121720       0.078              -59.813
35788.121720       0.078              -59.813
35788.121720       0.078              -59.813
35788.121720       0.078              -59.813
35788.121720       0.078              -59.813
35788.121720       0.078              -59.813
35788.121720       0.078              -59.813
35788.121720       0.078              -59.813
35788.121720       0.078              -59.813
35788.121720       0.078              -59.813
35788.121720       0.078              -59.813
35788.121720       0.078              -59.813
35788.121720       0.078              -59.813
35788.121720       0.078              -59.813
35788.121720       0.078              -59.813
35788.121720       0.078              -59.813
35788.121720       0.078              -59.813
35788.121720       0.078              -59.813
35788.121720       0.078              -59.813
35788.121720       0.078              -59.813
35788.121720       0.078              -59.813
35788.121720       0.078              -59.813
35788.121720       0.078              -59.813
35788.121720       0.078              -59.813
35788.121721       0.078              -59.813
35788.121721       0.078              -59.813
35788.121721       0.078              -59.813
35788.121721       0.078              -59.813
35788.121721       0.078              -59.813
35788.121721       0.078              -59.813
35788.121721       0.078              -59.813
35788.121721       0.078              -59.813
35788.121721       0.078              -59.813
35788.121721       0.078              -59.813
35788.121721       0.079              -59.813
35788.121721       0.079              -59.813
35788.121721       0.079              -59.813
35788.121721       0.079              -59.813
35788.121721       0.079              -59.813
35788.121721       0.079              -59.813
35788.121721       0.079              -59.813
35788.121721       0.079              -59.813
35788.121721       0.079              -59.813
35788.121721       0.079              -59.813
35788.121721       0.079              -59.813
35788.121721       0.079              -59.813
35788.121721       0.079              -59.813
35788.121721       0.079              -59.813
35788.121721       0.079              -59.813
35788.121721       0.079              -59.813
35788.121721       0.079              -59.813
35788.121721       0.079              -59.813
35788.121721       0.079              -59.813
35788.121721       0.079              -59.813
35788.121721       0.079              -59.813
35788.121721       0.079              -59.813
35788.121721       0.079              -59.813
35788.121721       0.079              -59.813
35788.121721       0.079              -59.813
35788.121721       0.079              -59.813
35788.121721       0.079              -59.813
35788.121721       0.079              -59.813
35788.121721       0.079              -59.813
35788.121721       0.079              -59.813
35788.121721       0.079              -59.813
35788.121721       0.079              -59.813
35788.121721       0.079              -59.813
35788.121721       0.079              -59.813
35788.121721       0.079              -59.813
35788.121721       0.079              -59.813
35788.121721       0.079              -59.813
35788.121721       0.079              -59.813
35788.121721       0.079              -59.813
35788.121721       0.079              -59.813
35788.121721       0.079              -59.813
35788.121721       0.079              -59.813
35788.121721       0.079              -59.813
35788.121721       0.079              -59.813
35788.121721       0.079              -59.813
35788.121721       0.079              -59.813
35788.121721       0.079              -59.813
35788.121721       0.079              -59.813
35788.121721       0.079              -59.813
35788.121721       0.079              -59.813
35788.121721       0.079              -59.813
35788.121721       0.079              -59.813
35788.121721       0.079              -59.813
35788.121721       0.079              -59.813
35788.121721       0.079              -59.813
35788.121721       0.079              -59.813
35788.121721       0.079              -59.813
35788.121721       0.079              -59.813
35788.121721       0.079              -59.813
35788.121721       0.079              -59.813
35788.121721       0.079              -59.813
35788.121722       0.079              -59.813
35788.121722       0.079              -59.813
35788.121722       0.079              -59.813
35788.121722       0.079              -59.813
35788.121722       0.079              -59.813
35788.121722       0.079              -59.813
35788.121722       0.079              -59.813
35788.121722       0.079              -59.813
35788.121722       0.079              -59.813
35788.121722       0.079              -59.813
35788.121722       0.079              -59.813
35788.121722       0.079              -59.813
35788.121722       0.079              -59.813
35788.121722       0.080              -59.813
35788.121722       0.080              -59.813
35788.121722       0.080              -59.813
35788.121722       0.080              -59.813
35788.121722       0.080              -59.813
35788.121722       0.080              -59.813
35788.121722       0.080              -59.813
35788.121722       0.080              -59.813
35788.121722       0.080              -59.813
35788.121722       0.080              -59.813
35788.121722       0.080              -59.813
35788.121722       0.080              -59.813
35788.121722       0.080              -59.813
35788.121722       0.080              -59.813
35788.121722       0.080              -59.813
35788.121722       0.080              -59.813
35788.121722       0.080              -59.813
35788.121722       0.080              -59.813
35788.121722       0.080              -59.813
35788.121722       0.080              -59.813
35788.121722       0.080              -59.813
35788.121722       0.080              -59.813
35788.121722       0.080              -59.813
35788.121722       0.080              -59.813
35788.121722       0.080              -59.813
35788.121722       0.080              -59.813
35788.121722       0.080              -59.813
35788.121722       0.080              -59.813
35788.121722       0.080              -59.813
35788.121722       0.080              -59.813
35788.121722       0.080              -59.813
35788.121722       0.080              -59.813
35788.121722       0.080              -59.813
35788.121722       0.080              -59.813
35788.121722       0.080              -59.813
35788.121722       0.080              -59.813
35788.121722       0.080              -59.813
35788.121722       0.080              -59.813
35788.121722       0.080              -59.813
35788.121722       0.080              -59.813
35788.121722       0.080              -59.813
35788.121722       0.080              -59.813
35788.121722       0.080              -59.813
35788.121722       0.080              -59.813
35788.121722       0.080              -59.813
35788.121722       0.080              -59.813
35788.121722       0.080              -59.813
35788.121722       0.080              -59.813
35788.121722       0.080              -59.813
35788.121722       0.080              -59.813
35788.121722       0.080              -59.813
35788.121722       0.080              -59.813
35788.121722       0.080              -59.813
35788.121722       0.080              -59.813
35788.121722       0.080              -59.813
35788.121722       0.080              -59.813
35788.121722       0.080              -59.813
35788.121722       0.080              -59.813
35788.121723       0.080              -59.813
35788.121723       0.080              -59.813
35788.121723       0.080              -59.813
35788.121723       0.080              -59.813
35788.121723       0.080              -59.813
35788.121723       0.080              -59.813
35788.121723       0.080              -59.813
35788.121723       0.080              -59.813
35788.121723       0.080              -59.813
35788.121723       0.080              -59.813
35788.121723       0.080              -59.813
35788.121723       0.080              -59.813
35788.121723       0.080              -59.813
35788.121723       0.080              -59.813
35788.121723       0.080              -59.813
35788.121723       0.081              -59.813
35788.121723       0.081              -59.813
35788.121723       0.081              -59.813
35788.121723       0.081              -59.813
35788.121723       0.081              -59.813
35788.121723       0.081              -59.813
35788.121723       0.081              -59.813
35788.121723       0.081              -59.813
35788.121723       0.081              -59.813
35788.121723       0.081              -59.813
35788.121723       0.081              -59.813
35788.121723       0.081              -59.813
35788.121723       0.081              -59.813
35788.121723       0.081              -59.813
35788.121723       0.081              -59.813
35788.121723       0.081              -59.813
35788.121723       0.081              -59.813
35788.121723       0.081              -59.813
35788.121723       0.081              -59.813
35788.121723       0.081              -59.813
35788.121723       0.081              -59.813
35788.121723       0.081              -59.813
35788.121723       0.081              -59.813
35788.121723       0.081              -59.813
35788.121723       0.081              -59.813
35788.121723       0.081              -59.813
35788.121723       0.081              -59.813
35788.121723       0.081              -59.813
35788.121723       0.081              -59.813
35788.121723       0.081              -59.813
35788.121723       0.081              -59.813
35788.121723       0.081              -59.813
35788.121723       0.081              -59.813
35788.121723       0.081              -59.813
35788.121723       0.081              -59.813
35788.121723       0.081              -59.813
35788.121723       0.081              -59.813
35788.121723       0.081              -59.813
35788.121723       0.081              -59.813
35788.121723       0.081              -59.813
35788.121723       0.081              -59.813
35788.121723       0.081              -59.813
35788.121723       0.081              -59.813
35788.121723       0.081              -59.813
35788.121723       0.081              -59.813
35788.121723       0.081              -59.813
35788.121723       0.081              -59.813
35788.121723       0.081              -59.813
35788.121723       0.081              -59.813
35788.121723       0.081              -59.813
35788.121723       0.081              -59.813
35788.121723       0.081              -59.813
35788.121723       0.081              -59.813
35788.121723       0.081              -59.813
35788.121723       0.081              -59.813
35788.121724       0.081              -59.813
35788.121724       0.081              -59.813
35788.121724       0.081              -59.813
35788.121724       0.081              -59.813
35788.121724       0.081              -59.813
35788.121724       0.081              -59.813
35788.121724       0.081              -59.813
35788.121724       0.081              -59.813
35788.121724       0.081              -59.813
35788.121724       0.081              -59.813
35788.121724       0.081              -59.813
35788.121724       0.081              -59.813
35788.121724       0.081              -59.813
35788.121724       0.081              -59.813
35788.121724       0.081              -59.813
35788.121724       0.081              -59.813
35788.121724       0.081              -59.813
35788.121724       0.081              -59.813
35788.121724       0.082              -59.813
35788.121724       0.082              -59.813
35788.121724       0.082              -59.813
35788.121724       0.082              -59.813
35788.121724       0.082              -59.813
35788.121724       0.082              -59.813
35788.121724       0.082              -59.813
35788.121724       0.082              -59.813
35788.121724       0.082              -59.813
35788.121724       0.082              -59.813
35788.121724       0.082              -59.813
35788.121724       0.082              -59.813
35788.121724       0.082              -59.813
35788.121724       0.082              -59.813
35788.121724       0.082              -59.813
35788.121724       0.082              -59.813
35788.121724       0.082              -59.813
35788.121724       0.082              -59.813
35788.121724       0.082              -59.813
35788.121724       0.082              -59.813
35788.121724       0.082              -59.813
35788.121724       0.082              -59.813
35788.121724       0.082              -59.813
35788.121724       0.082              -59.813
35788.121724       0.082              -59.813
35788.121724       0.082              -59.813
35788.121724       0.082              -59.813
35788.121724       0.082              -59.813
35788.121724       0.082              -59.813
35788.121724       0.082              -59.813
35788.121724       0.082              -59.813
35788.121724       0.082              -59.813
35788.121724       0.082              -59.813
35788.121724       0.082              -59.813
35788.121724       0.082              -59.813
35788.121724       0.082              -59.813
35788.121724       0.082              -59.813
35788.121724       0.082              -59.813
35788.121724       0.082              -59.813
35788.121724       0.082              -59.813
35788.121724       0.082              -59.813
35788.121724       0.082              -59.813
35788.121724       0.082              -59.813
35788.121724       0.082              -59.813
35788.121724       0.082              -59.813
35788.121724       0.082              -59.813
35788.121724       0.082              -59.813
35788.121724       0.082              -59.813
35788.121724       0.082              -59.813
35788.121724       0.082              -59.813
35788.121724       0.082              -59.813
35788.121725       0.082              -59.813
35788.121725       0.082              -59.813
35788.121725       0.082              -59.813
35788.121725       0.082              -59.813
35788.121725       0.082              -59.813
35788.121725       0.082              -59.813
35788.121725       0.082              -59.813
35788.121725       0.082              -59.813
35788.121725       0.082              -59.813
35788.121725       0.082              -59.813
35788.121725       0.082              -59.813
35788.121725       0.082              -59.813
35788.121725       0.082              -59.813
35788.121725       0.082              -59.813
35788.121725       0.082              -59.813
35788.121725       0.082              -59.813
35788.121725       0.082              -59.813
35788.121725       0.082              -59.813
35788.121725       0.082              -59.813
35788.121725       0.082              -59.813
35788.121725       0.082              -59.813
35788.121725       0.082              -59.813
35788.121725       0.082              -59.813
35788.121725       0.083              -59.813
35788.121725       0.083              -59.813
35788.121725       0.083              -59.813
35788.121725       0.083              -59.813
35788.121725       0.083              -59.813
35788.121725       0.083              -59.813
35788.121725       0.083              -59.813
35788.121725       0.083              -59.813
35788.121725       0.083              -59.813
35788.121725       0.083              -59.813
35788.121725       0.083              -59.813
35788.121725       0.083              -59.813
35788.121725       0.083              -59.813
35788.121725       0.083              -59.813
35788.121725       0.083              -59.813
35788.121725       0.083              -59.813
35788.121725       0.083              -59.813
35788.121725       0.083              -59.813
35788.121725       0.083              -59.813
35788.121725       0.083              -59.813
35788.121725       0.083              -59.813
35788.121725       0.083              -59.813
35788.121725       0.083              -59.813
35788.121725       0.083              -59.813
35788.121725       0.083              -59.813
35788.121725       0.083              -59.813
35788.121725       0.083              -59.813
35788.121725       0.083              -59.813
35788.121725       0.083              -59.813
35788.121725       0.083              -59.813
35788.121725       0.083              -59.813
35788.121725       0.083              -59.813
35788.121725       0.083              -59.813
35788.121725       0.083              -59.813
35788.121725       0.083              -59.813
35788.121725       0.083              -59.813
35788.121725       0.083              -59.813
35788.121725       0.083              -59.813
35788.121725       0.083              -59.813
35788.121725       0.083              -59.813
35788.121725       0.083              -59.813
35788.121725       0.083              -59.813
35788.121725       0.083              -59.813
35788.121725       0.083              -59.813
35788.121725       0.083              -59.813
35788.121725       0.083              -59.813
35788.121726       0.083              -59.813
35788.121726       0.083              -59.813
35788.121726       0.083              -59.813
35788.121726       0.083              -59.813
35788.121726       0.083              -59.813
35788.121726       0.083              -59.813
35788.121726       0.083              -59.813
35788.121726       0.083              -59.813
35788.121726       0.083              -59.813
35788.121726       0.083              -59.813
35788.121726       0.083              -59.813
35788.121726       0.083              -59.813
35788.121726       0.083              -59.813
35788.121726       0.083              -59.813
35788.121726       0.083              -59.813
35788.121726       0.083              -59.813
35788.121726       0.083              -59.813
35788.121726       0.083              -59.813
35788.121726       0.083              -59.813
35788.121726       0.083              -59.813
35788.121726       0.083              -59.813
35788.121726       0.083              -59.813
35788.121726       0.083              -59.813
35788.121726       0.083              -59.813
35788.121726       0.083              -59.813
35788.121726       0.083              -59.813
35788.121726       0.083              -59.813
35788.121726       0.083              -59.813
35788.121726       0.084              -59.813
35788.121726       0.084              -59.813
35788.121726       0.084              -59.813
35788.121726       0.084              -59.813
35788.121726       0.084              -59.813
35788.121726       0.084              -59.813
35788.121726       0.084              -59.813
35788.121726       0.084              -59.813
35788.121726       0.084              -59.813
35788.121726       0.084              -59.813
35788.121726       0.084              -59.813
35788.121726       0.084              -59.813
35788.121726       0.084              -59.813
35788.121726       0.084              -59.813
35788.121726       0.084              -59.813
35788.121726       0.084              -59.813
35788.121726       0.084              -59.813
35788.121726       0.084              -59.813
35788.121726       0.084              -59.813
35788.121726       0.084              -59.813
35788.121726       0.084              -59.813
35788.121726       0.084              -59.813
35788.121726       0.084              -59.813
35788.121726       0.084              -59.813
35788.121726       0.084              -59.813
35788.121726       0.084              -59.813
35788.121726       0.084              -59.813
35788.121726       0.084              -59.813
35788.121726       0.084              -59.813
35788.121726       0.084              -59.813
35788.121726       0.084              -59.813
35788.121726       0.084              -59.813
35788.121726       0.084              -59.813
35788.121726       0.084              -59.813
35788.121726       0.084              -59.813
35788.121726       0.084              -59.813
35788.121726       0.084              -59.813
35788.121726       0.084              -59.813
35788.121726       0.084              -59.813
35788.121726       0.084              -59.813
35788.121727       0.084              -59.813
35788.121727       0.084              -59.813
35788.121727       0.084              -59.813
35788.121727       0.084              -59.813
35788.121727       0.084              -59.813
35788.121727       0.084              -59.813
35788.121727       0.084              -59.813
35788.121727       0.084              -59.813
35788.121727       0.084              -59.813
35788.121727       0.084              -59.813
35788.121727       0.084              -59.813
35788.121727       0.084              -59.813
35788.121727       0.084              -59.813
35788.121727       0.084              -59.813
35788.121727       0.084              -59.813
35788.121727       0.084              -59.813
35788.121727       0.084              -59.813
35788.121727       0.084              -59.813
35788.121727       0.084              -59.813
35788.121727       0.084              -59.813
35788.121727       0.084              -59.813
35788.121727       0.084              -59.813
35788.121727       0.084              -59.813
35788.121727       0.084              -59.813
35788.121727       0.084              -59.813
35788.121727       0.084              -59.813
35788.121727       0.084              -59.813
35788.121727       0.084              -59.813
35788.121727       0.084              -59.813
35788.121727       0.084              -59.813
35788.121727       0.084              -59.813
35788.121727       0.084              -59.813
35788.121727       0.084              -59.813
35788.121727       0.084              -59.813
35788.121727       0.085              -59.813
35788.121727       0.085              -59.813
35788.121727       0.085              -59.813
35788.121727       0.085              -59.813
35788.121727       0.085              -59.813
35788.121727       0.085              -59.813
35788.121727       0.085              -59.813
35788.121727       0.085              -59.813
35788.121727       0.085              -59.813
35788.121727       0.085              -59.813
35788.121727       0.085              -59.813
35788.121727       0.085              -59.813
35788.121727       0.085              -59.813
35788.121727       0.085              -59.813
35788.121727       0.085              -59.813
35788.121727       0.085              -59.813
35788.121727       0.085              -59.813
35788.121727       0.085              -59.813
35788.121727       0.085              -59.813
35788.121727       0.085              -59.813
35788.121727       0.085              -59.813
35788.121727       0.085              -59.813
35788.121727       0.085              -59.813
35788.121727       0.085              -59.813
35788.121727       0.085              -59.813
35788.121727       0.085              -59.813
35788.121727       0.085              -59.813
35788.121727       0.085              -59.813
35788.121727       0.085              -59.813
35788.121727       0.085              -59.813
35788.121727       0.085              -59.813
35788.121727       0.085              -59.813
35788.121727       0.085              -59.813
35788.121728       0.085              -59.813
35788.121728       0.085              -59.813
35788.121728       0.085              -59.813
35788.121728       0.085              -59.813
35788.121728       0.085              -59.813
35788.121728       0.085              -59.813
35788.121728       0.085              -59.813
35788.121728       0.085              -59.813
35788.121728       0.085              -59.813
35788.121728       0.085              -59.813
35788.121728       0.085              -59.813
35788.121728       0.085              -59.813
35788.121728       0.085              -59.813
35788.121728       0.085              -59.813
35788.121728       0.085              -59.813
35788.121728       0.085              -59.813
35788.121728       0.085              -59.813
35788.121728       0.085              -59.813
35788.121728       0.085              -59.813
35788.121728       0.085              -59.813
35788.121728       0.085              -59.813
35788.121728       0.085              -59.813
35788.121728       0.085              -59.813
35788.121728       0.085              -59.813
35788.121728       0.085              -59.813
35788.121728       0.085              -59.813
35788.121728       0.085              -59.813
35788.121728       0.085              -59.813
35788.121728       0.085              -59.813
35788.121728       0.085              -59.813
35788.121728       0.085              -59.813
35788.121728       0.085              -59.813
35788.121728       0.085              -59.813
35788.121728       0.085              -59.813
35788.121728       0.085              -59.813
35788.121728       0.085              -59.813
35788.121728       0.085              -59.813
35788.121728       0.085              -59.813
35788.121728       0.085              -59.813
35788.121728       0.085              -59.813
35788.121728       0.085              -59.813
35788.121728       0.086              -59.813
35788.121728       0.086              -59.813
35788.121728       0.086              -59.813
35788.121728       0.086              -59.813
35788.121728       0.086              -59.813
35788.121728       0.086              -59.813
35788.121728       0.086              -59.813
35788.121728       0.086              -59.813
35788.121728       0.086              -59.813
